effect_id,effect_name,item_name,bp_price_ref,bp_price_keys,exist,slot,summary,defindex,scrape_timestamp,usd_price,key_low,key_high,key_mid,item_type,bp_price_keys_equivalent,has_price
99,Nebula,Captain Space Mann,706667.0,10000–14700 keys,30,misc,Level 1-100 Helmet,30646,2026-07-22T19:06:53,21553.34,10000.0,14700.0,12350.0,cosmetic,11584.704918032787,True
99,Nebula,Corona Australis,177382.0,3100 keys,4,misc,Level 1-100 Cosmetic Augmentation,30648,2026-07-22T19:06:53,5410.15,3100.0,3100.0,3100.0,cosmetic,2907.901639344262,True
99,Nebula,Universal Translator,29754.4,480–560 keys,538,misc,Level 1-100 Hat,30658,2026-07-22T19:06:53,907.51,480.0,560.0,520.0,cosmetic,487.7770491803279,True
99,Nebula,Phononaut,21772.21,361–400 keys,100,misc,Level 1-100 Hat,30647,2026-07-22T19:06:53,664.05,361.0,400.0,380.5,cosmetic,356.92147540983603,True
99,Nebula,A Head Full of Hot Air,6608.91,109–122 keys,502,misc,Level 1-100 Hat,30662,2026-07-22T19:06:53,201.57,109.0,122.0,115.5,cosmetic,108.3427868852459,True
74,Spellbound,Antlers,938408.0,16400 keys,2,misc,Level 1-100 Cosmetic Item,993,2026-07-22T19:06:53,28621.44,16400.0,16400.0,16400.0,cosmetic,15383.737704918032,True
74,Spellbound,Virtual Viewfinder,791066.5,12000–15650 keys,1,misc,Level 1-100 Headset,30140,2026-07-22T19:06:53,24127.53,12000.0,15650.0,13825.0,cosmetic,12968.303278688525,True
74,Spellbound,Hong Kong Cone,786775.0,13750 keys,1,misc,Level 1-100 Hat,30177,2026-07-22T19:06:53,23996.64,13750.0,13750.0,13750.0,cosmetic,12897.95081967213,True
74,Spellbound,Soldered Sensei,746721.0,13050 keys,6,misc,Level 1-100 Hat,30004,2026-07-22T19:06:53,22774.99,13050.0,13050.0,13050.0,cosmetic,12241.327868852459,True
74,Spellbound,Patriot Peak,660891.0,11550 keys,0,misc,Level 1-100 Hat,30743,2026-07-22T19:06:53,20157.18,11550.0,11550.0,11550.0,cosmetic,10834.27868852459,True
74,Spellbound,Crone's Dome,492092.0,8600 keys,2,misc,Level 1-100 Hat,920,2026-07-22T19:06:53,15008.81,8600.0,8600.0,8600.0,cosmetic,8067.081967213115,True
74,Spellbound,War Pig,443455.0,7750 keys,5,misc,Level 1-100 Headgear,829,2026-07-22T19:06:53,13525.38,7750.0,7750.0,7750.0,cosmetic,7269.754098360656,True
74,Spellbound,Chieftain's Challenge,329015.0,5750 keys,1,misc,Level 1-100 Hat,250,2026-07-22T19:06:53,10034.96,5750.0,5750.0,5750.0,cosmetic,5393.688524590164,True
74,Spellbound,Pencil Pusher,314710.0,5500 keys,2,misc,Level 10 Hair,605,2026-07-22T19:06:53,9598.66,5500.0,5500.0,5500.0,cosmetic,5159.180327868852,True
74,Spellbound,Salty Dog,311849.0,5450 keys,2,misc,Level 10 Hat,611,2026-07-22T19:06:53,9511.39,5450.0,5450.0,5450.0,cosmetic,5112.2786885245905,True
74,Spellbound,Polar Pullover,293424.16,5128 keys,0,misc,Level 1-100 Hat,30329,2026-07-22T19:06:53,8949.44,5128.0,5128.0,5128.0,cosmetic,4810.232131147541,True
74,Spellbound,Minnesota Slick,287244.4,5020 keys,0,misc,Level 1-100 Hair,30315,2026-07-22T19:06:53,8760.95,5020.0,5020.0,5020.0,cosmetic,4708.924590163935,True
74,Spellbound,Das Übersternmann,283239.0,4950 keys,1,misc,Level 1-100 Hat,30097,2026-07-22T19:06:53,8638.79,4950.0,4950.0,4950.0,cosmetic,4643.262295081967,True
74,Spellbound,Prehistoric Pullover,247476.5,4325 keys,1,misc,Level 1-100 Hood,30704,2026-07-22T19:06:53,7548.03,4325.0,4325.0,4325.0,cosmetic,4056.9918032786886,True
74,Spellbound,Chill Chullo,244329.4,4270 keys,0,misc,Level 1-100 Hat,30748,2026-07-22T19:06:53,7452.05,4270.0,4270.0,4270.0,cosmetic,4005.4,True
74,Spellbound,Outta Sight,237463.0,4150 keys,1,misc,Level 1-100 Hat,30628,2026-07-22T19:06:53,7242.62,4150.0,4150.0,4150.0,cosmetic,3892.8360655737706,True
74,Spellbound,Burning Bandana,226019.0,3950 keys,2,misc,Level 1-100 Bandana,30091,2026-07-22T19:06:53,6893.58,3950.0,3950.0,3950.0,cosmetic,3705.2295081967213,True
74,Spellbound,Familiar Fez,220297.0,3850 keys,1,misc,Level 1-100 Hat,223,2026-07-22T19:06:53,6719.06,3850.0,3850.0,3850.0,cosmetic,3611.4262295081967,True
74,Spellbound,Backwards Ballcap,210283.5,3675 keys,5,misc,Level 10 Hat,617,2026-07-22T19:06:53,6413.65,3675.0,3675.0,3675.0,cosmetic,3447.2704918032787,True
74,Spellbound,Tough Stuff Muffs,204561.5,3100–4050 keys,4,misc,Level 1-100 Hat,984,2026-07-22T19:06:53,6239.13,3100.0,4050.0,3575.0,cosmetic,3353.467213114754,True
74,Spellbound,Killer Exclusive,188826.0,3300 keys,1,misc,Level 10 Hat,538,2026-07-22T19:06:53,5759.19,3300.0,3300.0,3300.0,cosmetic,3095.5081967213114,True
74,Spellbound,Cosa Nostra Cap,183104.0,3200 keys,1,misc,Level 1-100 Hat,459,2026-07-22T19:06:53,5584.67,3200.0,3200.0,3200.0,cosmetic,3001.7049180327867,True
74,Spellbound,Honcho's Headgear,180243.0,3150 keys,2,misc,Level 1-100 Hat,391,2026-07-22T19:06:53,5497.41,3150.0,3150.0,3150.0,cosmetic,2954.8032786885246,True
74,Spellbound,Shooter's Sola Topi,143050.0,2500 keys,2,misc,Level 1-100 Helmet,158,2026-07-22T19:06:53,4363.02,2500.0,2500.0,2500.0,cosmetic,2345.0819672131147,True
74,Spellbound,Your Worst Nightmare,128745.0,1800–2700 keys,2,misc,Level 10 Hair,600,2026-07-22T19:06:53,3926.72,1800.0,2700.0,2250.0,cosmetic,2110.5737704918033,True
74,Spellbound,Head Warmer,125884.0,2200 keys,2,misc,Level 1-100 Hat,644,2026-07-22T19:06:53,3839.46,2200.0,2200.0,2200.0,cosmetic,2063.6721311475408,True
74,Spellbound,Glengarry Bonnet,123023.0,2150 keys,2,misc,Level 1-100 Hat,100,2026-07-22T19:06:53,3752.2,2150.0,2150.0,2150.0,cosmetic,2016.7704918032787,True
74,Spellbound,Hustler's Hallmark,117301.0,2050 keys,1,misc,Level 1-100 Hat,146,2026-07-22T19:06:53,3577.68,2050.0,2050.0,2050.0,cosmetic,1922.967213114754,True
74,Spellbound,A Rather Festive Tree,114440.0,2000 keys,2,misc,Level 1-100 Hat,341,2026-07-22T19:06:53,3490.42,2000.0,2000.0,2000.0,cosmetic,1876.0655737704917,True
74,Spellbound,Galvanized Gibus,114440.0,2000 keys,3,misc,Level 1-100 Hat,30003,2026-07-22T19:06:53,3490.42,2000.0,2000.0,2000.0,cosmetic,1876.0655737704917,True
74,Spellbound,Horrific Headsplitter,114440.0,2000 keys,3,misc,Level 31 Hat,291,2026-07-22T19:06:53,3490.42,2000.0,2000.0,2000.0,cosmetic,1876.0655737704917,True
74,Spellbound,Sergeant's Drill Hat,114440.0,1800–2200 keys,4,misc,Level 1-100 Hat,183,2026-07-22T19:06:53,3490.42,1800.0,2200.0,2000.0,cosmetic,1876.0655737704917,True
74,Spellbound,Swagman's Swatter,114440.0,2000 keys,2,misc,Level 10 Hat,626,2026-07-22T19:06:53,3490.42,2000.0,2000.0,2000.0,cosmetic,1876.0655737704917,True
74,Spellbound,Greased Lightning,108718.0,1900 keys,2,misc,Level 1-100 Hair,30078,2026-07-22T19:06:53,3315.9,1900.0,1900.0,1900.0,cosmetic,1782.2622950819673,True
74,Spellbound,Milkman,108718.0,1900 keys,2,misc,Level 1-100 Hat,219,2026-07-22T19:06:53,3315.9,1900.0,1900.0,1900.0,cosmetic,1782.2622950819673,True
74,Spellbound,Towering Pillar of Hats,108718.0,1900 keys,3,misc,Level 1-100 Hat,135,2026-07-22T19:06:53,3315.9,1900.0,1900.0,1900.0,cosmetic,1782.2622950819673,True
74,Spellbound,Wet Works,108718.0,1900 keys,2,misc,Level 1-100 Hat,30135,2026-07-22T19:06:53,3315.9,1900.0,1900.0,1900.0,cosmetic,1782.2622950819673,True
74,Spellbound,Reggaelator,102996.0,1800 keys,1,misc,Level 1-100 Hat,390,2026-07-22T19:06:53,3141.38,1800.0,1800.0,1800.0,cosmetic,1688.4590163934427,True
74,Spellbound,Nuke,100135.0,1750 keys,0,misc,Level 1-100 Hair,30885,2026-07-22T19:06:53,3054.12,1750.0,1750.0,1750.0,cosmetic,1641.5573770491803,True
74,Spellbound,Platinum Pickelhaube,100135.0,1750 keys,2,misc,Level 1-100 Helmet,30042,2026-07-22T19:06:53,3054.12,1750.0,1750.0,1750.0,cosmetic,1641.5573770491803,True
74,Spellbound,Détective Noir,98704.5,1725 keys,2,misc,Level 1-100 Hat,319,2026-07-22T19:06:53,3010.49,1725.0,1725.0,1725.0,cosmetic,1618.1065573770493,True
74,Spellbound,Stout Shako,95843.5,1400–1950 keys,2,misc,Level 1-100 Hat,251,2026-07-22T19:06:53,2923.23,1400.0,1950.0,1675.0,cosmetic,1571.204918032787,True
74,Spellbound,Front Runner,94413.0,1650 keys,2,misc,Level 1-100 Hat,760,2026-07-22T19:06:53,2879.6,1650.0,1650.0,1650.0,cosmetic,1547.7540983606557,True
74,Spellbound,Full Metal Drill Hat,94413.0,1650 keys,3,misc,Level 1-100 Hat,30026,2026-07-22T19:06:53,2879.6,1650.0,1650.0,1650.0,cosmetic,1547.7540983606557,True
74,Spellbound,Shellmet,94413.0,1650 keys,0,misc,Level 1-100 Helmet,30897,2026-07-22T19:06:53,2879.6,1650.0,1650.0,1650.0,cosmetic,1547.7540983606557,True
74,Spellbound,Modest Metal Pile of Scrap,88691.0,1300–1800 keys,1,misc,Level 1-100 Hat,30001,2026-07-22T19:06:53,2705.08,1300.0,1800.0,1550.0,cosmetic,1453.950819672131,True
74,Spellbound,Das Naggenvatcher,86974.4,1520 keys,2,misc,Level 1-100 Hat,30109,2026-07-22T19:06:53,2652.72,1520.0,1520.0,1520.0,cosmetic,1425.8098360655736,True
74,Spellbound,Baron von Havenaplane,85830.0,1500 keys,3,misc,Level 1-100 Hat,30136,2026-07-22T19:06:53,2617.82,1500.0,1500.0,1500.0,cosmetic,1407.049180327869,True
74,Spellbound,Doctor's Sack,85830.0,1500 keys,2,misc,Level 1-100 Hat,398,2026-07-22T19:06:53,2617.82,1500.0,1500.0,1500.0,cosmetic,1407.049180327869,True
74,Spellbound,Modest Pile of Hat,85830.0,1500 keys,1,misc,Level 1-100 Hat,139,2026-07-22T19:06:53,2617.82,1500.0,1500.0,1500.0,cosmetic,1407.049180327869,True
74,Spellbound,Triboniophorus Tyrannus,85830.0,1500 keys,1,misc,Level 1-100 Mascot,151,2026-07-22T19:06:53,2617.82,1500.0,1500.0,1500.0,cosmetic,1407.049180327869,True
74,Spellbound,Cotton Head,82969.0,1450 keys,2,misc,Level 1-100 Hat,30175,2026-07-22T19:06:53,2530.55,1450.0,1450.0,1450.0,cosmetic,1360.1475409836066,True
74,Spellbound,Prince Tavish's Crown,80108.0,1400 keys,2,misc,Level 1-100 Hat,342,2026-07-22T19:06:53,2443.29,1400.0,1400.0,1400.0,cosmetic,1313.2459016393443,True
74,Spellbound,Brown Bomber,77247.0,1300–1400 keys,1,misc,Level 1-100 Hat,671,2026-07-22T19:06:53,2356.03,1300.0,1400.0,1350.0,cosmetic,1266.344262295082,True
74,Spellbound,Harmburg,77247.0,1350 keys,3,misc,Level 1-100 Hat,30123,2026-07-22T19:06:53,2356.03,1350.0,1350.0,1350.0,cosmetic,1266.344262295082,True
74,Spellbound,Whoopee Cap,77247.0,1350 keys,2,misc,Level 1-100 Hat,174,2026-07-22T19:06:53,2356.03,1350.0,1350.0,1350.0,cosmetic,1266.344262295082,True
74,Spellbound,Ol' Geezer,74386.0,1300 keys,2,misc,Level 1-100 Hat,399,2026-07-22T19:06:53,2268.77,1300.0,1300.0,1300.0,cosmetic,1219.4426229508197,True
74,Spellbound,Strontium Stove Pipe,74386.0,1300 keys,2,misc,Level 1-100 Hat,30037,2026-07-22T19:06:53,2268.77,1300.0,1300.0,1300.0,cosmetic,1219.4426229508197,True
74,Spellbound,Ye Oiled Baker Boy,74386.0,1300 keys,3,misc,Level 1-100 Hat,30019,2026-07-22T19:06:53,2268.77,1300.0,1300.0,1300.0,cosmetic,1219.4426229508197,True
74,Spellbound,Das Maddendoktor,71525.0,1250 keys,2,misc,Level 1-100 Hair,30121,2026-07-22T19:06:53,2181.51,1250.0,1250.0,1250.0,cosmetic,1172.5409836065573,True
74,Spellbound,Tartan Spartan,70952.8,1240 keys,2,misc,Level 1-100 Helmet,30106,2026-07-22T19:06:53,2164.06,1240.0,1240.0,1240.0,cosmetic,1163.160655737705,True
74,Spellbound,Data Mining Light,68664.0,1200 keys,1,misc,Level 1-100 Helmet,30051,2026-07-22T19:06:53,2094.25,1200.0,1200.0,1200.0,cosmetic,1125.639344262295,True
74,Spellbound,FR-0,68664.0,1200 keys,1,misc,Level 1-100 Hat,30016,2026-07-22T19:06:53,2094.25,1200.0,1200.0,1200.0,cosmetic,1125.639344262295,True
74,Spellbound,Jumper's Jeepcap,68664.0,1200 keys,1,misc,Level 1-100 Hat,417,2026-07-22T19:06:53,2094.25,1200.0,1200.0,1200.0,cosmetic,1125.639344262295,True
74,Spellbound,Madame Dixie,68664.0,1200 keys,2,misc,Level 1-100 Hat,321,2026-07-22T19:06:53,2094.25,1200.0,1200.0,1200.0,cosmetic,1125.639344262295,True
74,Spellbound,Barnstormer,65803.0,1150 keys,2,misc,Level 1-100 Hat,988,2026-07-22T19:06:53,2006.99,1150.0,1150.0,1150.0,cosmetic,1078.7377049180327,True
74,Spellbound,Dragonborn Helmet,62942.0,1100 keys,3,misc,Level 10 Helmet,517,2026-07-22T19:06:53,1919.73,1100.0,1100.0,1100.0,cosmetic,1031.8360655737704,True
74,Spellbound,L'homme Burglerre,62942.0,1100 keys,3,misc,Level 1-100 Hat,30182,2026-07-22T19:06:53,1919.73,1100.0,1100.0,1100.0,cosmetic,1031.8360655737704,True
74,Spellbound,Prancer's Pride,62942.0,1100 keys,2,misc,Level 1-100 Hat,318,2026-07-22T19:06:53,1919.73,1100.0,1100.0,1100.0,cosmetic,1031.8360655737704,True
74,Spellbound,Respectless Rubber Glove,62942.0,1100 keys,4,misc,Level 1-100 Hat,102,2026-07-22T19:06:53,1919.73,1100.0,1100.0,1100.0,cosmetic,1031.8360655737704,True
74,Spellbound,Tartan Tyrolean,62942.0,1100 keys,1,misc,Level 1-100 Hat,30334,2026-07-22T19:06:53,1919.73,1100.0,1100.0,1100.0,cosmetic,1031.8360655737704,True
74,Spellbound,Cold Killer,58364.4,1020 keys,4,misc,Level 1-100 Hat,981,2026-07-22T19:06:53,1780.11,1020.0,1020.0,1020.0,cosmetic,956.7934426229508,True
74,Spellbound,Law,57849.42,1011 keys,2,misc,Level 1-100 Hat,30362,2026-07-22T19:06:53,1764.41,1011.0,1011.0,1011.0,cosmetic,948.3511475409836,True
74,Spellbound,Blast Defense,57220.0,1000 keys,0,misc,Level 1-100 Headgear,30863,2026-07-22T19:06:53,1745.21,1000.0,1000.0,1000.0,cosmetic,938.0327868852459,True
74,Spellbound,Bone Dome,57220.0,1000 keys,4,misc,Level 1-100 Helmet,30162,2026-07-22T19:06:53,1745.21,1000.0,1000.0,1000.0,cosmetic,938.0327868852459,True
74,Spellbound,Hermes,57220.0,1000 keys,2,misc,Level 10 Hat,633,2026-07-22T19:06:53,1745.21,1000.0,1000.0,1000.0,cosmetic,938.0327868852459,True
74,Spellbound,Scotch Bonnet,57220.0,1000 keys,1,misc,Level 1-100 Headgear,306,2026-07-22T19:06:53,1745.21,1000.0,1000.0,1000.0,cosmetic,938.0327868852459,True
74,Spellbound,Gentleman's Gatsby,54359.0,950 keys,1,misc,Level 1-100 Hat,184,2026-07-22T19:06:53,1657.95,950.0,950.0,950.0,cosmetic,891.1311475409836,True
74,Spellbound,Tavish DeGroot Experience,53786.8,940 keys,5,misc,Level 10 Hat,604,2026-07-22T19:06:53,1640.5,940.0,940.0,940.0,cosmetic,881.7508196721312,True
74,Spellbound,Executioner,53214.6,860–1000 keys,2,misc,Level 1-100 Hat,921,2026-07-22T19:06:53,1623.05,860.0,1000.0,930.0,cosmetic,872.3704918032787,True
74,Spellbound,Letch's LED,52642.4,920 keys,4,misc,Level 1-100 Hat,30002,2026-07-22T19:06:53,1605.59,920.0,920.0,920.0,cosmetic,862.9901639344263,True
74,Spellbound,Blighted Beak,51498.0,900 keys,1,misc,Level 1-100 Mask,315,2026-07-22T19:06:53,1570.69,900.0,900.0,900.0,cosmetic,844.2295081967213,True
74,Spellbound,Halogen Head Lamp,51498.0,900 keys,1,misc,Level 1-100 Hat,30041,2026-07-22T19:06:53,1570.69,900.0,900.0,900.0,cosmetic,844.2295081967213,True
74,Spellbound,Belgian Detective,48637.0,850 keys,1,misc,Level 1-100 Hat,30128,2026-07-22T19:06:53,1483.43,850.0,850.0,850.0,cosmetic,797.327868852459,True
74,Spellbound,Bonk Leadwear,48637.0,850 keys,2,misc,Level 1-100 Helmet,30030,2026-07-22T19:06:53,1483.43,850.0,850.0,850.0,cosmetic,797.327868852459,True
74,Spellbound,L'Inspecteur,48637.0,850 keys,1,misc,Level 10 Hat,622,2026-07-22T19:06:53,1483.43,850.0,850.0,850.0,cosmetic,797.327868852459,True
74,Spellbound,Tippler's Tricorne,48637.0,850 keys,3,misc,Level 1-100 Hat,179,2026-07-22T19:06:53,1483.43,850.0,850.0,850.0,cosmetic,797.327868852459,True
74,Spellbound,Medic's Mountain Cap,47492.6,830 keys,1,misc,Level 1-100 Hat,381,2026-07-22T19:06:53,1448.52,830.0,830.0,830.0,cosmetic,778.567213114754,True
74,Spellbound,Katyusha,46920.4,820 keys,2,misc,Level 1-100 Hat,30094,2026-07-22T19:06:53,1431.07,820.0,820.0,820.0,cosmetic,769.1868852459016,True
74,Spellbound,One-Man Army,46348.2,810 keys,2,misc,Level 10 Hair,601,2026-07-22T19:06:53,1413.62,810.0,810.0,810.0,cosmetic,759.8065573770491,True
74,Spellbound,Birdcage,45776.0,800 keys,2,misc,Level 10 Hat,615,2026-07-22T19:06:53,1396.17,800.0,800.0,800.0,cosmetic,750.4262295081967,True
74,Spellbound,Hard Counter,45776.0,800 keys,2,misc,Level 1-100 Hat,254,2026-07-22T19:06:53,1396.17,800.0,800.0,800.0,cosmetic,750.4262295081967,True
74,Spellbound,Pampered Pyro,45776.0,800 keys,3,misc,Level 1-100 Towel,30139,2026-07-22T19:06:53,1396.17,800.0,800.0,800.0,cosmetic,750.4262295081967,True
74,Spellbound,Stately Steel Toe,45203.8,790 keys,1,misc,Level 1-100 Hat,481,2026-07-22T19:06:53,1378.72,790.0,790.0,790.0,cosmetic,741.0459016393443,True
74,Spellbound,Hound Dog,43658.86,763 keys,3,misc,Level 1-100 Hair,145,2026-07-22T19:06:53,1331.6,763.0,763.0,763.0,cosmetic,715.7190163934426,True
74,Spellbound,Conquistador,43487.2,760 keys,4,misc,Level 1-100 Helmet,721,2026-07-22T19:06:53,1326.36,760.0,760.0,760.0,cosmetic,712.9049180327868,True
74,Spellbound,Hottie's Hoodie,43487.2,760 keys,2,misc,Level 1-100 Hood,377,2026-07-22T19:06:53,1326.36,760.0,760.0,760.0,cosmetic,712.9049180327868,True
74,Spellbound,Gridiron Guardian,42915.0,750 keys,2,misc,Level 1-100 Helmet,30013,2026-07-22T19:06:53,1308.91,750.0,750.0,750.0,cosmetic,703.5245901639345,True
74,Spellbound,Nanobalaclava,42628.9,640–850 keys,4,misc,Level 10 Hat,521,2026-07-22T19:06:53,1300.18,640.0,850.0,745.0,cosmetic,698.8344262295083,True
74,Spellbound,Fruit Shoot,40054.0,700 keys,1,misc,Level 1-100 Hat,759,2026-07-22T19:06:53,1221.65,700.0,700.0,700.0,cosmetic,656.6229508196722,True
74,Spellbound,Wraith Wrap,39767.9,695 keys,1,misc,Level 1-100 Apparel,937,2026-07-22T19:06:53,1212.92,695.0,695.0,695.0,cosmetic,651.932786885246,True
74,Spellbound,Pirate Bandana,38623.5,675 keys,2,misc,Level 1-100 Hat,30180,2026-07-22T19:06:53,1178.02,675.0,675.0,675.0,cosmetic,633.172131147541,True
74,Spellbound,Magnificent Mongolian,37765.2,660 keys,3,misc,Level 1-100 Hat,313,2026-07-22T19:06:53,1151.84,660.0,660.0,660.0,cosmetic,619.1016393442623,True
74,Spellbound,Slick Cut,37193.0,650 keys,4,misc,Level 1-100 Hair,30187,2026-07-22T19:06:53,1134.39,650.0,650.0,650.0,cosmetic,609.7213114754098,True
74,Spellbound,Copper's Hard Top,37135.78,649 keys,1,misc,Level 1-100 Helmet,478,2026-07-22T19:06:53,1132.64,649.0,649.0,649.0,cosmetic,608.7832786885245,True
74,Spellbound,Carouser's Capotain,34332.0,600 keys,2,misc,Level 1-100 Hat,259,2026-07-22T19:06:53,1047.13,600.0,600.0,600.0,cosmetic,562.8196721311475,True
74,Spellbound,Dr's Dapper Topper,34332.0,600 keys,1,misc,Level 1-100 Hat,252,2026-07-22T19:06:53,1047.13,600.0,600.0,600.0,cosmetic,562.8196721311475,True
74,Spellbound,Flamboyant Flamenco,34332.0,600 keys,2,misc,Level 10 Hat,627,2026-07-22T19:06:53,1047.13,600.0,600.0,600.0,cosmetic,562.8196721311475,True
74,Spellbound,Shooter's Tin Topi,34045.9,595 keys,3,misc,Level 1-100 Hat,30005,2026-07-22T19:06:53,1038.4,595.0,595.0,595.0,cosmetic,558.1295081967213,True
74,Spellbound,Furious Fukaamigasa,31471.0,550 keys,2,misc,Level 1-100 Hat,395,2026-07-22T19:06:53,959.87,550.0,550.0,550.0,cosmetic,515.9180327868852,True
74,Spellbound,Janissary Ketche,31471.0,550 keys,1,misc,Level 1-100 Hat,437,2026-07-22T19:06:53,959.87,550.0,550.0,550.0,cosmetic,515.9180327868852,True
74,Spellbound,Anger,31184.9,545 keys,0,misc,Level 10 Hood,518,2026-07-22T19:06:53,951.14,545.0,545.0,545.0,cosmetic,511.22786885245904,True
74,Spellbound,Hot Dogger,30898.8,540 keys,2,misc,Level 10 Hat,614,2026-07-22T19:06:53,942.41,540.0,540.0,540.0,cosmetic,506.5377049180328,True
74,Spellbound,Pugilist's Protector,30612.7,535 keys,1,misc,Level 1-100 Headgear,246,2026-07-22T19:06:53,933.69,535.0,535.0,535.0,cosmetic,501.84754098360656,True
74,Spellbound,Das Gutenkutteharen,28610.0,500 keys,1,misc,Level 1-100 Hair,30127,2026-07-22T19:06:53,872.61,500.0,500.0,500.0,cosmetic,469.0163934426229,True
74,Spellbound,Feathered Fiend,28610.0,500 keys,1,misc,Level 1-100 Headgear,30903,2026-07-22T19:06:53,872.61,500.0,500.0,500.0,cosmetic,469.0163934426229,True
74,Spellbound,Brim-Full of Bullets,27465.6,480 keys,3,misc,Level 1-100 Hat,30173,2026-07-22T19:06:53,837.7,480.0,480.0,480.0,cosmetic,450.25573770491803,True
74,Spellbound,Bot Dogger,26321.2,460 keys,3,misc,Level 1-100 Hat,30018,2026-07-22T19:06:53,802.8,460.0,460.0,460.0,cosmetic,431.49508196721314,True
74,Spellbound,Bombing Run,25176.8,440 keys,3,misc,Level 1-100 Helmet,249,2026-07-22T19:06:53,767.89,440.0,440.0,440.0,cosmetic,412.7344262295082,True
74,Spellbound,Electric Escorter,24604.6,430 keys,3,misc,Level 1-100 Hat,30025,2026-07-22T19:06:53,750.44,430.0,430.0,430.0,cosmetic,403.3540983606557,True
74,Spellbound,Kiss King,24604.6,430 keys,1,misc,Level 1-100 Hat,30313,2026-07-22T19:06:53,750.44,430.0,430.0,430.0,cosmetic,403.3540983606557,True
74,Spellbound,Bunsen Brave,22888.0,400 keys,2,misc,Level 1-100 Hat,30054,2026-07-22T19:06:53,698.08,400.0,400.0,400.0,cosmetic,375.21311475409834,True
74,Spellbound,Master's Yellow Belt,22888.0,400 keys,3,misc,Level 1-100 Hat,110,2026-07-22T19:06:53,698.08,400.0,400.0,400.0,cosmetic,375.21311475409834,True
74,Spellbound,Powdered Practitioner,22029.7,385 keys,1,misc,Level 1-100 Hat,30069,2026-07-22T19:06:53,671.91,385.0,385.0,385.0,cosmetic,361.14262295081966,True
74,Spellbound,Berliner's Bucket Helm,20027.0,350 keys,1,misc,Level 1-100 Helmet,303,2026-07-22T19:06:53,610.82,350.0,350.0,350.0,cosmetic,328.3114754098361,True
74,Spellbound,Bootleg Base Metal Billycock,18882.6,330 keys,2,misc,Level 1-100 Hat,30047,2026-07-22T19:06:53,575.92,330.0,330.0,330.0,cosmetic,309.5508196721311,True
74,Spellbound,Ol' Snaggletooth,17537.93,267–346 keys,1,misc,Level 1-100 Hat,229,2026-07-22T19:06:53,534.91,267.0,346.0,306.5,cosmetic,287.5070491803279,True
74,Spellbound,Berlin Brain Bowl,17166.0,300 keys,0,misc,Level 1-100 Headgear,30755,2026-07-22T19:06:53,523.56,300.0,300.0,300.0,cosmetic,281.40983606557376,True
74,Spellbound,Charmer's Chapeau,17166.0,300 keys,3,misc,Level 1-100 Hat,397,2026-07-22T19:06:53,523.56,300.0,300.0,300.0,cosmetic,281.40983606557376,True
74,Spellbound,Field Practice,17166.0,300 keys,0,misc,Level 1-100 Headgear,30862,2026-07-22T19:06:53,523.56,300.0,300.0,300.0,cosmetic,281.40983606557376,True
74,Spellbound,Gentleman's Ushanka,17166.0,300 keys,2,misc,Level 1-100 Hat,778,2026-07-22T19:06:53,523.56,300.0,300.0,300.0,cosmetic,281.40983606557376,True
74,Spellbound,Defiant Spartan,16593.8,290 keys,0,misc,Level 1-100 Helmet,340,2026-07-22T19:06:53,506.11,290.0,290.0,290.0,cosmetic,272.0295081967213,True
74,Spellbound,El Jefe,16450.75,275–300 keys,2,misc,Level 10 Hat,539,2026-07-22T19:06:53,501.75,275.0,300.0,287.5,cosmetic,269.6844262295082,True
74,Spellbound,Bear Necessities,16021.6,280 keys,1,misc,Level 1-100 Spirit Animal,30122,2026-07-22T19:06:53,488.66,280.0,280.0,280.0,cosmetic,262.64918032786886,True
74,Spellbound,Rotation Sensation,16021.6,280 keys,0,misc,Level 1-100 Hat,30623,2026-07-22T19:06:53,488.66,280.0,280.0,280.0,cosmetic,262.64918032786886,True
74,Spellbound,Valley Forge,15964.38,279 keys,2,misc,Level 1-100 Hat,30114,2026-07-22T19:06:53,486.91,279.0,279.0,279.0,cosmetic,261.7111475409836,True
74,Spellbound,Human Cannonball,15449.4,270 keys,1,misc,Level 1-100 Helmet,817,2026-07-22T19:06:53,471.21,270.0,270.0,270.0,cosmetic,253.2688524590164,True
74,Spellbound,Black Watch,13732.8,240 keys,0,misc,Level 1-100 Hat,30105,2026-07-22T19:06:53,418.85,240.0,240.0,240.0,cosmetic,225.12786885245902,True
74,Spellbound,Killer's Kabuto,13618.36,238 keys,1,misc,Level 1-100 Helmet,152,2026-07-22T19:06:53,415.36,238.0,238.0,238.0,cosmetic,223.25180327868853,True
74,Spellbound,Hive Minder,13446.7,235 keys,2,misc,Level 1-100 Hat,30093,2026-07-22T19:06:53,410.12,235.0,235.0,235.0,cosmetic,220.4377049180328,True
74,Spellbound,Conjurer's Cowl,13389.48,234 keys,1,misc,Level 1-100 Hood,465,2026-07-22T19:06:53,408.38,234.0,234.0,234.0,cosmetic,219.49967213114752,True
74,Spellbound,Bolted Birdcage,13160.6,230 keys,2,misc,Level 1-100 Hat,30057,2026-07-22T19:06:53,401.4,230.0,230.0,230.0,cosmetic,215.74754098360657,True
74,Spellbound,Texas Tin-Gallon,12588.4,220 keys,3,misc,Level 1-100 Hat,30044,2026-07-22T19:06:53,383.95,220.0,220.0,220.0,cosmetic,206.3672131147541,True
74,Spellbound,Classy Capper,12302.3,215 keys,0,misc,Level 1-100 Hat,30893,2026-07-22T19:06:53,375.22,215.0,215.0,215.0,cosmetic,201.67704918032786,True
74,Spellbound,Tyrantium Helmet,12302.3,200–230 keys,2,misc,Level 1-100 Helmet,30014,2026-07-22T19:06:53,375.22,200.0,230.0,215.0,cosmetic,201.67704918032786,True
74,Spellbound,Smokey Sombrero,11444.0,200 keys,1,misc,Level 1-100 Hat,30682,2026-07-22T19:06:53,349.04,200.0,200.0,200.0,cosmetic,187.60655737704917,True
74,Spellbound,Noble Nickel Amassment of Hats,10013.5,175 keys,1,misc,Level 1-100 Hat,30006,2026-07-22T19:06:53,305.41,175.0,175.0,175.0,cosmetic,164.15573770491804,True
74,Spellbound,Tyrant's Helm,9612.96,168 keys,1,misc,Level 1-100 Helmet,99,2026-07-22T19:06:53,293.2,168.0,168.0,168.0,cosmetic,157.58950819672128,True
74,Spellbound,Tungsten Toque,9441.3,165 keys,1,misc,Level 1-100 Hat,30049,2026-07-22T19:06:53,287.96,165.0,165.0,165.0,cosmetic,154.77540983606556,True
74,Spellbound,Ye Olde Baker Boy,9441.3,160–170 keys,1,misc,Level 1-100 Hat,107,2026-07-22T19:06:53,287.96,160.0,170.0,165.0,cosmetic,154.77540983606556,True
74,Spellbound,Frenchman's Beret,8583.0,150 keys,2,misc,Level 1-100 Hat,180,2026-07-22T19:06:53,261.78,150.0,150.0,150.0,cosmetic,140.70491803278688,True
74,Spellbound,Geisha Boy,8583.0,150 keys,2,misc,Level 1-100 Hair,363,2026-07-22T19:06:53,261.78,150.0,150.0,150.0,cosmetic,140.70491803278688,True
74,Spellbound,Voodoo JuJu (Slight Return),8010.8,140 keys,1,misc,Level 1-100 Hat,935,2026-07-22T19:06:53,244.33,140.0,140.0,140.0,cosmetic,131.32459016393443,True
74,Spellbound,Soldier's Slope Scopers,7696.09,125–144 keys,1,misc,Level 1-100 Hat,980,2026-07-22T19:06:53,234.73,125.0,144.0,134.5,cosmetic,126.16540983606558,True
74,Spellbound,Firewall Helmet,7438.6,130 keys,2,misc,Level 1-100 Helmet,30038,2026-07-22T19:06:53,226.88,130.0,130.0,130.0,cosmetic,121.94426229508197,True
74,Spellbound,Lord Cockswain's Pith Helmet,7324.16,128 keys,2,misc,Level 1-100 Headgear,439,2026-07-22T19:06:53,223.39,128.0,128.0,128.0,cosmetic,120.06819672131147,True
74,Spellbound,Pom-Pommed Provocateur,7209.72,108–144 keys,1,misc,Level 1-100 Mask,30072,2026-07-22T19:06:53,219.9,108.0,144.0,126.0,cosmetic,118.19213114754099,True
74,Spellbound,Attendant,6980.84,122 keys,1,misc,Level 1-100 Hat,213,2026-07-22T19:06:53,212.92,122.0,122.0,122.0,cosmetic,114.44,True
74,Spellbound,Cyborg Stunt Helmet,6923.62,121 keys,1,misc,Level 1-100 Helmet,30024,2026-07-22T19:06:53,211.17,121.0,121.0,121.0,cosmetic,113.50196721311475,True
74,Spellbound,Engineer's Cap,6866.4,120 keys,3,misc,Level 1-100 Hat,95,2026-07-22T19:06:53,209.43,120.0,120.0,120.0,cosmetic,112.56393442622951,True
74,Spellbound,Glasgow Great Helm,6866.4,120 keys,2,misc,Level 1-100 Helmet,30082,2026-07-22T19:06:53,209.43,120.0,120.0,120.0,cosmetic,112.56393442622951,True
74,Spellbound,Private Eye,6866.4,120 keys,1,misc,Level 1-100 Hat,388,2026-07-22T19:06:53,209.43,120.0,120.0,120.0,cosmetic,112.56393442622951,True
74,Spellbound,Respectless Robo-Glove,6694.74,117 keys,1,misc,Level 1-100 Hat,30039,2026-07-22T19:06:53,204.19,117.0,117.0,117.0,cosmetic,109.74983606557376,True
74,Spellbound,Handyman's Handle,6380.03,100–123 keys,2,misc,Level 1-100 Hat,253,2026-07-22T19:06:53,194.59,100.0,123.0,111.5,cosmetic,104.5906557377049,True
74,Spellbound,Bullet Buzz,5722.0,100 keys,1,misc,Level 1-100 Hair,30344,2026-07-22T19:06:53,174.52,100.0,100.0,100.0,cosmetic,93.80327868852459,True
74,Spellbound,Buccaneer's Bicorne,5435.9,95 keys,1,misc,Level 10 Hat,607,2026-07-22T19:06:53,165.79,95.0,95.0,95.0,cosmetic,89.11311475409835,True
74,Spellbound,Officer's Ushanka,5435.9,95 keys,1,misc,Level 1-100 Hat,96,2026-07-22T19:06:53,165.79,95.0,95.0,95.0,cosmetic,89.11311475409835,True
74,Spellbound,Battle Boonie,4863.7,85 keys,1,misc,Level 1-100 Hat,30907,2026-07-22T19:06:53,148.34,85.0,85.0,85.0,cosmetic,79.7327868852459,True
74,Spellbound,Stainless Pot,4577.6,80 keys,1,misc,Level 1-100 Hat,98,2026-07-22T19:06:53,139.62,80.0,80.0,80.0,cosmetic,75.04262295081968,True
74,Spellbound,Otolaryngologist's Mirror,4520.38,79 keys,2,misc,Level 1-100 Hat,104,2026-07-22T19:06:53,137.87,79.0,79.0,79.0,cosmetic,74.10459016393443,True
74,Spellbound,Pardner's Pompadour,4405.94,77 keys,3,misc,Level 1-100 Hair,30099,2026-07-22T19:06:53,134.38,77.0,77.0,77.0,cosmetic,72.22852459016393,True
74,Spellbound,Liquidator's Lid,3719.3,63–67 keys,1,misc,Level 1-100 Hat,779,2026-07-22T19:06:53,113.44,63.0,67.0,65.0,cosmetic,60.972131147540985,True
74,Spellbound,Virus Doctor,3719.3,65 keys,1,misc,Level 1-100 Hat,30043,2026-07-22T19:06:53,113.44,65.0,65.0,65.0,cosmetic,60.972131147540985,True
74,Spellbound,Sober Stuntman,3547.64,58–66 keys,2,misc,Level 1-100 Helmet,255,2026-07-22T19:06:53,108.2,58.0,66.0,62.0,cosmetic,58.158032786885244,True
74,Spellbound,Plumber's Pipe,3118.49,50–59 keys,1,misc,Level 1-100 Hat,30022,2026-07-22T19:06:53,95.11,50.0,59.0,54.5,cosmetic,51.1227868852459,True
74,Spellbound,Timeless Topper,2546.29,43–46 keys,1,misc,Level 1-100 Hat,30035,2026-07-22T19:06:53,77.66,43.0,46.0,44.5,cosmetic,41.74245901639344,True
74,Spellbound,Plug-In Prospector,2517.68,41–47 keys,2,misc,Level 1-100 Hat,30031,2026-07-22T19:06:53,76.79,41.0,47.0,44.0,cosmetic,41.27344262295082,True
74,Spellbound,Cranial Carcharodon,,,1,misc,Level 1-100 Hat,30800,2026-07-22T19:06:53,,,,,cosmetic,,False
76,Poisoned Shadows,Antlers,1018516.0,17800 keys,4,misc,Level 1-100 Cosmetic Item,993,2026-07-22T19:06:53,31064.74,17800.0,17800.0,17800.0,cosmetic,16696.983606557376,True
76,Poisoned Shadows,Whirly Warrior,489231.0,8550 keys,1,misc,Level 1-100 Helmet,30118,2026-07-22T19:06:53,14921.55,8550.0,8550.0,8550.0,cosmetic,8020.180327868852,True
76,Poisoned Shadows,Blighted Beak,444599.4,7770 keys,4,misc,Level 1-100 Mask,315,2026-07-22T19:06:53,13560.28,7770.0,7770.0,7770.0,cosmetic,7288.514754098361,True
76,Poisoned Shadows,Patriot Peak,434872.0,7600 keys,0,misc,Level 1-100 Hat,30743,2026-07-22T19:06:53,13263.6,7600.0,7600.0,7600.0,cosmetic,7129.049180327869,True
76,Poisoned Shadows,Hong Kong Cone,383374.0,6700 keys,3,misc,Level 1-100 Hat,30177,2026-07-22T19:06:53,11692.91,6700.0,6700.0,6700.0,cosmetic,6284.819672131148,True
76,Poisoned Shadows,Pyromancer's Mask,360486.0,6300 keys,3,misc,Level 1-100 Mask,316,2026-07-22T19:06:53,10994.82,6300.0,6300.0,6300.0,cosmetic,5909.606557377049,True
76,Poisoned Shadows,Brotherhood of Arms,297544.0,5200 keys,4,misc,Level 1-100 Hat,30066,2026-07-22T19:06:53,9075.09,5200.0,5200.0,5200.0,cosmetic,4877.770491803279,True
76,Poisoned Shadows,Hustler's Hallmark,281808.5,4925 keys,1,misc,Level 1-100 Hat,146,2026-07-22T19:06:53,8595.16,4925.0,4925.0,4925.0,cosmetic,4619.811475409836,True
76,Poisoned Shadows,Salty Dog,274656.0,4800 keys,3,misc,Level 10 Hat,611,2026-07-22T19:06:53,8377.01,4800.0,4800.0,4800.0,cosmetic,4502.55737704918,True
76,Poisoned Shadows,Cold Killer,228880.0,4000 keys,2,misc,Level 1-100 Hat,981,2026-07-22T19:06:53,6980.84,4000.0,4000.0,4000.0,cosmetic,3752.1311475409834,True
76,Poisoned Shadows,Large Luchador,228880.0,4000 keys,2,misc,Level 1-100 Mask,380,2026-07-22T19:06:53,6980.84,4000.0,4000.0,4000.0,cosmetic,3752.1311475409834,True
76,Poisoned Shadows,Tyrant's Helm,200270.0,3500 keys,1,misc,Level 1-100 Helmet,99,2026-07-22T19:06:53,6108.23,3500.0,3500.0,3500.0,cosmetic,3283.1147540983607,True
76,Poisoned Shadows,Flipped Trilby,197409.0,3450 keys,2,misc,Level 1-100 Hat,324,2026-07-22T19:06:53,6020.97,3450.0,3450.0,3450.0,cosmetic,3236.2131147540986,True
76,Poisoned Shadows,Blast Defense,188826.0,3300 keys,0,misc,Level 1-100 Headgear,30863,2026-07-22T19:06:53,5759.19,3300.0,3300.0,3300.0,cosmetic,3095.5081967213114,True
76,Poisoned Shadows,A Rather Festive Tree,177095.9,3095 keys,1,misc,Level 1-100 Hat,341,2026-07-22T19:06:53,5401.42,3095.0,3095.0,3095.0,cosmetic,2903.211475409836,True
76,Poisoned Shadows,Spook Specs,148772.0,2600 keys,1,misc,Level 1-100 Hat,30390,2026-07-22T19:06:53,4537.55,2600.0,2600.0,2600.0,cosmetic,2438.8852459016393,True
76,Poisoned Shadows,Armored Authority,114440.0,2000 keys,1,misc,Level 1-100 Helmet,445,2026-07-22T19:06:53,3490.42,2000.0,2000.0,2000.0,cosmetic,1876.0655737704917,True
76,Poisoned Shadows,Pomade Prince,114440.0,2000 keys,1,misc,Level 1-100 Hair,30428,2026-07-22T19:06:53,3490.42,2000.0,2000.0,2000.0,cosmetic,1876.0655737704917,True
76,Poisoned Shadows,Soldier's Slope Scopers,114440.0,2000 keys,3,misc,Level 1-100 Hat,980,2026-07-22T19:06:53,3490.42,2000.0,2000.0,2000.0,cosmetic,1876.0655737704917,True
76,Poisoned Shadows,Feathered Fiend,105857.0,1850 keys,1,misc,Level 1-100 Headgear,30903,2026-07-22T19:06:53,3228.64,1850.0,1850.0,1850.0,cosmetic,1735.360655737705,True
76,Poisoned Shadows,Hat of Cards,94413.0,1650 keys,2,misc,Level 1-100 Hat,825,2026-07-22T19:06:53,2879.6,1650.0,1650.0,1650.0,cosmetic,1547.7540983606557,True
76,Poisoned Shadows,Officer's Ushanka,92982.5,1625 keys,3,misc,Level 1-100 Hat,96,2026-07-22T19:06:53,2835.97,1625.0,1625.0,1625.0,cosmetic,1524.3032786885246,True
76,Poisoned Shadows,Liquidator's Lid,91552.0,1600 keys,1,misc,Level 1-100 Hat,779,2026-07-22T19:06:53,2792.34,1600.0,1600.0,1600.0,cosmetic,1500.8524590163934,True
76,Poisoned Shadows,Universal Translator,91552.0,1600 keys,0,misc,Level 1-100 Hat,30658,2026-07-22T19:06:53,2792.34,1600.0,1600.0,1600.0,cosmetic,1500.8524590163934,True
76,Poisoned Shadows,Reggaelator,90693.7,1585 keys,2,misc,Level 1-100 Hat,390,2026-07-22T19:06:53,2766.16,1585.0,1585.0,1585.0,cosmetic,1486.7819672131147,True
76,Poisoned Shadows,Vintage Merryweather,88691.0,1550 keys,1,misc,Level 1-100 Helmet,182,2026-07-22T19:06:53,2705.08,1550.0,1550.0,1550.0,cosmetic,1453.950819672131,True
76,Poisoned Shadows,Cosa Nostra Cap,85830.0,1500 keys,4,misc,Level 1-100 Hat,459,2026-07-22T19:06:53,2617.82,1500.0,1500.0,1500.0,cosmetic,1407.049180327869,True
76,Poisoned Shadows,Data Mining Light,85830.0,1500 keys,3,misc,Level 1-100 Helmet,30051,2026-07-22T19:06:53,2617.82,1500.0,1500.0,1500.0,cosmetic,1407.049180327869,True
76,Poisoned Shadows,Master's Yellow Belt,85830.0,1500 keys,2,misc,Level 1-100 Hat,110,2026-07-22T19:06:53,2617.82,1500.0,1500.0,1500.0,cosmetic,1407.049180327869,True
76,Poisoned Shadows,Triboniophorus Tyrannus,85830.0,1500 keys,2,misc,Level 1-100 Mascot,151,2026-07-22T19:06:53,2617.82,1500.0,1500.0,1500.0,cosmetic,1407.049180327869,True
76,Poisoned Shadows,Brim-Full of Bullets,82969.0,1450 keys,1,misc,Level 1-100 Hat,30173,2026-07-22T19:06:53,2530.55,1450.0,1450.0,1450.0,cosmetic,1360.1475409836066,True
76,Poisoned Shadows,Anger,81252.4,990–1850 keys,4,misc,Level 10 Hood,518,2026-07-22T19:06:53,2478.2,990.0,1850.0,1420.0,cosmetic,1332.0065573770491,True
76,Poisoned Shadows,Medic's Mountain Cap,81252.4,1420 keys,2,misc,Level 1-100 Hat,381,2026-07-22T19:06:53,2478.2,1420.0,1420.0,1420.0,cosmetic,1332.0065573770491,True
76,Poisoned Shadows,Gentleman's Gatsby,80108.0,1400 keys,4,misc,Level 1-100 Hat,184,2026-07-22T19:06:53,2443.29,1400.0,1400.0,1400.0,cosmetic,1313.2459016393443,True
76,Poisoned Shadows,Scotch Bonnet,80108.0,1400 keys,1,misc,Level 1-100 Headgear,306,2026-07-22T19:06:53,2443.29,1400.0,1400.0,1400.0,cosmetic,1313.2459016393443,True
76,Poisoned Shadows,Towering Pillar of Hats,80108.0,1400 keys,3,misc,Level 1-100 Hat,135,2026-07-22T19:06:53,2443.29,1400.0,1400.0,1400.0,cosmetic,1313.2459016393443,True
76,Poisoned Shadows,Wet Works,78677.5,1375 keys,2,misc,Level 1-100 Hat,30135,2026-07-22T19:06:53,2399.66,1375.0,1375.0,1375.0,cosmetic,1289.795081967213,True
76,Poisoned Shadows,Executioner,77533.1,1355 keys,6,misc,Level 1-100 Hat,921,2026-07-22T19:06:53,2364.76,1355.0,1355.0,1355.0,cosmetic,1271.0344262295082,True
76,Poisoned Shadows,Powdered Practitioner,77247.0,1350 keys,1,misc,Level 1-100 Hat,30069,2026-07-22T19:06:53,2356.03,1350.0,1350.0,1350.0,cosmetic,1266.344262295082,True
76,Poisoned Shadows,Backwards Ballcap,74386.0,1300 keys,2,misc,Level 10 Hat,617,2026-07-22T19:06:53,2268.77,1300.0,1300.0,1300.0,cosmetic,1219.4426229508197,True
76,Poisoned Shadows,Killer Exclusive,74386.0,1300 keys,1,misc,Level 10 Hat,538,2026-07-22T19:06:53,2268.77,1300.0,1300.0,1300.0,cosmetic,1219.4426229508197,True
76,Poisoned Shadows,Noble Amassment of Hats,74386.0,1300 keys,3,misc,Level 1-100 Hat,137,2026-07-22T19:06:53,2268.77,1300.0,1300.0,1300.0,cosmetic,1219.4426229508197,True
76,Poisoned Shadows,Conjurer's Cowl,71525.0,1250 keys,4,misc,Level 1-100 Hood,465,2026-07-22T19:06:53,2181.51,1250.0,1250.0,1250.0,cosmetic,1172.5409836065573,True
76,Poisoned Shadows,Virtual Reality Headset,68664.0,1200 keys,1,misc,Level 10 Headset,628,2026-07-22T19:06:53,2094.25,1200.0,1200.0,1200.0,cosmetic,1125.639344262295,True
76,Poisoned Shadows,Détective Noir,65803.0,1150 keys,1,misc,Level 1-100 Hat,319,2026-07-22T19:06:53,2006.99,1150.0,1150.0,1150.0,cosmetic,1078.7377049180327,True
76,Poisoned Shadows,Shooter's Sola Topi,64372.5,1100–1150 keys,1,misc,Level 1-100 Helmet,158,2026-07-22T19:06:53,1963.36,1100.0,1150.0,1125.0,cosmetic,1055.2868852459017,True
76,Poisoned Shadows,Prince Tavish's Crown,62942.0,1100 keys,3,misc,Level 1-100 Hat,342,2026-07-22T19:06:53,1919.73,1100.0,1100.0,1100.0,cosmetic,1031.8360655737704,True
76,Poisoned Shadows,Stout Shako,62942.0,1100 keys,2,misc,Level 1-100 Hat,251,2026-07-22T19:06:53,1919.73,1100.0,1100.0,1100.0,cosmetic,1031.8360655737704,True
76,Poisoned Shadows,Tyrantium Helmet,62942.0,1100 keys,1,misc,Level 1-100 Helmet,30014,2026-07-22T19:06:53,1919.73,1100.0,1100.0,1100.0,cosmetic,1031.8360655737704,True
76,Poisoned Shadows,Brainiac Hairpiece,61854.82,1081 keys,1,misc,Level 1-100 Facial Hair,590,2026-07-22T19:06:53,1886.57,1081.0,1081.0,1081.0,cosmetic,1014.0134426229508,True
76,Poisoned Shadows,Desert Marauder,60081.0,1050 keys,2,misc,Level 1-100 Hat,400,2026-07-22T19:06:53,1832.47,1050.0,1050.0,1050.0,cosmetic,984.9344262295082,True
76,Poisoned Shadows,Mask of the Shaman,60081.0,1050 keys,1,misc,Level 10 Mask,514,2026-07-22T19:06:53,1832.47,1050.0,1050.0,1050.0,cosmetic,984.9344262295082,True
76,Poisoned Shadows,L'Inspecteur,57220.0,1000 keys,3,misc,Level 10 Hat,622,2026-07-22T19:06:53,1745.21,1000.0,1000.0,1000.0,cosmetic,938.0327868852459,True
76,Poisoned Shadows,Shooter's Tin Topi,57220.0,1000 keys,2,misc,Level 1-100 Hat,30005,2026-07-22T19:06:53,1745.21,1000.0,1000.0,1000.0,cosmetic,938.0327868852459,True
76,Poisoned Shadows,Bot Dogger,55503.4,970 keys,3,misc,Level 1-100 Hat,30018,2026-07-22T19:06:53,1692.85,970.0,970.0,970.0,cosmetic,909.8918032786886,True
76,Poisoned Shadows,Outta Sight,55360.35,835–1100 keys,1,misc,Level 1-100 Hat,30628,2026-07-22T19:06:53,1688.49,835.0,1100.0,967.5,cosmetic,907.5467213114754,True
76,Poisoned Shadows,Modest Pile of Hat,53786.8,940 keys,1,misc,Level 1-100 Hat,139,2026-07-22T19:06:53,1640.5,940.0,940.0,940.0,cosmetic,881.7508196721312,True
76,Poisoned Shadows,Safe'n'Sound,52928.5,925 keys,2,misc,Level 1-100 Hat,178,2026-07-22T19:06:53,1614.32,925.0,925.0,925.0,cosmetic,867.6803278688525,True
76,Poisoned Shadows,One-Man Army,49323.64,862 keys,0,misc,Level 10 Hair,601,2026-07-22T19:06:53,1504.37,862.0,862.0,862.0,cosmetic,808.584262295082,True
76,Poisoned Shadows,Old Guadalajara,48637.0,850 keys,3,misc,Level 1-100 Hat,247,2026-07-22T19:06:53,1483.43,850.0,850.0,850.0,cosmetic,797.327868852459,True
76,Poisoned Shadows,Swagman's Swatter,47206.5,825 keys,4,misc,Level 10 Hat,626,2026-07-22T19:06:53,1439.8,825.0,825.0,825.0,cosmetic,773.8770491803278,True
76,Poisoned Shadows,Tough Guy's Toque,47206.5,825 keys,2,misc,Level 1-100 Hat,97,2026-07-22T19:06:53,1439.8,825.0,825.0,825.0,cosmetic,773.8770491803278,True
76,Poisoned Shadows,Carouser's Capotain,45776.0,800 keys,2,misc,Level 1-100 Hat,259,2026-07-22T19:06:53,1396.17,800.0,800.0,800.0,cosmetic,750.4262295081967,True
76,Poisoned Shadows,Das Gutenkutteharen,45776.0,800 keys,4,misc,Level 1-100 Hair,30127,2026-07-22T19:06:53,1396.17,800.0,800.0,800.0,cosmetic,750.4262295081967,True
76,Poisoned Shadows,Das Übersternmann,45776.0,800 keys,3,misc,Level 1-100 Hat,30097,2026-07-22T19:06:53,1396.17,800.0,800.0,800.0,cosmetic,750.4262295081967,True
76,Poisoned Shadows,Outdoorsman,45776.0,800 keys,3,misc,Level 10 Hat,603,2026-07-22T19:06:53,1396.17,800.0,800.0,800.0,cosmetic,750.4262295081967,True
76,Poisoned Shadows,Teutonic Toque,45776.0,800 keys,1,misc,Level 1-100 Hat,30351,2026-07-22T19:06:53,1396.17,800.0,800.0,800.0,cosmetic,750.4262295081967,True
76,Poisoned Shadows,Dr's Dapper Topper,43029.44,752 keys,4,misc,Level 1-100 Hat,252,2026-07-22T19:06:53,1312.4,752.0,752.0,752.0,cosmetic,705.4006557377049,True
76,Poisoned Shadows,Brigade Helm,42915.0,750 keys,2,misc,Level 1-100 Helmet,105,2026-07-22T19:06:53,1308.91,750.0,750.0,750.0,cosmetic,703.5245901639345,True
76,Poisoned Shadows,Ye Oiled Baker Boy,40054.0,700 keys,2,misc,Level 1-100 Hat,30019,2026-07-22T19:06:53,1221.65,700.0,700.0,700.0,cosmetic,656.6229508196722,True
76,Poisoned Shadows,Base Metal Billycock,39596.24,692 keys,4,misc,Level 1-100 Hat,30007,2026-07-22T19:06:53,1207.69,692.0,692.0,692.0,cosmetic,649.1186885245901,True
76,Poisoned Shadows,Steel Shako,39195.7,610–760 keys,2,misc,Level 1-100 Hat,30017,2026-07-22T19:06:53,1195.47,610.0,760.0,685.0,cosmetic,642.5524590163934,True
76,Poisoned Shadows,Buckaroo's Hat,38909.6,680 keys,3,misc,Level 1-100 Hat,322,2026-07-22T19:06:53,1186.74,680.0,680.0,680.0,cosmetic,637.8622950819672,True
76,Poisoned Shadows,Whoopee Cap,38909.6,680 keys,1,misc,Level 1-100 Hat,174,2026-07-22T19:06:53,1186.74,680.0,680.0,680.0,cosmetic,637.8622950819672,True
76,Poisoned Shadows,Metal Slug,37650.76,658 keys,2,misc,Level 1-100 Hat,30028,2026-07-22T19:06:53,1148.35,658.0,658.0,658.0,cosmetic,617.2255737704918,True
76,Poisoned Shadows,Little Buddy,37193.0,650 keys,2,misc,Level 10 Hat,612,2026-07-22T19:06:53,1134.39,650.0,650.0,650.0,cosmetic,609.7213114754098,True
76,Poisoned Shadows,Valley Forge,35762.5,625 keys,1,misc,Level 1-100 Hat,30114,2026-07-22T19:06:53,1090.76,625.0,625.0,625.0,cosmetic,586.2704918032787,True
76,Poisoned Shadows,Fat Man's Field Cap,35476.4,620 keys,2,misc,Level 1-100 Hat,30911,2026-07-22T19:06:53,1082.03,620.0,620.0,620.0,cosmetic,581.5803278688525,True
76,Poisoned Shadows,Birdcage,34904.2,610 keys,2,misc,Level 10 Hat,615,2026-07-22T19:06:53,1064.58,610.0,610.0,610.0,cosmetic,572.1999999999999,True
76,Poisoned Shadows,Black Watch,34332.0,600 keys,3,misc,Level 1-100 Hat,30105,2026-07-22T19:06:53,1047.13,600.0,600.0,600.0,cosmetic,562.8196721311475,True
76,Poisoned Shadows,Sober Stuntman,34332.0,600 keys,3,misc,Level 1-100 Helmet,255,2026-07-22T19:06:53,1047.13,600.0,600.0,600.0,cosmetic,562.8196721311475,True
76,Poisoned Shadows,Hat with No Name,34045.9,540–650 keys,1,misc,Level 10 Hat,631,2026-07-22T19:06:53,1038.4,540.0,650.0,595.0,cosmetic,558.1295081967213,True
76,Poisoned Shadows,Tough Stuff Muffs,33759.8,580–600 keys,1,misc,Level 1-100 Hat,984,2026-07-22T19:06:53,1029.67,580.0,600.0,590.0,cosmetic,553.4393442622951,True
76,Poisoned Shadows,Hottie's Hoodie,33473.7,500–670 keys,1,misc,Level 1-100 Hood,377,2026-07-22T19:06:53,1020.95,500.0,670.0,585.0,cosmetic,548.7491803278688,True
76,Poisoned Shadows,Tam O' Shanter,33187.6,580 keys,1,misc,Level 1-100 Hat,480,2026-07-22T19:06:53,1012.22,580.0,580.0,580.0,cosmetic,544.0590163934426,True
76,Poisoned Shadows,Modest Metal Pile of Scrap,32615.4,570 keys,1,misc,Level 1-100 Hat,30001,2026-07-22T19:06:53,994.77,570.0,570.0,570.0,cosmetic,534.6786885245901,True
76,Poisoned Shadows,Hive Minder,31471.0,550 keys,2,misc,Level 1-100 Hat,30093,2026-07-22T19:06:53,959.87,550.0,550.0,550.0,cosmetic,515.9180327868852,True
76,Poisoned Shadows,Charmer's Chapeau,30040.5,525 keys,1,misc,Level 1-100 Hat,397,2026-07-22T19:06:53,916.24,525.0,525.0,525.0,cosmetic,492.4672131147541,True
76,Poisoned Shadows,Counterfeit Billycock,30040.5,400–650 keys,0,misc,Level 10 Hat,602,2026-07-22T19:06:53,916.24,400.0,650.0,525.0,cosmetic,492.4672131147541,True
76,Poisoned Shadows,Harmburg,30040.5,500–550 keys,4,misc,Level 1-100 Hat,30123,2026-07-22T19:06:53,916.24,500.0,550.0,525.0,cosmetic,492.4672131147541,True
76,Poisoned Shadows,B'aaarrgh-n-Bicorne,29868.84,522 keys,1,misc,Level 1-100 Hat,30718,2026-07-22T19:06:53,911.0,522.0,522.0,522.0,cosmetic,489.65311475409834,True
76,Poisoned Shadows,Nunhood,28610.0,500 keys,1,misc,Level 1-100 Hat,30311,2026-07-22T19:06:53,872.61,500.0,500.0,500.0,cosmetic,469.0163934426229,True
76,Poisoned Shadows,Pencil Pusher,28610.0,500 keys,1,misc,Level 10 Hair,605,2026-07-22T19:06:53,872.61,500.0,500.0,500.0,cosmetic,469.0163934426229,True
76,Poisoned Shadows,Stainless Pot,28610.0,500 keys,3,misc,Level 1-100 Hat,98,2026-07-22T19:06:53,872.61,500.0,500.0,500.0,cosmetic,469.0163934426229,True
76,Poisoned Shadows,Big Country,28438.34,497 keys,2,misc,Level 1-100 Hair,382,2026-07-22T19:06:53,867.37,497.0,497.0,497.0,cosmetic,466.20229508196724,True
76,Poisoned Shadows,Professor's Peculiarity,28037.8,490 keys,3,misc,Level 1-100 Hair,384,2026-07-22T19:06:53,855.15,490.0,490.0,490.0,cosmetic,459.63606557377045,True
76,Poisoned Shadows,Exquisite Rack,26664.52,466 keys,1,misc,Level 1-100 Cosmetic Item,339,2026-07-22T19:06:53,813.27,466.0,466.0,466.0,cosmetic,437.1232786885246,True
76,Poisoned Shadows,Trencher's Topper,26321.2,460 keys,1,misc,Level 1-100 Helmet,30336,2026-07-22T19:06:53,802.8,460.0,460.0,460.0,cosmetic,431.49508196721314,True
76,Poisoned Shadows,Helmet without a Home,25749.0,450 keys,2,misc,Level 1-100 Helmet,732,2026-07-22T19:06:53,785.34,450.0,450.0,450.0,cosmetic,422.11475409836066,True
76,Poisoned Shadows,Respectless Robo-Glove,25749.0,450 keys,3,misc,Level 1-100 Hat,30039,2026-07-22T19:06:53,785.34,450.0,450.0,450.0,cosmetic,422.11475409836066,True
76,Poisoned Shadows,Buccaneer's Bicorne,25176.8,440 keys,1,misc,Level 10 Hat,607,2026-07-22T19:06:53,767.89,440.0,440.0,440.0,cosmetic,412.7344262295082,True
76,Poisoned Shadows,Horrific Headsplitter,25176.8,440 keys,2,misc,Level 31 Hat,291,2026-07-22T19:06:53,767.89,440.0,440.0,440.0,cosmetic,412.7344262295082,True
76,Poisoned Shadows,Strontium Stove Pipe,24890.7,435 keys,1,misc,Level 1-100 Hat,30037,2026-07-22T19:06:53,759.17,435.0,435.0,435.0,cosmetic,408.044262295082,True
76,Poisoned Shadows,Bomber's Bucket Hat,24833.48,434 keys,0,misc,Level 1-100 Hat,30547,2026-07-22T19:06:53,757.42,434.0,434.0,434.0,cosmetic,407.1062295081967,True
76,Poisoned Shadows,Soviet Gentleman,23460.2,410 keys,1,misc,Level 1-100 Hat,821,2026-07-22T19:06:53,715.54,410.0,410.0,410.0,cosmetic,384.5934426229508,True
76,Poisoned Shadows,Samur-Eye,22888.0,400 keys,2,misc,Level 1-100 Helmet,359,2026-07-22T19:06:53,698.08,400.0,400.0,400.0,cosmetic,375.21311475409834,True
76,Poisoned Shadows,Virus Doctor,22888.0,400 keys,3,misc,Level 1-100 Hat,30043,2026-07-22T19:06:53,698.08,400.0,400.0,400.0,cosmetic,375.21311475409834,True
76,Poisoned Shadows,Rebel Rouser,22029.7,385 keys,1,misc,Level 1-100 Hat,30120,2026-07-22T19:06:53,671.91,385.0,385.0,385.0,cosmetic,361.14262295081966,True
76,Poisoned Shadows,Barnstormer,21743.6,380 keys,2,misc,Level 1-100 Hat,988,2026-07-22T19:06:53,663.18,380.0,380.0,380.0,cosmetic,356.4524590163934,True
76,Poisoned Shadows,Texas Ten Gallon,21743.6,375–385 keys,2,misc,Level 1-100 Hat,94,2026-07-22T19:06:53,663.18,375.0,385.0,380.0,cosmetic,356.4524590163934,True
76,Poisoned Shadows,Brown Bomber,21561.639344262,322.99–430.65 keys,1,misc,Level 1-100 Hat,671,2026-07-22T19:06:53,,322.99,430.65,376.82,cosmetic,353.469497446918,True
76,Poisoned Shadows,Nanobalaclava,21457.5,375 keys,2,misc,Level 10 Hat,521,2026-07-22T19:06:53,654.45,375.0,375.0,375.0,cosmetic,351.76229508196724,True
76,Poisoned Shadows,Big Elfin Deal,21171.4,370 keys,4,misc,Level 1-100 Hat,652,2026-07-22T19:06:53,645.73,370.0,370.0,370.0,cosmetic,347.07213114754103,True
76,Poisoned Shadows,Galvanized Gibus,20885.3,365 keys,2,misc,Level 1-100 Hat,30003,2026-07-22T19:06:53,637.0,365.0,365.0,365.0,cosmetic,342.38196721311476,True
76,Poisoned Shadows,Dragonborn Helmet,20027.0,350 keys,3,misc,Level 10 Helmet,517,2026-07-22T19:06:53,610.82,350.0,350.0,350.0,cosmetic,328.3114754098361,True
76,Poisoned Shadows,Glengarry Bonnet,19426.19,285–394 keys,1,misc,Level 1-100 Hat,100,2026-07-22T19:06:53,592.5,285.0,394.0,339.5,cosmetic,318.46213114754096,True
76,Poisoned Shadows,Front Runner,18596.5,305–345 keys,1,misc,Level 1-100 Hat,760,2026-07-22T19:06:53,567.19,305.0,345.0,325.0,cosmetic,304.8606557377049,True
76,Poisoned Shadows,Halogen Head Lamp,18596.5,325 keys,1,misc,Level 1-100 Hat,30041,2026-07-22T19:06:53,567.19,325.0,325.0,325.0,cosmetic,304.8606557377049,True
76,Poisoned Shadows,Electric Escorter,17738.2,310 keys,3,misc,Level 1-100 Hat,30025,2026-07-22T19:06:53,541.02,310.0,310.0,310.0,cosmetic,290.79016393442623,True
76,Poisoned Shadows,Voodoo JuJu (Slight Return),17309.05,280–325 keys,3,misc,Level 1-100 Hat,935,2026-07-22T19:06:53,527.93,280.0,325.0,302.5,cosmetic,283.75491803278686,True
76,Poisoned Shadows,Warhood,17166.0,300 keys,0,misc,Level 1-100 Hood,30866,2026-07-22T19:06:53,523.56,300.0,300.0,300.0,cosmetic,281.40983606557376,True
76,Poisoned Shadows,Industrial Festivizer,16021.6,230–330 keys,2,misc,Level 1-100 Hat,338,2026-07-22T19:06:53,488.66,230.0,330.0,280.0,cosmetic,262.64918032786886,True
76,Poisoned Shadows,Le Party Phantom,16021.6,280 keys,1,misc,Level 1-100 Mask,337,2026-07-22T19:06:53,488.66,280.0,280.0,280.0,cosmetic,262.64918032786886,True
76,Poisoned Shadows,Danger,15592.45,265–280 keys,1,misc,Level 1-100 Apparel,30420,2026-07-22T19:06:53,475.57,265.0,280.0,272.5,cosmetic,255.61393442622952,True
76,Poisoned Shadows,Das Hazmattenhatten,15163.3,265 keys,0,misc,Level 1-100 Safety Apparatus,30095,2026-07-22T19:06:53,462.48,265.0,265.0,265.0,cosmetic,248.57868852459015,True
76,Poisoned Shadows,Chieftain's Challenge,13160.6,230 keys,1,misc,Level 1-100 Hat,250,2026-07-22T19:06:53,401.4,230.0,230.0,230.0,cosmetic,215.74754098360657,True
76,Poisoned Shadows,Napper's Respite,12760.06,223 keys,2,misc,Level 1-100 Hat,248,2026-07-22T19:06:53,389.18,223.0,223.0,223.0,cosmetic,209.1813114754098,True
76,Poisoned Shadows,Kiss King,12702.84,222 keys,1,misc,Level 1-100 Hat,30313,2026-07-22T19:06:53,387.44,222.0,222.0,222.0,cosmetic,208.24327868852458,True
76,Poisoned Shadows,Bonk Boy,12073.42,211 keys,2,misc,Level 1-100 Mask,451,2026-07-22T19:06:53,368.24,211.0,211.0,211.0,cosmetic,197.92491803278688,True
76,Poisoned Shadows,Human Cannonball,11844.54,207 keys,1,misc,Level 1-100 Helmet,817,2026-07-22T19:06:53,361.26,207.0,207.0,207.0,cosmetic,194.17278688524593,True
76,Poisoned Shadows,Vintage Tyrolean,11444.0,200 keys,3,misc,Level 1-100 Hat,101,2026-07-22T19:06:53,349.04,200.0,200.0,200.0,cosmetic,187.60655737704917,True
76,Poisoned Shadows,Cyborg Stunt Helmet,11300.95,180–215 keys,1,misc,Level 1-100 Helmet,30024,2026-07-22T19:06:53,344.68,180.0,215.0,197.5,cosmetic,185.26147540983607,True
76,Poisoned Shadows,Flamboyant Flamenco,10585.7,185 keys,2,misc,Level 10 Hat,627,2026-07-22T19:06:53,322.86,185.0,185.0,185.0,cosmetic,173.53606557377051,True
76,Poisoned Shadows,Killer's Kabuto,10299.6,180 keys,1,misc,Level 1-100 Helmet,152,2026-07-22T19:06:53,314.14,180.0,180.0,180.0,cosmetic,168.84590163934428,True
76,Poisoned Shadows,Pyro's Boron Beanie,9870.45,170–175 keys,2,misc,Level 1-100 Hat,30040,2026-07-22T19:06:53,301.05,170.0,175.0,172.5,cosmetic,161.81065573770493,True
76,Poisoned Shadows,Furious Fukaamigasa,8811.88,154 keys,2,misc,Level 1-100 Hat,395,2026-07-22T19:06:53,268.76,154.0,154.0,154.0,cosmetic,144.45704918032786,True
76,Poisoned Shadows,Surgeon's Stahlhelm,8726.05,130–175 keys,2,misc,Level 10 Helmet,616,2026-07-22T19:06:53,266.14,130.0,175.0,152.5,cosmetic,143.04999999999998,True
76,Poisoned Shadows,Lucky Shot,8640.22,140–162 keys,1,misc,Level 1-100 Helmet,701,2026-07-22T19:06:53,263.53,140.0,162.0,151.0,cosmetic,141.6429508196721,True
76,Poisoned Shadows,Attendant,8583.0,150 keys,2,misc,Level 1-100 Hat,213,2026-07-22T19:06:53,261.78,150.0,150.0,150.0,cosmetic,140.70491803278688,True
76,Poisoned Shadows,Ze Goggles,8068.02,141 keys,1,misc,Level 1-100 Glasses,177,2026-07-22T19:06:53,246.07,141.0,141.0,141.0,cosmetic,132.2626229508197,True
76,Poisoned Shadows,Private Eye,7724.7,135 keys,1,misc,Level 1-100 Hat,388,2026-07-22T19:06:53,235.6,135.0,135.0,135.0,cosmetic,126.6344262295082,True
76,Poisoned Shadows,Pithy Professional,7667.48,134 keys,0,misc,Level 1-100 Hat,30915,2026-07-22T19:06:53,233.86,134.0,134.0,134.0,cosmetic,125.69639344262295,True
76,Poisoned Shadows,Hermes,6866.4,120 keys,1,misc,Level 10 Hat,633,2026-07-22T19:06:53,209.43,120.0,120.0,120.0,cosmetic,112.56393442622951,True
76,Poisoned Shadows,Slick Cut,6866.4,120 keys,1,misc,Level 1-100 Hair,30187,2026-07-22T19:06:53,209.43,120.0,120.0,120.0,cosmetic,112.56393442622951,True
76,Poisoned Shadows,Western Wear,6866.4,120 keys,2,misc,Level 1-100 Hat,379,2026-07-22T19:06:53,209.43,120.0,120.0,120.0,cosmetic,112.56393442622951,True
76,Poisoned Shadows,Firewall Helmet,6465.86,101–125 keys,2,misc,Level 1-100 Helmet,30038,2026-07-22T19:06:53,197.21,101.0,125.0,113.0,cosmetic,105.99770491803278,True
76,Poisoned Shadows,Brain Bucket,6294.2,110 keys,1,misc,Level 1-100 Hat,434,2026-07-22T19:06:53,191.97,110.0,110.0,110.0,cosmetic,103.18360655737705,True
76,Poisoned Shadows,Brain-Warming Wear,6179.76,91–125 keys,0,misc,Level 1-100 Hat,30827,2026-07-22T19:06:53,188.48,91.0,125.0,108.0,cosmetic,101.30754098360656,True
76,Poisoned Shadows,Bullet Buzz,5722.0,100 keys,1,misc,Level 1-100 Hair,30344,2026-07-22T19:06:53,174.52,100.0,100.0,100.0,cosmetic,93.80327868852459,True
76,Poisoned Shadows,Ol' Geezer,5722.0,100 keys,1,misc,Level 1-100 Hat,399,2026-07-22T19:06:53,174.52,100.0,100.0,100.0,cosmetic,93.80327868852459,True
76,Poisoned Shadows,Stormin' Norman,5292.85,80–105 keys,4,misc,Level 1-100 Helmet,30112,2026-07-22T19:06:53,161.43,80.0,105.0,92.5,cosmetic,86.76803278688526,True
76,Poisoned Shadows,Pom-Pommed Provocateur,5149.8,80–100 keys,3,misc,Level 1-100 Mask,30072,2026-07-22T19:06:53,157.07,80.0,100.0,90.0,cosmetic,84.42295081967214,True
76,Poisoned Shadows,Das Maddendoktor,4863.7,85 keys,2,misc,Level 1-100 Hair,30121,2026-07-22T19:06:53,148.34,85.0,85.0,85.0,cosmetic,79.7327868852459,True
76,Poisoned Shadows,Gridiron Guardian,4863.7,85 keys,1,misc,Level 1-100 Helmet,30013,2026-07-22T19:06:53,148.34,85.0,85.0,85.0,cosmetic,79.7327868852459,True
76,Poisoned Shadows,Hotrod,4863.7,85 keys,1,misc,Level 1-100 Mask,148,2026-07-22T19:06:53,148.34,85.0,85.0,85.0,cosmetic,79.7327868852459,True
76,Poisoned Shadows,Baron von Havenaplane,4806.48,84 keys,1,misc,Level 1-100 Hat,30136,2026-07-22T19:06:53,146.6,84.0,84.0,84.0,cosmetic,78.79475409836064,True
76,Poisoned Shadows,Hound Dog,4577.6,80 keys,1,misc,Level 1-100 Hair,145,2026-07-22T19:06:53,139.62,80.0,80.0,80.0,cosmetic,75.04262295081968,True
76,Poisoned Shadows,Sergeant's Drill Hat,4405.94,77 keys,1,misc,Level 1-100 Hat,183,2026-07-22T19:06:53,134.38,77.0,77.0,77.0,cosmetic,72.22852459016393,True
76,Poisoned Shadows,Ye Olde Baker Boy,4119.84,72 keys,1,misc,Level 1-100 Hat,107,2026-07-22T19:06:53,125.66,72.0,72.0,72.0,cosmetic,67.5383606557377,True
76,Poisoned Shadows,Katyusha,4005.4,70 keys,1,misc,Level 1-100 Hat,30094,2026-07-22T19:06:53,122.16,70.0,70.0,70.0,cosmetic,65.66229508196722,True
76,Poisoned Shadows,Gentleman's Ushanka,3776.52,66 keys,1,misc,Level 1-100 Hat,778,2026-07-22T19:06:53,115.18,66.0,66.0,66.0,cosmetic,61.91016393442623,True
76,Poisoned Shadows,Jumper's Jeepcap,3662.08,64 keys,2,misc,Level 1-100 Hat,417,2026-07-22T19:06:53,111.69,64.0,64.0,64.0,cosmetic,60.03409836065573,True
76,Poisoned Shadows,Hard Counter,3604.86,61–65 keys,1,misc,Level 1-100 Hat,254,2026-07-22T19:06:53,109.95,61.0,65.0,63.0,cosmetic,59.096065573770495,True
76,Poisoned Shadows,Backbiter's Billycock,3490.42,57–65 keys,2,misc,Level 1-100 Hat,108,2026-07-22T19:06:53,106.46,57.0,65.0,61.0,cosmetic,57.22,True
76,Poisoned Shadows,Bombing Run,3032.66,53 keys,1,misc,Level 1-100 Helmet,249,2026-07-22T19:06:53,92.5,53.0,53.0,53.0,cosmetic,49.71573770491803,True
76,Poisoned Shadows,Professional's Panama,2918.22,45–57 keys,0,misc,Level 1-100 Hat,109,2026-07-22T19:06:53,89.01,45.0,57.0,51.0,cosmetic,47.83967213114754,True
76,Poisoned Shadows,Bolted Birdcage,2803.78,49 keys,2,misc,Level 1-100 Hat,30057,2026-07-22T19:06:53,85.52,49.0,49.0,49.0,cosmetic,45.963606557377055,True
76,Poisoned Shadows,Magistrate's Mullet,2803.78,49 keys,1,misc,Level 1-100 Hair,147,2026-07-22T19:06:53,85.52,49.0,49.0,49.0,cosmetic,45.963606557377055,True
76,Poisoned Shadows,Ol' Snaggletooth,2775.17,47–50 keys,2,misc,Level 1-100 Hat,229,2026-07-22T19:06:53,84.64,47.0,50.0,48.5,cosmetic,45.494590163934426,True
76,Poisoned Shadows,Prancer's Pride,2746.56,48 keys,2,misc,Level 1-100 Hat,318,2026-07-22T19:06:53,83.77,48.0,48.0,48.0,cosmetic,45.0255737704918,True
76,Poisoned Shadows,Burning Bandana,2689.34,44–50 keys,1,misc,Level 1-100 Bandana,30091,2026-07-22T19:06:53,82.02,44.0,50.0,47.0,cosmetic,44.08754098360656,True
76,Poisoned Shadows,Pure Tin Capotain,2689.34,47 keys,1,misc,Level 1-100 Hat,30021,2026-07-22T19:06:53,82.02,47.0,47.0,47.0,cosmetic,44.08754098360656,True
76,Poisoned Shadows,Titanium Tyrolean,2632.12,46 keys,1,misc,Level 1-100 Hat,30045,2026-07-22T19:06:53,80.28,46.0,46.0,46.0,cosmetic,43.14950819672131,True
76,Poisoned Shadows,Coupe D'isaster,2346.02,40–42 keys,2,misc,Level 1-100 Hair,330,2026-07-22T19:06:53,71.55,40.0,42.0,41.0,cosmetic,38.45934426229508,True
76,Poisoned Shadows,Dead Cone,2059.92,30–42 keys,1,misc,Level 1-100 Hat,435,2026-07-22T19:06:53,62.83,30.0,42.0,36.0,cosmetic,33.76918032786885,True
76,Poisoned Shadows,Letch's LED,2059.92,36 keys,1,misc,Level 1-100 Hat,30002,2026-07-22T19:06:53,62.83,36.0,36.0,36.0,cosmetic,33.76918032786885,True
76,Poisoned Shadows,Waxy Wayfinder,2002.7,33–37 keys,3,misc,Level 1-100 Hat,753,2026-07-22T19:06:53,61.08,33.0,37.0,35.0,cosmetic,32.83114754098361,True
79,Darkblaze,Pyromancer's Mask,787919.4,13770 keys,1,misc,Level 1-100 Mask,316,2026-07-22T19:06:53,24031.54,13770.0,13770.0,13770.0,cosmetic,12916.711475409837,True
79,Darkblaze,Killer Exclusive,632281.0,11050 keys,3,misc,Level 10 Hat,538,2026-07-22T19:06:53,19284.57,11050.0,11050.0,11050.0,cosmetic,10365.262295081968,True
79,Darkblaze,Team Captain,629420.0,11000 keys,3,misc,Level 1-100 Hat,378,2026-07-22T19:06:53,19197.31,11000.0,11000.0,11000.0,cosmetic,10318.360655737704,True
79,Darkblaze,Virtual Viewfinder,553603.5,9675 keys,1,misc,Level 1-100 Headset,30140,2026-07-22T19:06:53,16884.91,9675.0,9675.0,9675.0,cosmetic,9075.467213114754,True
79,Darkblaze,Antlers,549312.0,9600 keys,1,misc,Level 1-100 Cosmetic Item,993,2026-07-22T19:06:53,16754.02,9600.0,9600.0,9600.0,cosmetic,9005.11475409836,True
79,Darkblaze,Crone's Dome,421711.4,7370 keys,1,misc,Level 1-100 Hat,920,2026-07-22T19:06:53,12862.2,7370.0,7370.0,7370.0,cosmetic,6913.301639344263,True
79,Darkblaze,Brown Bomber,320432.0,5600 keys,1,misc,Level 1-100 Hat,671,2026-07-22T19:06:53,9773.18,5600.0,5600.0,5600.0,cosmetic,5252.983606557377,True
79,Darkblaze,Das Hazmattenhatten,320432.0,5600 keys,1,misc,Level 1-100 Safety Apparatus,30095,2026-07-22T19:06:53,9773.18,5600.0,5600.0,5600.0,cosmetic,5252.983606557377,True
79,Darkblaze,Flipped Trilby,306127.0,5350 keys,1,misc,Level 1-100 Hat,324,2026-07-22T19:06:53,9336.87,5350.0,5350.0,5350.0,cosmetic,5018.475409836065,True
79,Darkblaze,Brotherhood of Arms,292966.4,5120 keys,3,misc,Level 1-100 Hat,30066,2026-07-22T19:06:53,8935.48,5120.0,5120.0,5120.0,cosmetic,4802.727868852459,True
79,Darkblaze,Pencil Pusher,280378.0,4900 keys,1,misc,Level 10 Hair,605,2026-07-22T19:06:53,8551.53,4900.0,4900.0,4900.0,cosmetic,4596.360655737705,True
79,Darkblaze,Hat with No Name,264642.5,4625 keys,1,misc,Level 10 Hat,631,2026-07-22T19:06:53,8071.6,4625.0,4625.0,4625.0,cosmetic,4338.401639344263,True
79,Darkblaze,Tough Stuff Muffs,258634.4,4520 keys,2,misc,Level 1-100 Hat,984,2026-07-22T19:06:53,7888.35,4520.0,4520.0,4520.0,cosmetic,4239.9081967213115,True
79,Darkblaze,Infernal Impaler,252912.4,4420 keys,1,misc,Level 13 Headgear,575,2026-07-22T19:06:53,7713.83,4420.0,4420.0,4420.0,cosmetic,4146.104918032786,True
79,Darkblaze,Soldered Sensei,240324.0,4200 keys,4,misc,Level 1-100 Hat,30004,2026-07-22T19:06:53,7329.88,4200.0,4200.0,4200.0,cosmetic,3939.7377049180327,True
79,Darkblaze,Well-Rounded Rifleman,224588.5,3925 keys,3,misc,Level 1-100 Hat,30067,2026-07-22T19:06:53,6849.95,3925.0,3925.0,3925.0,cosmetic,3681.77868852459,True
79,Darkblaze,A Rather Festive Tree,217436.0,3800 keys,2,misc,Level 1-100 Hat,341,2026-07-22T19:06:53,6631.8,3800.0,3800.0,3800.0,cosmetic,3564.5245901639346,True
79,Darkblaze,Troublemaker's Tossle Cap,213888.36,3738 keys,2,misc,Level 1-100 Hat,150,2026-07-22T19:06:53,6523.59,3738.0,3738.0,3738.0,cosmetic,3506.366557377049,True
79,Darkblaze,Nunhood,197409.0,3450 keys,1,misc,Level 1-100 Hat,30311,2026-07-22T19:06:53,6020.97,3450.0,3450.0,3450.0,cosmetic,3236.2131147540986,True
79,Darkblaze,Tyrant's Helm,171660.0,3000 keys,2,misc,Level 1-100 Helmet,99,2026-07-22T19:06:53,5235.63,3000.0,3000.0,3000.0,cosmetic,2814.098360655738,True
79,Darkblaze,Dark Falkirk Helm,167368.5,2925 keys,1,misc,Level 1-100 Helmet,30357,2026-07-22T19:06:53,5104.74,2925.0,2925.0,2925.0,cosmetic,2743.745901639344,True
79,Darkblaze,Flamboyant Flamenco,143793.86,2513 keys,5,misc,Level 10 Hat,627,2026-07-22T19:06:53,4385.71,2513.0,2513.0,2513.0,cosmetic,2357.2763934426225,True
79,Darkblaze,Pithy Professional,143622.2,2510 keys,3,misc,Level 1-100 Hat,30915,2026-07-22T19:06:53,4380.48,2510.0,2510.0,2510.0,cosmetic,2354.4622950819676,True
79,Darkblaze,Texas Ten Gallon,131606.0,2300 keys,2,misc,Level 1-100 Hat,94,2026-07-22T19:06:53,4013.98,2300.0,2300.0,2300.0,cosmetic,2157.4754098360654,True
79,Darkblaze,Bonk Helm,128745.0,2250 keys,1,misc,Level 1-100 Helmet,106,2026-07-22T19:06:53,3926.72,2250.0,2250.0,2250.0,cosmetic,2110.5737704918033,True
79,Darkblaze,Modest Metal Pile of Scrap,125884.0,2200 keys,2,misc,Level 1-100 Hat,30001,2026-07-22T19:06:53,3839.46,2200.0,2200.0,2200.0,cosmetic,2063.6721311475408,True
79,Darkblaze,Heavy Duty Rag,120162.0,2100 keys,3,misc,Level 1-100 Bandana,185,2026-07-22T19:06:53,3664.94,2100.0,2100.0,2100.0,cosmetic,1969.8688524590164,True
79,Darkblaze,Brim-Full of Bullets,114440.0,2000 keys,5,misc,Level 1-100 Hat,30173,2026-07-22T19:06:53,3490.42,2000.0,2000.0,2000.0,cosmetic,1876.0655737704917,True
79,Darkblaze,Virus Doctor,114440.0,2000 keys,1,misc,Level 1-100 Hat,30043,2026-07-22T19:06:53,3490.42,2000.0,2000.0,2000.0,cosmetic,1876.0655737704917,True
79,Darkblaze,Triboniophorus Tyrannus,106429.2,1860 keys,2,misc,Level 1-100 Mascot,151,2026-07-22T19:06:53,3246.09,1860.0,1860.0,1860.0,cosmetic,1744.7409836065574,True
79,Darkblaze,Desert Marauder,104426.5,1825 keys,2,misc,Level 1-100 Hat,400,2026-07-22T19:06:53,3185.01,1825.0,1825.0,1825.0,cosmetic,1711.9098360655737,True
79,Darkblaze,Chieftain's Challenge,103568.2,1810 keys,2,misc,Level 1-100 Hat,250,2026-07-22T19:06:53,3158.83,1810.0,1810.0,1810.0,cosmetic,1697.839344262295,True
79,Darkblaze,Backbiter's Billycock,102996.0,1800 keys,3,misc,Level 1-100 Hat,108,2026-07-22T19:06:53,3141.38,1800.0,1800.0,1800.0,cosmetic,1688.4590163934427,True
79,Darkblaze,Halogen Head Lamp,102996.0,1800 keys,1,misc,Level 1-100 Hat,30041,2026-07-22T19:06:53,3141.38,1800.0,1800.0,1800.0,cosmetic,1688.4590163934427,True
79,Darkblaze,Crocleather Slouch,100135.0,1750 keys,3,misc,Level 1-100 Hat,344,2026-07-22T19:06:53,3054.12,1750.0,1750.0,1750.0,cosmetic,1641.5573770491803,True
79,Darkblaze,Executioner,94413.0,1650 keys,2,misc,Level 1-100 Hat,921,2026-07-22T19:06:53,2879.6,1650.0,1650.0,1650.0,cosmetic,1547.7540983606557,True
79,Darkblaze,Whoopee Cap,94413.0,1650 keys,4,misc,Level 1-100 Hat,174,2026-07-22T19:06:53,2879.6,1650.0,1650.0,1650.0,cosmetic,1547.7540983606557,True
79,Darkblaze,Galvanized Gibus,92982.5,1450–1800 keys,4,misc,Level 1-100 Hat,30003,2026-07-22T19:06:53,2835.97,1450.0,1800.0,1625.0,cosmetic,1524.3032786885246,True
79,Darkblaze,Bear Necessities,91552.0,1600 keys,4,misc,Level 1-100 Spirit Animal,30122,2026-07-22T19:06:53,2792.34,1600.0,1600.0,1600.0,cosmetic,1500.8524590163934,True
79,Darkblaze,Full Metal Drill Hat,91552.0,1600 keys,1,misc,Level 1-100 Hat,30026,2026-07-22T19:06:53,2792.34,1600.0,1600.0,1600.0,cosmetic,1500.8524590163934,True
79,Darkblaze,Hound Dog,91552.0,1600 keys,1,misc,Level 1-100 Hair,145,2026-07-22T19:06:53,2792.34,1600.0,1600.0,1600.0,cosmetic,1500.8524590163934,True
79,Darkblaze,Noble Amassment of Hats,91552.0,1600 keys,2,misc,Level 1-100 Hat,137,2026-07-22T19:06:53,2792.34,1600.0,1600.0,1600.0,cosmetic,1500.8524590163934,True
79,Darkblaze,Surgeon's Stahlhelm,90121.5,1575 keys,1,misc,Level 10 Helmet,616,2026-07-22T19:06:53,2748.71,1575.0,1575.0,1575.0,cosmetic,1477.4016393442623,True
79,Darkblaze,Hard Counter,88691.0,1550 keys,2,misc,Level 1-100 Hat,254,2026-07-22T19:06:53,2705.08,1550.0,1550.0,1550.0,cosmetic,1453.950819672131,True
79,Darkblaze,Grenadier's Softcap,85830.0,1500 keys,2,misc,Level 1-100 Hat,227,2026-07-22T19:06:53,2617.82,1500.0,1500.0,1500.0,cosmetic,1407.049180327869,True
79,Darkblaze,Officer's Ushanka,85830.0,1500 keys,2,misc,Level 1-100 Hat,96,2026-07-22T19:06:53,2617.82,1500.0,1500.0,1500.0,cosmetic,1407.049180327869,True
79,Darkblaze,Razor Cut,85830.0,1500 keys,1,misc,Level 1-100 Hat,30393,2026-07-22T19:06:53,2617.82,1500.0,1500.0,1500.0,cosmetic,1407.049180327869,True
79,Darkblaze,Attendant,82969.0,1450 keys,1,misc,Level 1-100 Hat,213,2026-07-22T19:06:53,2530.55,1450.0,1450.0,1450.0,cosmetic,1360.1475409836066,True
79,Darkblaze,Hermes,80108.0,1400 keys,4,misc,Level 10 Hat,633,2026-07-22T19:06:53,2443.29,1400.0,1400.0,1400.0,cosmetic,1313.2459016393443,True
79,Darkblaze,Fruit Shoot,79535.8,1390 keys,2,misc,Level 1-100 Hat,759,2026-07-22T19:06:53,2425.84,1390.0,1390.0,1390.0,cosmetic,1303.865573770492,True
79,Darkblaze,Cloud Crasher,77247.0,1350 keys,3,misc,Level 1-100 Helmet,30071,2026-07-22T19:06:53,2356.03,1350.0,1350.0,1350.0,cosmetic,1266.344262295082,True
79,Darkblaze,One-Man Army,71525.0,1250 keys,2,misc,Level 10 Hair,601,2026-07-22T19:06:53,2181.51,1250.0,1250.0,1250.0,cosmetic,1172.5409836065573,True
79,Darkblaze,Professor's Peculiarity,71525.0,1250 keys,5,misc,Level 1-100 Hair,384,2026-07-22T19:06:53,2181.51,1250.0,1250.0,1250.0,cosmetic,1172.5409836065573,True
79,Darkblaze,Backwards Ballcap,68664.0,1200 keys,3,misc,Level 10 Hat,617,2026-07-22T19:06:53,2094.25,1200.0,1200.0,1200.0,cosmetic,1125.639344262295,True
79,Darkblaze,Cyborg Stunt Helmet,68664.0,1200 keys,1,misc,Level 1-100 Helmet,30024,2026-07-22T19:06:53,2094.25,1200.0,1200.0,1200.0,cosmetic,1125.639344262295,True
79,Darkblaze,Das Naggenvatcher,68664.0,1200 keys,5,misc,Level 1-100 Hat,30109,2026-07-22T19:06:53,2094.25,1200.0,1200.0,1200.0,cosmetic,1125.639344262295,True
79,Darkblaze,Helmet without a Home,68664.0,1200 keys,2,misc,Level 1-100 Helmet,732,2026-07-22T19:06:53,2094.25,1200.0,1200.0,1200.0,cosmetic,1125.639344262295,True
79,Darkblaze,Prince Tavish's Crown,68664.0,1200 keys,3,misc,Level 1-100 Hat,342,2026-07-22T19:06:53,2094.25,1200.0,1200.0,1200.0,cosmetic,1125.639344262295,True
79,Darkblaze,Vintage Tyrolean,68377.9,1195 keys,1,misc,Level 1-100 Hat,101,2026-07-22T19:06:53,2085.53,1195.0,1195.0,1195.0,cosmetic,1120.9491803278688,True
79,Darkblaze,Caribbean Conqueror,63571.42,1111 keys,1,misc,Level 1-100 Hat,30116,2026-07-22T19:06:53,1938.93,1111.0,1111.0,1111.0,cosmetic,1042.154426229508,True
79,Darkblaze,Buccaneer's Bicorne,62942.0,1100 keys,1,misc,Level 10 Hat,607,2026-07-22T19:06:53,1919.73,1100.0,1100.0,1100.0,cosmetic,1031.8360655737704,True
79,Darkblaze,Milkman,62942.0,1100 keys,1,misc,Level 1-100 Hat,219,2026-07-22T19:06:53,1919.73,1100.0,1100.0,1100.0,cosmetic,1031.8360655737704,True
79,Darkblaze,Soldier's Slope Scopers,62942.0,1100 keys,1,misc,Level 1-100 Hat,980,2026-07-22T19:06:53,1919.73,1100.0,1100.0,1100.0,cosmetic,1031.8360655737704,True
79,Darkblaze,Frenchman's Beret,60081.0,1000–1100 keys,2,misc,Level 1-100 Hat,180,2026-07-22T19:06:53,1832.47,1000.0,1100.0,1050.0,cosmetic,984.9344262295082,True
79,Darkblaze,Anger,57220.0,1000 keys,2,misc,Level 10 Hood,518,2026-07-22T19:06:53,1745.21,1000.0,1000.0,1000.0,cosmetic,938.0327868852459,True
79,Darkblaze,Bonk Leadwear,57220.0,1000 keys,2,misc,Level 1-100 Helmet,30030,2026-07-22T19:06:53,1745.21,1000.0,1000.0,1000.0,cosmetic,938.0327868852459,True
79,Darkblaze,Doctor's Sack,57220.0,1000 keys,2,misc,Level 1-100 Hat,398,2026-07-22T19:06:53,1745.21,1000.0,1000.0,1000.0,cosmetic,938.0327868852459,True
79,Darkblaze,Larrikin Robin,57220.0,1000 keys,6,misc,Level 1-100 Hat,314,2026-07-22T19:06:53,1745.21,1000.0,1000.0,1000.0,cosmetic,938.0327868852459,True
79,Darkblaze,Pom-Pommed Provocateur,56361.7,985 keys,3,misc,Level 1-100 Mask,30072,2026-07-22T19:06:53,1719.03,985.0,985.0,985.0,cosmetic,923.9622950819671,True
79,Darkblaze,Bot Dogger,56075.6,980 keys,3,misc,Level 1-100 Hat,30018,2026-07-22T19:06:53,1710.31,980.0,980.0,980.0,cosmetic,919.2721311475409,True
79,Darkblaze,Hive Minder,55503.4,970 keys,2,misc,Level 1-100 Hat,30093,2026-07-22T19:06:53,1692.85,970.0,970.0,970.0,cosmetic,909.8918032786886,True
79,Darkblaze,Ol' Geezer,54359.0,950 keys,4,misc,Level 1-100 Hat,399,2026-07-22T19:06:53,1657.95,950.0,950.0,950.0,cosmetic,891.1311475409836,True
79,Darkblaze,Potassium Bonnet,54359.0,950 keys,1,misc,Level 1-100 Hat,30643,2026-07-22T19:06:53,1657.95,950.0,950.0,950.0,cosmetic,891.1311475409836,True
79,Darkblaze,Janissary Ketche,52356.3,915 keys,4,misc,Level 1-100 Hat,437,2026-07-22T19:06:53,1596.87,915.0,915.0,915.0,cosmetic,858.3000000000001,True
79,Darkblaze,Bombing Run,51498.0,900 keys,1,misc,Level 1-100 Helmet,249,2026-07-22T19:06:53,1570.69,900.0,900.0,900.0,cosmetic,844.2295081967213,True
79,Darkblaze,Familiar Fez,51498.0,750–1050 keys,2,misc,Level 1-100 Hat,223,2026-07-22T19:06:53,1570.69,750.0,1050.0,900.0,cosmetic,844.2295081967213,True
79,Darkblaze,Reggaelator,51498.0,900 keys,2,misc,Level 1-100 Hat,390,2026-07-22T19:06:53,1570.69,900.0,900.0,900.0,cosmetic,844.2295081967213,True
79,Darkblaze,Le Party Phantom,50353.6,880 keys,1,misc,Level 1-100 Mask,337,2026-07-22T19:06:53,1535.78,880.0,880.0,880.0,cosmetic,825.4688524590164,True
79,Darkblaze,Private Eye,50353.6,880 keys,1,misc,Level 1-100 Hat,388,2026-07-22T19:06:53,1535.78,880.0,880.0,880.0,cosmetic,825.4688524590164,True
79,Darkblaze,Rimmed Raincatcher,48637.0,850 keys,3,misc,Level 1-100 Hat,216,2026-07-22T19:06:53,1483.43,850.0,850.0,850.0,cosmetic,797.327868852459,True
79,Darkblaze,War Pig,48207.85,685–1000 keys,2,misc,Level 1-100 Headgear,829,2026-07-22T19:06:53,1470.34,685.0,1000.0,842.5,cosmetic,790.2926229508197,True
79,Darkblaze,Valley Forge,46634.3,815 keys,1,misc,Level 1-100 Hat,30114,2026-07-22T19:06:53,1422.35,815.0,815.0,815.0,cosmetic,764.4967213114754,True
79,Darkblaze,Burning Bandana,45776.0,800 keys,1,misc,Level 1-100 Bandana,30091,2026-07-22T19:06:53,1396.17,800.0,800.0,800.0,cosmetic,750.4262295081967,True
79,Darkblaze,Little Buddy,45776.0,700–900 keys,1,misc,Level 10 Hat,612,2026-07-22T19:06:53,1396.17,700.0,900.0,800.0,cosmetic,750.4262295081967,True
79,Darkblaze,Capo's Capper,40626.2,710 keys,4,misc,Level 1-100 Hat,427,2026-07-22T19:06:53,1239.1,710.0,710.0,710.0,cosmetic,666.0032786885246,True
79,Darkblaze,Outdoorsman,40054.0,700 keys,2,misc,Level 10 Hat,603,2026-07-22T19:06:53,1221.65,700.0,700.0,700.0,cosmetic,656.6229508196722,True
79,Darkblaze,Rebel Rouser,40054.0,500–900 keys,1,misc,Level 1-100 Hat,30120,2026-07-22T19:06:53,1221.65,500.0,900.0,700.0,cosmetic,656.6229508196722,True
79,Darkblaze,Barnstormer,38337.4,670 keys,2,misc,Level 1-100 Hat,988,2026-07-22T19:06:53,1169.29,670.0,670.0,670.0,cosmetic,628.4819672131148,True
79,Darkblaze,Scotsman's Stove Pipe,37193.0,650 keys,1,misc,Level 1-100 Hat,120,2026-07-22T19:06:53,1134.39,650.0,650.0,650.0,cosmetic,609.7213114754098,True
79,Darkblaze,Killer's Kabuto,35361.96,618 keys,2,misc,Level 1-100 Helmet,152,2026-07-22T19:06:53,1078.54,618.0,618.0,618.0,cosmetic,579.704262295082,True
79,Darkblaze,Blighted Beak,34332.0,600 keys,1,misc,Level 1-100 Mask,315,2026-07-22T19:06:53,1047.13,600.0,600.0,600.0,cosmetic,562.8196721311475,True
79,Darkblaze,Pampered Pyro,34332.0,600 keys,3,misc,Level 1-100 Towel,30139,2026-07-22T19:06:53,1047.13,600.0,600.0,600.0,cosmetic,562.8196721311475,True
79,Darkblaze,Frontier Djustice,33187.6,515–645 keys,1,misc,Level 1-100 Hat,30421,2026-07-22T19:06:53,1012.22,515.0,645.0,580.0,cosmetic,544.0590163934426,True
79,Darkblaze,Glasgow Great Helm,31471.0,550 keys,5,misc,Level 1-100 Helmet,30082,2026-07-22T19:06:53,959.87,550.0,550.0,550.0,cosmetic,515.9180327868852,True
79,Darkblaze,Hetman's Headpiece,31184.9,540–550 keys,2,misc,Level 1-100 Hat,436,2026-07-22T19:06:53,951.14,540.0,550.0,545.0,cosmetic,511.22786885245904,True
79,Darkblaze,Sober Stuntman,28610.0,500 keys,2,misc,Level 1-100 Helmet,255,2026-07-22T19:06:53,872.61,500.0,500.0,500.0,cosmetic,469.0163934426229,True
79,Darkblaze,Wraith Wrap,28610.0,500 keys,2,misc,Level 1-100 Apparel,937,2026-07-22T19:06:53,872.61,500.0,500.0,500.0,cosmetic,469.0163934426229,True
79,Darkblaze,Front Runner,28037.8,490 keys,3,misc,Level 1-100 Hat,760,2026-07-22T19:06:53,855.15,490.0,490.0,490.0,cosmetic,459.63606557377045,True
79,Darkblaze,Handyman's Handle,26893.4,470 keys,2,misc,Level 1-100 Hat,253,2026-07-22T19:06:53,820.25,470.0,470.0,470.0,cosmetic,440.8754098360656,True
79,Darkblaze,Das Maddendoktor,24604.6,430 keys,2,misc,Level 1-100 Hair,30121,2026-07-22T19:06:53,750.44,430.0,430.0,430.0,cosmetic,403.3540983606557,True
79,Darkblaze,Cosa Nostra Cap,24032.4,420 keys,2,misc,Level 1-100 Hat,459,2026-07-22T19:06:53,732.99,420.0,420.0,420.0,cosmetic,393.9737704918033,True
79,Darkblaze,Boxcar Bomber,23746.3,415 keys,1,misc,Level 1-100 Hat,30546,2026-07-22T19:06:53,724.26,415.0,415.0,415.0,cosmetic,389.283606557377,True
79,Darkblaze,Black Watch,23460.2,390–430 keys,1,misc,Level 1-100 Hat,30105,2026-07-22T19:06:53,715.54,390.0,430.0,410.0,cosmetic,384.5934426229508,True
79,Darkblaze,Charmer's Chapeau,22888.0,400 keys,2,misc,Level 1-100 Hat,397,2026-07-22T19:06:53,698.08,400.0,400.0,400.0,cosmetic,375.21311475409834,True
79,Darkblaze,Horrific Headsplitter,22888.0,390–410 keys,2,misc,Level 31 Hat,291,2026-07-22T19:06:53,698.08,390.0,410.0,400.0,cosmetic,375.21311475409834,True
79,Darkblaze,Waxy Wayfinder,22172.75,350–425 keys,5,misc,Level 1-100 Hat,753,2026-07-22T19:06:53,676.27,350.0,425.0,387.5,cosmetic,363.48770491803276,True
79,Darkblaze,Stately Steel Toe,22029.7,385 keys,3,misc,Level 1-100 Hat,481,2026-07-22T19:06:53,671.91,385.0,385.0,385.0,cosmetic,361.14262295081966,True
79,Darkblaze,Big Chief,21457.5,350–400 keys,2,misc,Level 1-100 Hat,309,2026-07-22T19:06:53,654.45,350.0,400.0,375.0,cosmetic,351.76229508196724,True
79,Darkblaze,Hong Kong Cone,20599.2,360 keys,0,misc,Level 1-100 Hat,30177,2026-07-22T19:06:53,628.28,360.0,360.0,360.0,cosmetic,337.69180327868855,True
79,Darkblaze,Honcho's Headgear,20027.0,350 keys,1,misc,Level 1-100 Hat,391,2026-07-22T19:06:53,610.82,350.0,350.0,350.0,cosmetic,328.3114754098361,True
79,Darkblaze,Ze Goggles,18882.6,330 keys,2,misc,Level 1-100 Glasses,177,2026-07-22T19:06:53,575.92,330.0,330.0,330.0,cosmetic,309.5508196721311,True
79,Darkblaze,Pugilist's Protector,17881.25,285–340 keys,2,misc,Level 1-100 Headgear,246,2026-07-22T19:06:53,545.38,285.0,340.0,312.5,cosmetic,293.13524590163934,True
79,Darkblaze,Noble Nickel Amassment of Hats,16450.75,275–300 keys,5,misc,Level 1-100 Hat,30006,2026-07-22T19:06:53,501.75,275.0,300.0,287.5,cosmetic,269.6844262295082,True
79,Darkblaze,FR-0,16307.7,285 keys,4,misc,Level 1-100 Hat,30016,2026-07-22T19:06:53,497.38,285.0,285.0,285.0,cosmetic,267.33934426229507,True
79,Darkblaze,Pardner's Pompadour,14305.0,250 keys,1,misc,Level 1-100 Hair,30099,2026-07-22T19:06:53,436.3,250.0,250.0,250.0,cosmetic,234.50819672131146,True
79,Darkblaze,Base Metal Billycock,14247.78,249 keys,2,misc,Level 1-100 Hat,30007,2026-07-22T19:06:53,434.56,249.0,249.0,249.0,cosmetic,233.57016393442623,True
79,Darkblaze,Texas Tin-Gallon,13618.36,238 keys,2,misc,Level 1-100 Hat,30044,2026-07-22T19:06:53,415.36,238.0,238.0,238.0,cosmetic,223.25180327868853,True
79,Darkblaze,Soviet Gentleman,12588.4,220 keys,2,misc,Level 1-100 Hat,821,2026-07-22T19:06:53,383.95,220.0,220.0,220.0,cosmetic,206.3672131147541,True
79,Darkblaze,Glengarry Bonnet,11444.0,200 keys,1,misc,Level 1-100 Hat,100,2026-07-22T19:06:53,349.04,200.0,200.0,200.0,cosmetic,187.60655737704917,True
79,Darkblaze,Greased Lightning,10871.8,190 keys,1,misc,Level 1-100 Hair,30078,2026-07-22T19:06:53,331.59,190.0,190.0,190.0,cosmetic,178.2262295081967,True
79,Darkblaze,Timeless Topper,8869.1,155 keys,1,misc,Level 1-100 Hat,30035,2026-07-22T19:06:53,270.51,155.0,155.0,155.0,cosmetic,145.39508196721312,True
79,Darkblaze,Geisha Boy,8583.0,150 keys,2,misc,Level 1-100 Hair,363,2026-07-22T19:06:53,261.78,150.0,150.0,150.0,cosmetic,140.70491803278688,True
79,Darkblaze,Napper's Respite,8583.0,150 keys,2,misc,Level 1-100 Hat,248,2026-07-22T19:06:53,261.78,150.0,150.0,150.0,cosmetic,140.70491803278688,True
79,Darkblaze,Old Guadalajara,8583.0,150 keys,2,misc,Level 1-100 Hat,247,2026-07-22T19:06:53,261.78,150.0,150.0,150.0,cosmetic,140.70491803278688,True
79,Darkblaze,Magnificent Mongolian,7438.6,130 keys,1,misc,Level 1-100 Hat,313,2026-07-22T19:06:53,226.88,130.0,130.0,130.0,cosmetic,121.94426229508197,True
79,Darkblaze,Bootleg Base Metal Billycock,7152.5,125 keys,2,misc,Level 1-100 Hat,30047,2026-07-22T19:06:53,218.15,125.0,125.0,125.0,cosmetic,117.25409836065573,True
79,Darkblaze,Baron von Havenaplane,7038.06,123 keys,3,misc,Level 1-100 Hat,30136,2026-07-22T19:06:53,214.66,123.0,123.0,123.0,cosmetic,115.37803278688526,True
79,Darkblaze,Master's Yellow Belt,6866.4,120 keys,1,misc,Level 1-100 Hat,110,2026-07-22T19:06:53,209.43,120.0,120.0,120.0,cosmetic,112.56393442622951,True
79,Darkblaze,Strontium Stove Pipe,6723.35,90–145 keys,2,misc,Level 1-100 Hat,30037,2026-07-22T19:06:53,205.06,90.0,145.0,117.5,cosmetic,110.2188524590164,True
79,Darkblaze,Conjurer's Cowl,6523.08,114 keys,2,misc,Level 1-100 Hood,465,2026-07-22T19:06:53,198.95,114.0,114.0,114.0,cosmetic,106.93573770491803,True
79,Darkblaze,Gridiron Guardian,6122.54,107 keys,3,misc,Level 1-100 Helmet,30013,2026-07-22T19:06:53,186.74,107.0,107.0,107.0,cosmetic,100.36950819672131,True
79,Darkblaze,Das Gutenkutteharen,5950.88,92–116 keys,1,misc,Level 1-100 Hair,30127,2026-07-22T19:06:53,181.5,92.0,116.0,104.0,cosmetic,97.55540983606558,True
79,Darkblaze,Cadaver's Cranium,5865.05,95–110 keys,2,misc,Level 31 Hat,290,2026-07-22T19:06:53,178.88,95.0,110.0,102.5,cosmetic,96.1483606557377,True
79,Darkblaze,Towering Titanium Pillar of Hats,5435.9,95 keys,3,misc,Level 1-100 Hat,30008,2026-07-22T19:06:53,165.79,95.0,95.0,95.0,cosmetic,89.11311475409835,True
79,Darkblaze,Battle Boonie,5149.8,90 keys,6,misc,Level 1-100 Hat,30907,2026-07-22T19:06:53,157.07,90.0,90.0,90.0,cosmetic,84.42295081967214,True
79,Darkblaze,Scout Shako,5149.8,90 keys,1,misc,Level 1-100 Hat,30326,2026-07-22T19:06:53,157.07,90.0,90.0,90.0,cosmetic,84.42295081967214,True
79,Darkblaze,Your Worst Nightmare,5149.8,90 keys,0,misc,Level 10 Hair,600,2026-07-22T19:06:53,157.07,90.0,90.0,90.0,cosmetic,84.42295081967214,True
79,Darkblaze,Tyrantium Helmet,5121.19,76–103 keys,3,misc,Level 1-100 Helmet,30014,2026-07-22T19:06:53,156.2,76.0,103.0,89.5,cosmetic,83.9539344262295,True
79,Darkblaze,Medic's Mountain Cap,4577.6,80 keys,1,misc,Level 1-100 Hat,381,2026-07-22T19:06:53,139.62,80.0,80.0,80.0,cosmetic,75.04262295081968,True
79,Darkblaze,Nanobalaclava,4577.6,80 keys,1,misc,Level 10 Hat,521,2026-07-22T19:06:53,139.62,80.0,80.0,80.0,cosmetic,75.04262295081968,True
79,Darkblaze,Slick Cut,4577.6,80 keys,1,misc,Level 1-100 Hair,30187,2026-07-22T19:06:53,139.62,80.0,80.0,80.0,cosmetic,75.04262295081968,True
79,Darkblaze,Tavish DeGroot Experience,4577.6,80 keys,2,misc,Level 10 Hat,604,2026-07-22T19:06:53,139.62,80.0,80.0,80.0,cosmetic,75.04262295081968,True
79,Darkblaze,Bunsen Brave,4405.94,77 keys,1,misc,Level 1-100 Hat,30054,2026-07-22T19:06:53,134.38,77.0,77.0,77.0,cosmetic,72.22852459016393,True
79,Darkblaze,Human Cannonball,4405.94,68–86 keys,1,misc,Level 1-100 Helmet,817,2026-07-22T19:06:53,134.38,68.0,86.0,77.0,cosmetic,72.22852459016393,True
79,Darkblaze,Defiant Spartan,4291.5,75 keys,1,misc,Level 1-100 Helmet,340,2026-07-22T19:06:53,130.89,75.0,75.0,75.0,cosmetic,70.35245901639344,True
79,Darkblaze,Dragonborn Helmet,4291.5,70–80 keys,2,misc,Level 10 Helmet,517,2026-07-22T19:06:53,130.89,70.0,80.0,75.0,cosmetic,70.35245901639344,True
79,Darkblaze,Ye Olde Baker Boy,4205.67,62–85 keys,1,misc,Level 1-100 Hat,107,2026-07-22T19:06:53,128.27,62.0,85.0,73.5,cosmetic,68.94540983606558,True
79,Darkblaze,Runner's Warm-Up,3719.3,65 keys,1,misc,Level 1-100 Hat,30332,2026-07-22T19:06:53,113.44,65.0,65.0,65.0,cosmetic,60.972131147540985,True
79,Darkblaze,Steel Shako,3547.64,62 keys,2,misc,Level 1-100 Hat,30017,2026-07-22T19:06:53,108.2,62.0,62.0,62.0,cosmetic,58.158032786885244,True
79,Darkblaze,Tough Guy's Toque,3433.2,60 keys,1,misc,Level 1-100 Hat,97,2026-07-22T19:06:53,104.71,60.0,60.0,60.0,cosmetic,56.281967213114754,True
79,Darkblaze,Tungsten Toque,3433.2,60 keys,1,misc,Level 1-100 Hat,30049,2026-07-22T19:06:53,104.71,60.0,60.0,60.0,cosmetic,56.281967213114754,True
79,Darkblaze,Shooter's Sola Topi,2861.0,50 keys,2,misc,Level 1-100 Helmet,158,2026-07-22T19:06:53,87.26,50.0,50.0,50.0,cosmetic,46.90163934426229,True
79,Darkblaze,Madame Dixie,2746.56,48 keys,2,misc,Level 1-100 Hat,321,2026-07-22T19:06:53,83.77,48.0,48.0,48.0,cosmetic,45.0255737704918,True
79,Darkblaze,Buckaroo's Hat,2460.46,42–44 keys,3,misc,Level 1-100 Hat,322,2026-07-22T19:06:53,75.04,42.0,44.0,43.0,cosmetic,40.33540983606557,True
79,Darkblaze,Coupe D'isaster,2288.8,40 keys,1,misc,Level 1-100 Hair,330,2026-07-22T19:06:53,69.81,40.0,40.0,40.0,cosmetic,37.52131147540984,True
79,Darkblaze,Hot Dogger,2231.58,31–47 keys,2,misc,Level 10 Hat,614,2026-07-22T19:06:53,68.06,31.0,47.0,39.0,cosmetic,36.58327868852459,True
79,Darkblaze,Tippler's Tricorne,2202.97,37–40 keys,1,misc,Level 1-100 Hat,179,2026-07-22T19:06:53,67.19,37.0,40.0,38.5,cosmetic,36.114262295081964,True
79,Darkblaze,Prancer's Pride,2002.7,35 keys,1,misc,Level 1-100 Hat,318,2026-07-22T19:06:53,61.08,35.0,35.0,35.0,cosmetic,32.83114754098361,True
79,Darkblaze,Plumber's Pipe,1974.09,31–38 keys,1,misc,Level 1-100 Hat,30022,2026-07-22T19:06:53,60.21,31.0,38.0,34.5,cosmetic,32.362131147540985,True
79,Darkblaze,Pyro's Boron Beanie,1716.6,30 keys,1,misc,Level 1-100 Hat,30040,2026-07-22T19:06:53,52.36,30.0,30.0,30.0,cosmetic,28.140983606557377,True
79,Darkblaze,Sultan's Ceremonial,1659.38,28–30 keys,1,misc,Level 1-100 Hat,403,2026-07-22T19:06:53,50.61,28.0,30.0,29.0,cosmetic,27.202950819672132,True
79,Darkblaze,Ye Oiled Baker Boy,1430.5,25 keys,1,misc,Level 1-100 Hat,30019,2026-07-22T19:06:53,43.63,25.0,25.0,25.0,cosmetic,23.450819672131146,True
79,Darkblaze,Data Mining Light,1201.62,21 keys,1,misc,Level 1-100 Helmet,30051,2026-07-22T19:06:53,36.65,21.0,21.0,21.0,cosmetic,19.69868852459016,True
79,Darkblaze,A Head Full of Hot Air,,,1,misc,Level 1-100 Hat,30662,2026-07-22T19:06:53,,,,,cosmetic,,False
79,Darkblaze,Rotation Sensation,,,2,misc,Level 1-100 Hat,30623,2026-07-22T19:06:53,,,,,cosmetic,,False
81,Bonzo the All-Gnawing,Rotation Sensation,869744.0,15200 keys,0,misc,Level 1-100 Hat,30623,2026-07-22T19:06:53,26527.19,15200.0,15200.0,15200.0,cosmetic,14258.098360655738,True
81,Bonzo the All-Gnawing,Team Captain,578436.98,10109 keys,3,misc,Level 1-100 Hat,378,2026-07-22T19:06:53,17642.33,10109.0,10109.0,10109.0,cosmetic,9482.57344262295,True
81,Bonzo the All-Gnawing,Killer's Kabuto,543590.0,9500 keys,2,misc,Level 1-100 Helmet,152,2026-07-22T19:06:53,16579.49,9500.0,9500.0,9500.0,cosmetic,8911.311475409837,True
81,Bonzo the All-Gnawing,Prehistoric Pullover,334737.0,5850 keys,2,misc,Level 1-100 Hood,30704,2026-07-22T19:06:53,10209.48,5850.0,5850.0,5850.0,cosmetic,5487.491803278688,True
81,Bonzo the All-Gnawing,Fed-Fightin' Fedora,317571.0,5550 keys,1,misc,Level 1-100 Hat,780,2026-07-22T19:06:53,9685.92,5550.0,5550.0,5550.0,cosmetic,5206.081967213115,True
81,Bonzo the All-Gnawing,Neckwear Headwear,307557.5,5375 keys,1,misc,Level 1-100 Hat,30307,2026-07-22T19:06:53,9380.5,5375.0,5375.0,5375.0,cosmetic,5041.926229508197,True
81,Bonzo the All-Gnawing,Brainiac Hairpiece,286100.0,5000 keys,2,misc,Level 1-100 Facial Hair,590,2026-07-22T19:06:53,8726.05,5000.0,5000.0,5000.0,cosmetic,4690.163934426229,True
81,Bonzo the All-Gnawing,Pithy Professional,286100.0,5000 keys,2,misc,Level 1-100 Hat,30915,2026-07-22T19:06:53,8726.05,5000.0,5000.0,5000.0,cosmetic,4690.163934426229,True
81,Bonzo the All-Gnawing,Galvanized Gibus,268934.0,4700 keys,1,misc,Level 1-100 Hat,30003,2026-07-22T19:06:53,8202.49,4700.0,4700.0,4700.0,cosmetic,4408.754098360656,True
81,Bonzo the All-Gnawing,Brotherhood of Arms,266073.0,4650 keys,1,misc,Level 1-100 Hat,30066,2026-07-22T19:06:53,8115.23,4650.0,4650.0,4650.0,cosmetic,4361.852459016393,True
81,Bonzo the All-Gnawing,Dr's Dapper Topper,261781.5,4575 keys,2,misc,Level 1-100 Hat,252,2026-07-22T19:06:53,7984.34,4575.0,4575.0,4575.0,cosmetic,4291.5,True
81,Bonzo the All-Gnawing,Pencil Pusher,257490.0,4500 keys,2,misc,Level 10 Hair,605,2026-07-22T19:06:53,7853.44,4500.0,4500.0,4500.0,cosmetic,4221.147540983607,True
81,Bonzo the All-Gnawing,Duck Billed Hatypus,240324.0,4200 keys,1,misc,Level 1-100 Hat,30700,2026-07-22T19:06:53,7329.88,4200.0,4200.0,4200.0,cosmetic,3939.7377049180327,True
81,Bonzo the All-Gnawing,Hunter in Darkness,228880.0,4000 keys,3,misc,Level 1-100 Hat,30877,2026-07-22T19:06:53,6980.84,4000.0,4000.0,4000.0,cosmetic,3752.1311475409834,True
81,Bonzo the All-Gnawing,Sergeant's Drill Hat,228880.0,4000 keys,1,misc,Level 1-100 Hat,183,2026-07-22T19:06:53,6980.84,4000.0,4000.0,4000.0,cosmetic,3752.1311475409834,True
81,Bonzo the All-Gnawing,Troublemaker's Tossle Cap,220297.0,3500–4200 keys,1,misc,Level 1-100 Hat,150,2026-07-22T19:06:53,6719.06,3500.0,4200.0,3850.0,cosmetic,3611.4262295081967,True
81,Bonzo the All-Gnawing,Polar Pullover,203131.0,3550 keys,1,misc,Level 1-100 Hat,30329,2026-07-22T19:06:53,6195.5,3550.0,3550.0,3550.0,cosmetic,3330.0163934426228,True
81,Bonzo the All-Gnawing,Wraith Wrap,193117.5,3375 keys,3,misc,Level 1-100 Apparel,937,2026-07-22T19:06:53,5890.08,3375.0,3375.0,3375.0,cosmetic,3165.8606557377047,True
81,Bonzo the All-Gnawing,Merc's Mohawk,181959.6,3180 keys,1,misc,Level 1-100 Hair,30413,2026-07-22T19:06:53,5549.77,3180.0,3180.0,3180.0,cosmetic,2982.944262295082,True
81,Bonzo the All-Gnawing,Reggaelator,180243.0,3150 keys,2,misc,Level 1-100 Hat,390,2026-07-22T19:06:53,5497.41,3150.0,3150.0,3150.0,cosmetic,2954.8032786885246,True
81,Bonzo the All-Gnawing,Blighted Beak,165938.0,2900 keys,2,misc,Level 1-100 Mask,315,2026-07-22T19:06:53,5061.11,2900.0,2900.0,2900.0,cosmetic,2720.2950819672133,True
81,Bonzo the All-Gnawing,Your Worst Nightmare,160216.0,2800 keys,1,misc,Level 10 Hair,600,2026-07-22T19:06:53,4886.59,2800.0,2800.0,2800.0,cosmetic,2626.4918032786886,True
81,Bonzo the All-Gnawing,Danger,157355.0,2750 keys,1,misc,Level 1-100 Apparel,30420,2026-07-22T19:06:53,4799.33,2750.0,2750.0,2750.0,cosmetic,2579.590163934426,True
81,Bonzo the All-Gnawing,Horrific Headsplitter,151633.0,2650 keys,1,misc,Level 31 Hat,291,2026-07-22T19:06:53,4624.81,2650.0,2650.0,2650.0,cosmetic,2485.7868852459014,True
81,Bonzo the All-Gnawing,Kiss King,143050.0,2500 keys,3,misc,Level 1-100 Hat,30313,2026-07-22T19:06:53,4363.02,2500.0,2500.0,2500.0,cosmetic,2345.0819672131147,True
81,Bonzo the All-Gnawing,Stainless Pot,143050.0,2500 keys,4,misc,Level 1-100 Hat,98,2026-07-22T19:06:53,4363.02,2500.0,2500.0,2500.0,cosmetic,2345.0819672131147,True
81,Bonzo the All-Gnawing,Field Practice,136183.6,2380 keys,0,misc,Level 1-100 Headgear,30862,2026-07-22T19:06:53,4153.6,2380.0,2380.0,2380.0,cosmetic,2232.518032786885,True
81,Bonzo the All-Gnawing,Whoopee Cap,135039.2,2100–2620 keys,3,misc,Level 1-100 Hat,174,2026-07-22T19:06:53,4118.7,2100.0,2620.0,2360.0,cosmetic,2213.7573770491804,True
81,Bonzo the All-Gnawing,Defiant Spartan,133894.8,2340 keys,1,misc,Level 1-100 Helmet,340,2026-07-22T19:06:53,4083.79,2340.0,2340.0,2340.0,cosmetic,2194.996721311475,True
81,Bonzo the All-Gnawing,Executioner,131606.0,1850–2750 keys,1,misc,Level 1-100 Hat,921,2026-07-22T19:06:53,4013.98,1850.0,2750.0,2300.0,cosmetic,2157.4754098360654,True
81,Bonzo the All-Gnawing,Liquidator's Lid,128029.75,2175–2300 keys,1,misc,Level 1-100 Hat,779,2026-07-22T19:06:53,3904.91,2175.0,2300.0,2237.5,cosmetic,2098.848360655738,True
81,Bonzo the All-Gnawing,Fruit Shoot,126456.2,2120–2300 keys,1,misc,Level 1-100 Hat,759,2026-07-22T19:06:53,3856.91,2120.0,2300.0,2210.0,cosmetic,2073.052459016393,True
81,Bonzo the All-Gnawing,Buckaroo's Hat,120162.0,2100 keys,2,misc,Level 1-100 Hat,322,2026-07-22T19:06:53,3664.94,2100.0,2100.0,2100.0,cosmetic,1969.8688524590164,True
81,Bonzo the All-Gnawing,Chieftain's Challenge,120162.0,2100 keys,1,misc,Level 1-100 Hat,250,2026-07-22T19:06:53,3664.94,2100.0,2100.0,2100.0,cosmetic,1969.8688524590164,True
81,Bonzo the All-Gnawing,Dread Hiding Hood,120162.0,2100 keys,3,misc,Level 1-100 Hood,1095,2026-07-22T19:06:53,3664.94,2100.0,2100.0,2100.0,cosmetic,1969.8688524590164,True
81,Bonzo the All-Gnawing,Flamboyant Flamenco,120162.0,2100 keys,2,misc,Level 10 Hat,627,2026-07-22T19:06:53,3664.94,2100.0,2100.0,2100.0,cosmetic,1969.8688524590164,True
81,Bonzo the All-Gnawing,Honcho's Headgear,120162.0,2100 keys,2,misc,Level 1-100 Hat,391,2026-07-22T19:06:53,3664.94,2100.0,2100.0,2100.0,cosmetic,1969.8688524590164,True
81,Bonzo the All-Gnawing,Slo-Poke,120162.0,2100 keys,1,misc,Level 1-100 Hat,30314,2026-07-22T19:06:53,3664.94,2100.0,2100.0,2100.0,cosmetic,1969.8688524590164,True
81,Bonzo the All-Gnawing,Vintage Merryweather,120162.0,2100 keys,1,misc,Level 1-100 Helmet,182,2026-07-22T19:06:53,3664.94,2100.0,2100.0,2100.0,cosmetic,1969.8688524590164,True
81,Bonzo the All-Gnawing,Détective Noir,119017.6,2080 keys,1,misc,Level 1-100 Hat,319,2026-07-22T19:06:53,3630.04,2080.0,2080.0,2080.0,cosmetic,1951.1081967213115,True
81,Bonzo the All-Gnawing,Buccaneer's Bicorne,117301.0,2050 keys,2,misc,Level 10 Hat,607,2026-07-22T19:06:53,3577.68,2050.0,2050.0,2050.0,cosmetic,1922.967213114754,True
81,Bonzo the All-Gnawing,Das Übersternmann,114440.0,2000 keys,3,misc,Level 1-100 Hat,30097,2026-07-22T19:06:53,3490.42,2000.0,2000.0,2000.0,cosmetic,1876.0655737704917,True
81,Bonzo the All-Gnawing,Harmburg,114440.0,2000 keys,2,misc,Level 1-100 Hat,30123,2026-07-22T19:06:53,3490.42,2000.0,2000.0,2000.0,cosmetic,1876.0655737704917,True
81,Bonzo the All-Gnawing,Helmet without a Home,114440.0,2000 keys,1,misc,Level 1-100 Helmet,732,2026-07-22T19:06:53,3490.42,2000.0,2000.0,2000.0,cosmetic,1876.0655737704917,True
81,Bonzo the All-Gnawing,Safe'n'Sound,114440.0,2000 keys,2,misc,Level 1-100 Hat,178,2026-07-22T19:06:53,3490.42,2000.0,2000.0,2000.0,cosmetic,1876.0655737704917,True
81,Bonzo the All-Gnawing,Front Runner,112151.2,1520–2400 keys,2,misc,Level 1-100 Hat,760,2026-07-22T19:06:53,3420.61,1520.0,2400.0,1960.0,cosmetic,1838.5442622950818,True
81,Bonzo the All-Gnawing,Head Warmer,108718.0,1900 keys,1,misc,Level 1-100 Hat,644,2026-07-22T19:06:53,3315.9,1900.0,1900.0,1900.0,cosmetic,1782.2622950819673,True
81,Bonzo the All-Gnawing,Greased Lightning,107859.7,1885 keys,2,misc,Level 1-100 Hair,30078,2026-07-22T19:06:53,3289.72,1885.0,1885.0,1885.0,cosmetic,1768.1918032786884,True
81,Bonzo the All-Gnawing,Western Wear,100135.0,1750 keys,1,misc,Level 1-100 Hat,379,2026-07-22T19:06:53,3054.12,1750.0,1750.0,1750.0,cosmetic,1641.5573770491803,True
81,Bonzo the All-Gnawing,Allbrero,97274.0,1700 keys,1,misc,Level 1-100 Hat,30429,2026-07-22T19:06:53,2966.86,1700.0,1700.0,1700.0,cosmetic,1594.655737704918,True
81,Bonzo the All-Gnawing,Tyrantium Helmet,97274.0,1700 keys,2,misc,Level 1-100 Helmet,30014,2026-07-22T19:06:53,2966.86,1700.0,1700.0,1700.0,cosmetic,1594.655737704918,True
81,Bonzo the All-Gnawing,Caribbean Conqueror,94413.0,1650 keys,1,misc,Level 1-100 Hat,30116,2026-07-22T19:06:53,2879.6,1650.0,1650.0,1650.0,cosmetic,1547.7540983606557,True
81,Bonzo the All-Gnawing,Big Country,91552.0,1600 keys,1,misc,Level 1-100 Hair,382,2026-07-22T19:06:53,2792.34,1600.0,1600.0,1600.0,cosmetic,1500.8524590163934,True
81,Bonzo the All-Gnawing,Conquistador,91552.0,1600 keys,2,misc,Level 1-100 Helmet,721,2026-07-22T19:06:53,2792.34,1600.0,1600.0,1600.0,cosmetic,1500.8524590163934,True
81,Bonzo the All-Gnawing,Pomade Prince,91552.0,1600 keys,3,misc,Level 1-100 Hair,30428,2026-07-22T19:06:53,2792.34,1600.0,1600.0,1600.0,cosmetic,1500.8524590163934,True
81,Bonzo the All-Gnawing,Burning Bandana,85830.0,1500 keys,3,misc,Level 1-100 Bandana,30091,2026-07-22T19:06:53,2617.82,1500.0,1500.0,1500.0,cosmetic,1407.049180327869,True
81,Bonzo the All-Gnawing,Familiar Fez,85830.0,1500 keys,1,misc,Level 1-100 Hat,223,2026-07-22T19:06:53,2617.82,1500.0,1500.0,1500.0,cosmetic,1407.049180327869,True
81,Bonzo the All-Gnawing,Platinum Pickelhaube,85830.0,1500 keys,1,misc,Level 1-100 Helmet,30042,2026-07-22T19:06:53,2617.82,1500.0,1500.0,1500.0,cosmetic,1407.049180327869,True
81,Bonzo the All-Gnawing,Triboniophorus Tyrannus,85830.0,1500 keys,4,misc,Level 1-100 Mascot,151,2026-07-22T19:06:53,2617.82,1500.0,1500.0,1500.0,cosmetic,1407.049180327869,True
81,Bonzo the All-Gnawing,Armored Authority,85772.78,1499 keys,2,misc,Level 1-100 Helmet,445,2026-07-22T19:06:53,2616.07,1499.0,1499.0,1499.0,cosmetic,1406.1111475409837,True
81,Bonzo the All-Gnawing,Data Mining Light,80108.0,1400 keys,2,misc,Level 1-100 Helmet,30051,2026-07-22T19:06:53,2443.29,1400.0,1400.0,1400.0,cosmetic,1313.2459016393443,True
81,Bonzo the All-Gnawing,Glasgow Great Helm,80108.0,1400 keys,3,misc,Level 1-100 Helmet,30082,2026-07-22T19:06:53,2443.29,1400.0,1400.0,1400.0,cosmetic,1313.2459016393443,True
81,Bonzo the All-Gnawing,Sober Stuntman,77819.2,1360 keys,2,misc,Level 1-100 Helmet,255,2026-07-22T19:06:53,2373.49,1360.0,1360.0,1360.0,cosmetic,1275.7245901639344,True
81,Bonzo the All-Gnawing,Pampered Pyro,76102.6,1230–1430 keys,3,misc,Level 1-100 Towel,30139,2026-07-22T19:06:53,2321.13,1230.0,1430.0,1330.0,cosmetic,1247.5836065573772,True
81,Bonzo the All-Gnawing,Engineer's Cap,74386.0,1300 keys,4,misc,Level 1-100 Hat,95,2026-07-22T19:06:53,2268.77,1300.0,1300.0,1300.0,cosmetic,1219.4426229508197,True
81,Bonzo the All-Gnawing,Halogen Head Lamp,74386.0,1300 keys,1,misc,Level 1-100 Hat,30041,2026-07-22T19:06:53,2268.77,1300.0,1300.0,1300.0,cosmetic,1219.4426229508197,True
81,Bonzo the All-Gnawing,Heavy Duty Rag,74386.0,1300 keys,4,misc,Level 1-100 Bandana,185,2026-07-22T19:06:53,2268.77,1300.0,1300.0,1300.0,cosmetic,1219.4426229508197,True
81,Bonzo the All-Gnawing,Magnificent Mongolian,74386.0,1300 keys,1,misc,Level 1-100 Hat,313,2026-07-22T19:06:53,2268.77,1300.0,1300.0,1300.0,cosmetic,1219.4426229508197,True
81,Bonzo the All-Gnawing,Slick Cut,74386.0,1300 keys,2,misc,Level 1-100 Hair,30187,2026-07-22T19:06:53,2268.77,1300.0,1300.0,1300.0,cosmetic,1219.4426229508197,True
81,Bonzo the All-Gnawing,Virtual Viewfinder,74386.0,1300 keys,1,misc,Level 1-100 Headset,30140,2026-07-22T19:06:53,2268.77,1300.0,1300.0,1300.0,cosmetic,1219.4426229508197,True
81,Bonzo the All-Gnawing,Attendant,68664.0,900–1500 keys,3,misc,Level 1-100 Hat,213,2026-07-22T19:06:53,2094.25,900.0,1500.0,1200.0,cosmetic,1125.639344262295,True
81,Bonzo the All-Gnawing,Battle Boonie,68664.0,1200 keys,2,misc,Level 1-100 Hat,30907,2026-07-22T19:06:53,2094.25,1200.0,1200.0,1200.0,cosmetic,1125.639344262295,True
81,Bonzo the All-Gnawing,Copper's Hard Top,68664.0,1200 keys,3,misc,Level 1-100 Helmet,478,2026-07-22T19:06:53,2094.25,1200.0,1200.0,1200.0,cosmetic,1125.639344262295,True
81,Bonzo the All-Gnawing,Elf Esteem,68664.0,1200 keys,0,misc,Level 1-100 Hat,30836,2026-07-22T19:06:53,2094.25,1200.0,1200.0,1200.0,cosmetic,1125.639344262295,True
81,Bonzo the All-Gnawing,Geisha Boy,68664.0,1200 keys,1,misc,Level 1-100 Hair,363,2026-07-22T19:06:53,2094.25,1200.0,1200.0,1200.0,cosmetic,1125.639344262295,True
81,Bonzo the All-Gnawing,Scotch Bonnet,67805.7,1185 keys,1,misc,Level 1-100 Headgear,306,2026-07-22T19:06:53,2068.07,1185.0,1185.0,1185.0,cosmetic,1111.5688524590164,True
81,Bonzo the All-Gnawing,Gridiron Guardian,62942.0,1100 keys,1,misc,Level 1-100 Helmet,30013,2026-07-22T19:06:53,1919.73,1100.0,1100.0,1100.0,cosmetic,1031.8360655737704,True
81,Bonzo the All-Gnawing,Industrial Festivizer,62942.0,1100 keys,1,misc,Level 1-100 Hat,338,2026-07-22T19:06:53,1919.73,1100.0,1100.0,1100.0,cosmetic,1031.8360655737704,True
81,Bonzo the All-Gnawing,Otolaryngologist's Mirror,62942.0,1100 keys,2,misc,Level 1-100 Hat,104,2026-07-22T19:06:53,1919.73,1100.0,1100.0,1100.0,cosmetic,1031.8360655737704,True
81,Bonzo the All-Gnawing,Outta Sight,62942.0,1100 keys,1,misc,Level 1-100 Hat,30628,2026-07-22T19:06:53,1919.73,1100.0,1100.0,1100.0,cosmetic,1031.8360655737704,True
81,Bonzo the All-Gnawing,Hetman's Headpiece,61854.82,1081 keys,4,misc,Level 1-100 Hat,436,2026-07-22T19:06:53,1886.57,1081.0,1081.0,1081.0,cosmetic,1014.0134426229508,True
81,Bonzo the All-Gnawing,Big Chief,60081.0,1050 keys,3,misc,Level 1-100 Hat,309,2026-07-22T19:06:53,1832.47,1050.0,1050.0,1050.0,cosmetic,984.9344262295082,True
81,Bonzo the All-Gnawing,Connoisseur's Cap,60081.0,1050 keys,2,misc,Level 1-100 Hat,394,2026-07-22T19:06:53,1832.47,1050.0,1050.0,1050.0,cosmetic,984.9344262295082,True
81,Bonzo the All-Gnawing,Nanobalaclava,57220.0,1000 keys,2,misc,Level 10 Hat,521,2026-07-22T19:06:53,1745.21,1000.0,1000.0,1000.0,cosmetic,938.0327868852459,True
81,Bonzo the All-Gnawing,Respectless Robo-Glove,57220.0,1000 keys,1,misc,Level 1-100 Hat,30039,2026-07-22T19:06:53,1745.21,1000.0,1000.0,1000.0,cosmetic,938.0327868852459,True
81,Bonzo the All-Gnawing,Salty Dog,57220.0,1000 keys,2,misc,Level 10 Hat,611,2026-07-22T19:06:53,1745.21,1000.0,1000.0,1000.0,cosmetic,938.0327868852459,True
81,Bonzo the All-Gnawing,Das Naggenvatcher,56876.68,994 keys,1,misc,Level 1-100 Hat,30109,2026-07-22T19:06:53,1734.74,994.0,994.0,994.0,cosmetic,932.4045901639345,True
81,Bonzo the All-Gnawing,Electric Escorter,54015.68,944 keys,1,misc,Level 1-100 Hat,30025,2026-07-22T19:06:53,1647.48,944.0,944.0,944.0,cosmetic,885.5029508196722,True
81,Bonzo the All-Gnawing,Hat of Cards,48637.0,850 keys,2,misc,Level 1-100 Hat,825,2026-07-22T19:06:53,1483.43,850.0,850.0,850.0,cosmetic,797.327868852459,True
81,Bonzo the All-Gnawing,Sammy Cap,48637.0,850 keys,1,misc,Level 1-100 Hat,30374,2026-07-22T19:06:53,1483.43,850.0,850.0,850.0,cosmetic,797.327868852459,True
81,Bonzo the All-Gnawing,Toy Tailor,48637.0,850 keys,3,misc,Level 1-100 Hat,30327,2026-07-22T19:06:53,1483.43,850.0,850.0,850.0,cosmetic,797.327868852459,True
81,Bonzo the All-Gnawing,Federal Casemaker,45776.0,800 keys,1,misc,Level 1-100 Hat,30119,2026-07-22T19:06:53,1396.17,800.0,800.0,800.0,cosmetic,750.4262295081967,True
81,Bonzo the All-Gnawing,Pure Tin Capotain,42342.8,740 keys,1,misc,Level 1-100 Hat,30021,2026-07-22T19:06:53,1291.46,740.0,740.0,740.0,cosmetic,694.1442622950821,True
81,Bonzo the All-Gnawing,Das Maddendoktor,40054.0,700 keys,3,misc,Level 1-100 Hair,30121,2026-07-22T19:06:53,1221.65,700.0,700.0,700.0,cosmetic,656.6229508196722,True
81,Bonzo the All-Gnawing,Nuke,39481.8,690 keys,0,misc,Level 1-100 Hair,30885,2026-07-22T19:06:53,1204.19,690.0,690.0,690.0,cosmetic,647.2426229508197,True
81,Bonzo the All-Gnawing,Das Gutenkutteharen,37193.0,650 keys,0,misc,Level 1-100 Hair,30127,2026-07-22T19:06:53,1134.39,650.0,650.0,650.0,cosmetic,609.7213114754098,True
81,Bonzo the All-Gnawing,Frontier Djustice,37193.0,600–700 keys,1,misc,Level 1-100 Hat,30421,2026-07-22T19:06:53,1134.39,600.0,700.0,650.0,cosmetic,609.7213114754098,True
81,Bonzo the All-Gnawing,Gentleman's Gatsby,37193.0,650 keys,3,misc,Level 1-100 Hat,184,2026-07-22T19:06:53,1134.39,650.0,650.0,650.0,cosmetic,609.7213114754098,True
81,Bonzo the All-Gnawing,Spook Specs,37193.0,650 keys,2,misc,Level 1-100 Hat,30390,2026-07-22T19:06:53,1134.39,650.0,650.0,650.0,cosmetic,609.7213114754098,True
81,Bonzo the All-Gnawing,Hong Kong Cone,36048.6,630 keys,0,misc,Level 1-100 Hat,30177,2026-07-22T19:06:53,1099.48,630.0,630.0,630.0,cosmetic,590.9606557377049,True
81,Bonzo the All-Gnawing,Rimmed Raincatcher,35476.4,620 keys,1,misc,Level 1-100 Hat,216,2026-07-22T19:06:53,1082.03,620.0,620.0,620.0,cosmetic,581.5803278688525,True
81,Bonzo the All-Gnawing,Black Watch,34332.0,600 keys,3,misc,Level 1-100 Hat,30105,2026-07-22T19:06:53,1047.13,600.0,600.0,600.0,cosmetic,562.8196721311475,True
81,Bonzo the All-Gnawing,Feathered Fiend,34332.0,600 keys,1,misc,Level 1-100 Headgear,30903,2026-07-22T19:06:53,1047.13,600.0,600.0,600.0,cosmetic,562.8196721311475,True
81,Bonzo the All-Gnawing,Cotton Head,30040.5,500–550 keys,3,misc,Level 1-100 Hat,30175,2026-07-22T19:06:53,916.24,500.0,550.0,525.0,cosmetic,492.4672131147541,True
81,Bonzo the All-Gnawing,Classy Capper,28610.0,500 keys,2,misc,Level 1-100 Hat,30893,2026-07-22T19:06:53,872.61,500.0,500.0,500.0,cosmetic,469.0163934426229,True
81,Bonzo the All-Gnawing,Hustler's Hallmark,28610.0,500 keys,1,misc,Level 1-100 Hat,146,2026-07-22T19:06:53,872.61,500.0,500.0,500.0,cosmetic,469.0163934426229,True
81,Bonzo the All-Gnawing,Conjurer's Cowl,25749.0,450 keys,1,misc,Level 1-100 Hood,465,2026-07-22T19:06:53,785.34,450.0,450.0,450.0,cosmetic,422.11475409836066,True
81,Bonzo the All-Gnawing,Das Hazmattenhatten,25749.0,450 keys,1,misc,Level 1-100 Safety Apparatus,30095,2026-07-22T19:06:53,785.34,450.0,450.0,450.0,cosmetic,422.11475409836066,True
81,Bonzo the All-Gnawing,Larrikin Robin,25749.0,450 keys,1,misc,Level 1-100 Hat,314,2026-07-22T19:06:53,785.34,450.0,450.0,450.0,cosmetic,422.11475409836066,True
81,Bonzo the All-Gnawing,White Russian,25405.68,444 keys,1,misc,Level 1-100 Hair,30644,2026-07-22T19:06:53,774.87,444.0,444.0,444.0,cosmetic,416.48655737704917,True
81,Bonzo the All-Gnawing,Wide-Brimmed Bandito,25405.68,444 keys,1,misc,Level 1-100 Hat,30805,2026-07-22T19:06:53,774.87,444.0,444.0,444.0,cosmetic,416.48655737704917,True
81,Bonzo the All-Gnawing,Counterfeit Billycock,25176.8,440 keys,1,misc,Level 10 Hat,602,2026-07-22T19:06:53,767.89,440.0,440.0,440.0,cosmetic,412.7344262295082,True
81,Bonzo the All-Gnawing,Tyrant's Helm,25176.8,440 keys,1,misc,Level 1-100 Helmet,99,2026-07-22T19:06:53,767.89,440.0,440.0,440.0,cosmetic,412.7344262295082,True
81,Bonzo the All-Gnawing,Virtual Reality Headset,25033.75,435–440 keys,2,misc,Level 10 Headset,628,2026-07-22T19:06:53,763.53,435.0,440.0,437.5,cosmetic,410.3893442622951,True
81,Bonzo the All-Gnawing,Bonk Helm,24032.4,420 keys,2,misc,Level 1-100 Helmet,106,2026-07-22T19:06:53,732.99,420.0,420.0,420.0,cosmetic,393.9737704918033,True
81,Bonzo the All-Gnawing,Heer's Helmet,23746.3,275–555 keys,2,misc,Level 1-100 Helmet,30378,2026-07-22T19:06:53,724.26,275.0,555.0,415.0,cosmetic,389.283606557377,True
81,Bonzo the All-Gnawing,Pyromancer's Mask,22888.0,400 keys,1,misc,Level 1-100 Mask,316,2026-07-22T19:06:53,698.08,400.0,400.0,400.0,cosmetic,375.21311475409834,True
81,Bonzo the All-Gnawing,Valley Forge,22888.0,400 keys,2,misc,Level 1-100 Hat,30114,2026-07-22T19:06:53,698.08,400.0,400.0,400.0,cosmetic,375.21311475409834,True
81,Bonzo the All-Gnawing,Gentleman's Ushanka,19454.8,340 keys,1,misc,Level 1-100 Hat,778,2026-07-22T19:06:53,593.37,340.0,340.0,340.0,cosmetic,318.9311475409836,True
81,Bonzo the All-Gnawing,Shooter's Tin Topi,19168.7,335 keys,1,misc,Level 1-100 Hat,30005,2026-07-22T19:06:53,584.65,335.0,335.0,335.0,cosmetic,314.2409836065574,True
81,Bonzo the All-Gnawing,L'homme Burglerre,18310.4,320 keys,1,misc,Level 1-100 Hat,30182,2026-07-22T19:06:53,558.47,320.0,320.0,320.0,cosmetic,300.1704918032787,True
81,Bonzo the All-Gnawing,Waxy Wayfinder,18195.96,300–336 keys,2,misc,Level 1-100 Hat,753,2026-07-22T19:06:53,554.98,300.0,336.0,318.0,cosmetic,298.2944262295082,True
81,Bonzo the All-Gnawing,Bonk Boy,17881.25,300–325 keys,1,misc,Level 1-100 Mask,451,2026-07-22T19:06:53,545.38,300.0,325.0,312.5,cosmetic,293.13524590163934,True
81,Bonzo the All-Gnawing,Bunsen Brave,17166.0,300 keys,1,misc,Level 1-100 Hat,30054,2026-07-22T19:06:53,523.56,300.0,300.0,300.0,cosmetic,281.40983606557376,True
81,Bonzo the All-Gnawing,Human Cannonball,17166.0,300 keys,2,misc,Level 1-100 Helmet,817,2026-07-22T19:06:53,523.56,300.0,300.0,300.0,cosmetic,281.40983606557376,True
81,Bonzo the All-Gnawing,Pirate Bandana,16879.9,295 keys,2,misc,Level 1-100 Hat,30180,2026-07-22T19:06:53,514.84,295.0,295.0,295.0,cosmetic,276.71967213114755,True
81,Bonzo the All-Gnawing,Bruce's Bonnet,16593.8,280–300 keys,1,misc,Level 1-100 Headgear,30627,2026-07-22T19:06:53,506.11,280.0,300.0,290.0,cosmetic,272.0295081967213,True
81,Bonzo the All-Gnawing,Desert Marauder,16307.7,285 keys,1,misc,Level 1-100 Hat,400,2026-07-22T19:06:53,497.38,285.0,285.0,285.0,cosmetic,267.33934426229507,True
81,Bonzo the All-Gnawing,Cold Killer,16021.6,280 keys,1,misc,Level 1-100 Hat,981,2026-07-22T19:06:53,488.66,280.0,280.0,280.0,cosmetic,262.64918032786886,True
81,Bonzo the All-Gnawing,Grenadier's Softcap,16021.6,280 keys,1,misc,Level 1-100 Hat,227,2026-07-22T19:06:53,488.66,280.0,280.0,280.0,cosmetic,262.64918032786886,True
81,Bonzo the All-Gnawing,Broadband Bonnet,14305.0,250 keys,1,misc,Level 1-100 Hat,30029,2026-07-22T19:06:53,436.3,250.0,250.0,250.0,cosmetic,234.50819672131146,True
81,Bonzo the All-Gnawing,Modest Metal Pile of Scrap,14305.0,250 keys,1,misc,Level 1-100 Hat,30001,2026-07-22T19:06:53,436.3,250.0,250.0,250.0,cosmetic,234.50819672131146,True
81,Bonzo the All-Gnawing,Trash Man,14305.0,250 keys,2,misc,Level 1-100 Hat,30346,2026-07-22T19:06:53,436.3,250.0,250.0,250.0,cosmetic,234.50819672131146,True
81,Bonzo the All-Gnawing,Sole Mate,13732.8,240 keys,1,misc,Level 1-100 Hat,30355,2026-07-22T19:06:53,418.85,240.0,240.0,240.0,cosmetic,225.12786885245902,True
81,Bonzo the All-Gnawing,Napoleon Complex,13160.6,230 keys,1,misc,Level 1-100 Hat,30360,2026-07-22T19:06:53,401.4,230.0,230.0,230.0,cosmetic,215.74754098360657,True
81,Bonzo the All-Gnawing,Aviator Assassin,12874.5,225 keys,1,misc,Level 1-100 Hat,30404,2026-07-22T19:06:53,392.67,225.0,225.0,225.0,cosmetic,211.05737704918033,True
81,Bonzo the All-Gnawing,Bonk Leadwear,12731.45,200–245 keys,1,misc,Level 1-100 Helmet,30030,2026-07-22T19:06:53,388.31,200.0,245.0,222.5,cosmetic,208.71229508196723,True
81,Bonzo the All-Gnawing,Tartan Spartan,12016.2,210 keys,2,misc,Level 1-100 Helmet,30106,2026-07-22T19:06:53,366.49,210.0,210.0,210.0,cosmetic,196.98688524590165,True
81,Bonzo the All-Gnawing,Nunhood,11873.15,185–230 keys,1,misc,Level 1-100 Hat,30311,2026-07-22T19:06:53,362.13,185.0,230.0,207.5,cosmetic,194.6418032786885,True
81,Bonzo the All-Gnawing,Bot Dogger,11444.0,200 keys,2,misc,Level 1-100 Hat,30018,2026-07-22T19:06:53,349.04,200.0,200.0,200.0,cosmetic,187.60655737704917,True
81,Bonzo the All-Gnawing,Cadaver's Cranium,11444.0,200 keys,2,misc,Level 31 Hat,290,2026-07-22T19:06:53,349.04,200.0,200.0,200.0,cosmetic,187.60655737704917,True
81,Bonzo the All-Gnawing,Towering Pillar of Hats,11444.0,200 keys,1,misc,Level 1-100 Hat,135,2026-07-22T19:06:53,349.04,200.0,200.0,200.0,cosmetic,187.60655737704917,True
81,Bonzo the All-Gnawing,Backbiter's Billycock,11157.9,170–220 keys,2,misc,Level 1-100 Hat,108,2026-07-22T19:06:53,340.32,170.0,220.0,195.0,cosmetic,182.91639344262293,True
81,Bonzo the All-Gnawing,Handyman's Handle,10585.7,180–190 keys,1,misc,Level 1-100 Hat,253,2026-07-22T19:06:53,322.86,180.0,190.0,185.0,cosmetic,173.53606557377051,True
81,Bonzo the All-Gnawing,Brown Bomber,10156.55,165–190 keys,2,misc,Level 1-100 Hat,671,2026-07-22T19:06:53,309.77,165.0,190.0,177.5,cosmetic,166.50081967213114,True
81,Bonzo the All-Gnawing,Texas Ten Gallon,9584.35,155–180 keys,1,misc,Level 1-100 Hat,94,2026-07-22T19:06:53,292.32,155.0,180.0,167.5,cosmetic,157.1204918032787,True
81,Bonzo the All-Gnawing,Private Eye,9155.2,160 keys,2,misc,Level 1-100 Hat,388,2026-07-22T19:06:53,279.23,160.0,160.0,160.0,cosmetic,150.08524590163935,True
81,Bonzo the All-Gnawing,Noble Amassment of Hats,8296.9,145 keys,1,misc,Level 1-100 Hat,137,2026-07-22T19:06:53,253.06,145.0,145.0,145.0,cosmetic,136.01475409836064,True
81,Bonzo the All-Gnawing,A Rather Festive Tree,8096.63,133–150 keys,1,misc,Level 1-100 Hat,341,2026-07-22T19:06:53,246.95,133.0,150.0,141.5,cosmetic,132.7316393442623,True
81,Bonzo the All-Gnawing,Blast Defense,8010.8,140 keys,0,misc,Level 1-100 Headgear,30863,2026-07-22T19:06:53,244.33,140.0,140.0,140.0,cosmetic,131.32459016393443,True
81,Bonzo the All-Gnawing,Hot Dogger,8010.8,140 keys,1,misc,Level 10 Hat,614,2026-07-22T19:06:53,244.33,140.0,140.0,140.0,cosmetic,131.32459016393443,True
81,Bonzo the All-Gnawing,Samur-Eye,8010.8,137–143 keys,2,misc,Level 1-100 Helmet,359,2026-07-22T19:06:53,244.33,137.0,143.0,140.0,cosmetic,131.32459016393443,True
81,Bonzo the All-Gnawing,Tartan Tyrolean,7467.21,123–138 keys,2,misc,Level 1-100 Hat,30334,2026-07-22T19:06:53,227.75,123.0,138.0,130.5,cosmetic,122.41327868852458,True
81,Bonzo the All-Gnawing,Gym Rat,7295.55,95–160 keys,1,misc,Level 10 Hair,613,2026-07-22T19:06:53,222.51,95.0,160.0,127.5,cosmetic,119.59918032786885,True
81,Bonzo the All-Gnawing,Brim-Full of Bullets,6866.4,120 keys,1,misc,Level 1-100 Hat,30173,2026-07-22T19:06:53,209.43,120.0,120.0,120.0,cosmetic,112.56393442622951,True
81,Bonzo the All-Gnawing,Smoking Skid Lid,6666.13,116–117 keys,1,misc,Level 1-100 Hat,30399,2026-07-22T19:06:53,203.32,116.0,117.0,116.5,cosmetic,109.28081967213114,True
81,Bonzo the All-Gnawing,Cloud Crasher,6523.08,98–130 keys,1,misc,Level 1-100 Helmet,30071,2026-07-22T19:06:53,198.95,98.0,130.0,114.0,cosmetic,106.93573770491803,True
81,Bonzo the All-Gnawing,L'Inspecteur,6122.54,107 keys,1,misc,Level 10 Hat,622,2026-07-22T19:06:53,186.74,107.0,107.0,107.0,cosmetic,100.36950819672131,True
81,Bonzo the All-Gnawing,Hotrod,5722.0,100 keys,2,misc,Level 1-100 Mask,148,2026-07-22T19:06:53,174.52,100.0,100.0,100.0,cosmetic,93.80327868852459,True
81,Bonzo the All-Gnawing,Infernal Impaler,5722.0,100 keys,2,misc,Level 13 Headgear,575,2026-07-22T19:06:53,174.52,100.0,100.0,100.0,cosmetic,93.80327868852459,True
81,Bonzo the All-Gnawing,Birdcage,5664.78,99 keys,1,misc,Level 10 Hat,615,2026-07-22T19:06:53,172.78,99.0,99.0,99.0,cosmetic,92.86524590163934,True
81,Bonzo the All-Gnawing,Bone Dome,5321.46,93 keys,2,misc,Level 1-100 Helmet,30162,2026-07-22T19:06:53,162.3,93.0,93.0,93.0,cosmetic,87.23704918032787,True
81,Bonzo the All-Gnawing,Hive Minder,5321.46,91–95 keys,1,misc,Level 1-100 Hat,30093,2026-07-22T19:06:53,162.3,91.0,95.0,93.0,cosmetic,87.23704918032787,True
81,Bonzo the All-Gnawing,One-Man Army,4005.4,70 keys,1,misc,Level 10 Hair,601,2026-07-22T19:06:53,122.16,70.0,70.0,70.0,cosmetic,65.66229508196722,True
81,Bonzo the All-Gnawing,Titanium Tyrolean,4005.4,70 keys,2,misc,Level 1-100 Hat,30045,2026-07-22T19:06:53,122.16,70.0,70.0,70.0,cosmetic,65.66229508196722,True
81,Bonzo the All-Gnawing,Noble Nickel Amassment of Hats,3805.13,65–68 keys,3,misc,Level 1-100 Hat,30006,2026-07-22T19:06:53,116.06,65.0,68.0,66.5,cosmetic,62.37918032786885,True
81,Bonzo the All-Gnawing,Officer's Ushanka,3776.52,66 keys,2,misc,Level 1-100 Hat,96,2026-07-22T19:06:53,115.18,66.0,66.0,66.0,cosmetic,61.91016393442623,True
81,Bonzo the All-Gnawing,Virus Doctor,3776.52,66 keys,1,misc,Level 1-100 Hat,30043,2026-07-22T19:06:53,115.18,66.0,66.0,66.0,cosmetic,61.91016393442623,True
81,Bonzo the All-Gnawing,Brain Bucket,3490.42,61 keys,2,misc,Level 1-100 Hat,434,2026-07-22T19:06:53,106.46,61.0,61.0,61.0,cosmetic,57.22,True
81,Bonzo the All-Gnawing,Stout Shako,3375.98,59 keys,1,misc,Level 1-100 Hat,251,2026-07-22T19:06:53,102.97,59.0,59.0,59.0,cosmetic,55.34393442622951,True
81,Bonzo the All-Gnawing,Old Guadalajara,3232.93,55–58 keys,1,misc,Level 1-100 Hat,247,2026-07-22T19:06:53,98.6,55.0,58.0,56.5,cosmetic,52.99885245901639,True
81,Bonzo the All-Gnawing,Pyro's Boron Beanie,3061.27,47–60 keys,1,misc,Level 1-100 Hat,30040,2026-07-22T19:06:53,93.37,47.0,60.0,53.5,cosmetic,50.184754098360656,True
81,Bonzo the All-Gnawing,Outdoorsman,2861.0,50 keys,2,misc,Level 10 Hat,603,2026-07-22T19:06:53,87.26,50.0,50.0,50.0,cosmetic,46.90163934426229,True
81,Bonzo the All-Gnawing,Madame Dixie,2689.34,47 keys,1,misc,Level 1-100 Hat,321,2026-07-22T19:06:53,82.02,47.0,47.0,47.0,cosmetic,44.08754098360656,True
81,Bonzo the All-Gnawing,Berliner's Bucket Helm,2603.51,41–50 keys,1,misc,Level 1-100 Helmet,303,2026-07-22T19:06:53,79.41,41.0,50.0,45.5,cosmetic,42.68049180327869,True
81,Bonzo the All-Gnawing,Ze Goggles,2603.51,41–50 keys,2,misc,Level 1-100 Glasses,177,2026-07-22T19:06:53,79.41,41.0,50.0,45.5,cosmetic,42.68049180327869,True
81,Bonzo the All-Gnawing,Metal Slug,2288.8,40 keys,2,misc,Level 1-100 Hat,30028,2026-07-22T19:06:53,69.81,40.0,40.0,40.0,cosmetic,37.52131147540984,True
81,Bonzo the All-Gnawing,FR-0,1945.48,34 keys,1,misc,Level 1-100 Hat,30016,2026-07-22T19:06:53,59.34,34.0,34.0,34.0,cosmetic,31.89311475409836,True
81,Bonzo the All-Gnawing,Timeless Topper,1773.82,31 keys,1,misc,Level 1-100 Hat,30035,2026-07-22T19:06:53,54.1,31.0,31.0,31.0,cosmetic,29.079016393442622,True
81,Bonzo the All-Gnawing,Bootleg Base Metal Billycock,1430.5,25 keys,1,misc,Level 1-100 Hat,30047,2026-07-22T19:06:53,43.63,25.0,25.0,25.0,cosmetic,23.450819672131146,True
