effect_id,effect_name,item_name,bp_price_ref,bp_price_keys,exist,slot,summary,defindex,scrape_timestamp,usd_price,key_low,key_high,key_mid,item_type,bp_price_keys_equivalent,has_price
99,Nebula,Captain Space Mann,706667.0,10000–14700 keys,30,misc,Level 1-100 Helmet,30646,2026-07-21T22:54:09,21553.34,10000.0,14700.0,12350.0,cosmetic,11628.550271515549,True
99,Nebula,Corona Australis,177382.0,3100 keys,4,misc,Level 1-100 Cosmetic Augmentation,30648,2026-07-21T22:54:09,5410.15,3100.0,3100.0,3100.0,cosmetic,2918.9073556030935,True
99,Nebula,Universal Translator,29754.4,480–560 keys,538,misc,Level 1-100 Hat,30658,2026-07-21T22:54:09,907.51,480.0,560.0,520.0,cosmetic,489.6231693269705,True
99,Nebula,Phononaut,21772.21,361–400 keys,100,misc,Level 1-100 Hat,30647,2026-07-21T22:54:09,664.05,361.0,400.0,380.5,cosmetic,358.2723383248313,True
99,Nebula,A Head Full of Hot Air,6608.91,109–122 keys,502,misc,Level 1-100 Hat,30662,2026-07-21T22:54:09,201.57,109.0,122.0,115.5,cosmetic,108.75283857166364,True
74,Spellbound,Antlers,938408.0,16400 keys,2,misc,Level 1-100 Cosmetic Item,993,2026-07-21T22:54:09,28621.44,16400.0,16400.0,16400.0,cosmetic,15441.9614941583,True
74,Spellbound,Virtual Viewfinder,791066.5,12000–15650 keys,1,misc,Level 1-100 Headset,30140,2026-07-21T22:54:09,24127.53,12000.0,15650.0,13825.0,cosmetic,13017.38522297186,True
74,Spellbound,Hong Kong Cone,786775.0,13750 keys,1,misc,Level 1-100 Hat,30177,2026-07-21T22:54:09,23996.64,13750.0,13750.0,13750.0,cosmetic,12946.766496626624,True
74,Spellbound,Soldered Sensei,746721.0,13050 keys,6,misc,Level 1-100 Hat,30004,2026-07-21T22:54:09,22774.99,13050.0,13050.0,13050.0,cosmetic,12287.658384071086,True
74,Spellbound,Patriot Peak,660891.0,11550 keys,0,misc,Level 1-100 Hat,30743,2026-07-21T22:54:09,20157.18,11550.0,11550.0,11550.0,cosmetic,10875.283857166365,True
74,Spellbound,Crone's Dome,492092.0,8600 keys,2,misc,Level 1-100 Hat,920,2026-07-21T22:54:09,15008.81,8600.0,8600.0,8600.0,cosmetic,8097.613954253743,True
74,Spellbound,War Pig,443455.0,7750 keys,5,misc,Level 1-100 Headgear,829,2026-07-21T22:54:09,13525.38,7750.0,7750.0,7750.0,cosmetic,7297.268389007733,True
74,Spellbound,Chieftain's Challenge,329015.0,5750 keys,1,misc,Level 1-100 Hat,250,2026-07-21T22:54:09,10034.96,5750.0,5750.0,5750.0,cosmetic,5414.10235313477,True
74,Spellbound,Pencil Pusher,314710.0,5500 keys,2,misc,Level 10 Hair,605,2026-07-21T22:54:09,9598.66,5500.0,5500.0,5500.0,cosmetic,5178.7065986506495,True
74,Spellbound,Salty Dog,311849.0,5450 keys,2,misc,Level 10 Hat,611,2026-07-21T22:54:09,9511.39,5450.0,5450.0,5450.0,cosmetic,5131.627447753825,True
74,Spellbound,Polar Pullover,293424.16,5128 keys,0,misc,Level 1-100 Hat,30329,2026-07-21T22:54:09,8949.44,5128.0,5128.0,5128.0,cosmetic,4828.437715978278,True
74,Spellbound,Minnesota Slick,287244.4,5020 keys,0,misc,Level 1-100 Hair,30315,2026-07-21T22:54:09,8760.95,5020.0,5020.0,5020.0,cosmetic,4726.7467500411385,True
74,Spellbound,Das Übersternmann,283239.0,4950 keys,1,misc,Level 1-100 Hat,30097,2026-07-21T22:54:09,8638.79,4950.0,4950.0,4950.0,cosmetic,4660.835938785584,True
74,Spellbound,Prehistoric Pullover,247476.5,4325 keys,1,misc,Level 1-100 Hood,30704,2026-07-21T22:54:09,7548.03,4325.0,4325.0,4325.0,cosmetic,4072.3465525752836,True
74,Spellbound,Chill Chullo,244329.4,4270 keys,0,misc,Level 1-100 Hat,30748,2026-07-21T22:54:09,7452.05,4270.0,4270.0,4270.0,cosmetic,4020.559486588777,True
74,Spellbound,Outta Sight,237463.0,4150 keys,1,misc,Level 1-100 Hat,30628,2026-07-21T22:54:09,7242.62,4150.0,4150.0,4150.0,cosmetic,3907.569524436399,True
74,Spellbound,Burning Bandana,226019.0,3950 keys,2,misc,Level 1-100 Bandana,30091,2026-07-21T22:54:09,6893.58,3950.0,3950.0,3950.0,cosmetic,3719.252920849103,True
74,Spellbound,Familiar Fez,220297.0,3850 keys,1,misc,Level 1-100 Hat,223,2026-07-21T22:54:09,6719.06,3850.0,3850.0,3850.0,cosmetic,3625.0946190554546,True
74,Spellbound,Backwards Ballcap,210283.5,3675 keys,5,misc,Level 10 Hat,617,2026-07-21T22:54:09,6413.65,3675.0,3675.0,3675.0,cosmetic,3460.3175909165707,True
74,Spellbound,Tough Stuff Muffs,204561.5,3100–4050 keys,4,misc,Level 1-100 Hat,984,2026-07-21T22:54:09,6239.13,3100.0,4050.0,3575.0,cosmetic,3366.1592891229225,True
74,Spellbound,Killer Exclusive,188826.0,3300 keys,1,misc,Level 10 Hat,538,2026-07-21T22:54:09,5759.19,3300.0,3300.0,3300.0,cosmetic,3107.22395919039,True
74,Spellbound,Cosa Nostra Cap,183104.0,3200 keys,1,misc,Level 1-100 Hat,459,2026-07-21T22:54:09,5584.67,3200.0,3200.0,3200.0,cosmetic,3013.0656573967417,True
74,Spellbound,Honcho's Headgear,180243.0,3150 keys,2,misc,Level 1-100 Hat,391,2026-07-21T22:54:09,5497.41,3150.0,3150.0,3150.0,cosmetic,2965.9865064999176,True
74,Spellbound,Shooter's Sola Topi,143050.0,2500 keys,2,misc,Level 1-100 Helmet,158,2026-07-21T22:54:09,4363.02,2500.0,2500.0,2500.0,cosmetic,2353.9575448412043,True
74,Spellbound,Your Worst Nightmare,128745.0,1800–2700 keys,2,misc,Level 10 Hair,600,2026-07-21T22:54:09,3926.72,1800.0,2700.0,2250.0,cosmetic,2118.561790357084,True
74,Spellbound,Head Warmer,125884.0,2200 keys,2,misc,Level 1-100 Hat,644,2026-07-21T22:54:09,3839.46,2200.0,2200.0,2200.0,cosmetic,2071.48263946026,True
74,Spellbound,Glengarry Bonnet,123023.0,2150 keys,2,misc,Level 1-100 Hat,100,2026-07-21T22:54:09,3752.2,2150.0,2150.0,2150.0,cosmetic,2024.4034885634358,True
74,Spellbound,Hustler's Hallmark,117301.0,2050 keys,1,misc,Level 1-100 Hat,146,2026-07-21T22:54:09,3577.68,2050.0,2050.0,2050.0,cosmetic,1930.2451867697876,True
74,Spellbound,A Rather Festive Tree,114440.0,2000 keys,2,misc,Level 1-100 Hat,341,2026-07-21T22:54:09,3490.42,2000.0,2000.0,2000.0,cosmetic,1883.1660358729634,True
74,Spellbound,Galvanized Gibus,114440.0,2000 keys,3,misc,Level 1-100 Hat,30003,2026-07-21T22:54:09,3490.42,2000.0,2000.0,2000.0,cosmetic,1883.1660358729634,True
74,Spellbound,Horrific Headsplitter,114440.0,2000 keys,3,misc,Level 31 Hat,291,2026-07-21T22:54:09,3490.42,2000.0,2000.0,2000.0,cosmetic,1883.1660358729634,True
74,Spellbound,Sergeant's Drill Hat,114440.0,1800–2200 keys,4,misc,Level 1-100 Hat,183,2026-07-21T22:54:09,3490.42,1800.0,2200.0,2000.0,cosmetic,1883.1660358729634,True
74,Spellbound,Swagman's Swatter,114440.0,2000 keys,2,misc,Level 10 Hat,626,2026-07-21T22:54:09,3490.42,2000.0,2000.0,2000.0,cosmetic,1883.1660358729634,True
74,Spellbound,Greased Lightning,108718.0,1900 keys,2,misc,Level 1-100 Hair,30078,2026-07-21T22:54:09,3315.9,1900.0,1900.0,1900.0,cosmetic,1789.0077340793155,True
74,Spellbound,Milkman,108718.0,1900 keys,2,misc,Level 1-100 Hat,219,2026-07-21T22:54:09,3315.9,1900.0,1900.0,1900.0,cosmetic,1789.0077340793155,True
74,Spellbound,Towering Pillar of Hats,108718.0,1900 keys,3,misc,Level 1-100 Hat,135,2026-07-21T22:54:09,3315.9,1900.0,1900.0,1900.0,cosmetic,1789.0077340793155,True
74,Spellbound,Wet Works,108718.0,1900 keys,2,misc,Level 1-100 Hat,30135,2026-07-21T22:54:09,3315.9,1900.0,1900.0,1900.0,cosmetic,1789.0077340793155,True
74,Spellbound,Reggaelator,102996.0,1800 keys,1,misc,Level 1-100 Hat,390,2026-07-21T22:54:09,3141.38,1800.0,1800.0,1800.0,cosmetic,1694.8494322856673,True
74,Spellbound,Nuke,100135.0,1750 keys,0,misc,Level 1-100 Hair,30885,2026-07-21T22:54:09,3054.12,1750.0,1750.0,1750.0,cosmetic,1647.7702813888432,True
74,Spellbound,Platinum Pickelhaube,100135.0,1750 keys,2,misc,Level 1-100 Helmet,30042,2026-07-21T22:54:09,3054.12,1750.0,1750.0,1750.0,cosmetic,1647.7702813888432,True
74,Spellbound,Détective Noir,98704.5,1725 keys,2,misc,Level 1-100 Hat,319,2026-07-21T22:54:09,3010.49,1725.0,1725.0,1725.0,cosmetic,1624.230705940431,True
74,Spellbound,Stout Shako,95843.5,1400–1950 keys,2,misc,Level 1-100 Hat,251,2026-07-21T22:54:09,2923.23,1400.0,1950.0,1675.0,cosmetic,1577.151555043607,True
74,Spellbound,Front Runner,94413.0,1650 keys,2,misc,Level 1-100 Hat,760,2026-07-21T22:54:09,2879.6,1650.0,1650.0,1650.0,cosmetic,1553.611979595195,True
74,Spellbound,Full Metal Drill Hat,94413.0,1650 keys,3,misc,Level 1-100 Hat,30026,2026-07-21T22:54:09,2879.6,1650.0,1650.0,1650.0,cosmetic,1553.611979595195,True
74,Spellbound,Shellmet,94413.0,1650 keys,0,misc,Level 1-100 Helmet,30897,2026-07-21T22:54:09,2879.6,1650.0,1650.0,1650.0,cosmetic,1553.611979595195,True
74,Spellbound,Modest Metal Pile of Scrap,88691.0,1300–1800 keys,1,misc,Level 1-100 Hat,30001,2026-07-21T22:54:09,2705.08,1300.0,1800.0,1550.0,cosmetic,1459.4536778015467,True
74,Spellbound,Das Naggenvatcher,86974.4,1520 keys,2,misc,Level 1-100 Hat,30109,2026-07-21T22:54:09,2652.72,1520.0,1520.0,1520.0,cosmetic,1431.2061872634522,True
74,Spellbound,Baron von Havenaplane,85830.0,1500 keys,3,misc,Level 1-100 Hat,30136,2026-07-21T22:54:09,2617.82,1500.0,1500.0,1500.0,cosmetic,1412.3745269047226,True
74,Spellbound,Doctor's Sack,85830.0,1500 keys,2,misc,Level 1-100 Hat,398,2026-07-21T22:54:09,2617.82,1500.0,1500.0,1500.0,cosmetic,1412.3745269047226,True
74,Spellbound,Modest Pile of Hat,85830.0,1500 keys,1,misc,Level 1-100 Hat,139,2026-07-21T22:54:09,2617.82,1500.0,1500.0,1500.0,cosmetic,1412.3745269047226,True
74,Spellbound,Triboniophorus Tyrannus,85830.0,1500 keys,1,misc,Level 1-100 Mascot,151,2026-07-21T22:54:09,2617.82,1500.0,1500.0,1500.0,cosmetic,1412.3745269047226,True
74,Spellbound,Cotton Head,82969.0,1450 keys,2,misc,Level 1-100 Hat,30175,2026-07-21T22:54:09,2530.55,1450.0,1450.0,1450.0,cosmetic,1365.2953760078985,True
74,Spellbound,Prince Tavish's Crown,80108.0,1400 keys,2,misc,Level 1-100 Hat,342,2026-07-21T22:54:09,2443.29,1400.0,1400.0,1400.0,cosmetic,1318.2162251110744,True
74,Spellbound,Brown Bomber,77247.0,1300–1400 keys,1,misc,Level 1-100 Hat,671,2026-07-21T22:54:09,2356.03,1300.0,1400.0,1350.0,cosmetic,1271.1370742142503,True
74,Spellbound,Harmburg,77247.0,1350 keys,3,misc,Level 1-100 Hat,30123,2026-07-21T22:54:09,2356.03,1350.0,1350.0,1350.0,cosmetic,1271.1370742142503,True
74,Spellbound,Whoopee Cap,77247.0,1350 keys,2,misc,Level 1-100 Hat,174,2026-07-21T22:54:09,2356.03,1350.0,1350.0,1350.0,cosmetic,1271.1370742142503,True
74,Spellbound,Ol' Geezer,74386.0,1300 keys,2,misc,Level 1-100 Hat,399,2026-07-21T22:54:09,2268.77,1300.0,1300.0,1300.0,cosmetic,1224.0579233174262,True
74,Spellbound,Strontium Stove Pipe,74386.0,1300 keys,2,misc,Level 1-100 Hat,30037,2026-07-21T22:54:09,2268.77,1300.0,1300.0,1300.0,cosmetic,1224.0579233174262,True
74,Spellbound,Ye Oiled Baker Boy,74386.0,1300 keys,3,misc,Level 1-100 Hat,30019,2026-07-21T22:54:09,2268.77,1300.0,1300.0,1300.0,cosmetic,1224.0579233174262,True
74,Spellbound,Das Maddendoktor,71525.0,1250 keys,2,misc,Level 1-100 Hair,30121,2026-07-21T22:54:09,2181.51,1250.0,1250.0,1250.0,cosmetic,1176.9787724206021,True
74,Spellbound,Tartan Spartan,70952.8,1240 keys,2,misc,Level 1-100 Helmet,30106,2026-07-21T22:54:09,2164.06,1240.0,1240.0,1240.0,cosmetic,1167.5629422412374,True
74,Spellbound,Data Mining Light,68664.0,1200 keys,1,misc,Level 1-100 Helmet,30051,2026-07-21T22:54:09,2094.25,1200.0,1200.0,1200.0,cosmetic,1129.899621523778,True
74,Spellbound,FR-0,68664.0,1200 keys,1,misc,Level 1-100 Hat,30016,2026-07-21T22:54:09,2094.25,1200.0,1200.0,1200.0,cosmetic,1129.899621523778,True
74,Spellbound,Jumper's Jeepcap,68664.0,1200 keys,1,misc,Level 1-100 Hat,417,2026-07-21T22:54:09,2094.25,1200.0,1200.0,1200.0,cosmetic,1129.899621523778,True
74,Spellbound,Madame Dixie,68664.0,1200 keys,2,misc,Level 1-100 Hat,321,2026-07-21T22:54:09,2094.25,1200.0,1200.0,1200.0,cosmetic,1129.899621523778,True
74,Spellbound,Barnstormer,65803.0,1150 keys,2,misc,Level 1-100 Hat,988,2026-07-21T22:54:09,2006.99,1150.0,1150.0,1150.0,cosmetic,1082.820470626954,True
74,Spellbound,Dragonborn Helmet,62942.0,1100 keys,3,misc,Level 10 Helmet,517,2026-07-21T22:54:09,1919.73,1100.0,1100.0,1100.0,cosmetic,1035.74131973013,True
74,Spellbound,L'homme Burglerre,62942.0,1100 keys,3,misc,Level 1-100 Hat,30182,2026-07-21T22:54:09,1919.73,1100.0,1100.0,1100.0,cosmetic,1035.74131973013,True
74,Spellbound,Prancer's Pride,62942.0,1100 keys,2,misc,Level 1-100 Hat,318,2026-07-21T22:54:09,1919.73,1100.0,1100.0,1100.0,cosmetic,1035.74131973013,True
74,Spellbound,Respectless Rubber Glove,62942.0,1100 keys,4,misc,Level 1-100 Hat,102,2026-07-21T22:54:09,1919.73,1100.0,1100.0,1100.0,cosmetic,1035.74131973013,True
74,Spellbound,Tartan Tyrolean,62942.0,1100 keys,1,misc,Level 1-100 Hat,30334,2026-07-21T22:54:09,1919.73,1100.0,1100.0,1100.0,cosmetic,1035.74131973013,True
74,Spellbound,Cold Killer,58364.4,1020 keys,4,misc,Level 1-100 Hat,981,2026-07-21T22:54:09,1780.11,1020.0,1020.0,1020.0,cosmetic,960.4146782952114,True
74,Spellbound,Law,57849.42,1011 keys,2,misc,Level 1-100 Hat,30362,2026-07-21T22:54:09,1764.41,1011.0,1011.0,1011.0,cosmetic,951.940431133783,True
74,Spellbound,Blast Defense,57220.0,1000 keys,0,misc,Level 1-100 Headgear,30863,2026-07-21T22:54:09,1745.21,1000.0,1000.0,1000.0,cosmetic,941.5830179364817,True
74,Spellbound,Bone Dome,57220.0,1000 keys,4,misc,Level 1-100 Helmet,30162,2026-07-21T22:54:09,1745.21,1000.0,1000.0,1000.0,cosmetic,941.5830179364817,True
74,Spellbound,Hermes,57220.0,1000 keys,2,misc,Level 10 Hat,633,2026-07-21T22:54:09,1745.21,1000.0,1000.0,1000.0,cosmetic,941.5830179364817,True
74,Spellbound,Scotch Bonnet,57220.0,1000 keys,1,misc,Level 1-100 Headgear,306,2026-07-21T22:54:09,1745.21,1000.0,1000.0,1000.0,cosmetic,941.5830179364817,True
74,Spellbound,Gentleman's Gatsby,54359.0,950 keys,1,misc,Level 1-100 Hat,184,2026-07-21T22:54:09,1657.95,950.0,950.0,950.0,cosmetic,894.5038670396577,True
74,Spellbound,Tavish DeGroot Experience,53786.8,940 keys,5,misc,Level 10 Hat,604,2026-07-21T22:54:09,1640.5,940.0,940.0,940.0,cosmetic,885.088036860293,True
74,Spellbound,Executioner,53214.6,860–1000 keys,2,misc,Level 1-100 Hat,921,2026-07-21T22:54:09,1623.05,860.0,1000.0,930.0,cosmetic,875.6722066809281,True
74,Spellbound,Letch's LED,52642.4,920 keys,4,misc,Level 1-100 Hat,30002,2026-07-21T22:54:09,1605.59,920.0,920.0,920.0,cosmetic,866.2563765015633,True
74,Spellbound,Blighted Beak,51498.0,900 keys,1,misc,Level 1-100 Mask,315,2026-07-21T22:54:09,1570.69,900.0,900.0,900.0,cosmetic,847.4247161428336,True
74,Spellbound,Halogen Head Lamp,51498.0,900 keys,1,misc,Level 1-100 Hat,30041,2026-07-21T22:54:09,1570.69,900.0,900.0,900.0,cosmetic,847.4247161428336,True
74,Spellbound,Belgian Detective,48637.0,850 keys,1,misc,Level 1-100 Hat,30128,2026-07-21T22:54:09,1483.43,850.0,850.0,850.0,cosmetic,800.3455652460095,True
74,Spellbound,Bonk Leadwear,48637.0,850 keys,2,misc,Level 1-100 Helmet,30030,2026-07-21T22:54:09,1483.43,850.0,850.0,850.0,cosmetic,800.3455652460095,True
74,Spellbound,L'Inspecteur,48637.0,850 keys,1,misc,Level 10 Hat,622,2026-07-21T22:54:09,1483.43,850.0,850.0,850.0,cosmetic,800.3455652460095,True
74,Spellbound,Tippler's Tricorne,48637.0,850 keys,3,misc,Level 1-100 Hat,179,2026-07-21T22:54:09,1483.43,850.0,850.0,850.0,cosmetic,800.3455652460095,True
74,Spellbound,Medic's Mountain Cap,47492.6,830 keys,1,misc,Level 1-100 Hat,381,2026-07-21T22:54:09,1448.52,830.0,830.0,830.0,cosmetic,781.5139048872799,True
74,Spellbound,Katyusha,46920.4,820 keys,2,misc,Level 1-100 Hat,30094,2026-07-21T22:54:09,1431.07,820.0,820.0,820.0,cosmetic,772.0980747079151,True
74,Spellbound,One-Man Army,46348.2,810 keys,2,misc,Level 10 Hair,601,2026-07-21T22:54:09,1413.62,810.0,810.0,810.0,cosmetic,762.6822445285502,True
74,Spellbound,Birdcage,45776.0,800 keys,2,misc,Level 10 Hat,615,2026-07-21T22:54:09,1396.17,800.0,800.0,800.0,cosmetic,753.2664143491854,True
74,Spellbound,Hard Counter,45776.0,800 keys,2,misc,Level 1-100 Hat,254,2026-07-21T22:54:09,1396.17,800.0,800.0,800.0,cosmetic,753.2664143491854,True
74,Spellbound,Pampered Pyro,45776.0,800 keys,3,misc,Level 1-100 Towel,30139,2026-07-21T22:54:09,1396.17,800.0,800.0,800.0,cosmetic,753.2664143491854,True
74,Spellbound,Stately Steel Toe,45203.8,790 keys,1,misc,Level 1-100 Hat,481,2026-07-21T22:54:09,1378.72,790.0,790.0,790.0,cosmetic,743.8505841698206,True
74,Spellbound,Hound Dog,43658.86,763 keys,3,misc,Level 1-100 Hair,145,2026-07-21T22:54:09,1331.6,763.0,763.0,763.0,cosmetic,718.4278426855356,True
74,Spellbound,Conquistador,43487.2,760 keys,4,misc,Level 1-100 Helmet,721,2026-07-21T22:54:09,1326.36,760.0,760.0,760.0,cosmetic,715.6030936317261,True
74,Spellbound,Hottie's Hoodie,43487.2,760 keys,2,misc,Level 1-100 Hood,377,2026-07-21T22:54:09,1326.36,760.0,760.0,760.0,cosmetic,715.6030936317261,True
74,Spellbound,Gridiron Guardian,42915.0,750 keys,2,misc,Level 1-100 Helmet,30013,2026-07-21T22:54:09,1308.91,750.0,750.0,750.0,cosmetic,706.1872634523613,True
74,Spellbound,Nanobalaclava,42628.9,640–850 keys,4,misc,Level 10 Hat,521,2026-07-21T22:54:09,1300.18,640.0,850.0,745.0,cosmetic,701.4793483626789,True
74,Spellbound,Fruit Shoot,40054.0,700 keys,1,misc,Level 1-100 Hat,759,2026-07-21T22:54:09,1221.65,700.0,700.0,700.0,cosmetic,659.1081125555372,True
74,Spellbound,Wraith Wrap,39767.9,695 keys,1,misc,Level 1-100 Apparel,937,2026-07-21T22:54:09,1212.92,695.0,695.0,695.0,cosmetic,654.4001974658548,True
74,Spellbound,Pirate Bandana,38623.5,675 keys,2,misc,Level 1-100 Hat,30180,2026-07-21T22:54:09,1178.02,675.0,675.0,675.0,cosmetic,635.5685371071252,True
74,Spellbound,Magnificent Mongolian,37765.2,660 keys,3,misc,Level 1-100 Hat,313,2026-07-21T22:54:09,1151.84,660.0,660.0,660.0,cosmetic,621.4447918380779,True
74,Spellbound,Slick Cut,37193.0,650 keys,4,misc,Level 1-100 Hair,30187,2026-07-21T22:54:09,1134.39,650.0,650.0,650.0,cosmetic,612.0289616587131,True
74,Spellbound,Copper's Hard Top,37135.78,649 keys,1,misc,Level 1-100 Helmet,478,2026-07-21T22:54:09,1132.64,649.0,649.0,649.0,cosmetic,611.0873786407766,True
74,Spellbound,Carouser's Capotain,34332.0,600 keys,2,misc,Level 1-100 Hat,259,2026-07-21T22:54:09,1047.13,600.0,600.0,600.0,cosmetic,564.949810761889,True
74,Spellbound,Dr's Dapper Topper,34332.0,600 keys,1,misc,Level 1-100 Hat,252,2026-07-21T22:54:09,1047.13,600.0,600.0,600.0,cosmetic,564.949810761889,True
74,Spellbound,Flamboyant Flamenco,34332.0,600 keys,2,misc,Level 10 Hat,627,2026-07-21T22:54:09,1047.13,600.0,600.0,600.0,cosmetic,564.949810761889,True
74,Spellbound,Shooter's Tin Topi,34045.9,595 keys,3,misc,Level 1-100 Hat,30005,2026-07-21T22:54:09,1038.4,595.0,595.0,595.0,cosmetic,560.2418956722066,True
74,Spellbound,Furious Fukaamigasa,31471.0,550 keys,2,misc,Level 1-100 Hat,395,2026-07-21T22:54:09,959.87,550.0,550.0,550.0,cosmetic,517.870659865065,True
74,Spellbound,Janissary Ketche,31471.0,550 keys,1,misc,Level 1-100 Hat,437,2026-07-21T22:54:09,959.87,550.0,550.0,550.0,cosmetic,517.870659865065,True
74,Spellbound,Anger,31184.9,545 keys,0,misc,Level 10 Hood,518,2026-07-21T22:54:09,951.14,545.0,545.0,545.0,cosmetic,513.1627447753826,True
74,Spellbound,Hot Dogger,30898.8,540 keys,2,misc,Level 10 Hat,614,2026-07-21T22:54:09,942.41,540.0,540.0,540.0,cosmetic,508.45482968570013,True
74,Spellbound,Pugilist's Protector,30612.7,535 keys,1,misc,Level 1-100 Headgear,246,2026-07-21T22:54:09,933.69,535.0,535.0,535.0,cosmetic,503.74691459601775,True
74,Spellbound,Das Gutenkutteharen,28610.0,500 keys,1,misc,Level 1-100 Hair,30127,2026-07-21T22:54:09,872.61,500.0,500.0,500.0,cosmetic,470.79150896824086,True
74,Spellbound,Feathered Fiend,28610.0,500 keys,1,misc,Level 1-100 Headgear,30903,2026-07-21T22:54:09,872.61,500.0,500.0,500.0,cosmetic,470.79150896824086,True
74,Spellbound,Brim-Full of Bullets,27465.6,480 keys,3,misc,Level 1-100 Hat,30173,2026-07-21T22:54:09,837.7,480.0,480.0,480.0,cosmetic,451.9598486095112,True
74,Spellbound,Bot Dogger,26321.2,460 keys,3,misc,Level 1-100 Hat,30018,2026-07-21T22:54:09,802.8,460.0,460.0,460.0,cosmetic,433.12818825078165,True
74,Spellbound,Bombing Run,25176.8,440 keys,3,misc,Level 1-100 Helmet,249,2026-07-21T22:54:09,767.89,440.0,440.0,440.0,cosmetic,414.296527892052,True
74,Spellbound,Electric Escorter,24604.6,430 keys,3,misc,Level 1-100 Hat,30025,2026-07-21T22:54:09,750.44,430.0,430.0,430.0,cosmetic,404.88069771268715,True
74,Spellbound,Kiss King,24604.6,430 keys,1,misc,Level 1-100 Hat,30313,2026-07-21T22:54:09,750.44,430.0,430.0,430.0,cosmetic,404.88069771268715,True
74,Spellbound,Bunsen Brave,22888.0,400 keys,2,misc,Level 1-100 Hat,30054,2026-07-21T22:54:09,698.08,400.0,400.0,400.0,cosmetic,376.6332071745927,True
74,Spellbound,Master's Yellow Belt,22888.0,400 keys,3,misc,Level 1-100 Hat,110,2026-07-21T22:54:09,698.08,400.0,400.0,400.0,cosmetic,376.6332071745927,True
74,Spellbound,Powdered Practitioner,22029.7,385 keys,1,misc,Level 1-100 Hat,30069,2026-07-21T22:54:09,671.91,385.0,385.0,385.0,cosmetic,362.5094619055455,True
74,Spellbound,Berliner's Bucket Helm,20027.0,350 keys,1,misc,Level 1-100 Helmet,303,2026-07-21T22:54:09,610.82,350.0,350.0,350.0,cosmetic,329.5540562777686,True
74,Spellbound,Bootleg Base Metal Billycock,18882.6,330 keys,2,misc,Level 1-100 Hat,30047,2026-07-21T22:54:09,575.92,330.0,330.0,330.0,cosmetic,310.72239591903895,True
74,Spellbound,Ol' Snaggletooth,17537.93,267–346 keys,1,misc,Level 1-100 Hat,229,2026-07-21T22:54:09,534.91,267.0,346.0,306.5,cosmetic,288.5951949975317,True
74,Spellbound,Berlin Brain Bowl,17166.0,300 keys,0,misc,Level 1-100 Headgear,30755,2026-07-21T22:54:09,523.56,300.0,300.0,300.0,cosmetic,282.4749053809445,True
74,Spellbound,Charmer's Chapeau,17166.0,300 keys,3,misc,Level 1-100 Hat,397,2026-07-21T22:54:09,523.56,300.0,300.0,300.0,cosmetic,282.4749053809445,True
74,Spellbound,Field Practice,17166.0,300 keys,0,misc,Level 1-100 Headgear,30862,2026-07-21T22:54:09,523.56,300.0,300.0,300.0,cosmetic,282.4749053809445,True
74,Spellbound,Gentleman's Ushanka,17166.0,300 keys,2,misc,Level 1-100 Hat,778,2026-07-21T22:54:09,523.56,300.0,300.0,300.0,cosmetic,282.4749053809445,True
74,Spellbound,Defiant Spartan,16593.8,290 keys,0,misc,Level 1-100 Helmet,340,2026-07-21T22:54:09,506.11,290.0,290.0,290.0,cosmetic,273.0590752015797,True
74,Spellbound,El Jefe,16450.75,275–300 keys,2,misc,Level 10 Hat,539,2026-07-21T22:54:09,501.75,275.0,300.0,287.5,cosmetic,270.7051176567385,True
74,Spellbound,Bear Necessities,16021.6,280 keys,1,misc,Level 1-100 Spirit Animal,30122,2026-07-21T22:54:09,488.66,280.0,280.0,280.0,cosmetic,263.6432450222149,True
74,Spellbound,Rotation Sensation,16021.6,280 keys,0,misc,Level 1-100 Hat,30623,2026-07-21T22:54:09,488.66,280.0,280.0,280.0,cosmetic,263.6432450222149,True
74,Spellbound,Valley Forge,15964.38,279 keys,2,misc,Level 1-100 Hat,30114,2026-07-21T22:54:09,486.91,279.0,279.0,279.0,cosmetic,262.7016620042784,True
74,Spellbound,Human Cannonball,15449.4,270 keys,1,misc,Level 1-100 Helmet,817,2026-07-21T22:54:09,471.21,270.0,270.0,270.0,cosmetic,254.22741484285007,True
74,Spellbound,Black Watch,13732.8,240 keys,0,misc,Level 1-100 Hat,30105,2026-07-21T22:54:09,418.85,240.0,240.0,240.0,cosmetic,225.9799243047556,True
74,Spellbound,Killer's Kabuto,13618.36,238 keys,1,misc,Level 1-100 Helmet,152,2026-07-21T22:54:09,415.36,238.0,238.0,238.0,cosmetic,224.09675826888267,True
74,Spellbound,Hive Minder,13446.7,235 keys,2,misc,Level 1-100 Hat,30093,2026-07-21T22:54:09,410.12,235.0,235.0,235.0,cosmetic,221.27200921507324,True
74,Spellbound,Conjurer's Cowl,13389.48,234 keys,1,misc,Level 1-100 Hood,465,2026-07-21T22:54:09,408.38,234.0,234.0,234.0,cosmetic,220.33042619713672,True
74,Spellbound,Bolted Birdcage,13160.6,230 keys,2,misc,Level 1-100 Hat,30057,2026-07-21T22:54:09,401.4,230.0,230.0,230.0,cosmetic,216.56409412539082,True
74,Spellbound,Texas Tin-Gallon,12588.4,220 keys,3,misc,Level 1-100 Hat,30044,2026-07-21T22:54:09,383.95,220.0,220.0,220.0,cosmetic,207.148263946026,True
74,Spellbound,Classy Capper,12302.3,215 keys,0,misc,Level 1-100 Hat,30893,2026-07-21T22:54:09,375.22,215.0,215.0,215.0,cosmetic,202.44034885634358,True
74,Spellbound,Tyrantium Helmet,12302.3,200–230 keys,2,misc,Level 1-100 Helmet,30014,2026-07-21T22:54:09,375.22,200.0,230.0,215.0,cosmetic,202.44034885634358,True
74,Spellbound,Smokey Sombrero,11444.0,200 keys,1,misc,Level 1-100 Hat,30682,2026-07-21T22:54:09,349.04,200.0,200.0,200.0,cosmetic,188.31660358729636,True
74,Spellbound,Noble Nickel Amassment of Hats,10013.5,175 keys,1,misc,Level 1-100 Hat,30006,2026-07-21T22:54:09,305.41,175.0,175.0,175.0,cosmetic,164.7770281388843,True
74,Spellbound,Tyrant's Helm,9612.96,168 keys,1,misc,Level 1-100 Helmet,99,2026-07-21T22:54:09,293.2,168.0,168.0,168.0,cosmetic,158.18594701332893,True
74,Spellbound,Tungsten Toque,9441.3,165 keys,1,misc,Level 1-100 Hat,30049,2026-07-21T22:54:09,287.96,165.0,165.0,165.0,cosmetic,155.36119795951947,True
74,Spellbound,Ye Olde Baker Boy,9441.3,160–170 keys,1,misc,Level 1-100 Hat,107,2026-07-21T22:54:09,287.96,160.0,170.0,165.0,cosmetic,155.36119795951947,True
74,Spellbound,Frenchman's Beret,8583.0,150 keys,2,misc,Level 1-100 Hat,180,2026-07-21T22:54:09,261.78,150.0,150.0,150.0,cosmetic,141.23745269047225,True
74,Spellbound,Geisha Boy,8583.0,150 keys,2,misc,Level 1-100 Hair,363,2026-07-21T22:54:09,261.78,150.0,150.0,150.0,cosmetic,141.23745269047225,True
74,Spellbound,Voodoo JuJu (Slight Return),8010.8,140 keys,1,misc,Level 1-100 Hat,935,2026-07-21T22:54:09,244.33,140.0,140.0,140.0,cosmetic,131.82162251110745,True
74,Spellbound,Soldier's Slope Scopers,7696.09,125–144 keys,1,misc,Level 1-100 Hat,980,2026-07-21T22:54:09,234.73,125.0,144.0,134.5,cosmetic,126.6429159124568,True
74,Spellbound,Firewall Helmet,7438.6,130 keys,2,misc,Level 1-100 Helmet,30038,2026-07-21T22:54:09,226.88,130.0,130.0,130.0,cosmetic,122.40579233174263,True
74,Spellbound,Lord Cockswain's Pith Helmet,7324.16,128 keys,2,misc,Level 1-100 Headgear,439,2026-07-21T22:54:09,223.39,128.0,128.0,128.0,cosmetic,120.52262629586967,True
74,Spellbound,Pom-Pommed Provocateur,7209.72,108–144 keys,1,misc,Level 1-100 Mask,30072,2026-07-21T22:54:09,219.9,108.0,144.0,126.0,cosmetic,118.63946025999671,True
74,Spellbound,Attendant,6980.84,122 keys,1,misc,Level 1-100 Hat,213,2026-07-21T22:54:09,212.92,122.0,122.0,122.0,cosmetic,114.87312818825077,True
74,Spellbound,Cyborg Stunt Helmet,6923.62,121 keys,1,misc,Level 1-100 Helmet,30024,2026-07-21T22:54:09,211.17,121.0,121.0,121.0,cosmetic,113.9315451703143,True
74,Spellbound,Engineer's Cap,6866.4,120 keys,3,misc,Level 1-100 Hat,95,2026-07-21T22:54:09,209.43,120.0,120.0,120.0,cosmetic,112.9899621523778,True
74,Spellbound,Glasgow Great Helm,6866.4,120 keys,2,misc,Level 1-100 Helmet,30082,2026-07-21T22:54:09,209.43,120.0,120.0,120.0,cosmetic,112.9899621523778,True
74,Spellbound,Private Eye,6866.4,120 keys,1,misc,Level 1-100 Hat,388,2026-07-21T22:54:09,209.43,120.0,120.0,120.0,cosmetic,112.9899621523778,True
74,Spellbound,Respectless Robo-Glove,6694.74,117 keys,1,misc,Level 1-100 Hat,30039,2026-07-21T22:54:09,204.19,117.0,117.0,117.0,cosmetic,110.16521309856836,True
74,Spellbound,Handyman's Handle,6380.03,100–123 keys,2,misc,Level 1-100 Hat,253,2026-07-21T22:54:09,194.59,100.0,123.0,111.5,cosmetic,104.98650649991771,True
74,Spellbound,Bullet Buzz,5722.0,100 keys,1,misc,Level 1-100 Hair,30344,2026-07-21T22:54:09,174.52,100.0,100.0,100.0,cosmetic,94.15830179364818,True
74,Spellbound,Buccaneer's Bicorne,5435.9,95 keys,1,misc,Level 10 Hat,607,2026-07-21T22:54:09,165.79,95.0,95.0,95.0,cosmetic,89.45038670396576,True
74,Spellbound,Officer's Ushanka,5435.9,95 keys,1,misc,Level 1-100 Hat,96,2026-07-21T22:54:09,165.79,95.0,95.0,95.0,cosmetic,89.45038670396576,True
74,Spellbound,Battle Boonie,4863.7,85 keys,1,misc,Level 1-100 Hat,30907,2026-07-21T22:54:09,148.34,85.0,85.0,85.0,cosmetic,80.03455652460094,True
74,Spellbound,Stainless Pot,4577.6,80 keys,1,misc,Level 1-100 Hat,98,2026-07-21T22:54:09,139.62,80.0,80.0,80.0,cosmetic,75.32664143491854,True
74,Spellbound,Otolaryngologist's Mirror,4520.38,79 keys,2,misc,Level 1-100 Hat,104,2026-07-21T22:54:09,137.87,79.0,79.0,79.0,cosmetic,74.38505841698206,True
74,Spellbound,Pardner's Pompadour,4405.94,77 keys,3,misc,Level 1-100 Hair,30099,2026-07-21T22:54:09,134.38,77.0,77.0,77.0,cosmetic,72.50189238110909,True
74,Spellbound,Liquidator's Lid,3719.3,63–67 keys,1,misc,Level 1-100 Hat,779,2026-07-21T22:54:09,113.44,63.0,67.0,65.0,cosmetic,61.202896165871316,True
74,Spellbound,Virus Doctor,3719.3,65 keys,1,misc,Level 1-100 Hat,30043,2026-07-21T22:54:09,113.44,65.0,65.0,65.0,cosmetic,61.202896165871316,True
74,Spellbound,Sober Stuntman,3547.64,58–66 keys,2,misc,Level 1-100 Helmet,255,2026-07-21T22:54:09,108.2,58.0,66.0,62.0,cosmetic,58.37814711206187,True
74,Spellbound,Plumber's Pipe,3118.49,50–59 keys,1,misc,Level 1-100 Hat,30022,2026-07-21T22:54:09,95.11,50.0,59.0,54.5,cosmetic,51.31627447753825,True
74,Spellbound,Timeless Topper,2546.29,43–46 keys,1,misc,Level 1-100 Hat,30035,2026-07-21T22:54:09,77.66,43.0,46.0,44.5,cosmetic,41.90044429817344,True
74,Spellbound,Plug-In Prospector,2517.68,41–47 keys,2,misc,Level 1-100 Hat,30031,2026-07-21T22:54:09,76.79,41.0,47.0,44.0,cosmetic,41.42965278920519,True
74,Spellbound,Cranial Carcharodon,,,1,misc,Level 1-100 Hat,30800,2026-07-21T22:54:09,,,,,cosmetic,,False
76,Poisoned Shadows,Antlers,1018516.0,17800 keys,4,misc,Level 1-100 Cosmetic Item,993,2026-07-21T22:54:09,31064.74,17800.0,17800.0,17800.0,cosmetic,16760.177719269377,True
76,Poisoned Shadows,Whirly Warrior,489231.0,8550 keys,1,misc,Level 1-100 Helmet,30118,2026-07-21T22:54:09,14921.55,8550.0,8550.0,8550.0,cosmetic,8050.534803356919,True
76,Poisoned Shadows,Blighted Beak,444599.4,7770 keys,4,misc,Level 1-100 Mask,315,2026-07-21T22:54:09,13560.28,7770.0,7770.0,7770.0,cosmetic,7316.100049366463,True
76,Poisoned Shadows,Patriot Peak,434872.0,7600 keys,0,misc,Level 1-100 Hat,30743,2026-07-21T22:54:09,13263.6,7600.0,7600.0,7600.0,cosmetic,7156.030936317262,True
76,Poisoned Shadows,Hong Kong Cone,383374.0,6700 keys,3,misc,Level 1-100 Hat,30177,2026-07-21T22:54:09,11692.91,6700.0,6700.0,6700.0,cosmetic,6308.606220174428,True
76,Poisoned Shadows,Pyromancer's Mask,360486.0,6300 keys,3,misc,Level 1-100 Mask,316,2026-07-21T22:54:09,10994.82,6300.0,6300.0,6300.0,cosmetic,5931.973012999835,True
76,Poisoned Shadows,Brotherhood of Arms,297544.0,5200 keys,4,misc,Level 1-100 Hat,30066,2026-07-21T22:54:09,9075.09,5200.0,5200.0,5200.0,cosmetic,4896.231693269705,True
76,Poisoned Shadows,Hustler's Hallmark,281808.5,4925 keys,1,misc,Level 1-100 Hat,146,2026-07-21T22:54:09,8595.16,4925.0,4925.0,4925.0,cosmetic,4637.296363337173,True
76,Poisoned Shadows,Salty Dog,274656.0,4800 keys,3,misc,Level 10 Hat,611,2026-07-21T22:54:09,8377.01,4800.0,4800.0,4800.0,cosmetic,4519.598486095112,True
76,Poisoned Shadows,Cold Killer,228880.0,4000 keys,2,misc,Level 1-100 Hat,981,2026-07-21T22:54:09,6980.84,4000.0,4000.0,4000.0,cosmetic,3766.332071745927,True
76,Poisoned Shadows,Large Luchador,228880.0,4000 keys,2,misc,Level 1-100 Mask,380,2026-07-21T22:54:09,6980.84,4000.0,4000.0,4000.0,cosmetic,3766.332071745927,True
76,Poisoned Shadows,Tyrant's Helm,200270.0,3500 keys,1,misc,Level 1-100 Helmet,99,2026-07-21T22:54:09,6108.23,3500.0,3500.0,3500.0,cosmetic,3295.5405627776863,True
76,Poisoned Shadows,Flipped Trilby,197409.0,3450 keys,2,misc,Level 1-100 Hat,324,2026-07-21T22:54:09,6020.97,3450.0,3450.0,3450.0,cosmetic,3248.461411880862,True
76,Poisoned Shadows,Blast Defense,188826.0,3300 keys,0,misc,Level 1-100 Headgear,30863,2026-07-21T22:54:09,5759.19,3300.0,3300.0,3300.0,cosmetic,3107.22395919039,True
76,Poisoned Shadows,A Rather Festive Tree,177095.9,3095 keys,1,misc,Level 1-100 Hat,341,2026-07-21T22:54:09,5401.42,3095.0,3095.0,3095.0,cosmetic,2914.199440513411,True
76,Poisoned Shadows,Spook Specs,148772.0,2600 keys,1,misc,Level 1-100 Hat,30390,2026-07-21T22:54:09,4537.55,2600.0,2600.0,2600.0,cosmetic,2448.1158466348525,True
76,Poisoned Shadows,Armored Authority,114440.0,2000 keys,1,misc,Level 1-100 Helmet,445,2026-07-21T22:54:09,3490.42,2000.0,2000.0,2000.0,cosmetic,1883.1660358729634,True
76,Poisoned Shadows,Pomade Prince,114440.0,2000 keys,1,misc,Level 1-100 Hair,30428,2026-07-21T22:54:09,3490.42,2000.0,2000.0,2000.0,cosmetic,1883.1660358729634,True
76,Poisoned Shadows,Soldier's Slope Scopers,114440.0,2000 keys,3,misc,Level 1-100 Hat,980,2026-07-21T22:54:09,3490.42,2000.0,2000.0,2000.0,cosmetic,1883.1660358729634,True
76,Poisoned Shadows,Feathered Fiend,105857.0,1850 keys,1,misc,Level 1-100 Headgear,30903,2026-07-21T22:54:09,3228.64,1850.0,1850.0,1850.0,cosmetic,1741.9285831824914,True
76,Poisoned Shadows,Hat of Cards,94413.0,1650 keys,2,misc,Level 1-100 Hat,825,2026-07-21T22:54:09,2879.6,1650.0,1650.0,1650.0,cosmetic,1553.611979595195,True
76,Poisoned Shadows,Officer's Ushanka,92982.5,1625 keys,3,misc,Level 1-100 Hat,96,2026-07-21T22:54:09,2835.97,1625.0,1625.0,1625.0,cosmetic,1530.072404146783,True
76,Poisoned Shadows,Liquidator's Lid,91552.0,1600 keys,1,misc,Level 1-100 Hat,779,2026-07-21T22:54:09,2792.34,1600.0,1600.0,1600.0,cosmetic,1506.5328286983708,True
76,Poisoned Shadows,Universal Translator,91552.0,1600 keys,0,misc,Level 1-100 Hat,30658,2026-07-21T22:54:09,2792.34,1600.0,1600.0,1600.0,cosmetic,1506.5328286983708,True
76,Poisoned Shadows,Reggaelator,90693.7,1585 keys,2,misc,Level 1-100 Hat,390,2026-07-21T22:54:09,2766.16,1585.0,1585.0,1585.0,cosmetic,1492.4090834293236,True
76,Poisoned Shadows,Vintage Merryweather,88691.0,1550 keys,1,misc,Level 1-100 Helmet,182,2026-07-21T22:54:09,2705.08,1550.0,1550.0,1550.0,cosmetic,1459.4536778015467,True
76,Poisoned Shadows,Cosa Nostra Cap,85830.0,1500 keys,4,misc,Level 1-100 Hat,459,2026-07-21T22:54:09,2617.82,1500.0,1500.0,1500.0,cosmetic,1412.3745269047226,True
76,Poisoned Shadows,Data Mining Light,85830.0,1500 keys,3,misc,Level 1-100 Helmet,30051,2026-07-21T22:54:09,2617.82,1500.0,1500.0,1500.0,cosmetic,1412.3745269047226,True
76,Poisoned Shadows,Master's Yellow Belt,85830.0,1500 keys,2,misc,Level 1-100 Hat,110,2026-07-21T22:54:09,2617.82,1500.0,1500.0,1500.0,cosmetic,1412.3745269047226,True
76,Poisoned Shadows,Triboniophorus Tyrannus,85830.0,1500 keys,2,misc,Level 1-100 Mascot,151,2026-07-21T22:54:09,2617.82,1500.0,1500.0,1500.0,cosmetic,1412.3745269047226,True
76,Poisoned Shadows,Brim-Full of Bullets,82969.0,1450 keys,1,misc,Level 1-100 Hat,30173,2026-07-21T22:54:09,2530.55,1450.0,1450.0,1450.0,cosmetic,1365.2953760078985,True
76,Poisoned Shadows,Anger,81252.4,990–1850 keys,4,misc,Level 10 Hood,518,2026-07-21T22:54:09,2478.2,990.0,1850.0,1420.0,cosmetic,1337.047885469804,True
76,Poisoned Shadows,Medic's Mountain Cap,81252.4,1420 keys,2,misc,Level 1-100 Hat,381,2026-07-21T22:54:09,2478.2,1420.0,1420.0,1420.0,cosmetic,1337.047885469804,True
76,Poisoned Shadows,Gentleman's Gatsby,80108.0,1400 keys,4,misc,Level 1-100 Hat,184,2026-07-21T22:54:09,2443.29,1400.0,1400.0,1400.0,cosmetic,1318.2162251110744,True
76,Poisoned Shadows,Scotch Bonnet,80108.0,1400 keys,1,misc,Level 1-100 Headgear,306,2026-07-21T22:54:09,2443.29,1400.0,1400.0,1400.0,cosmetic,1318.2162251110744,True
76,Poisoned Shadows,Towering Pillar of Hats,80108.0,1400 keys,3,misc,Level 1-100 Hat,135,2026-07-21T22:54:09,2443.29,1400.0,1400.0,1400.0,cosmetic,1318.2162251110744,True
76,Poisoned Shadows,Wet Works,78677.5,1375 keys,2,misc,Level 1-100 Hat,30135,2026-07-21T22:54:09,2399.66,1375.0,1375.0,1375.0,cosmetic,1294.6766496626624,True
76,Poisoned Shadows,Executioner,77533.1,1355 keys,6,misc,Level 1-100 Hat,921,2026-07-21T22:54:09,2364.76,1355.0,1355.0,1355.0,cosmetic,1275.8449893039328,True
76,Poisoned Shadows,Powdered Practitioner,77247.0,1350 keys,1,misc,Level 1-100 Hat,30069,2026-07-21T22:54:09,2356.03,1350.0,1350.0,1350.0,cosmetic,1271.1370742142503,True
76,Poisoned Shadows,Backwards Ballcap,74386.0,1300 keys,2,misc,Level 10 Hat,617,2026-07-21T22:54:09,2268.77,1300.0,1300.0,1300.0,cosmetic,1224.0579233174262,True
76,Poisoned Shadows,Killer Exclusive,74386.0,1300 keys,1,misc,Level 10 Hat,538,2026-07-21T22:54:09,2268.77,1300.0,1300.0,1300.0,cosmetic,1224.0579233174262,True
76,Poisoned Shadows,Noble Amassment of Hats,74386.0,1300 keys,3,misc,Level 1-100 Hat,137,2026-07-21T22:54:09,2268.77,1300.0,1300.0,1300.0,cosmetic,1224.0579233174262,True
76,Poisoned Shadows,Conjurer's Cowl,71525.0,1250 keys,4,misc,Level 1-100 Hood,465,2026-07-21T22:54:09,2181.51,1250.0,1250.0,1250.0,cosmetic,1176.9787724206021,True
76,Poisoned Shadows,Virtual Reality Headset,68664.0,1200 keys,1,misc,Level 10 Headset,628,2026-07-21T22:54:09,2094.25,1200.0,1200.0,1200.0,cosmetic,1129.899621523778,True
76,Poisoned Shadows,Détective Noir,65803.0,1150 keys,1,misc,Level 1-100 Hat,319,2026-07-21T22:54:09,2006.99,1150.0,1150.0,1150.0,cosmetic,1082.820470626954,True
76,Poisoned Shadows,Shooter's Sola Topi,64372.5,1100–1150 keys,1,misc,Level 1-100 Helmet,158,2026-07-21T22:54:09,1963.36,1100.0,1150.0,1125.0,cosmetic,1059.280895178542,True
76,Poisoned Shadows,Prince Tavish's Crown,62942.0,1100 keys,3,misc,Level 1-100 Hat,342,2026-07-21T22:54:09,1919.73,1100.0,1100.0,1100.0,cosmetic,1035.74131973013,True
76,Poisoned Shadows,Stout Shako,62942.0,1100 keys,2,misc,Level 1-100 Hat,251,2026-07-21T22:54:09,1919.73,1100.0,1100.0,1100.0,cosmetic,1035.74131973013,True
76,Poisoned Shadows,Tyrantium Helmet,62942.0,1100 keys,1,misc,Level 1-100 Helmet,30014,2026-07-21T22:54:09,1919.73,1100.0,1100.0,1100.0,cosmetic,1035.74131973013,True
76,Poisoned Shadows,Brainiac Hairpiece,61854.82,1081 keys,1,misc,Level 1-100 Facial Hair,590,2026-07-21T22:54:09,1886.57,1081.0,1081.0,1081.0,cosmetic,1017.8512423893368,True
76,Poisoned Shadows,Desert Marauder,60081.0,1050 keys,2,misc,Level 1-100 Hat,400,2026-07-21T22:54:09,1832.47,1050.0,1050.0,1050.0,cosmetic,988.6621688333058,True
76,Poisoned Shadows,Mask of the Shaman,60081.0,1050 keys,1,misc,Level 10 Mask,514,2026-07-21T22:54:09,1832.47,1050.0,1050.0,1050.0,cosmetic,988.6621688333058,True
76,Poisoned Shadows,L'Inspecteur,57220.0,1000 keys,3,misc,Level 10 Hat,622,2026-07-21T22:54:09,1745.21,1000.0,1000.0,1000.0,cosmetic,941.5830179364817,True
76,Poisoned Shadows,Shooter's Tin Topi,57220.0,1000 keys,2,misc,Level 1-100 Hat,30005,2026-07-21T22:54:09,1745.21,1000.0,1000.0,1000.0,cosmetic,941.5830179364817,True
76,Poisoned Shadows,Bot Dogger,55503.4,970 keys,3,misc,Level 1-100 Hat,30018,2026-07-21T22:54:09,1692.85,970.0,970.0,970.0,cosmetic,913.3355273983873,True
76,Poisoned Shadows,Outta Sight,55360.35,835–1100 keys,1,misc,Level 1-100 Hat,30628,2026-07-21T22:54:09,1688.49,835.0,1100.0,967.5,cosmetic,910.981569853546,True
76,Poisoned Shadows,Modest Pile of Hat,53786.8,940 keys,1,misc,Level 1-100 Hat,139,2026-07-21T22:54:09,1640.5,940.0,940.0,940.0,cosmetic,885.088036860293,True
76,Poisoned Shadows,Safe'n'Sound,52928.5,925 keys,2,misc,Level 1-100 Hat,178,2026-07-21T22:54:09,1614.32,925.0,925.0,925.0,cosmetic,870.9642915912457,True
76,Poisoned Shadows,One-Man Army,49323.64,862 keys,0,misc,Level 10 Hair,601,2026-07-21T22:54:09,1504.37,862.0,862.0,862.0,cosmetic,811.6445614612472,True
76,Poisoned Shadows,Old Guadalajara,48637.0,850 keys,3,misc,Level 1-100 Hat,247,2026-07-21T22:54:09,1483.43,850.0,850.0,850.0,cosmetic,800.3455652460095,True
76,Poisoned Shadows,Swagman's Swatter,47206.5,825 keys,4,misc,Level 10 Hat,626,2026-07-21T22:54:09,1439.8,825.0,825.0,825.0,cosmetic,776.8059897975975,True
76,Poisoned Shadows,Tough Guy's Toque,47206.5,825 keys,2,misc,Level 1-100 Hat,97,2026-07-21T22:54:09,1439.8,825.0,825.0,825.0,cosmetic,776.8059897975975,True
76,Poisoned Shadows,Carouser's Capotain,45776.0,800 keys,2,misc,Level 1-100 Hat,259,2026-07-21T22:54:09,1396.17,800.0,800.0,800.0,cosmetic,753.2664143491854,True
76,Poisoned Shadows,Das Gutenkutteharen,45776.0,800 keys,4,misc,Level 1-100 Hair,30127,2026-07-21T22:54:09,1396.17,800.0,800.0,800.0,cosmetic,753.2664143491854,True
76,Poisoned Shadows,Das Übersternmann,45776.0,800 keys,3,misc,Level 1-100 Hat,30097,2026-07-21T22:54:09,1396.17,800.0,800.0,800.0,cosmetic,753.2664143491854,True
76,Poisoned Shadows,Outdoorsman,45776.0,800 keys,3,misc,Level 10 Hat,603,2026-07-21T22:54:09,1396.17,800.0,800.0,800.0,cosmetic,753.2664143491854,True
76,Poisoned Shadows,Teutonic Toque,45776.0,800 keys,1,misc,Level 1-100 Hat,30351,2026-07-21T22:54:09,1396.17,800.0,800.0,800.0,cosmetic,753.2664143491854,True
76,Poisoned Shadows,Dr's Dapper Topper,43029.44,752 keys,4,misc,Level 1-100 Hat,252,2026-07-21T22:54:09,1312.4,752.0,752.0,752.0,cosmetic,708.0704294882344,True
76,Poisoned Shadows,Brigade Helm,42915.0,750 keys,2,misc,Level 1-100 Helmet,105,2026-07-21T22:54:09,1308.91,750.0,750.0,750.0,cosmetic,706.1872634523613,True
76,Poisoned Shadows,Ye Oiled Baker Boy,40054.0,700 keys,2,misc,Level 1-100 Hat,30019,2026-07-21T22:54:09,1221.65,700.0,700.0,700.0,cosmetic,659.1081125555372,True
76,Poisoned Shadows,Base Metal Billycock,39596.24,692 keys,4,misc,Level 1-100 Hat,30007,2026-07-21T22:54:09,1207.69,692.0,692.0,692.0,cosmetic,651.5754484120454,True
76,Poisoned Shadows,Steel Shako,39195.7,610–760 keys,2,misc,Level 1-100 Hat,30017,2026-07-21T22:54:09,1195.47,610.0,760.0,685.0,cosmetic,644.9843672864899,True
76,Poisoned Shadows,Buckaroo's Hat,38909.6,680 keys,3,misc,Level 1-100 Hat,322,2026-07-21T22:54:09,1186.74,680.0,680.0,680.0,cosmetic,640.2764521968076,True
76,Poisoned Shadows,Whoopee Cap,38909.6,680 keys,1,misc,Level 1-100 Hat,174,2026-07-21T22:54:09,1186.74,680.0,680.0,680.0,cosmetic,640.2764521968076,True
76,Poisoned Shadows,Metal Slug,37650.76,658 keys,2,misc,Level 1-100 Hat,30028,2026-07-21T22:54:09,1148.35,658.0,658.0,658.0,cosmetic,619.5616258022051,True
76,Poisoned Shadows,Little Buddy,37193.0,650 keys,2,misc,Level 10 Hat,612,2026-07-21T22:54:09,1134.39,650.0,650.0,650.0,cosmetic,612.0289616587131,True
76,Poisoned Shadows,Valley Forge,35762.5,625 keys,1,misc,Level 1-100 Hat,30114,2026-07-21T22:54:09,1090.76,625.0,625.0,625.0,cosmetic,588.4893862103011,True
76,Poisoned Shadows,Fat Man's Field Cap,35476.4,620 keys,2,misc,Level 1-100 Hat,30911,2026-07-21T22:54:09,1082.03,620.0,620.0,620.0,cosmetic,583.7814711206187,True
76,Poisoned Shadows,Birdcage,34904.2,610 keys,2,misc,Level 10 Hat,615,2026-07-21T22:54:09,1064.58,610.0,610.0,610.0,cosmetic,574.3656409412538,True
76,Poisoned Shadows,Black Watch,34332.0,600 keys,3,misc,Level 1-100 Hat,30105,2026-07-21T22:54:09,1047.13,600.0,600.0,600.0,cosmetic,564.949810761889,True
76,Poisoned Shadows,Sober Stuntman,34332.0,600 keys,3,misc,Level 1-100 Helmet,255,2026-07-21T22:54:09,1047.13,600.0,600.0,600.0,cosmetic,564.949810761889,True
76,Poisoned Shadows,Hat with No Name,34045.9,540–650 keys,1,misc,Level 10 Hat,631,2026-07-21T22:54:09,1038.4,540.0,650.0,595.0,cosmetic,560.2418956722066,True
76,Poisoned Shadows,Tough Stuff Muffs,33759.8,580–600 keys,1,misc,Level 1-100 Hat,984,2026-07-21T22:54:09,1029.67,580.0,600.0,590.0,cosmetic,555.5339805825242,True
76,Poisoned Shadows,Hottie's Hoodie,33473.7,500–670 keys,1,misc,Level 1-100 Hood,377,2026-07-21T22:54:09,1020.95,500.0,670.0,585.0,cosmetic,550.8260654928417,True
76,Poisoned Shadows,Tam O' Shanter,33187.6,580 keys,1,misc,Level 1-100 Hat,480,2026-07-21T22:54:09,1012.22,580.0,580.0,580.0,cosmetic,546.1181504031593,True
76,Poisoned Shadows,Modest Metal Pile of Scrap,32615.4,570 keys,1,misc,Level 1-100 Hat,30001,2026-07-21T22:54:09,994.77,570.0,570.0,570.0,cosmetic,536.7023202237947,True
76,Poisoned Shadows,Hive Minder,31471.0,550 keys,2,misc,Level 1-100 Hat,30093,2026-07-21T22:54:09,959.87,550.0,550.0,550.0,cosmetic,517.870659865065,True
76,Poisoned Shadows,Charmer's Chapeau,30040.5,525 keys,1,misc,Level 1-100 Hat,397,2026-07-21T22:54:09,916.24,525.0,525.0,525.0,cosmetic,494.3310844166529,True
76,Poisoned Shadows,Counterfeit Billycock,30040.5,400–650 keys,0,misc,Level 10 Hat,602,2026-07-21T22:54:09,916.24,400.0,650.0,525.0,cosmetic,494.3310844166529,True
76,Poisoned Shadows,Harmburg,30040.5,500–550 keys,4,misc,Level 1-100 Hat,30123,2026-07-21T22:54:09,916.24,500.0,550.0,525.0,cosmetic,494.3310844166529,True
76,Poisoned Shadows,B'aaarrgh-n-Bicorne,29868.84,522 keys,1,misc,Level 1-100 Hat,30718,2026-07-21T22:54:09,911.0,522.0,522.0,522.0,cosmetic,491.50633536284346,True
76,Poisoned Shadows,Nunhood,28610.0,500 keys,1,misc,Level 1-100 Hat,30311,2026-07-21T22:54:09,872.61,500.0,500.0,500.0,cosmetic,470.79150896824086,True
76,Poisoned Shadows,Pencil Pusher,28610.0,500 keys,1,misc,Level 10 Hair,605,2026-07-21T22:54:09,872.61,500.0,500.0,500.0,cosmetic,470.79150896824086,True
76,Poisoned Shadows,Stainless Pot,28610.0,500 keys,3,misc,Level 1-100 Hat,98,2026-07-21T22:54:09,872.61,500.0,500.0,500.0,cosmetic,470.79150896824086,True
76,Poisoned Shadows,Big Country,28438.34,497 keys,2,misc,Level 1-100 Hair,382,2026-07-21T22:54:09,867.37,497.0,497.0,497.0,cosmetic,467.96675991443146,True
76,Poisoned Shadows,Professor's Peculiarity,28037.8,490 keys,3,misc,Level 1-100 Hair,384,2026-07-21T22:54:09,855.15,490.0,490.0,490.0,cosmetic,461.37567878887603,True
76,Poisoned Shadows,Exquisite Rack,26664.52,466 keys,1,misc,Level 1-100 Cosmetic Item,339,2026-07-21T22:54:09,813.27,466.0,466.0,466.0,cosmetic,438.7776863584005,True
76,Poisoned Shadows,Trencher's Topper,26321.2,460 keys,1,misc,Level 1-100 Helmet,30336,2026-07-21T22:54:09,802.8,460.0,460.0,460.0,cosmetic,433.12818825078165,True
76,Poisoned Shadows,Helmet without a Home,25749.0,450 keys,2,misc,Level 1-100 Helmet,732,2026-07-21T22:54:09,785.34,450.0,450.0,450.0,cosmetic,423.7123580714168,True
76,Poisoned Shadows,Respectless Robo-Glove,25749.0,450 keys,3,misc,Level 1-100 Hat,30039,2026-07-21T22:54:09,785.34,450.0,450.0,450.0,cosmetic,423.7123580714168,True
76,Poisoned Shadows,Buccaneer's Bicorne,25176.8,440 keys,1,misc,Level 10 Hat,607,2026-07-21T22:54:09,767.89,440.0,440.0,440.0,cosmetic,414.296527892052,True
76,Poisoned Shadows,Horrific Headsplitter,25176.8,440 keys,2,misc,Level 31 Hat,291,2026-07-21T22:54:09,767.89,440.0,440.0,440.0,cosmetic,414.296527892052,True
76,Poisoned Shadows,Strontium Stove Pipe,24890.7,435 keys,1,misc,Level 1-100 Hat,30037,2026-07-21T22:54:09,759.17,435.0,435.0,435.0,cosmetic,409.5886128023696,True
76,Poisoned Shadows,Bomber's Bucket Hat,24833.48,434 keys,0,misc,Level 1-100 Hat,30547,2026-07-21T22:54:09,757.42,434.0,434.0,434.0,cosmetic,408.6470297844331,True
76,Poisoned Shadows,Soviet Gentleman,23460.2,410 keys,1,misc,Level 1-100 Hat,821,2026-07-21T22:54:09,715.54,410.0,410.0,410.0,cosmetic,386.04903735395754,True
76,Poisoned Shadows,Samur-Eye,22888.0,400 keys,2,misc,Level 1-100 Helmet,359,2026-07-21T22:54:09,698.08,400.0,400.0,400.0,cosmetic,376.6332071745927,True
76,Poisoned Shadows,Virus Doctor,22888.0,400 keys,3,misc,Level 1-100 Hat,30043,2026-07-21T22:54:09,698.08,400.0,400.0,400.0,cosmetic,376.6332071745927,True
76,Poisoned Shadows,Rebel Rouser,22029.7,385 keys,1,misc,Level 1-100 Hat,30120,2026-07-21T22:54:09,671.91,385.0,385.0,385.0,cosmetic,362.5094619055455,True
76,Poisoned Shadows,Barnstormer,21743.6,380 keys,2,misc,Level 1-100 Hat,988,2026-07-21T22:54:09,663.18,380.0,380.0,380.0,cosmetic,357.80154681586305,True
76,Poisoned Shadows,Texas Ten Gallon,21743.6,375–385 keys,2,misc,Level 1-100 Hat,94,2026-07-21T22:54:09,663.18,375.0,385.0,380.0,cosmetic,357.80154681586305,True
76,Poisoned Shadows,Brown Bomber,21561.639344262,322.99–430.65 keys,1,misc,Level 1-100 Hat,671,2026-07-21T22:54:09,,322.99,430.65,376.82,cosmetic,354.80729544614115,True
76,Poisoned Shadows,Nanobalaclava,21457.5,375 keys,2,misc,Level 10 Hat,521,2026-07-21T22:54:09,654.45,375.0,375.0,375.0,cosmetic,353.09363172618066,True
76,Poisoned Shadows,Big Elfin Deal,21171.4,370 keys,4,misc,Level 1-100 Hat,652,2026-07-21T22:54:09,645.73,370.0,370.0,370.0,cosmetic,348.3857166364983,True
76,Poisoned Shadows,Galvanized Gibus,20885.3,365 keys,2,misc,Level 1-100 Hat,30003,2026-07-21T22:54:09,637.0,365.0,365.0,365.0,cosmetic,343.67780154681583,True
76,Poisoned Shadows,Dragonborn Helmet,20027.0,350 keys,3,misc,Level 10 Helmet,517,2026-07-21T22:54:09,610.82,350.0,350.0,350.0,cosmetic,329.5540562777686,True
76,Poisoned Shadows,Glengarry Bonnet,19426.19,285–394 keys,1,misc,Level 1-100 Hat,100,2026-07-21T22:54:09,592.5,285.0,394.0,339.5,cosmetic,319.6674345894355,True
76,Poisoned Shadows,Front Runner,18596.5,305–345 keys,1,misc,Level 1-100 Hat,760,2026-07-21T22:54:09,567.19,305.0,345.0,325.0,cosmetic,306.01448082935656,True
76,Poisoned Shadows,Halogen Head Lamp,18596.5,325 keys,1,misc,Level 1-100 Hat,30041,2026-07-21T22:54:09,567.19,325.0,325.0,325.0,cosmetic,306.01448082935656,True
76,Poisoned Shadows,Electric Escorter,17738.2,310 keys,3,misc,Level 1-100 Hat,30025,2026-07-21T22:54:09,541.02,310.0,310.0,310.0,cosmetic,291.89073556030934,True
76,Poisoned Shadows,Voodoo JuJu (Slight Return),17309.05,280–325 keys,3,misc,Level 1-100 Hat,935,2026-07-21T22:54:09,527.93,280.0,325.0,302.5,cosmetic,284.8288629257857,True
76,Poisoned Shadows,Warhood,17166.0,300 keys,0,misc,Level 1-100 Hood,30866,2026-07-21T22:54:09,523.56,300.0,300.0,300.0,cosmetic,282.4749053809445,True
76,Poisoned Shadows,Industrial Festivizer,16021.6,230–330 keys,2,misc,Level 1-100 Hat,338,2026-07-21T22:54:09,488.66,230.0,330.0,280.0,cosmetic,263.6432450222149,True
76,Poisoned Shadows,Le Party Phantom,16021.6,280 keys,1,misc,Level 1-100 Mask,337,2026-07-21T22:54:09,488.66,280.0,280.0,280.0,cosmetic,263.6432450222149,True
76,Poisoned Shadows,Danger,15592.45,265–280 keys,1,misc,Level 1-100 Apparel,30420,2026-07-21T22:54:09,475.57,265.0,280.0,272.5,cosmetic,256.5813723876913,True
76,Poisoned Shadows,Das Hazmattenhatten,15163.3,265 keys,0,misc,Level 1-100 Safety Apparatus,30095,2026-07-21T22:54:09,462.48,265.0,265.0,265.0,cosmetic,249.51949975316765,True
76,Poisoned Shadows,Chieftain's Challenge,13160.6,230 keys,1,misc,Level 1-100 Hat,250,2026-07-21T22:54:09,401.4,230.0,230.0,230.0,cosmetic,216.56409412539082,True
76,Poisoned Shadows,Napper's Respite,12760.06,223 keys,2,misc,Level 1-100 Hat,248,2026-07-21T22:54:09,389.18,223.0,223.0,223.0,cosmetic,209.97301299983542,True
76,Poisoned Shadows,Kiss King,12702.84,222 keys,1,misc,Level 1-100 Hat,30313,2026-07-21T22:54:09,387.44,222.0,222.0,222.0,cosmetic,209.03142998189895,True
76,Poisoned Shadows,Bonk Boy,12073.42,211 keys,2,misc,Level 1-100 Mask,451,2026-07-21T22:54:09,368.24,211.0,211.0,211.0,cosmetic,198.67401678459765,True
76,Poisoned Shadows,Human Cannonball,11844.54,207 keys,1,misc,Level 1-100 Helmet,817,2026-07-21T22:54:09,361.26,207.0,207.0,207.0,cosmetic,194.90768471285173,True
76,Poisoned Shadows,Vintage Tyrolean,11444.0,200 keys,3,misc,Level 1-100 Hat,101,2026-07-21T22:54:09,349.04,200.0,200.0,200.0,cosmetic,188.31660358729636,True
76,Poisoned Shadows,Cyborg Stunt Helmet,11300.95,180–215 keys,1,misc,Level 1-100 Helmet,30024,2026-07-21T22:54:09,344.68,180.0,215.0,197.5,cosmetic,185.96264604245516,True
76,Poisoned Shadows,Flamboyant Flamenco,10585.7,185 keys,2,misc,Level 10 Hat,627,2026-07-21T22:54:09,322.86,185.0,185.0,185.0,cosmetic,174.19285831824914,True
76,Poisoned Shadows,Killer's Kabuto,10299.6,180 keys,1,misc,Level 1-100 Helmet,152,2026-07-21T22:54:09,314.14,180.0,180.0,180.0,cosmetic,169.48494322856672,True
76,Poisoned Shadows,Pyro's Boron Beanie,9870.45,170–175 keys,2,misc,Level 1-100 Hat,30040,2026-07-21T22:54:09,301.05,170.0,175.0,172.5,cosmetic,162.4230705940431,True
76,Poisoned Shadows,Furious Fukaamigasa,8811.88,154 keys,2,misc,Level 1-100 Hat,395,2026-07-21T22:54:09,268.76,154.0,154.0,154.0,cosmetic,145.00378476221817,True
76,Poisoned Shadows,Surgeon's Stahlhelm,8726.05,130–175 keys,2,misc,Level 10 Helmet,616,2026-07-21T22:54:09,266.14,130.0,175.0,152.5,cosmetic,143.59141023531345,True
76,Poisoned Shadows,Lucky Shot,8640.22,140–162 keys,1,misc,Level 1-100 Helmet,701,2026-07-21T22:54:09,263.53,140.0,162.0,151.0,cosmetic,142.17903570840875,True
76,Poisoned Shadows,Attendant,8583.0,150 keys,2,misc,Level 1-100 Hat,213,2026-07-21T22:54:09,261.78,150.0,150.0,150.0,cosmetic,141.23745269047225,True
76,Poisoned Shadows,Ze Goggles,8068.02,141 keys,1,misc,Level 1-100 Glasses,177,2026-07-21T22:54:09,246.07,141.0,141.0,141.0,cosmetic,132.76320552904394,True
76,Poisoned Shadows,Private Eye,7724.7,135 keys,1,misc,Level 1-100 Hat,388,2026-07-21T22:54:09,235.6,135.0,135.0,135.0,cosmetic,127.11370742142503,True
76,Poisoned Shadows,Pithy Professional,7667.48,134 keys,0,misc,Level 1-100 Hat,30915,2026-07-21T22:54:09,233.86,134.0,134.0,134.0,cosmetic,126.17212440348855,True
76,Poisoned Shadows,Hermes,6866.4,120 keys,1,misc,Level 10 Hat,633,2026-07-21T22:54:09,209.43,120.0,120.0,120.0,cosmetic,112.9899621523778,True
76,Poisoned Shadows,Slick Cut,6866.4,120 keys,1,misc,Level 1-100 Hair,30187,2026-07-21T22:54:09,209.43,120.0,120.0,120.0,cosmetic,112.9899621523778,True
76,Poisoned Shadows,Western Wear,6866.4,120 keys,2,misc,Level 1-100 Hat,379,2026-07-21T22:54:09,209.43,120.0,120.0,120.0,cosmetic,112.9899621523778,True
76,Poisoned Shadows,Firewall Helmet,6465.86,101–125 keys,2,misc,Level 1-100 Helmet,30038,2026-07-21T22:54:09,197.21,101.0,125.0,113.0,cosmetic,106.39888102682244,True
76,Poisoned Shadows,Brain Bucket,6294.2,110 keys,1,misc,Level 1-100 Hat,434,2026-07-21T22:54:09,191.97,110.0,110.0,110.0,cosmetic,103.574131973013,True
76,Poisoned Shadows,Brain-Warming Wear,6179.76,91–125 keys,0,misc,Level 1-100 Hat,30827,2026-07-21T22:54:09,188.48,91.0,125.0,108.0,cosmetic,101.69096593714004,True
76,Poisoned Shadows,Bullet Buzz,5722.0,100 keys,1,misc,Level 1-100 Hair,30344,2026-07-21T22:54:09,174.52,100.0,100.0,100.0,cosmetic,94.15830179364818,True
76,Poisoned Shadows,Ol' Geezer,5722.0,100 keys,1,misc,Level 1-100 Hat,399,2026-07-21T22:54:09,174.52,100.0,100.0,100.0,cosmetic,94.15830179364818,True
76,Poisoned Shadows,Stormin' Norman,5292.85,80–105 keys,4,misc,Level 1-100 Helmet,30112,2026-07-21T22:54:09,161.43,80.0,105.0,92.5,cosmetic,87.09642915912457,True
76,Poisoned Shadows,Pom-Pommed Provocateur,5149.8,80–100 keys,3,misc,Level 1-100 Mask,30072,2026-07-21T22:54:09,157.07,80.0,100.0,90.0,cosmetic,84.74247161428336,True
76,Poisoned Shadows,Das Maddendoktor,4863.7,85 keys,2,misc,Level 1-100 Hair,30121,2026-07-21T22:54:09,148.34,85.0,85.0,85.0,cosmetic,80.03455652460094,True
76,Poisoned Shadows,Gridiron Guardian,4863.7,85 keys,1,misc,Level 1-100 Helmet,30013,2026-07-21T22:54:09,148.34,85.0,85.0,85.0,cosmetic,80.03455652460094,True
76,Poisoned Shadows,Hotrod,4863.7,85 keys,1,misc,Level 1-100 Mask,148,2026-07-21T22:54:09,148.34,85.0,85.0,85.0,cosmetic,80.03455652460094,True
76,Poisoned Shadows,Baron von Havenaplane,4806.48,84 keys,1,misc,Level 1-100 Hat,30136,2026-07-21T22:54:09,146.6,84.0,84.0,84.0,cosmetic,79.09297350666446,True
76,Poisoned Shadows,Hound Dog,4577.6,80 keys,1,misc,Level 1-100 Hair,145,2026-07-21T22:54:09,139.62,80.0,80.0,80.0,cosmetic,75.32664143491854,True
76,Poisoned Shadows,Sergeant's Drill Hat,4405.94,77 keys,1,misc,Level 1-100 Hat,183,2026-07-21T22:54:09,134.38,77.0,77.0,77.0,cosmetic,72.50189238110909,True
76,Poisoned Shadows,Ye Olde Baker Boy,4119.84,72 keys,1,misc,Level 1-100 Hat,107,2026-07-21T22:54:09,125.66,72.0,72.0,72.0,cosmetic,67.79397729142669,True
76,Poisoned Shadows,Katyusha,4005.4,70 keys,1,misc,Level 1-100 Hat,30094,2026-07-21T22:54:09,122.16,70.0,70.0,70.0,cosmetic,65.91081125555372,True
76,Poisoned Shadows,Gentleman's Ushanka,3776.52,66 keys,1,misc,Level 1-100 Hat,778,2026-07-21T22:54:09,115.18,66.0,66.0,66.0,cosmetic,62.144479183807796,True
76,Poisoned Shadows,Jumper's Jeepcap,3662.08,64 keys,2,misc,Level 1-100 Hat,417,2026-07-21T22:54:09,111.69,64.0,64.0,64.0,cosmetic,60.261313147934835,True
76,Poisoned Shadows,Hard Counter,3604.86,61–65 keys,1,misc,Level 1-100 Hat,254,2026-07-21T22:54:09,109.95,61.0,65.0,63.0,cosmetic,59.319730129998355,True
76,Poisoned Shadows,Backbiter's Billycock,3490.42,57–65 keys,2,misc,Level 1-100 Hat,108,2026-07-21T22:54:09,106.46,57.0,65.0,61.0,cosmetic,57.43656409412539,True
76,Poisoned Shadows,Bombing Run,3032.66,53 keys,1,misc,Level 1-100 Helmet,249,2026-07-21T22:54:09,92.5,53.0,53.0,53.0,cosmetic,49.90389995063353,True
76,Poisoned Shadows,Professional's Panama,2918.22,45–57 keys,0,misc,Level 1-100 Hat,109,2026-07-21T22:54:09,89.01,45.0,57.0,51.0,cosmetic,48.02073391476057,True
76,Poisoned Shadows,Bolted Birdcage,2803.78,49 keys,2,misc,Level 1-100 Hat,30057,2026-07-21T22:54:09,85.52,49.0,49.0,49.0,cosmetic,46.13756787888761,True
76,Poisoned Shadows,Magistrate's Mullet,2803.78,49 keys,1,misc,Level 1-100 Hair,147,2026-07-21T22:54:09,85.52,49.0,49.0,49.0,cosmetic,46.13756787888761,True
76,Poisoned Shadows,Ol' Snaggletooth,2775.17,47–50 keys,2,misc,Level 1-100 Hat,229,2026-07-21T22:54:09,84.64,47.0,50.0,48.5,cosmetic,45.66677636991937,True
76,Poisoned Shadows,Prancer's Pride,2746.56,48 keys,2,misc,Level 1-100 Hat,318,2026-07-21T22:54:09,83.77,48.0,48.0,48.0,cosmetic,45.19598486095112,True
76,Poisoned Shadows,Burning Bandana,2689.34,44–50 keys,1,misc,Level 1-100 Bandana,30091,2026-07-21T22:54:09,82.02,44.0,50.0,47.0,cosmetic,44.25440184301465,True
76,Poisoned Shadows,Pure Tin Capotain,2689.34,47 keys,1,misc,Level 1-100 Hat,30021,2026-07-21T22:54:09,82.02,47.0,47.0,47.0,cosmetic,44.25440184301465,True
76,Poisoned Shadows,Titanium Tyrolean,2632.12,46 keys,1,misc,Level 1-100 Hat,30045,2026-07-21T22:54:09,80.28,46.0,46.0,46.0,cosmetic,43.31281882507816,True
76,Poisoned Shadows,Coupe D'isaster,2346.02,40–42 keys,2,misc,Level 1-100 Hair,330,2026-07-21T22:54:09,71.55,40.0,42.0,41.0,cosmetic,38.60490373539575,True
76,Poisoned Shadows,Dead Cone,2059.92,30–42 keys,1,misc,Level 1-100 Hat,435,2026-07-21T22:54:09,62.83,30.0,42.0,36.0,cosmetic,33.89698864571334,True
76,Poisoned Shadows,Letch's LED,2059.92,36 keys,1,misc,Level 1-100 Hat,30002,2026-07-21T22:54:09,62.83,36.0,36.0,36.0,cosmetic,33.89698864571334,True
76,Poisoned Shadows,Waxy Wayfinder,2002.7,33–37 keys,3,misc,Level 1-100 Hat,753,2026-07-21T22:54:09,61.08,33.0,37.0,35.0,cosmetic,32.95540562777686,True
79,Darkblaze,Pyromancer's Mask,787919.4,13770 keys,1,misc,Level 1-100 Mask,316,2026-07-21T22:54:09,24031.54,13770.0,13770.0,13770.0,cosmetic,12965.598156985354,True
79,Darkblaze,Killer Exclusive,632281.0,11050 keys,3,misc,Level 10 Hat,538,2026-07-21T22:54:09,19284.57,11050.0,11050.0,11050.0,cosmetic,10404.492348198124,True
79,Darkblaze,Team Captain,629420.0,11000 keys,3,misc,Level 1-100 Hat,378,2026-07-21T22:54:09,19197.31,11000.0,11000.0,11000.0,cosmetic,10357.413197301299,True
79,Darkblaze,Virtual Viewfinder,553603.5,9675 keys,1,misc,Level 1-100 Headset,30140,2026-07-21T22:54:09,16884.91,9675.0,9675.0,9675.0,cosmetic,9109.815698535462,True
79,Darkblaze,Antlers,549312.0,9600 keys,1,misc,Level 1-100 Cosmetic Item,993,2026-07-21T22:54:09,16754.02,9600.0,9600.0,9600.0,cosmetic,9039.196972190224,True
79,Darkblaze,Crone's Dome,421711.4,7370 keys,1,misc,Level 1-100 Hat,920,2026-07-21T22:54:09,12862.2,7370.0,7370.0,7370.0,cosmetic,6939.466842191871,True
79,Darkblaze,Brown Bomber,320432.0,5600 keys,1,misc,Level 1-100 Hat,671,2026-07-21T22:54:09,9773.18,5600.0,5600.0,5600.0,cosmetic,5272.864900444298,True
79,Darkblaze,Das Hazmattenhatten,320432.0,5600 keys,1,misc,Level 1-100 Safety Apparatus,30095,2026-07-21T22:54:09,9773.18,5600.0,5600.0,5600.0,cosmetic,5272.864900444298,True
79,Darkblaze,Flipped Trilby,306127.0,5350 keys,1,misc,Level 1-100 Hat,324,2026-07-21T22:54:09,9336.87,5350.0,5350.0,5350.0,cosmetic,5037.469145960177,True
79,Darkblaze,Brotherhood of Arms,292966.4,5120 keys,3,misc,Level 1-100 Hat,30066,2026-07-21T22:54:09,8935.48,5120.0,5120.0,5120.0,cosmetic,4820.905051834787,True
79,Darkblaze,Pencil Pusher,280378.0,4900 keys,1,misc,Level 10 Hair,605,2026-07-21T22:54:09,8551.53,4900.0,4900.0,4900.0,cosmetic,4613.75678788876,True
79,Darkblaze,Hat with No Name,264642.5,4625 keys,1,misc,Level 10 Hat,631,2026-07-21T22:54:09,8071.6,4625.0,4625.0,4625.0,cosmetic,4354.821457956228,True
79,Darkblaze,Tough Stuff Muffs,258634.4,4520 keys,2,misc,Level 1-100 Hat,984,2026-07-21T22:54:09,7888.35,4520.0,4520.0,4520.0,cosmetic,4255.9552410728975,True
79,Darkblaze,Infernal Impaler,252912.4,4420 keys,1,misc,Level 13 Headgear,575,2026-07-21T22:54:09,7713.83,4420.0,4420.0,4420.0,cosmetic,4161.796939279249,True
79,Darkblaze,Soldered Sensei,240324.0,4200 keys,4,misc,Level 1-100 Hat,30004,2026-07-21T22:54:09,7329.88,4200.0,4200.0,4200.0,cosmetic,3954.6486753332233,True
79,Darkblaze,Well-Rounded Rifleman,224588.5,3925 keys,3,misc,Level 1-100 Hat,30067,2026-07-21T22:54:09,6849.95,3925.0,3925.0,3925.0,cosmetic,3695.7133454006907,True
79,Darkblaze,A Rather Festive Tree,217436.0,3800 keys,2,misc,Level 1-100 Hat,341,2026-07-21T22:54:09,6631.8,3800.0,3800.0,3800.0,cosmetic,3578.015468158631,True
79,Darkblaze,Troublemaker's Tossle Cap,213888.36,3738 keys,2,misc,Level 1-100 Hat,150,2026-07-21T22:54:09,6523.59,3738.0,3738.0,3738.0,cosmetic,3519.6373210465686,True
79,Darkblaze,Nunhood,197409.0,3450 keys,1,misc,Level 1-100 Hat,30311,2026-07-21T22:54:09,6020.97,3450.0,3450.0,3450.0,cosmetic,3248.461411880862,True
79,Darkblaze,Tyrant's Helm,171660.0,3000 keys,2,misc,Level 1-100 Helmet,99,2026-07-21T22:54:09,5235.63,3000.0,3000.0,3000.0,cosmetic,2824.7490538094453,True
79,Darkblaze,Dark Falkirk Helm,167368.5,2925 keys,1,misc,Level 1-100 Helmet,30357,2026-07-21T22:54:09,5104.74,2925.0,2925.0,2925.0,cosmetic,2754.130327464209,True
79,Darkblaze,Flamboyant Flamenco,143793.86,2513 keys,5,misc,Level 10 Hat,627,2026-07-21T22:54:09,4385.71,2513.0,2513.0,2513.0,cosmetic,2366.1981240743785,True
79,Darkblaze,Pithy Professional,143622.2,2510 keys,3,misc,Level 1-100 Hat,30915,2026-07-21T22:54:09,4380.48,2510.0,2510.0,2510.0,cosmetic,2363.3733750205693,True
79,Darkblaze,Texas Ten Gallon,131606.0,2300 keys,2,misc,Level 1-100 Hat,94,2026-07-21T22:54:09,4013.98,2300.0,2300.0,2300.0,cosmetic,2165.640941253908,True
79,Darkblaze,Bonk Helm,128745.0,2250 keys,1,misc,Level 1-100 Helmet,106,2026-07-21T22:54:09,3926.72,2250.0,2250.0,2250.0,cosmetic,2118.561790357084,True
79,Darkblaze,Modest Metal Pile of Scrap,125884.0,2200 keys,2,misc,Level 1-100 Hat,30001,2026-07-21T22:54:09,3839.46,2200.0,2200.0,2200.0,cosmetic,2071.48263946026,True
79,Darkblaze,Heavy Duty Rag,120162.0,2100 keys,3,misc,Level 1-100 Bandana,185,2026-07-21T22:54:09,3664.94,2100.0,2100.0,2100.0,cosmetic,1977.3243376666117,True
79,Darkblaze,Brim-Full of Bullets,114440.0,2000 keys,5,misc,Level 1-100 Hat,30173,2026-07-21T22:54:09,3490.42,2000.0,2000.0,2000.0,cosmetic,1883.1660358729634,True
79,Darkblaze,Virus Doctor,114440.0,2000 keys,1,misc,Level 1-100 Hat,30043,2026-07-21T22:54:09,3490.42,2000.0,2000.0,2000.0,cosmetic,1883.1660358729634,True
79,Darkblaze,Triboniophorus Tyrannus,106429.2,1860 keys,2,misc,Level 1-100 Mascot,151,2026-07-21T22:54:09,3246.09,1860.0,1860.0,1860.0,cosmetic,1751.3444133618561,True
79,Darkblaze,Desert Marauder,104426.5,1825 keys,2,misc,Level 1-100 Hat,400,2026-07-21T22:54:09,3185.01,1825.0,1825.0,1825.0,cosmetic,1718.3890077340793,True
79,Darkblaze,Chieftain's Challenge,103568.2,1810 keys,2,misc,Level 1-100 Hat,250,2026-07-21T22:54:09,3158.83,1810.0,1810.0,1810.0,cosmetic,1704.265262465032,True
79,Darkblaze,Backbiter's Billycock,102996.0,1800 keys,3,misc,Level 1-100 Hat,108,2026-07-21T22:54:09,3141.38,1800.0,1800.0,1800.0,cosmetic,1694.8494322856673,True
79,Darkblaze,Halogen Head Lamp,102996.0,1800 keys,1,misc,Level 1-100 Hat,30041,2026-07-21T22:54:09,3141.38,1800.0,1800.0,1800.0,cosmetic,1694.8494322856673,True
79,Darkblaze,Crocleather Slouch,100135.0,1750 keys,3,misc,Level 1-100 Hat,344,2026-07-21T22:54:09,3054.12,1750.0,1750.0,1750.0,cosmetic,1647.7702813888432,True
79,Darkblaze,Executioner,94413.0,1650 keys,2,misc,Level 1-100 Hat,921,2026-07-21T22:54:09,2879.6,1650.0,1650.0,1650.0,cosmetic,1553.611979595195,True
79,Darkblaze,Whoopee Cap,94413.0,1650 keys,4,misc,Level 1-100 Hat,174,2026-07-21T22:54:09,2879.6,1650.0,1650.0,1650.0,cosmetic,1553.611979595195,True
79,Darkblaze,Galvanized Gibus,92982.5,1450–1800 keys,4,misc,Level 1-100 Hat,30003,2026-07-21T22:54:09,2835.97,1450.0,1800.0,1625.0,cosmetic,1530.072404146783,True
79,Darkblaze,Bear Necessities,91552.0,1600 keys,4,misc,Level 1-100 Spirit Animal,30122,2026-07-21T22:54:09,2792.34,1600.0,1600.0,1600.0,cosmetic,1506.5328286983708,True
79,Darkblaze,Full Metal Drill Hat,91552.0,1600 keys,1,misc,Level 1-100 Hat,30026,2026-07-21T22:54:09,2792.34,1600.0,1600.0,1600.0,cosmetic,1506.5328286983708,True
79,Darkblaze,Hound Dog,91552.0,1600 keys,1,misc,Level 1-100 Hair,145,2026-07-21T22:54:09,2792.34,1600.0,1600.0,1600.0,cosmetic,1506.5328286983708,True
79,Darkblaze,Noble Amassment of Hats,91552.0,1600 keys,2,misc,Level 1-100 Hat,137,2026-07-21T22:54:09,2792.34,1600.0,1600.0,1600.0,cosmetic,1506.5328286983708,True
79,Darkblaze,Surgeon's Stahlhelm,90121.5,1575 keys,1,misc,Level 10 Helmet,616,2026-07-21T22:54:09,2748.71,1575.0,1575.0,1575.0,cosmetic,1482.9932532499588,True
79,Darkblaze,Hard Counter,88691.0,1550 keys,2,misc,Level 1-100 Hat,254,2026-07-21T22:54:09,2705.08,1550.0,1550.0,1550.0,cosmetic,1459.4536778015467,True
79,Darkblaze,Grenadier's Softcap,85830.0,1500 keys,2,misc,Level 1-100 Hat,227,2026-07-21T22:54:09,2617.82,1500.0,1500.0,1500.0,cosmetic,1412.3745269047226,True
79,Darkblaze,Officer's Ushanka,85830.0,1500 keys,2,misc,Level 1-100 Hat,96,2026-07-21T22:54:09,2617.82,1500.0,1500.0,1500.0,cosmetic,1412.3745269047226,True
79,Darkblaze,Razor Cut,85830.0,1500 keys,1,misc,Level 1-100 Hat,30393,2026-07-21T22:54:09,2617.82,1500.0,1500.0,1500.0,cosmetic,1412.3745269047226,True
79,Darkblaze,Attendant,82969.0,1450 keys,1,misc,Level 1-100 Hat,213,2026-07-21T22:54:09,2530.55,1450.0,1450.0,1450.0,cosmetic,1365.2953760078985,True
79,Darkblaze,Hermes,80108.0,1400 keys,4,misc,Level 10 Hat,633,2026-07-21T22:54:09,2443.29,1400.0,1400.0,1400.0,cosmetic,1318.2162251110744,True
79,Darkblaze,Fruit Shoot,79535.8,1390 keys,2,misc,Level 1-100 Hat,759,2026-07-21T22:54:09,2425.84,1390.0,1390.0,1390.0,cosmetic,1308.8003949317097,True
79,Darkblaze,Cloud Crasher,77247.0,1350 keys,3,misc,Level 1-100 Helmet,30071,2026-07-21T22:54:09,2356.03,1350.0,1350.0,1350.0,cosmetic,1271.1370742142503,True
79,Darkblaze,One-Man Army,71525.0,1250 keys,2,misc,Level 10 Hair,601,2026-07-21T22:54:09,2181.51,1250.0,1250.0,1250.0,cosmetic,1176.9787724206021,True
79,Darkblaze,Professor's Peculiarity,71525.0,1250 keys,5,misc,Level 1-100 Hair,384,2026-07-21T22:54:09,2181.51,1250.0,1250.0,1250.0,cosmetic,1176.9787724206021,True
79,Darkblaze,Backwards Ballcap,68664.0,1200 keys,3,misc,Level 10 Hat,617,2026-07-21T22:54:09,2094.25,1200.0,1200.0,1200.0,cosmetic,1129.899621523778,True
79,Darkblaze,Cyborg Stunt Helmet,68664.0,1200 keys,1,misc,Level 1-100 Helmet,30024,2026-07-21T22:54:09,2094.25,1200.0,1200.0,1200.0,cosmetic,1129.899621523778,True
79,Darkblaze,Das Naggenvatcher,68664.0,1200 keys,5,misc,Level 1-100 Hat,30109,2026-07-21T22:54:09,2094.25,1200.0,1200.0,1200.0,cosmetic,1129.899621523778,True
79,Darkblaze,Helmet without a Home,68664.0,1200 keys,2,misc,Level 1-100 Helmet,732,2026-07-21T22:54:09,2094.25,1200.0,1200.0,1200.0,cosmetic,1129.899621523778,True
79,Darkblaze,Prince Tavish's Crown,68664.0,1200 keys,3,misc,Level 1-100 Hat,342,2026-07-21T22:54:09,2094.25,1200.0,1200.0,1200.0,cosmetic,1129.899621523778,True
79,Darkblaze,Vintage Tyrolean,68377.9,1195 keys,1,misc,Level 1-100 Hat,101,2026-07-21T22:54:09,2085.53,1195.0,1195.0,1195.0,cosmetic,1125.1917064340955,True
79,Darkblaze,Caribbean Conqueror,63571.42,1111 keys,1,misc,Level 1-100 Hat,30116,2026-07-21T22:54:09,1938.93,1111.0,1111.0,1111.0,cosmetic,1046.0987329274312,True
79,Darkblaze,Buccaneer's Bicorne,62942.0,1100 keys,1,misc,Level 10 Hat,607,2026-07-21T22:54:09,1919.73,1100.0,1100.0,1100.0,cosmetic,1035.74131973013,True
79,Darkblaze,Milkman,62942.0,1100 keys,1,misc,Level 1-100 Hat,219,2026-07-21T22:54:09,1919.73,1100.0,1100.0,1100.0,cosmetic,1035.74131973013,True
79,Darkblaze,Soldier's Slope Scopers,62942.0,1100 keys,1,misc,Level 1-100 Hat,980,2026-07-21T22:54:09,1919.73,1100.0,1100.0,1100.0,cosmetic,1035.74131973013,True
79,Darkblaze,Frenchman's Beret,60081.0,1000–1100 keys,2,misc,Level 1-100 Hat,180,2026-07-21T22:54:09,1832.47,1000.0,1100.0,1050.0,cosmetic,988.6621688333058,True
79,Darkblaze,Anger,57220.0,1000 keys,2,misc,Level 10 Hood,518,2026-07-21T22:54:09,1745.21,1000.0,1000.0,1000.0,cosmetic,941.5830179364817,True
79,Darkblaze,Bonk Leadwear,57220.0,1000 keys,2,misc,Level 1-100 Helmet,30030,2026-07-21T22:54:09,1745.21,1000.0,1000.0,1000.0,cosmetic,941.5830179364817,True
79,Darkblaze,Doctor's Sack,57220.0,1000 keys,2,misc,Level 1-100 Hat,398,2026-07-21T22:54:09,1745.21,1000.0,1000.0,1000.0,cosmetic,941.5830179364817,True
79,Darkblaze,Larrikin Robin,57220.0,1000 keys,6,misc,Level 1-100 Hat,314,2026-07-21T22:54:09,1745.21,1000.0,1000.0,1000.0,cosmetic,941.5830179364817,True
79,Darkblaze,Pom-Pommed Provocateur,56361.7,985 keys,3,misc,Level 1-100 Mask,30072,2026-07-21T22:54:09,1719.03,985.0,985.0,985.0,cosmetic,927.4592726674344,True
79,Darkblaze,Bot Dogger,56075.6,980 keys,3,misc,Level 1-100 Hat,30018,2026-07-21T22:54:09,1710.31,980.0,980.0,980.0,cosmetic,922.7513575777521,True
79,Darkblaze,Hive Minder,55503.4,970 keys,2,misc,Level 1-100 Hat,30093,2026-07-21T22:54:09,1692.85,970.0,970.0,970.0,cosmetic,913.3355273983873,True
79,Darkblaze,Ol' Geezer,54359.0,950 keys,4,misc,Level 1-100 Hat,399,2026-07-21T22:54:09,1657.95,950.0,950.0,950.0,cosmetic,894.5038670396577,True
79,Darkblaze,Potassium Bonnet,54359.0,950 keys,1,misc,Level 1-100 Hat,30643,2026-07-21T22:54:09,1657.95,950.0,950.0,950.0,cosmetic,894.5038670396577,True
79,Darkblaze,Janissary Ketche,52356.3,915 keys,4,misc,Level 1-100 Hat,437,2026-07-21T22:54:09,1596.87,915.0,915.0,915.0,cosmetic,861.5484614118809,True
79,Darkblaze,Bombing Run,51498.0,900 keys,1,misc,Level 1-100 Helmet,249,2026-07-21T22:54:09,1570.69,900.0,900.0,900.0,cosmetic,847.4247161428336,True
79,Darkblaze,Familiar Fez,51498.0,750–1050 keys,2,misc,Level 1-100 Hat,223,2026-07-21T22:54:09,1570.69,750.0,1050.0,900.0,cosmetic,847.4247161428336,True
79,Darkblaze,Reggaelator,51498.0,900 keys,2,misc,Level 1-100 Hat,390,2026-07-21T22:54:09,1570.69,900.0,900.0,900.0,cosmetic,847.4247161428336,True
79,Darkblaze,Le Party Phantom,50353.6,880 keys,1,misc,Level 1-100 Mask,337,2026-07-21T22:54:09,1535.78,880.0,880.0,880.0,cosmetic,828.593055784104,True
79,Darkblaze,Private Eye,50353.6,880 keys,1,misc,Level 1-100 Hat,388,2026-07-21T22:54:09,1535.78,880.0,880.0,880.0,cosmetic,828.593055784104,True
79,Darkblaze,Rimmed Raincatcher,48637.0,850 keys,3,misc,Level 1-100 Hat,216,2026-07-21T22:54:09,1483.43,850.0,850.0,850.0,cosmetic,800.3455652460095,True
79,Darkblaze,War Pig,48207.85,685–1000 keys,2,misc,Level 1-100 Headgear,829,2026-07-21T22:54:09,1470.34,685.0,1000.0,842.5,cosmetic,793.2836926114859,True
79,Darkblaze,Valley Forge,46634.3,815 keys,1,misc,Level 1-100 Hat,30114,2026-07-21T22:54:09,1422.35,815.0,815.0,815.0,cosmetic,767.3901596182327,True
79,Darkblaze,Burning Bandana,45776.0,800 keys,1,misc,Level 1-100 Bandana,30091,2026-07-21T22:54:09,1396.17,800.0,800.0,800.0,cosmetic,753.2664143491854,True
79,Darkblaze,Little Buddy,45776.0,700–900 keys,1,misc,Level 10 Hat,612,2026-07-21T22:54:09,1396.17,700.0,900.0,800.0,cosmetic,753.2664143491854,True
79,Darkblaze,Capo's Capper,40626.2,710 keys,4,misc,Level 1-100 Hat,427,2026-07-21T22:54:09,1239.1,710.0,710.0,710.0,cosmetic,668.523942734902,True
79,Darkblaze,Outdoorsman,40054.0,700 keys,2,misc,Level 10 Hat,603,2026-07-21T22:54:09,1221.65,700.0,700.0,700.0,cosmetic,659.1081125555372,True
79,Darkblaze,Rebel Rouser,40054.0,500–900 keys,1,misc,Level 1-100 Hat,30120,2026-07-21T22:54:09,1221.65,500.0,900.0,700.0,cosmetic,659.1081125555372,True
79,Darkblaze,Barnstormer,38337.4,670 keys,2,misc,Level 1-100 Hat,988,2026-07-21T22:54:09,1169.29,670.0,670.0,670.0,cosmetic,630.8606220174428,True
79,Darkblaze,Scotsman's Stove Pipe,37193.0,650 keys,1,misc,Level 1-100 Hat,120,2026-07-21T22:54:09,1134.39,650.0,650.0,650.0,cosmetic,612.0289616587131,True
79,Darkblaze,Killer's Kabuto,35361.96,618 keys,2,misc,Level 1-100 Helmet,152,2026-07-21T22:54:09,1078.54,618.0,618.0,618.0,cosmetic,581.8983050847457,True
79,Darkblaze,Blighted Beak,34332.0,600 keys,1,misc,Level 1-100 Mask,315,2026-07-21T22:54:09,1047.13,600.0,600.0,600.0,cosmetic,564.949810761889,True
79,Darkblaze,Pampered Pyro,34332.0,600 keys,3,misc,Level 1-100 Towel,30139,2026-07-21T22:54:09,1047.13,600.0,600.0,600.0,cosmetic,564.949810761889,True
79,Darkblaze,Frontier Djustice,33187.6,515–645 keys,1,misc,Level 1-100 Hat,30421,2026-07-21T22:54:09,1012.22,515.0,645.0,580.0,cosmetic,546.1181504031593,True
79,Darkblaze,Glasgow Great Helm,31471.0,550 keys,5,misc,Level 1-100 Helmet,30082,2026-07-21T22:54:09,959.87,550.0,550.0,550.0,cosmetic,517.870659865065,True
79,Darkblaze,Hetman's Headpiece,31184.9,540–550 keys,2,misc,Level 1-100 Hat,436,2026-07-21T22:54:09,951.14,540.0,550.0,545.0,cosmetic,513.1627447753826,True
79,Darkblaze,Sober Stuntman,28610.0,500 keys,2,misc,Level 1-100 Helmet,255,2026-07-21T22:54:09,872.61,500.0,500.0,500.0,cosmetic,470.79150896824086,True
79,Darkblaze,Wraith Wrap,28610.0,500 keys,2,misc,Level 1-100 Apparel,937,2026-07-21T22:54:09,872.61,500.0,500.0,500.0,cosmetic,470.79150896824086,True
79,Darkblaze,Front Runner,28037.8,490 keys,3,misc,Level 1-100 Hat,760,2026-07-21T22:54:09,855.15,490.0,490.0,490.0,cosmetic,461.37567878887603,True
79,Darkblaze,Handyman's Handle,26893.4,470 keys,2,misc,Level 1-100 Hat,253,2026-07-21T22:54:09,820.25,470.0,470.0,470.0,cosmetic,442.5440184301465,True
79,Darkblaze,Das Maddendoktor,24604.6,430 keys,2,misc,Level 1-100 Hair,30121,2026-07-21T22:54:09,750.44,430.0,430.0,430.0,cosmetic,404.88069771268715,True
79,Darkblaze,Cosa Nostra Cap,24032.4,420 keys,2,misc,Level 1-100 Hat,459,2026-07-21T22:54:09,732.99,420.0,420.0,420.0,cosmetic,395.4648675333224,True
79,Darkblaze,Boxcar Bomber,23746.3,415 keys,1,misc,Level 1-100 Hat,30546,2026-07-21T22:54:09,724.26,415.0,415.0,415.0,cosmetic,390.75695244363993,True
79,Darkblaze,Black Watch,23460.2,390–430 keys,1,misc,Level 1-100 Hat,30105,2026-07-21T22:54:09,715.54,390.0,430.0,410.0,cosmetic,386.04903735395754,True
79,Darkblaze,Charmer's Chapeau,22888.0,400 keys,2,misc,Level 1-100 Hat,397,2026-07-21T22:54:09,698.08,400.0,400.0,400.0,cosmetic,376.6332071745927,True
79,Darkblaze,Horrific Headsplitter,22888.0,390–410 keys,2,misc,Level 31 Hat,291,2026-07-21T22:54:09,698.08,390.0,410.0,400.0,cosmetic,376.6332071745927,True
79,Darkblaze,Waxy Wayfinder,22172.75,350–425 keys,5,misc,Level 1-100 Hat,753,2026-07-21T22:54:09,676.27,350.0,425.0,387.5,cosmetic,364.8634194503867,True
79,Darkblaze,Stately Steel Toe,22029.7,385 keys,3,misc,Level 1-100 Hat,481,2026-07-21T22:54:09,671.91,385.0,385.0,385.0,cosmetic,362.5094619055455,True
79,Darkblaze,Big Chief,21457.5,350–400 keys,2,misc,Level 1-100 Hat,309,2026-07-21T22:54:09,654.45,350.0,400.0,375.0,cosmetic,353.09363172618066,True
79,Darkblaze,Hong Kong Cone,20599.2,360 keys,0,misc,Level 1-100 Hat,30177,2026-07-21T22:54:09,628.28,360.0,360.0,360.0,cosmetic,338.96988645713344,True
79,Darkblaze,Honcho's Headgear,20027.0,350 keys,1,misc,Level 1-100 Hat,391,2026-07-21T22:54:09,610.82,350.0,350.0,350.0,cosmetic,329.5540562777686,True
79,Darkblaze,Ze Goggles,18882.6,330 keys,2,misc,Level 1-100 Glasses,177,2026-07-21T22:54:09,575.92,330.0,330.0,330.0,cosmetic,310.72239591903895,True
79,Darkblaze,Pugilist's Protector,17881.25,285–340 keys,2,misc,Level 1-100 Headgear,246,2026-07-21T22:54:09,545.38,285.0,340.0,312.5,cosmetic,294.24469310515053,True
79,Darkblaze,Noble Nickel Amassment of Hats,16450.75,275–300 keys,5,misc,Level 1-100 Hat,30006,2026-07-21T22:54:09,501.75,275.0,300.0,287.5,cosmetic,270.7051176567385,True
79,Darkblaze,FR-0,16307.7,285 keys,4,misc,Level 1-100 Hat,30016,2026-07-21T22:54:09,497.38,285.0,285.0,285.0,cosmetic,268.35116011189734,True
79,Darkblaze,Pardner's Pompadour,14305.0,250 keys,1,misc,Level 1-100 Hair,30099,2026-07-21T22:54:09,436.3,250.0,250.0,250.0,cosmetic,235.39575448412043,True
79,Darkblaze,Base Metal Billycock,14247.78,249 keys,2,misc,Level 1-100 Hat,30007,2026-07-21T22:54:09,434.56,249.0,249.0,249.0,cosmetic,234.45417146618396,True
79,Darkblaze,Texas Tin-Gallon,13618.36,238 keys,2,misc,Level 1-100 Hat,30044,2026-07-21T22:54:09,415.36,238.0,238.0,238.0,cosmetic,224.09675826888267,True
79,Darkblaze,Soviet Gentleman,12588.4,220 keys,2,misc,Level 1-100 Hat,821,2026-07-21T22:54:09,383.95,220.0,220.0,220.0,cosmetic,207.148263946026,True
79,Darkblaze,Glengarry Bonnet,11444.0,200 keys,1,misc,Level 1-100 Hat,100,2026-07-21T22:54:09,349.04,200.0,200.0,200.0,cosmetic,188.31660358729636,True
79,Darkblaze,Greased Lightning,10871.8,190 keys,1,misc,Level 1-100 Hair,30078,2026-07-21T22:54:09,331.59,190.0,190.0,190.0,cosmetic,178.90077340793152,True
79,Darkblaze,Timeless Topper,8869.1,155 keys,1,misc,Level 1-100 Hat,30035,2026-07-21T22:54:09,270.51,155.0,155.0,155.0,cosmetic,145.94536778015467,True
79,Darkblaze,Geisha Boy,8583.0,150 keys,2,misc,Level 1-100 Hair,363,2026-07-21T22:54:09,261.78,150.0,150.0,150.0,cosmetic,141.23745269047225,True
79,Darkblaze,Napper's Respite,8583.0,150 keys,2,misc,Level 1-100 Hat,248,2026-07-21T22:54:09,261.78,150.0,150.0,150.0,cosmetic,141.23745269047225,True
79,Darkblaze,Old Guadalajara,8583.0,150 keys,2,misc,Level 1-100 Hat,247,2026-07-21T22:54:09,261.78,150.0,150.0,150.0,cosmetic,141.23745269047225,True
79,Darkblaze,Magnificent Mongolian,7438.6,130 keys,1,misc,Level 1-100 Hat,313,2026-07-21T22:54:09,226.88,130.0,130.0,130.0,cosmetic,122.40579233174263,True
79,Darkblaze,Bootleg Base Metal Billycock,7152.5,125 keys,2,misc,Level 1-100 Hat,30047,2026-07-21T22:54:09,218.15,125.0,125.0,125.0,cosmetic,117.69787724206022,True
79,Darkblaze,Baron von Havenaplane,7038.06,123 keys,3,misc,Level 1-100 Hat,30136,2026-07-21T22:54:09,214.66,123.0,123.0,123.0,cosmetic,115.81471120618727,True
79,Darkblaze,Master's Yellow Belt,6866.4,120 keys,1,misc,Level 1-100 Hat,110,2026-07-21T22:54:09,209.43,120.0,120.0,120.0,cosmetic,112.9899621523778,True
79,Darkblaze,Strontium Stove Pipe,6723.35,90–145 keys,2,misc,Level 1-100 Hat,30037,2026-07-21T22:54:09,205.06,90.0,145.0,117.5,cosmetic,110.63600460753662,True
79,Darkblaze,Conjurer's Cowl,6523.08,114 keys,2,misc,Level 1-100 Hood,465,2026-07-21T22:54:09,198.95,114.0,114.0,114.0,cosmetic,107.34046404475892,True
79,Darkblaze,Gridiron Guardian,6122.54,107 keys,3,misc,Level 1-100 Helmet,30013,2026-07-21T22:54:09,186.74,107.0,107.0,107.0,cosmetic,100.74938291920355,True
79,Darkblaze,Das Gutenkutteharen,5950.88,92–116 keys,1,misc,Level 1-100 Hair,30127,2026-07-21T22:54:09,181.5,92.0,116.0,104.0,cosmetic,97.9246338653941,True
79,Darkblaze,Cadaver's Cranium,5865.05,95–110 keys,2,misc,Level 31 Hat,290,2026-07-21T22:54:09,178.88,95.0,110.0,102.5,cosmetic,96.51225933848939,True
79,Darkblaze,Towering Titanium Pillar of Hats,5435.9,95 keys,3,misc,Level 1-100 Hat,30008,2026-07-21T22:54:09,165.79,95.0,95.0,95.0,cosmetic,89.45038670396576,True
79,Darkblaze,Battle Boonie,5149.8,90 keys,6,misc,Level 1-100 Hat,30907,2026-07-21T22:54:09,157.07,90.0,90.0,90.0,cosmetic,84.74247161428336,True
79,Darkblaze,Scout Shako,5149.8,90 keys,1,misc,Level 1-100 Hat,30326,2026-07-21T22:54:09,157.07,90.0,90.0,90.0,cosmetic,84.74247161428336,True
79,Darkblaze,Your Worst Nightmare,5149.8,90 keys,0,misc,Level 10 Hair,600,2026-07-21T22:54:09,157.07,90.0,90.0,90.0,cosmetic,84.74247161428336,True
79,Darkblaze,Tyrantium Helmet,5121.19,76–103 keys,3,misc,Level 1-100 Helmet,30014,2026-07-21T22:54:09,156.2,76.0,103.0,89.5,cosmetic,84.27168010531511,True
79,Darkblaze,Medic's Mountain Cap,4577.6,80 keys,1,misc,Level 1-100 Hat,381,2026-07-21T22:54:09,139.62,80.0,80.0,80.0,cosmetic,75.32664143491854,True
79,Darkblaze,Nanobalaclava,4577.6,80 keys,1,misc,Level 10 Hat,521,2026-07-21T22:54:09,139.62,80.0,80.0,80.0,cosmetic,75.32664143491854,True
79,Darkblaze,Slick Cut,4577.6,80 keys,1,misc,Level 1-100 Hair,30187,2026-07-21T22:54:09,139.62,80.0,80.0,80.0,cosmetic,75.32664143491854,True
79,Darkblaze,Tavish DeGroot Experience,4577.6,80 keys,2,misc,Level 10 Hat,604,2026-07-21T22:54:09,139.62,80.0,80.0,80.0,cosmetic,75.32664143491854,True
79,Darkblaze,Bunsen Brave,4405.94,77 keys,1,misc,Level 1-100 Hat,30054,2026-07-21T22:54:09,134.38,77.0,77.0,77.0,cosmetic,72.50189238110909,True
79,Darkblaze,Human Cannonball,4405.94,68–86 keys,1,misc,Level 1-100 Helmet,817,2026-07-21T22:54:09,134.38,68.0,86.0,77.0,cosmetic,72.50189238110909,True
79,Darkblaze,Defiant Spartan,4291.5,75 keys,1,misc,Level 1-100 Helmet,340,2026-07-21T22:54:09,130.89,75.0,75.0,75.0,cosmetic,70.61872634523613,True
79,Darkblaze,Dragonborn Helmet,4291.5,70–80 keys,2,misc,Level 10 Helmet,517,2026-07-21T22:54:09,130.89,70.0,80.0,75.0,cosmetic,70.61872634523613,True
79,Darkblaze,Ye Olde Baker Boy,4205.67,62–85 keys,1,misc,Level 1-100 Hat,107,2026-07-21T22:54:09,128.27,62.0,85.0,73.5,cosmetic,69.20635181833141,True
79,Darkblaze,Runner's Warm-Up,3719.3,65 keys,1,misc,Level 1-100 Hat,30332,2026-07-21T22:54:09,113.44,65.0,65.0,65.0,cosmetic,61.202896165871316,True
79,Darkblaze,Steel Shako,3547.64,62 keys,2,misc,Level 1-100 Hat,30017,2026-07-21T22:54:09,108.2,62.0,62.0,62.0,cosmetic,58.37814711206187,True
79,Darkblaze,Tough Guy's Toque,3433.2,60 keys,1,misc,Level 1-100 Hat,97,2026-07-21T22:54:09,104.71,60.0,60.0,60.0,cosmetic,56.4949810761889,True
79,Darkblaze,Tungsten Toque,3433.2,60 keys,1,misc,Level 1-100 Hat,30049,2026-07-21T22:54:09,104.71,60.0,60.0,60.0,cosmetic,56.4949810761889,True
79,Darkblaze,Shooter's Sola Topi,2861.0,50 keys,2,misc,Level 1-100 Helmet,158,2026-07-21T22:54:09,87.26,50.0,50.0,50.0,cosmetic,47.07915089682409,True
79,Darkblaze,Madame Dixie,2746.56,48 keys,2,misc,Level 1-100 Hat,321,2026-07-21T22:54:09,83.77,48.0,48.0,48.0,cosmetic,45.19598486095112,True
79,Darkblaze,Buckaroo's Hat,2460.46,42–44 keys,3,misc,Level 1-100 Hat,322,2026-07-21T22:54:09,75.04,42.0,44.0,43.0,cosmetic,40.48806977126872,True
79,Darkblaze,Coupe D'isaster,2288.8,40 keys,1,misc,Level 1-100 Hair,330,2026-07-21T22:54:09,69.81,40.0,40.0,40.0,cosmetic,37.66332071745927,True
79,Darkblaze,Hot Dogger,2231.58,31–47 keys,2,misc,Level 10 Hat,614,2026-07-21T22:54:09,68.06,31.0,47.0,39.0,cosmetic,36.72173769952279,True
79,Darkblaze,Tippler's Tricorne,2202.97,37–40 keys,1,misc,Level 1-100 Hat,179,2026-07-21T22:54:09,67.19,37.0,40.0,38.5,cosmetic,36.250946190554544,True
79,Darkblaze,Prancer's Pride,2002.7,35 keys,1,misc,Level 1-100 Hat,318,2026-07-21T22:54:09,61.08,35.0,35.0,35.0,cosmetic,32.95540562777686,True
79,Darkblaze,Plumber's Pipe,1974.09,31–38 keys,1,misc,Level 1-100 Hat,30022,2026-07-21T22:54:09,60.21,31.0,38.0,34.5,cosmetic,32.48461411880862,True
79,Darkblaze,Pyro's Boron Beanie,1716.6,30 keys,1,misc,Level 1-100 Hat,30040,2026-07-21T22:54:09,52.36,30.0,30.0,30.0,cosmetic,28.24749053809445,True
79,Darkblaze,Sultan's Ceremonial,1659.38,28–30 keys,1,misc,Level 1-100 Hat,403,2026-07-21T22:54:09,50.61,28.0,30.0,29.0,cosmetic,27.305907520157973,True
79,Darkblaze,Ye Oiled Baker Boy,1430.5,25 keys,1,misc,Level 1-100 Hat,30019,2026-07-21T22:54:09,43.63,25.0,25.0,25.0,cosmetic,23.539575448412045,True
79,Darkblaze,Data Mining Light,1201.62,21 keys,1,misc,Level 1-100 Helmet,30051,2026-07-21T22:54:09,36.65,21.0,21.0,21.0,cosmetic,19.773243376666116,True
79,Darkblaze,A Head Full of Hot Air,,,1,misc,Level 1-100 Hat,30662,2026-07-21T22:54:09,,,,,cosmetic,,False
79,Darkblaze,Rotation Sensation,,,2,misc,Level 1-100 Hat,30623,2026-07-21T22:54:09,,,,,cosmetic,,False
81,Bonzo the All-Gnawing,Rotation Sensation,869744.0,15200 keys,0,misc,Level 1-100 Hat,30623,2026-07-21T22:54:09,26527.19,15200.0,15200.0,15200.0,cosmetic,14312.061872634524,True
81,Bonzo the All-Gnawing,Team Captain,578436.98,10109 keys,3,misc,Level 1-100 Hat,378,2026-07-21T22:54:09,17642.33,10109.0,10109.0,10109.0,cosmetic,9518.462728319893,True
81,Bonzo the All-Gnawing,Killer's Kabuto,543590.0,9500 keys,2,misc,Level 1-100 Helmet,152,2026-07-21T22:54:09,16579.49,9500.0,9500.0,9500.0,cosmetic,8945.038670396576,True
81,Bonzo the All-Gnawing,Prehistoric Pullover,334737.0,5850 keys,2,misc,Level 1-100 Hood,30704,2026-07-21T22:54:09,10209.48,5850.0,5850.0,5850.0,cosmetic,5508.260654928418,True
81,Bonzo the All-Gnawing,Fed-Fightin' Fedora,317571.0,5550 keys,1,misc,Level 1-100 Hat,780,2026-07-21T22:54:09,9685.92,5550.0,5550.0,5550.0,cosmetic,5225.785749547474,True
81,Bonzo the All-Gnawing,Neckwear Headwear,307557.5,5375 keys,1,misc,Level 1-100 Hat,30307,2026-07-21T22:54:09,9380.5,5375.0,5375.0,5375.0,cosmetic,5061.00872140859,True
81,Bonzo the All-Gnawing,Brainiac Hairpiece,286100.0,5000 keys,2,misc,Level 1-100 Facial Hair,590,2026-07-21T22:54:09,8726.05,5000.0,5000.0,5000.0,cosmetic,4707.9150896824085,True
81,Bonzo the All-Gnawing,Pithy Professional,286100.0,5000 keys,2,misc,Level 1-100 Hat,30915,2026-07-21T22:54:09,8726.05,5000.0,5000.0,5000.0,cosmetic,4707.9150896824085,True
81,Bonzo the All-Gnawing,Galvanized Gibus,268934.0,4700 keys,1,misc,Level 1-100 Hat,30003,2026-07-21T22:54:09,8202.49,4700.0,4700.0,4700.0,cosmetic,4425.440184301464,True
81,Bonzo the All-Gnawing,Brotherhood of Arms,266073.0,4650 keys,1,misc,Level 1-100 Hat,30066,2026-07-21T22:54:09,8115.23,4650.0,4650.0,4650.0,cosmetic,4378.36103340464,True
81,Bonzo the All-Gnawing,Dr's Dapper Topper,261781.5,4575 keys,2,misc,Level 1-100 Hat,252,2026-07-21T22:54:09,7984.34,4575.0,4575.0,4575.0,cosmetic,4307.742307059404,True
81,Bonzo the All-Gnawing,Pencil Pusher,257490.0,4500 keys,2,misc,Level 10 Hair,605,2026-07-21T22:54:09,7853.44,4500.0,4500.0,4500.0,cosmetic,4237.123580714168,True
81,Bonzo the All-Gnawing,Duck Billed Hatypus,240324.0,4200 keys,1,misc,Level 1-100 Hat,30700,2026-07-21T22:54:09,7329.88,4200.0,4200.0,4200.0,cosmetic,3954.6486753332233,True
81,Bonzo the All-Gnawing,Hunter in Darkness,228880.0,4000 keys,3,misc,Level 1-100 Hat,30877,2026-07-21T22:54:09,6980.84,4000.0,4000.0,4000.0,cosmetic,3766.332071745927,True
81,Bonzo the All-Gnawing,Sergeant's Drill Hat,228880.0,4000 keys,1,misc,Level 1-100 Hat,183,2026-07-21T22:54:09,6980.84,4000.0,4000.0,4000.0,cosmetic,3766.332071745927,True
81,Bonzo the All-Gnawing,Troublemaker's Tossle Cap,220297.0,3500–4200 keys,1,misc,Level 1-100 Hat,150,2026-07-21T22:54:09,6719.06,3500.0,4200.0,3850.0,cosmetic,3625.0946190554546,True
81,Bonzo the All-Gnawing,Polar Pullover,203131.0,3550 keys,1,misc,Level 1-100 Hat,30329,2026-07-21T22:54:09,6195.5,3550.0,3550.0,3550.0,cosmetic,3342.6197136745104,True
81,Bonzo the All-Gnawing,Wraith Wrap,193117.5,3375 keys,3,misc,Level 1-100 Apparel,937,2026-07-21T22:54:09,5890.08,3375.0,3375.0,3375.0,cosmetic,3177.842685535626,True
81,Bonzo the All-Gnawing,Merc's Mohawk,181959.6,3180 keys,1,misc,Level 1-100 Hair,30413,2026-07-21T22:54:09,5549.77,3180.0,3180.0,3180.0,cosmetic,2994.233997038012,True
81,Bonzo the All-Gnawing,Reggaelator,180243.0,3150 keys,2,misc,Level 1-100 Hat,390,2026-07-21T22:54:09,5497.41,3150.0,3150.0,3150.0,cosmetic,2965.9865064999176,True
81,Bonzo the All-Gnawing,Blighted Beak,165938.0,2900 keys,2,misc,Level 1-100 Mask,315,2026-07-21T22:54:09,5061.11,2900.0,2900.0,2900.0,cosmetic,2730.590752015797,True
81,Bonzo the All-Gnawing,Your Worst Nightmare,160216.0,2800 keys,1,misc,Level 10 Hair,600,2026-07-21T22:54:09,4886.59,2800.0,2800.0,2800.0,cosmetic,2636.432450222149,True
81,Bonzo the All-Gnawing,Danger,157355.0,2750 keys,1,misc,Level 1-100 Apparel,30420,2026-07-21T22:54:09,4799.33,2750.0,2750.0,2750.0,cosmetic,2589.3532993253248,True
81,Bonzo the All-Gnawing,Horrific Headsplitter,151633.0,2650 keys,1,misc,Level 31 Hat,291,2026-07-21T22:54:09,4624.81,2650.0,2650.0,2650.0,cosmetic,2495.1949975316766,True
81,Bonzo the All-Gnawing,Kiss King,143050.0,2500 keys,3,misc,Level 1-100 Hat,30313,2026-07-21T22:54:09,4363.02,2500.0,2500.0,2500.0,cosmetic,2353.9575448412043,True
81,Bonzo the All-Gnawing,Stainless Pot,143050.0,2500 keys,4,misc,Level 1-100 Hat,98,2026-07-21T22:54:09,4363.02,2500.0,2500.0,2500.0,cosmetic,2353.9575448412043,True
81,Bonzo the All-Gnawing,Field Practice,136183.6,2380 keys,0,misc,Level 1-100 Headgear,30862,2026-07-21T22:54:09,4153.6,2380.0,2380.0,2380.0,cosmetic,2240.9675826888265,True
81,Bonzo the All-Gnawing,Whoopee Cap,135039.2,2100–2620 keys,3,misc,Level 1-100 Hat,174,2026-07-21T22:54:09,4118.7,2100.0,2620.0,2360.0,cosmetic,2222.135922330097,True
81,Bonzo the All-Gnawing,Defiant Spartan,133894.8,2340 keys,1,misc,Level 1-100 Helmet,340,2026-07-21T22:54:09,4083.79,2340.0,2340.0,2340.0,cosmetic,2203.304261971367,True
81,Bonzo the All-Gnawing,Executioner,131606.0,1850–2750 keys,1,misc,Level 1-100 Hat,921,2026-07-21T22:54:09,4013.98,1850.0,2750.0,2300.0,cosmetic,2165.640941253908,True
81,Bonzo the All-Gnawing,Liquidator's Lid,128029.75,2175–2300 keys,1,misc,Level 1-100 Hat,779,2026-07-21T22:54:09,3904.91,2175.0,2300.0,2237.5,cosmetic,2106.792002632878,True
81,Bonzo the All-Gnawing,Fruit Shoot,126456.2,2120–2300 keys,1,misc,Level 1-100 Hat,759,2026-07-21T22:54:09,3856.91,2120.0,2300.0,2210.0,cosmetic,2080.8984696396246,True
81,Bonzo the All-Gnawing,Buckaroo's Hat,120162.0,2100 keys,2,misc,Level 1-100 Hat,322,2026-07-21T22:54:09,3664.94,2100.0,2100.0,2100.0,cosmetic,1977.3243376666117,True
81,Bonzo the All-Gnawing,Chieftain's Challenge,120162.0,2100 keys,1,misc,Level 1-100 Hat,250,2026-07-21T22:54:09,3664.94,2100.0,2100.0,2100.0,cosmetic,1977.3243376666117,True
81,Bonzo the All-Gnawing,Dread Hiding Hood,120162.0,2100 keys,3,misc,Level 1-100 Hood,1095,2026-07-21T22:54:09,3664.94,2100.0,2100.0,2100.0,cosmetic,1977.3243376666117,True
81,Bonzo the All-Gnawing,Flamboyant Flamenco,120162.0,2100 keys,2,misc,Level 10 Hat,627,2026-07-21T22:54:09,3664.94,2100.0,2100.0,2100.0,cosmetic,1977.3243376666117,True
81,Bonzo the All-Gnawing,Honcho's Headgear,120162.0,2100 keys,2,misc,Level 1-100 Hat,391,2026-07-21T22:54:09,3664.94,2100.0,2100.0,2100.0,cosmetic,1977.3243376666117,True
81,Bonzo the All-Gnawing,Slo-Poke,120162.0,2100 keys,1,misc,Level 1-100 Hat,30314,2026-07-21T22:54:09,3664.94,2100.0,2100.0,2100.0,cosmetic,1977.3243376666117,True
81,Bonzo the All-Gnawing,Vintage Merryweather,120162.0,2100 keys,1,misc,Level 1-100 Helmet,182,2026-07-21T22:54:09,3664.94,2100.0,2100.0,2100.0,cosmetic,1977.3243376666117,True
81,Bonzo the All-Gnawing,Détective Noir,119017.6,2080 keys,1,misc,Level 1-100 Hat,319,2026-07-21T22:54:09,3630.04,2080.0,2080.0,2080.0,cosmetic,1958.492677307882,True
81,Bonzo the All-Gnawing,Buccaneer's Bicorne,117301.0,2050 keys,2,misc,Level 10 Hat,607,2026-07-21T22:54:09,3577.68,2050.0,2050.0,2050.0,cosmetic,1930.2451867697876,True
81,Bonzo the All-Gnawing,Das Übersternmann,114440.0,2000 keys,3,misc,Level 1-100 Hat,30097,2026-07-21T22:54:09,3490.42,2000.0,2000.0,2000.0,cosmetic,1883.1660358729634,True
81,Bonzo the All-Gnawing,Harmburg,114440.0,2000 keys,2,misc,Level 1-100 Hat,30123,2026-07-21T22:54:09,3490.42,2000.0,2000.0,2000.0,cosmetic,1883.1660358729634,True
81,Bonzo the All-Gnawing,Helmet without a Home,114440.0,2000 keys,1,misc,Level 1-100 Helmet,732,2026-07-21T22:54:09,3490.42,2000.0,2000.0,2000.0,cosmetic,1883.1660358729634,True
81,Bonzo the All-Gnawing,Safe'n'Sound,114440.0,2000 keys,2,misc,Level 1-100 Hat,178,2026-07-21T22:54:09,3490.42,2000.0,2000.0,2000.0,cosmetic,1883.1660358729634,True
81,Bonzo the All-Gnawing,Front Runner,112151.2,1520–2400 keys,2,misc,Level 1-100 Hat,760,2026-07-21T22:54:09,3420.61,1520.0,2400.0,1960.0,cosmetic,1845.5027151555041,True
81,Bonzo the All-Gnawing,Head Warmer,108718.0,1900 keys,1,misc,Level 1-100 Hat,644,2026-07-21T22:54:09,3315.9,1900.0,1900.0,1900.0,cosmetic,1789.0077340793155,True
81,Bonzo the All-Gnawing,Greased Lightning,107859.7,1885 keys,2,misc,Level 1-100 Hair,30078,2026-07-21T22:54:09,3289.72,1885.0,1885.0,1885.0,cosmetic,1774.8839888102682,True
81,Bonzo the All-Gnawing,Western Wear,100135.0,1750 keys,1,misc,Level 1-100 Hat,379,2026-07-21T22:54:09,3054.12,1750.0,1750.0,1750.0,cosmetic,1647.7702813888432,True
81,Bonzo the All-Gnawing,Allbrero,97274.0,1700 keys,1,misc,Level 1-100 Hat,30429,2026-07-21T22:54:09,2966.86,1700.0,1700.0,1700.0,cosmetic,1600.691130492019,True
81,Bonzo the All-Gnawing,Tyrantium Helmet,97274.0,1700 keys,2,misc,Level 1-100 Helmet,30014,2026-07-21T22:54:09,2966.86,1700.0,1700.0,1700.0,cosmetic,1600.691130492019,True
81,Bonzo the All-Gnawing,Caribbean Conqueror,94413.0,1650 keys,1,misc,Level 1-100 Hat,30116,2026-07-21T22:54:09,2879.6,1650.0,1650.0,1650.0,cosmetic,1553.611979595195,True
81,Bonzo the All-Gnawing,Big Country,91552.0,1600 keys,1,misc,Level 1-100 Hair,382,2026-07-21T22:54:09,2792.34,1600.0,1600.0,1600.0,cosmetic,1506.5328286983708,True
81,Bonzo the All-Gnawing,Conquistador,91552.0,1600 keys,2,misc,Level 1-100 Helmet,721,2026-07-21T22:54:09,2792.34,1600.0,1600.0,1600.0,cosmetic,1506.5328286983708,True
81,Bonzo the All-Gnawing,Pomade Prince,91552.0,1600 keys,3,misc,Level 1-100 Hair,30428,2026-07-21T22:54:09,2792.34,1600.0,1600.0,1600.0,cosmetic,1506.5328286983708,True
81,Bonzo the All-Gnawing,Burning Bandana,85830.0,1500 keys,3,misc,Level 1-100 Bandana,30091,2026-07-21T22:54:09,2617.82,1500.0,1500.0,1500.0,cosmetic,1412.3745269047226,True
81,Bonzo the All-Gnawing,Familiar Fez,85830.0,1500 keys,1,misc,Level 1-100 Hat,223,2026-07-21T22:54:09,2617.82,1500.0,1500.0,1500.0,cosmetic,1412.3745269047226,True
81,Bonzo the All-Gnawing,Platinum Pickelhaube,85830.0,1500 keys,1,misc,Level 1-100 Helmet,30042,2026-07-21T22:54:09,2617.82,1500.0,1500.0,1500.0,cosmetic,1412.3745269047226,True
81,Bonzo the All-Gnawing,Triboniophorus Tyrannus,85830.0,1500 keys,4,misc,Level 1-100 Mascot,151,2026-07-21T22:54:09,2617.82,1500.0,1500.0,1500.0,cosmetic,1412.3745269047226,True
81,Bonzo the All-Gnawing,Armored Authority,85772.78,1499 keys,2,misc,Level 1-100 Helmet,445,2026-07-21T22:54:09,2616.07,1499.0,1499.0,1499.0,cosmetic,1411.4329438867862,True
81,Bonzo the All-Gnawing,Data Mining Light,80108.0,1400 keys,2,misc,Level 1-100 Helmet,30051,2026-07-21T22:54:09,2443.29,1400.0,1400.0,1400.0,cosmetic,1318.2162251110744,True
81,Bonzo the All-Gnawing,Glasgow Great Helm,80108.0,1400 keys,3,misc,Level 1-100 Helmet,30082,2026-07-21T22:54:09,2443.29,1400.0,1400.0,1400.0,cosmetic,1318.2162251110744,True
81,Bonzo the All-Gnawing,Sober Stuntman,77819.2,1360 keys,2,misc,Level 1-100 Helmet,255,2026-07-21T22:54:09,2373.49,1360.0,1360.0,1360.0,cosmetic,1280.552904393615,True
81,Bonzo the All-Gnawing,Pampered Pyro,76102.6,1230–1430 keys,3,misc,Level 1-100 Towel,30139,2026-07-21T22:54:09,2321.13,1230.0,1430.0,1330.0,cosmetic,1252.3054138555208,True
81,Bonzo the All-Gnawing,Engineer's Cap,74386.0,1300 keys,4,misc,Level 1-100 Hat,95,2026-07-21T22:54:09,2268.77,1300.0,1300.0,1300.0,cosmetic,1224.0579233174262,True
81,Bonzo the All-Gnawing,Halogen Head Lamp,74386.0,1300 keys,1,misc,Level 1-100 Hat,30041,2026-07-21T22:54:09,2268.77,1300.0,1300.0,1300.0,cosmetic,1224.0579233174262,True
81,Bonzo the All-Gnawing,Heavy Duty Rag,74386.0,1300 keys,4,misc,Level 1-100 Bandana,185,2026-07-21T22:54:09,2268.77,1300.0,1300.0,1300.0,cosmetic,1224.0579233174262,True
81,Bonzo the All-Gnawing,Magnificent Mongolian,74386.0,1300 keys,1,misc,Level 1-100 Hat,313,2026-07-21T22:54:09,2268.77,1300.0,1300.0,1300.0,cosmetic,1224.0579233174262,True
81,Bonzo the All-Gnawing,Slick Cut,74386.0,1300 keys,2,misc,Level 1-100 Hair,30187,2026-07-21T22:54:09,2268.77,1300.0,1300.0,1300.0,cosmetic,1224.0579233174262,True
81,Bonzo the All-Gnawing,Virtual Viewfinder,74386.0,1300 keys,1,misc,Level 1-100 Headset,30140,2026-07-21T22:54:09,2268.77,1300.0,1300.0,1300.0,cosmetic,1224.0579233174262,True
81,Bonzo the All-Gnawing,Attendant,68664.0,900–1500 keys,3,misc,Level 1-100 Hat,213,2026-07-21T22:54:09,2094.25,900.0,1500.0,1200.0,cosmetic,1129.899621523778,True
81,Bonzo the All-Gnawing,Battle Boonie,68664.0,1200 keys,2,misc,Level 1-100 Hat,30907,2026-07-21T22:54:09,2094.25,1200.0,1200.0,1200.0,cosmetic,1129.899621523778,True
81,Bonzo the All-Gnawing,Copper's Hard Top,68664.0,1200 keys,3,misc,Level 1-100 Helmet,478,2026-07-21T22:54:09,2094.25,1200.0,1200.0,1200.0,cosmetic,1129.899621523778,True
81,Bonzo the All-Gnawing,Elf Esteem,68664.0,1200 keys,0,misc,Level 1-100 Hat,30836,2026-07-21T22:54:09,2094.25,1200.0,1200.0,1200.0,cosmetic,1129.899621523778,True
81,Bonzo the All-Gnawing,Geisha Boy,68664.0,1200 keys,1,misc,Level 1-100 Hair,363,2026-07-21T22:54:09,2094.25,1200.0,1200.0,1200.0,cosmetic,1129.899621523778,True
81,Bonzo the All-Gnawing,Scotch Bonnet,67805.7,1185 keys,1,misc,Level 1-100 Headgear,306,2026-07-21T22:54:09,2068.07,1185.0,1185.0,1185.0,cosmetic,1115.7758762547307,True
81,Bonzo the All-Gnawing,Gridiron Guardian,62942.0,1100 keys,1,misc,Level 1-100 Helmet,30013,2026-07-21T22:54:09,1919.73,1100.0,1100.0,1100.0,cosmetic,1035.74131973013,True
81,Bonzo the All-Gnawing,Industrial Festivizer,62942.0,1100 keys,1,misc,Level 1-100 Hat,338,2026-07-21T22:54:09,1919.73,1100.0,1100.0,1100.0,cosmetic,1035.74131973013,True
81,Bonzo the All-Gnawing,Otolaryngologist's Mirror,62942.0,1100 keys,2,misc,Level 1-100 Hat,104,2026-07-21T22:54:09,1919.73,1100.0,1100.0,1100.0,cosmetic,1035.74131973013,True
81,Bonzo the All-Gnawing,Outta Sight,62942.0,1100 keys,1,misc,Level 1-100 Hat,30628,2026-07-21T22:54:09,1919.73,1100.0,1100.0,1100.0,cosmetic,1035.74131973013,True
81,Bonzo the All-Gnawing,Hetman's Headpiece,61854.82,1081 keys,4,misc,Level 1-100 Hat,436,2026-07-21T22:54:09,1886.57,1081.0,1081.0,1081.0,cosmetic,1017.8512423893368,True
81,Bonzo the All-Gnawing,Big Chief,60081.0,1050 keys,3,misc,Level 1-100 Hat,309,2026-07-21T22:54:09,1832.47,1050.0,1050.0,1050.0,cosmetic,988.6621688333058,True
81,Bonzo the All-Gnawing,Connoisseur's Cap,60081.0,1050 keys,2,misc,Level 1-100 Hat,394,2026-07-21T22:54:09,1832.47,1050.0,1050.0,1050.0,cosmetic,988.6621688333058,True
81,Bonzo the All-Gnawing,Nanobalaclava,57220.0,1000 keys,2,misc,Level 10 Hat,521,2026-07-21T22:54:09,1745.21,1000.0,1000.0,1000.0,cosmetic,941.5830179364817,True
81,Bonzo the All-Gnawing,Respectless Robo-Glove,57220.0,1000 keys,1,misc,Level 1-100 Hat,30039,2026-07-21T22:54:09,1745.21,1000.0,1000.0,1000.0,cosmetic,941.5830179364817,True
81,Bonzo the All-Gnawing,Salty Dog,57220.0,1000 keys,2,misc,Level 10 Hat,611,2026-07-21T22:54:09,1745.21,1000.0,1000.0,1000.0,cosmetic,941.5830179364817,True
81,Bonzo the All-Gnawing,Das Naggenvatcher,56876.68,994 keys,1,misc,Level 1-100 Hat,30109,2026-07-21T22:54:09,1734.74,994.0,994.0,994.0,cosmetic,935.9335198288629,True
81,Bonzo the All-Gnawing,Electric Escorter,54015.68,944 keys,1,misc,Level 1-100 Hat,30025,2026-07-21T22:54:09,1647.48,944.0,944.0,944.0,cosmetic,888.8543689320388,True
81,Bonzo the All-Gnawing,Hat of Cards,48637.0,850 keys,2,misc,Level 1-100 Hat,825,2026-07-21T22:54:09,1483.43,850.0,850.0,850.0,cosmetic,800.3455652460095,True
81,Bonzo the All-Gnawing,Sammy Cap,48637.0,850 keys,1,misc,Level 1-100 Hat,30374,2026-07-21T22:54:09,1483.43,850.0,850.0,850.0,cosmetic,800.3455652460095,True
81,Bonzo the All-Gnawing,Toy Tailor,48637.0,850 keys,3,misc,Level 1-100 Hat,30327,2026-07-21T22:54:09,1483.43,850.0,850.0,850.0,cosmetic,800.3455652460095,True
81,Bonzo the All-Gnawing,Federal Casemaker,45776.0,800 keys,1,misc,Level 1-100 Hat,30119,2026-07-21T22:54:09,1396.17,800.0,800.0,800.0,cosmetic,753.2664143491854,True
81,Bonzo the All-Gnawing,Pure Tin Capotain,42342.8,740 keys,1,misc,Level 1-100 Hat,30021,2026-07-21T22:54:09,1291.46,740.0,740.0,740.0,cosmetic,696.7714332729965,True
81,Bonzo the All-Gnawing,Das Maddendoktor,40054.0,700 keys,3,misc,Level 1-100 Hair,30121,2026-07-21T22:54:09,1221.65,700.0,700.0,700.0,cosmetic,659.1081125555372,True
81,Bonzo the All-Gnawing,Nuke,39481.8,690 keys,0,misc,Level 1-100 Hair,30885,2026-07-21T22:54:09,1204.19,690.0,690.0,690.0,cosmetic,649.6922823761724,True
81,Bonzo the All-Gnawing,Das Gutenkutteharen,37193.0,650 keys,0,misc,Level 1-100 Hair,30127,2026-07-21T22:54:09,1134.39,650.0,650.0,650.0,cosmetic,612.0289616587131,True
81,Bonzo the All-Gnawing,Frontier Djustice,37193.0,600–700 keys,1,misc,Level 1-100 Hat,30421,2026-07-21T22:54:09,1134.39,600.0,700.0,650.0,cosmetic,612.0289616587131,True
81,Bonzo the All-Gnawing,Gentleman's Gatsby,37193.0,650 keys,3,misc,Level 1-100 Hat,184,2026-07-21T22:54:09,1134.39,650.0,650.0,650.0,cosmetic,612.0289616587131,True
81,Bonzo the All-Gnawing,Spook Specs,37193.0,650 keys,2,misc,Level 1-100 Hat,30390,2026-07-21T22:54:09,1134.39,650.0,650.0,650.0,cosmetic,612.0289616587131,True
81,Bonzo the All-Gnawing,Hong Kong Cone,36048.6,630 keys,0,misc,Level 1-100 Hat,30177,2026-07-21T22:54:09,1099.48,630.0,630.0,630.0,cosmetic,593.1973012999835,True
81,Bonzo the All-Gnawing,Rimmed Raincatcher,35476.4,620 keys,1,misc,Level 1-100 Hat,216,2026-07-21T22:54:09,1082.03,620.0,620.0,620.0,cosmetic,583.7814711206187,True
81,Bonzo the All-Gnawing,Black Watch,34332.0,600 keys,3,misc,Level 1-100 Hat,30105,2026-07-21T22:54:09,1047.13,600.0,600.0,600.0,cosmetic,564.949810761889,True
81,Bonzo the All-Gnawing,Feathered Fiend,34332.0,600 keys,1,misc,Level 1-100 Headgear,30903,2026-07-21T22:54:09,1047.13,600.0,600.0,600.0,cosmetic,564.949810761889,True
81,Bonzo the All-Gnawing,Cotton Head,30040.5,500–550 keys,3,misc,Level 1-100 Hat,30175,2026-07-21T22:54:09,916.24,500.0,550.0,525.0,cosmetic,494.3310844166529,True
81,Bonzo the All-Gnawing,Classy Capper,28610.0,500 keys,2,misc,Level 1-100 Hat,30893,2026-07-21T22:54:09,872.61,500.0,500.0,500.0,cosmetic,470.79150896824086,True
81,Bonzo the All-Gnawing,Hustler's Hallmark,28610.0,500 keys,1,misc,Level 1-100 Hat,146,2026-07-21T22:54:09,872.61,500.0,500.0,500.0,cosmetic,470.79150896824086,True
81,Bonzo the All-Gnawing,Conjurer's Cowl,25749.0,450 keys,1,misc,Level 1-100 Hood,465,2026-07-21T22:54:09,785.34,450.0,450.0,450.0,cosmetic,423.7123580714168,True
81,Bonzo the All-Gnawing,Das Hazmattenhatten,25749.0,450 keys,1,misc,Level 1-100 Safety Apparatus,30095,2026-07-21T22:54:09,785.34,450.0,450.0,450.0,cosmetic,423.7123580714168,True
81,Bonzo the All-Gnawing,Larrikin Robin,25749.0,450 keys,1,misc,Level 1-100 Hat,314,2026-07-21T22:54:09,785.34,450.0,450.0,450.0,cosmetic,423.7123580714168,True
81,Bonzo the All-Gnawing,White Russian,25405.68,444 keys,1,misc,Level 1-100 Hair,30644,2026-07-21T22:54:09,774.87,444.0,444.0,444.0,cosmetic,418.0628599637979,True
81,Bonzo the All-Gnawing,Wide-Brimmed Bandito,25405.68,444 keys,1,misc,Level 1-100 Hat,30805,2026-07-21T22:54:09,774.87,444.0,444.0,444.0,cosmetic,418.0628599637979,True
81,Bonzo the All-Gnawing,Counterfeit Billycock,25176.8,440 keys,1,misc,Level 10 Hat,602,2026-07-21T22:54:09,767.89,440.0,440.0,440.0,cosmetic,414.296527892052,True
81,Bonzo the All-Gnawing,Tyrant's Helm,25176.8,440 keys,1,misc,Level 1-100 Helmet,99,2026-07-21T22:54:09,767.89,440.0,440.0,440.0,cosmetic,414.296527892052,True
81,Bonzo the All-Gnawing,Virtual Reality Headset,25033.75,435–440 keys,2,misc,Level 10 Headset,628,2026-07-21T22:54:09,763.53,435.0,440.0,437.5,cosmetic,411.9425703472108,True
81,Bonzo the All-Gnawing,Bonk Helm,24032.4,420 keys,2,misc,Level 1-100 Helmet,106,2026-07-21T22:54:09,732.99,420.0,420.0,420.0,cosmetic,395.4648675333224,True
81,Bonzo the All-Gnawing,Heer's Helmet,23746.3,275–555 keys,2,misc,Level 1-100 Helmet,30378,2026-07-21T22:54:09,724.26,275.0,555.0,415.0,cosmetic,390.75695244363993,True
81,Bonzo the All-Gnawing,Pyromancer's Mask,22888.0,400 keys,1,misc,Level 1-100 Mask,316,2026-07-21T22:54:09,698.08,400.0,400.0,400.0,cosmetic,376.6332071745927,True
81,Bonzo the All-Gnawing,Valley Forge,22888.0,400 keys,2,misc,Level 1-100 Hat,30114,2026-07-21T22:54:09,698.08,400.0,400.0,400.0,cosmetic,376.6332071745927,True
81,Bonzo the All-Gnawing,Gentleman's Ushanka,19454.8,340 keys,1,misc,Level 1-100 Hat,778,2026-07-21T22:54:09,593.37,340.0,340.0,340.0,cosmetic,320.1382260984038,True
81,Bonzo the All-Gnawing,Shooter's Tin Topi,19168.7,335 keys,1,misc,Level 1-100 Hat,30005,2026-07-21T22:54:09,584.65,335.0,335.0,335.0,cosmetic,315.4303110087214,True
81,Bonzo the All-Gnawing,L'homme Burglerre,18310.4,320 keys,1,misc,Level 1-100 Hat,30182,2026-07-21T22:54:09,558.47,320.0,320.0,320.0,cosmetic,301.30656573967417,True
81,Bonzo the All-Gnawing,Waxy Wayfinder,18195.96,300–336 keys,2,misc,Level 1-100 Hat,753,2026-07-21T22:54:09,554.98,300.0,336.0,318.0,cosmetic,299.4233997038012,True
81,Bonzo the All-Gnawing,Bonk Boy,17881.25,300–325 keys,1,misc,Level 1-100 Mask,451,2026-07-21T22:54:09,545.38,300.0,325.0,312.5,cosmetic,294.24469310515053,True
81,Bonzo the All-Gnawing,Bunsen Brave,17166.0,300 keys,1,misc,Level 1-100 Hat,30054,2026-07-21T22:54:09,523.56,300.0,300.0,300.0,cosmetic,282.4749053809445,True
81,Bonzo the All-Gnawing,Human Cannonball,17166.0,300 keys,2,misc,Level 1-100 Helmet,817,2026-07-21T22:54:09,523.56,300.0,300.0,300.0,cosmetic,282.4749053809445,True
81,Bonzo the All-Gnawing,Pirate Bandana,16879.9,295 keys,2,misc,Level 1-100 Hat,30180,2026-07-21T22:54:09,514.84,295.0,295.0,295.0,cosmetic,277.7669902912621,True
81,Bonzo the All-Gnawing,Bruce's Bonnet,16593.8,280–300 keys,1,misc,Level 1-100 Headgear,30627,2026-07-21T22:54:09,506.11,280.0,300.0,290.0,cosmetic,273.0590752015797,True
81,Bonzo the All-Gnawing,Desert Marauder,16307.7,285 keys,1,misc,Level 1-100 Hat,400,2026-07-21T22:54:09,497.38,285.0,285.0,285.0,cosmetic,268.35116011189734,True
81,Bonzo the All-Gnawing,Cold Killer,16021.6,280 keys,1,misc,Level 1-100 Hat,981,2026-07-21T22:54:09,488.66,280.0,280.0,280.0,cosmetic,263.6432450222149,True
81,Bonzo the All-Gnawing,Grenadier's Softcap,16021.6,280 keys,1,misc,Level 1-100 Hat,227,2026-07-21T22:54:09,488.66,280.0,280.0,280.0,cosmetic,263.6432450222149,True
81,Bonzo the All-Gnawing,Broadband Bonnet,14305.0,250 keys,1,misc,Level 1-100 Hat,30029,2026-07-21T22:54:09,436.3,250.0,250.0,250.0,cosmetic,235.39575448412043,True
81,Bonzo the All-Gnawing,Modest Metal Pile of Scrap,14305.0,250 keys,1,misc,Level 1-100 Hat,30001,2026-07-21T22:54:09,436.3,250.0,250.0,250.0,cosmetic,235.39575448412043,True
81,Bonzo the All-Gnawing,Trash Man,14305.0,250 keys,2,misc,Level 1-100 Hat,30346,2026-07-21T22:54:09,436.3,250.0,250.0,250.0,cosmetic,235.39575448412043,True
81,Bonzo the All-Gnawing,Sole Mate,13732.8,240 keys,1,misc,Level 1-100 Hat,30355,2026-07-21T22:54:09,418.85,240.0,240.0,240.0,cosmetic,225.9799243047556,True
81,Bonzo the All-Gnawing,Napoleon Complex,13160.6,230 keys,1,misc,Level 1-100 Hat,30360,2026-07-21T22:54:09,401.4,230.0,230.0,230.0,cosmetic,216.56409412539082,True
81,Bonzo the All-Gnawing,Aviator Assassin,12874.5,225 keys,1,misc,Level 1-100 Hat,30404,2026-07-21T22:54:09,392.67,225.0,225.0,225.0,cosmetic,211.8561790357084,True
81,Bonzo the All-Gnawing,Bonk Leadwear,12731.45,200–245 keys,1,misc,Level 1-100 Helmet,30030,2026-07-21T22:54:09,388.31,200.0,245.0,222.5,cosmetic,209.5022214908672,True
81,Bonzo the All-Gnawing,Tartan Spartan,12016.2,210 keys,2,misc,Level 1-100 Helmet,30106,2026-07-21T22:54:09,366.49,210.0,210.0,210.0,cosmetic,197.7324337666612,True
81,Bonzo the All-Gnawing,Nunhood,11873.15,185–230 keys,1,misc,Level 1-100 Hat,30311,2026-07-21T22:54:09,362.13,185.0,230.0,207.5,cosmetic,195.37847622181997,True
81,Bonzo the All-Gnawing,Bot Dogger,11444.0,200 keys,2,misc,Level 1-100 Hat,30018,2026-07-21T22:54:09,349.04,200.0,200.0,200.0,cosmetic,188.31660358729636,True
81,Bonzo the All-Gnawing,Cadaver's Cranium,11444.0,200 keys,2,misc,Level 31 Hat,290,2026-07-21T22:54:09,349.04,200.0,200.0,200.0,cosmetic,188.31660358729636,True
81,Bonzo the All-Gnawing,Towering Pillar of Hats,11444.0,200 keys,1,misc,Level 1-100 Hat,135,2026-07-21T22:54:09,349.04,200.0,200.0,200.0,cosmetic,188.31660358729636,True
81,Bonzo the All-Gnawing,Backbiter's Billycock,11157.9,170–220 keys,2,misc,Level 1-100 Hat,108,2026-07-21T22:54:09,340.32,170.0,220.0,195.0,cosmetic,183.60868849761394,True
81,Bonzo the All-Gnawing,Handyman's Handle,10585.7,180–190 keys,1,misc,Level 1-100 Hat,253,2026-07-21T22:54:09,322.86,180.0,190.0,185.0,cosmetic,174.19285831824914,True
81,Bonzo the All-Gnawing,Brown Bomber,10156.55,165–190 keys,2,misc,Level 1-100 Hat,671,2026-07-21T22:54:09,309.77,165.0,190.0,177.5,cosmetic,167.1309856837255,True
81,Bonzo the All-Gnawing,Texas Ten Gallon,9584.35,155–180 keys,1,misc,Level 1-100 Hat,94,2026-07-21T22:54:09,292.32,155.0,180.0,167.5,cosmetic,157.7151555043607,True
81,Bonzo the All-Gnawing,Private Eye,9155.2,160 keys,2,misc,Level 1-100 Hat,388,2026-07-21T22:54:09,279.23,160.0,160.0,160.0,cosmetic,150.65328286983708,True
81,Bonzo the All-Gnawing,Noble Amassment of Hats,8296.9,145 keys,1,misc,Level 1-100 Hat,137,2026-07-21T22:54:09,253.06,145.0,145.0,145.0,cosmetic,136.52953760078984,True
81,Bonzo the All-Gnawing,A Rather Festive Tree,8096.63,133–150 keys,1,misc,Level 1-100 Hat,341,2026-07-21T22:54:09,246.95,133.0,150.0,141.5,cosmetic,133.23399703801218,True
81,Bonzo the All-Gnawing,Blast Defense,8010.8,140 keys,0,misc,Level 1-100 Headgear,30863,2026-07-21T22:54:09,244.33,140.0,140.0,140.0,cosmetic,131.82162251110745,True
81,Bonzo the All-Gnawing,Hot Dogger,8010.8,140 keys,1,misc,Level 10 Hat,614,2026-07-21T22:54:09,244.33,140.0,140.0,140.0,cosmetic,131.82162251110745,True
81,Bonzo the All-Gnawing,Samur-Eye,8010.8,137–143 keys,2,misc,Level 1-100 Helmet,359,2026-07-21T22:54:09,244.33,137.0,143.0,140.0,cosmetic,131.82162251110745,True
81,Bonzo the All-Gnawing,Tartan Tyrolean,7467.21,123–138 keys,2,misc,Level 1-100 Hat,30334,2026-07-21T22:54:09,227.75,123.0,138.0,130.5,cosmetic,122.87658384071086,True
81,Bonzo the All-Gnawing,Gym Rat,7295.55,95–160 keys,1,misc,Level 10 Hair,613,2026-07-21T22:54:09,222.51,95.0,160.0,127.5,cosmetic,120.05183478690142,True
81,Bonzo the All-Gnawing,Brim-Full of Bullets,6866.4,120 keys,1,misc,Level 1-100 Hat,30173,2026-07-21T22:54:09,209.43,120.0,120.0,120.0,cosmetic,112.9899621523778,True
81,Bonzo the All-Gnawing,Smoking Skid Lid,6666.13,116–117 keys,1,misc,Level 1-100 Hat,30399,2026-07-21T22:54:09,203.32,116.0,117.0,116.5,cosmetic,109.69442158960013,True
81,Bonzo the All-Gnawing,Cloud Crasher,6523.08,98–130 keys,1,misc,Level 1-100 Helmet,30071,2026-07-21T22:54:09,198.95,98.0,130.0,114.0,cosmetic,107.34046404475892,True
81,Bonzo the All-Gnawing,L'Inspecteur,6122.54,107 keys,1,misc,Level 10 Hat,622,2026-07-21T22:54:09,186.74,107.0,107.0,107.0,cosmetic,100.74938291920355,True
81,Bonzo the All-Gnawing,Hotrod,5722.0,100 keys,2,misc,Level 1-100 Mask,148,2026-07-21T22:54:09,174.52,100.0,100.0,100.0,cosmetic,94.15830179364818,True
81,Bonzo the All-Gnawing,Infernal Impaler,5722.0,100 keys,2,misc,Level 13 Headgear,575,2026-07-21T22:54:09,174.52,100.0,100.0,100.0,cosmetic,94.15830179364818,True
81,Bonzo the All-Gnawing,Birdcage,5664.78,99 keys,1,misc,Level 10 Hat,615,2026-07-21T22:54:09,172.78,99.0,99.0,99.0,cosmetic,93.2167187757117,True
81,Bonzo the All-Gnawing,Bone Dome,5321.46,93 keys,2,misc,Level 1-100 Helmet,30162,2026-07-21T22:54:09,162.3,93.0,93.0,93.0,cosmetic,87.5672206680928,True
81,Bonzo the All-Gnawing,Hive Minder,5321.46,91–95 keys,1,misc,Level 1-100 Hat,30093,2026-07-21T22:54:09,162.3,91.0,95.0,93.0,cosmetic,87.5672206680928,True
81,Bonzo the All-Gnawing,One-Man Army,4005.4,70 keys,1,misc,Level 10 Hair,601,2026-07-21T22:54:09,122.16,70.0,70.0,70.0,cosmetic,65.91081125555372,True
81,Bonzo the All-Gnawing,Titanium Tyrolean,4005.4,70 keys,2,misc,Level 1-100 Hat,30045,2026-07-21T22:54:09,122.16,70.0,70.0,70.0,cosmetic,65.91081125555372,True
81,Bonzo the All-Gnawing,Noble Nickel Amassment of Hats,3805.13,65–68 keys,3,misc,Level 1-100 Hat,30006,2026-07-21T22:54:09,116.06,65.0,68.0,66.5,cosmetic,62.615270692776036,True
81,Bonzo the All-Gnawing,Officer's Ushanka,3776.52,66 keys,2,misc,Level 1-100 Hat,96,2026-07-21T22:54:09,115.18,66.0,66.0,66.0,cosmetic,62.144479183807796,True
81,Bonzo the All-Gnawing,Virus Doctor,3776.52,66 keys,1,misc,Level 1-100 Hat,30043,2026-07-21T22:54:09,115.18,66.0,66.0,66.0,cosmetic,62.144479183807796,True
81,Bonzo the All-Gnawing,Brain Bucket,3490.42,61 keys,2,misc,Level 1-100 Hat,434,2026-07-21T22:54:09,106.46,61.0,61.0,61.0,cosmetic,57.43656409412539,True
81,Bonzo the All-Gnawing,Stout Shako,3375.98,59 keys,1,misc,Level 1-100 Hat,251,2026-07-21T22:54:09,102.97,59.0,59.0,59.0,cosmetic,55.55339805825243,True
81,Bonzo the All-Gnawing,Old Guadalajara,3232.93,55–58 keys,1,misc,Level 1-100 Hat,247,2026-07-21T22:54:09,98.6,55.0,58.0,56.5,cosmetic,53.19944051341122,True
81,Bonzo the All-Gnawing,Pyro's Boron Beanie,3061.27,47–60 keys,1,misc,Level 1-100 Hat,30040,2026-07-21T22:54:09,93.37,47.0,60.0,53.5,cosmetic,50.37469145960178,True
81,Bonzo the All-Gnawing,Outdoorsman,2861.0,50 keys,2,misc,Level 10 Hat,603,2026-07-21T22:54:09,87.26,50.0,50.0,50.0,cosmetic,47.07915089682409,True
81,Bonzo the All-Gnawing,Madame Dixie,2689.34,47 keys,1,misc,Level 1-100 Hat,321,2026-07-21T22:54:09,82.02,47.0,47.0,47.0,cosmetic,44.25440184301465,True
81,Bonzo the All-Gnawing,Berliner's Bucket Helm,2603.51,41–50 keys,1,misc,Level 1-100 Helmet,303,2026-07-21T22:54:09,79.41,41.0,50.0,45.5,cosmetic,42.84202731610993,True
81,Bonzo the All-Gnawing,Ze Goggles,2603.51,41–50 keys,2,misc,Level 1-100 Glasses,177,2026-07-21T22:54:09,79.41,41.0,50.0,45.5,cosmetic,42.84202731610993,True
81,Bonzo the All-Gnawing,Metal Slug,2288.8,40 keys,2,misc,Level 1-100 Hat,30028,2026-07-21T22:54:09,69.81,40.0,40.0,40.0,cosmetic,37.66332071745927,True
81,Bonzo the All-Gnawing,FR-0,1945.48,34 keys,1,misc,Level 1-100 Hat,30016,2026-07-21T22:54:09,59.34,34.0,34.0,34.0,cosmetic,32.01382260984038,True
81,Bonzo the All-Gnawing,Timeless Topper,1773.82,31 keys,1,misc,Level 1-100 Hat,30035,2026-07-21T22:54:09,54.1,31.0,31.0,31.0,cosmetic,29.189073556030934,True
81,Bonzo the All-Gnawing,Bootleg Base Metal Billycock,1430.5,25 keys,1,misc,Level 1-100 Hat,30047,2026-07-21T22:54:09,43.63,25.0,25.0,25.0,cosmetic,23.539575448412045,True
73,Arcana,Virtual Viewfinder,1167288.0,20400 keys,2,misc,Level 1-100 Headset,30140,2026-07-21T22:54:09,35602.28,20400.0,20400.0,20400.0,cosmetic,19208.293565904227,True
73,Arcana,Patriot Peak,660891.0,11550 keys,0,misc,Level 1-100 Hat,30743,2026-07-21T22:54:09,20157.18,11550.0,11550.0,11550.0,cosmetic,10875.283857166365,True
73,Arcana,Crone's Dome,580783.0,10150 keys,1,misc,Level 1-100 Hat,920,2026-07-21T22:54:09,17713.88,10150.0,10150.0,10150.0,cosmetic,9557.06763205529,True
73,Arcana,Tyrant's Helm,449177.0,7850 keys,1,misc,Level 1-100 Helmet,99,2026-07-21T22:54:09,13699.9,7850.0,7850.0,7850.0,cosmetic,7391.4266908013815,True
73,Arcana,Bonk Boy,360486.0,6300 keys,5,misc,Level 1-100 Mask,451,2026-07-21T22:54:09,10994.82,6300.0,6300.0,6300.0,cosmetic,5931.973012999835,True
73,Arcana,Pencil Pusher,308988.0,5400 keys,2,misc,Level 10 Hair,605,2026-07-21T22:54:09,9424.13,5400.0,5400.0,5400.0,cosmetic,5084.548296857001,True
73,Arcana,Das Übersternmann,286100.0,5000 keys,1,misc,Level 1-100 Hat,30097,2026-07-21T22:54:09,8726.05,5000.0,5000.0,5000.0,cosmetic,4707.9150896824085,True
73,Arcana,Soldered Sensei,283239.0,4950 keys,2,misc,Level 1-100 Hat,30004,2026-07-21T22:54:09,8638.79,4950.0,4950.0,4950.0,cosmetic,4660.835938785584,True
73,Arcana,Brown Bomber,257490.0,4500 keys,3,misc,Level 1-100 Hat,671,2026-07-21T22:54:09,7853.44,4500.0,4500.0,4500.0,cosmetic,4237.123580714168,True
73,Arcana,Rotation Sensation,240324.0,4200 keys,0,misc,Level 1-100 Hat,30623,2026-07-21T22:54:09,7329.88,4200.0,4200.0,4200.0,cosmetic,3954.6486753332233,True
73,Arcana,Well-Rounded Rifleman,237463.0,4150 keys,4,misc,Level 1-100 Hat,30067,2026-07-21T22:54:09,7242.62,4150.0,4150.0,4150.0,cosmetic,3907.569524436399,True
73,Arcana,Salty Dog,214575.0,3750 keys,2,misc,Level 10 Hat,611,2026-07-21T22:54:09,6544.54,3750.0,3750.0,3750.0,cosmetic,3530.936317261807,True
73,Arcana,Galvanized Gibus,203131.0,3550 keys,2,misc,Level 1-100 Hat,30003,2026-07-21T22:54:09,6195.5,3550.0,3550.0,3550.0,cosmetic,3342.6197136745104,True
73,Arcana,Flamboyant Flamenco,185965.0,3250 keys,2,misc,Level 10 Hat,627,2026-07-21T22:54:09,5671.93,3250.0,3250.0,3250.0,cosmetic,3060.144808293566,True
73,Arcana,Merc's Mohawk,177382.0,3100 keys,1,misc,Level 1-100 Hair,30413,2026-07-21T22:54:09,5410.15,3100.0,3100.0,3100.0,cosmetic,2918.9073556030935,True
73,Arcana,Swagman's Swatter,168799.0,2950 keys,2,misc,Level 10 Hat,626,2026-07-21T22:54:09,5148.37,2950.0,2950.0,2950.0,cosmetic,2777.669902912621,True
73,Arcana,Fortunate Son,160216.0,2800 keys,1,misc,Level 1-100 Helmet,30636,2026-07-21T22:54:09,4886.59,2800.0,2800.0,2800.0,cosmetic,2636.432450222149,True
73,Arcana,Anger,154494.0,2650–2750 keys,2,misc,Level 10 Hood,518,2026-07-21T22:54:09,4712.07,2650.0,2750.0,2700.0,cosmetic,2542.2741484285007,True
73,Arcana,Towering Pillar of Hats,144480.5,2525 keys,3,misc,Level 1-100 Hat,135,2026-07-21T22:54:09,4406.66,2525.0,2525.0,2525.0,cosmetic,2377.4971202896163,True
73,Arcana,Killer Exclusive,143050.0,2500 keys,2,misc,Level 10 Hat,538,2026-07-21T22:54:09,4363.02,2500.0,2500.0,2500.0,cosmetic,2353.9575448412043,True
73,Arcana,Vintage Tyrolean,137328.0,2400 keys,2,misc,Level 1-100 Hat,101,2026-07-21T22:54:09,4188.5,2400.0,2400.0,2400.0,cosmetic,2259.799243047556,True
73,Arcana,Wet Works,123023.0,2150 keys,3,misc,Level 1-100 Hat,30135,2026-07-21T22:54:09,3752.2,2150.0,2150.0,2150.0,cosmetic,2024.4034885634358,True
73,Arcana,Powdered Practitioner,121306.4,2120 keys,2,misc,Level 1-100 Hat,30069,2026-07-21T22:54:09,3699.85,2120.0,2120.0,2120.0,cosmetic,1996.1559980253412,True
73,Arcana,Cold Killer,120162.0,2100 keys,2,misc,Level 1-100 Hat,981,2026-07-21T22:54:09,3664.94,2100.0,2100.0,2100.0,cosmetic,1977.3243376666117,True
73,Arcana,Chieftain's Challenge,117301.0,1850–2250 keys,2,misc,Level 1-100 Hat,250,2026-07-21T22:54:09,3577.68,1850.0,2250.0,2050.0,cosmetic,1930.2451867697876,True
73,Arcana,Gentleman's Ushanka,114440.0,2000 keys,3,misc,Level 1-100 Hat,778,2026-07-21T22:54:09,3490.42,2000.0,2000.0,2000.0,cosmetic,1883.1660358729634,True
73,Arcana,Hat of Cards,114440.0,2000 keys,3,misc,Level 1-100 Hat,825,2026-07-21T22:54:09,3490.42,2000.0,2000.0,2000.0,cosmetic,1883.1660358729634,True
73,Arcana,Sergeant's Drill Hat,114440.0,2000 keys,1,misc,Level 1-100 Hat,183,2026-07-21T22:54:09,3490.42,2000.0,2000.0,2000.0,cosmetic,1883.1660358729634,True
73,Arcana,Desert Marauder,109805.18,1919 keys,4,misc,Level 1-100 Hat,400,2026-07-21T22:54:09,3349.06,1919.0,1919.0,1919.0,cosmetic,1806.8978114201084,True
73,Arcana,Executioner,108718.0,1900 keys,3,misc,Level 1-100 Hat,921,2026-07-21T22:54:09,3315.9,1900.0,1900.0,1900.0,cosmetic,1789.0077340793155,True
73,Arcana,Tyrantium Helmet,105857.0,1850 keys,2,misc,Level 1-100 Helmet,30014,2026-07-21T22:54:09,3228.64,1850.0,1850.0,1850.0,cosmetic,1741.9285831824914,True
73,Arcana,Battle Boonie,102996.0,1800 keys,1,misc,Level 1-100 Hat,30907,2026-07-21T22:54:09,3141.38,1800.0,1800.0,1800.0,cosmetic,1694.8494322856673,True
73,Arcana,Front Runner,102996.0,1800 keys,2,misc,Level 1-100 Hat,760,2026-07-21T22:54:09,3141.38,1800.0,1800.0,1800.0,cosmetic,1694.8494322856673,True
73,Arcana,Infernal Impaler,91552.0,1600 keys,1,misc,Level 13 Headgear,575,2026-07-21T22:54:09,2792.34,1600.0,1600.0,1600.0,cosmetic,1506.5328286983708,True
73,Arcana,Scotsman's Stove Pipe,87260.5,1350–1700 keys,2,misc,Level 1-100 Hat,120,2026-07-21T22:54:09,2661.45,1350.0,1700.0,1525.0,cosmetic,1435.9141023531347,True
73,Arcana,Honcho's Headgear,85830.0,1500 keys,1,misc,Level 1-100 Hat,391,2026-07-21T22:54:09,2617.82,1500.0,1500.0,1500.0,cosmetic,1412.3745269047226,True
73,Arcana,Safe'n'Sound,85830.0,1500 keys,1,misc,Level 1-100 Hat,178,2026-07-21T22:54:09,2617.82,1500.0,1500.0,1500.0,cosmetic,1412.3745269047226,True
73,Arcana,Shellmet,85830.0,1500 keys,2,misc,Level 1-100 Helmet,30897,2026-07-21T22:54:09,2617.82,1500.0,1500.0,1500.0,cosmetic,1412.3745269047226,True
73,Arcana,Larrikin Robin,82969.0,1450 keys,4,misc,Level 1-100 Hat,314,2026-07-21T22:54:09,2530.55,1450.0,1450.0,1450.0,cosmetic,1365.2953760078985,True
73,Arcana,Vintage Merryweather,82396.8,1440 keys,2,misc,Level 1-100 Helmet,182,2026-07-21T22:54:09,2513.1,1440.0,1440.0,1440.0,cosmetic,1355.8795458285338,True
73,Arcana,German Gonzila,81538.5,1425 keys,4,misc,Level 1-100 Hat,323,2026-07-21T22:54:09,2486.92,1425.0,1425.0,1425.0,cosmetic,1341.7558005594865,True
73,Arcana,Bonk Leadwear,80108.0,1400 keys,3,misc,Level 1-100 Helmet,30030,2026-07-21T22:54:09,2443.29,1400.0,1400.0,1400.0,cosmetic,1318.2162251110744,True
73,Arcana,Détective Noir,80108.0,1400 keys,2,misc,Level 1-100 Hat,319,2026-07-21T22:54:09,2443.29,1400.0,1400.0,1400.0,cosmetic,1318.2162251110744,True
73,Arcana,El Jefe,80108.0,1400 keys,1,misc,Level 10 Hat,539,2026-07-21T22:54:09,2443.29,1400.0,1400.0,1400.0,cosmetic,1318.2162251110744,True
73,Arcana,Pure Tin Capotain,77819.2,1360 keys,2,misc,Level 1-100 Hat,30021,2026-07-21T22:54:09,2373.49,1360.0,1360.0,1360.0,cosmetic,1280.552904393615,True
73,Arcana,Lord Cockswain's Pith Helmet,74386.0,1300 keys,1,misc,Level 1-100 Headgear,439,2026-07-21T22:54:09,2268.77,1300.0,1300.0,1300.0,cosmetic,1224.0579233174262,True
73,Arcana,One-Man Army,74386.0,1300 keys,3,misc,Level 10 Hair,601,2026-07-21T22:54:09,2268.77,1300.0,1300.0,1300.0,cosmetic,1224.0579233174262,True
73,Arcana,Sultan's Ceremonial,74386.0,1300 keys,1,misc,Level 1-100 Hat,403,2026-07-21T22:54:09,2268.77,1300.0,1300.0,1300.0,cosmetic,1224.0579233174262,True
73,Arcana,Voodoo JuJu (Slight Return),73241.6,1280 keys,4,misc,Level 1-100 Hat,935,2026-07-21T22:54:09,2233.87,1280.0,1280.0,1280.0,cosmetic,1205.2262629586967,True
73,Arcana,Bombing Run,72097.2,1260 keys,1,misc,Level 1-100 Helmet,249,2026-07-21T22:54:09,2198.96,1260.0,1260.0,1260.0,cosmetic,1186.394602599967,True
73,Arcana,Copper's Hard Top,71525.0,1250 keys,1,misc,Level 1-100 Helmet,478,2026-07-21T22:54:09,2181.51,1250.0,1250.0,1250.0,cosmetic,1176.9787724206021,True
73,Arcana,Firewall Helmet,71525.0,1250 keys,1,misc,Level 1-100 Helmet,30038,2026-07-21T22:54:09,2181.51,1250.0,1250.0,1250.0,cosmetic,1176.9787724206021,True
73,Arcana,Screamin' Eagle,71525.0,1250 keys,0,misc,Level 1-100 Hat,30548,2026-07-21T22:54:09,2181.51,1250.0,1250.0,1250.0,cosmetic,1176.9787724206021,True
73,Arcana,Horrific Headsplitter,68664.0,1200 keys,1,misc,Level 31 Hat,291,2026-07-21T22:54:09,2094.25,1200.0,1200.0,1200.0,cosmetic,1129.899621523778,True
73,Arcana,Bot Dogger,67233.5,1000–1350 keys,2,misc,Level 1-100 Hat,30018,2026-07-21T22:54:09,2050.62,1000.0,1350.0,1175.0,cosmetic,1106.360046075366,True
73,Arcana,Defiant Spartan,65803.0,1150 keys,3,misc,Level 1-100 Helmet,340,2026-07-21T22:54:09,2006.99,1150.0,1150.0,1150.0,cosmetic,1082.820470626954,True
73,Arcana,Whoopee Cap,65803.0,1150 keys,3,misc,Level 1-100 Hat,174,2026-07-21T22:54:09,2006.99,1150.0,1150.0,1150.0,cosmetic,1082.820470626954,True
73,Arcana,Bubble Pipe,63571.42,1111 keys,2,misc,Level 1-100 Helmet,597,2026-07-21T22:54:09,1938.93,1111.0,1111.0,1111.0,cosmetic,1046.0987329274312,True
73,Arcana,Fruit Shoot,62942.0,1000–1200 keys,4,misc,Level 1-100 Hat,759,2026-07-21T22:54:09,1919.73,1000.0,1200.0,1100.0,cosmetic,1035.74131973013,True
73,Arcana,Modest Metal Pile of Scrap,62942.0,1100 keys,1,misc,Level 1-100 Hat,30001,2026-07-21T22:54:09,1919.73,1100.0,1100.0,1100.0,cosmetic,1035.74131973013,True
73,Arcana,Bonk Helm,61282.62,1071 keys,6,misc,Level 1-100 Helmet,106,2026-07-21T22:54:09,1869.12,1071.0,1071.0,1071.0,cosmetic,1008.435412209972,True
73,Arcana,Crocleather Slouch,60710.42,1061 keys,1,misc,Level 1-100 Hat,344,2026-07-21T22:54:09,1851.67,1061.0,1061.0,1061.0,cosmetic,999.0195820306071,True
73,Arcana,Hustler's Hallmark,60081.0,800–1300 keys,2,misc,Level 1-100 Hat,146,2026-07-21T22:54:09,1832.47,800.0,1300.0,1050.0,cosmetic,988.6621688333058,True
73,Arcana,Rebel Rouser,60081.0,1050 keys,1,misc,Level 1-100 Hat,30120,2026-07-21T22:54:09,1832.47,1050.0,1050.0,1050.0,cosmetic,988.6621688333058,True
73,Arcana,Whirly Warrior,60081.0,1050 keys,2,misc,Level 1-100 Helmet,30118,2026-07-21T22:54:09,1832.47,1050.0,1050.0,1050.0,cosmetic,988.6621688333058,True
73,Arcana,Brainiac Hairpiece,57220.0,1000 keys,1,misc,Level 1-100 Facial Hair,590,2026-07-21T22:54:09,1745.21,1000.0,1000.0,1000.0,cosmetic,941.5830179364817,True
73,Arcana,Hat with No Name,57220.0,1000 keys,2,misc,Level 10 Hat,631,2026-07-21T22:54:09,1745.21,1000.0,1000.0,1000.0,cosmetic,941.5830179364817,True
73,Arcana,Letch's LED,57220.0,1000 keys,1,misc,Level 1-100 Hat,30002,2026-07-21T22:54:09,1745.21,1000.0,1000.0,1000.0,cosmetic,941.5830179364817,True
73,Arcana,White Russian,57220.0,1000 keys,1,misc,Level 1-100 Hair,30644,2026-07-21T22:54:09,1745.21,1000.0,1000.0,1000.0,cosmetic,941.5830179364817,True
73,Arcana,Your Worst Nightmare,57220.0,1000 keys,3,misc,Level 10 Hair,600,2026-07-21T22:54:09,1745.21,1000.0,1000.0,1000.0,cosmetic,941.5830179364817,True
73,Arcana,Buckaroo's Hat,54931.2,960 keys,4,misc,Level 1-100 Hat,322,2026-07-21T22:54:09,1675.4,960.0,960.0,960.0,cosmetic,903.9196972190224,True
73,Arcana,Gym Rat,54359.0,950 keys,1,misc,Level 10 Hair,613,2026-07-21T22:54:09,1657.95,950.0,950.0,950.0,cosmetic,894.5038670396577,True
73,Arcana,Buccaneer's Bicorne,53214.6,930 keys,2,misc,Level 10 Hat,607,2026-07-21T22:54:09,1623.05,930.0,930.0,930.0,cosmetic,875.6722066809281,True
73,Arcana,Attendant,52070.2,820–1000 keys,2,misc,Level 1-100 Hat,213,2026-07-21T22:54:09,1588.14,820.0,1000.0,910.0,cosmetic,856.8405463221984,True
73,Arcana,Company Man,52070.2,910 keys,3,misc,Level 10 Hat,523,2026-07-21T22:54:09,1588.14,910.0,910.0,910.0,cosmetic,856.8405463221984,True
73,Arcana,Backbiter's Billycock,51498.0,900 keys,2,misc,Level 1-100 Hat,108,2026-07-21T22:54:09,1570.69,900.0,900.0,900.0,cosmetic,847.4247161428336,True
73,Arcana,Backwards Ballcap,51498.0,900 keys,2,misc,Level 10 Hat,617,2026-07-21T22:54:09,1570.69,900.0,900.0,900.0,cosmetic,847.4247161428336,True
73,Arcana,Connoisseur's Cap,51498.0,900 keys,2,misc,Level 1-100 Hat,394,2026-07-21T22:54:09,1570.69,900.0,900.0,900.0,cosmetic,847.4247161428336,True
73,Arcana,Federal Casemaker,51498.0,900 keys,1,misc,Level 1-100 Hat,30119,2026-07-21T22:54:09,1570.69,900.0,900.0,900.0,cosmetic,847.4247161428336,True
73,Arcana,Slick Cut,51498.0,900 keys,2,misc,Level 1-100 Hair,30187,2026-07-21T22:54:09,1570.69,900.0,900.0,900.0,cosmetic,847.4247161428336,True
73,Arcana,Le Party Phantom,50353.6,880 keys,1,misc,Level 1-100 Mask,337,2026-07-21T22:54:09,1535.78,880.0,880.0,880.0,cosmetic,828.593055784104,True
73,Arcana,FR-0,48637.0,850 keys,2,misc,Level 1-100 Hat,30016,2026-07-21T22:54:09,1483.43,850.0,850.0,850.0,cosmetic,800.3455652460095,True
73,Arcana,Outdoorsman,46920.4,820 keys,2,misc,Level 10 Hat,603,2026-07-21T22:54:09,1431.07,820.0,820.0,820.0,cosmetic,772.0980747079151,True
73,Arcana,Helmet without a Home,43487.2,760 keys,2,misc,Level 1-100 Helmet,732,2026-07-21T22:54:09,1326.36,760.0,760.0,760.0,cosmetic,715.6030936317261,True
73,Arcana,Ze Goggles,42915.0,750 keys,3,misc,Level 1-100 Glasses,177,2026-07-21T22:54:09,1308.91,750.0,750.0,750.0,cosmetic,706.1872634523613,True
73,Arcana,Bruce's Bonnet,41198.4,720 keys,0,misc,Level 1-100 Headgear,30627,2026-07-21T22:54:09,1256.55,720.0,720.0,720.0,cosmetic,677.9397729142669,True
73,Arcana,Big Chief,40054.0,700 keys,2,misc,Level 1-100 Hat,309,2026-07-21T22:54:09,1221.65,700.0,700.0,700.0,cosmetic,659.1081125555372,True
73,Arcana,Big Country,40054.0,700 keys,3,misc,Level 1-100 Hair,382,2026-07-21T22:54:09,1221.65,700.0,700.0,700.0,cosmetic,659.1081125555372,True
73,Arcana,Glengarry Bonnet,40054.0,700 keys,1,misc,Level 1-100 Hat,100,2026-07-21T22:54:09,1221.65,700.0,700.0,700.0,cosmetic,659.1081125555372,True
73,Arcana,Outta Sight,39767.9,695 keys,4,misc,Level 1-100 Hat,30628,2026-07-21T22:54:09,1212.92,695.0,695.0,695.0,cosmetic,654.4001974658548,True
73,Arcana,Tartan Spartan,38909.6,680 keys,2,misc,Level 1-100 Helmet,30106,2026-07-21T22:54:09,1186.74,680.0,680.0,680.0,cosmetic,640.2764521968076,True
73,Arcana,Hunter in Darkness,37765.2,620–700 keys,0,misc,Level 1-100 Hat,30877,2026-07-21T22:54:09,1151.84,620.0,700.0,660.0,cosmetic,621.4447918380779,True
73,Arcana,Magnificent Mongolian,37479.1,655 keys,1,misc,Level 1-100 Hat,313,2026-07-21T22:54:09,1143.11,655.0,655.0,655.0,cosmetic,616.7368767483955,True
73,Arcana,Little Buddy,35476.4,620 keys,1,misc,Level 10 Hat,612,2026-07-21T22:54:09,1082.03,620.0,620.0,620.0,cosmetic,583.7814711206187,True
73,Arcana,Tough Stuff Muffs,35476.4,620 keys,3,misc,Level 1-100 Hat,984,2026-07-21T22:54:09,1082.03,620.0,620.0,620.0,cosmetic,583.7814711206187,True
73,Arcana,A Rather Festive Tree,34332.0,600 keys,3,misc,Level 1-100 Hat,341,2026-07-21T22:54:09,1047.13,600.0,600.0,600.0,cosmetic,564.949810761889,True
73,Arcana,Berliner's Bucket Helm,34332.0,600 keys,1,misc,Level 1-100 Helmet,303,2026-07-21T22:54:09,1047.13,600.0,600.0,600.0,cosmetic,564.949810761889,True
73,Arcana,Cloud Crasher,34332.0,600 keys,3,misc,Level 1-100 Helmet,30071,2026-07-21T22:54:09,1047.13,600.0,600.0,600.0,cosmetic,564.949810761889,True
73,Arcana,Scotch Bonnet,32901.5,575 keys,1,misc,Level 1-100 Headgear,306,2026-07-21T22:54:09,1003.5,575.0,575.0,575.0,cosmetic,541.410235313477,True
73,Arcana,Team Captain,31757.1,555 keys,3,misc,Level 1-100 Hat,378,2026-07-21T22:54:09,968.59,555.0,555.0,555.0,cosmetic,522.5785749547474,True
73,Arcana,Archer's Sterling,31471.0,550 keys,0,misc,Level 1-100 Helmet,30874,2026-07-21T22:54:09,959.87,550.0,550.0,550.0,cosmetic,517.870659865065,True
73,Arcana,Brain-Warming Wear,31471.0,550 keys,0,misc,Level 1-100 Hat,30827,2026-07-21T22:54:09,959.87,550.0,550.0,550.0,cosmetic,517.870659865065,True
73,Arcana,Medic's Mountain Cap,31471.0,550 keys,2,misc,Level 1-100 Hat,381,2026-07-21T22:54:09,959.87,550.0,550.0,550.0,cosmetic,517.870659865065,True
73,Arcana,Counterfeit Billycock,30898.8,540 keys,1,misc,Level 10 Hat,602,2026-07-21T22:54:09,942.41,540.0,540.0,540.0,cosmetic,508.45482968570013,True
73,Arcana,Hard Counter,30326.6,530 keys,1,misc,Level 1-100 Hat,254,2026-07-21T22:54:09,924.96,530.0,530.0,530.0,cosmetic,499.0389995063353,True
73,Arcana,Heavy Duty Rag,30326.6,530 keys,3,misc,Level 1-100 Bandana,185,2026-07-21T22:54:09,924.96,530.0,530.0,530.0,cosmetic,499.0389995063353,True
73,Arcana,Bolted Bicorne,29983.28,450–598 keys,3,misc,Level 1-100 Hat,30034,2026-07-21T22:54:09,914.49,450.0,598.0,524.0,cosmetic,493.38950139871645,True
73,Arcana,Bolted Birdcage,28610.0,500 keys,1,misc,Level 1-100 Hat,30057,2026-07-21T22:54:09,872.61,500.0,500.0,500.0,cosmetic,470.79150896824086,True
73,Arcana,Pirate Bandana,28610.0,500 keys,2,misc,Level 1-100 Hat,30180,2026-07-21T22:54:09,872.61,500.0,500.0,500.0,cosmetic,470.79150896824086,True
73,Arcana,Steel Shako,28610.0,500 keys,1,misc,Level 1-100 Hat,30017,2026-07-21T22:54:09,872.61,500.0,500.0,500.0,cosmetic,470.79150896824086,True
73,Arcana,Furious Fukaamigasa,28323.9,440–550 keys,3,misc,Level 1-100 Hat,395,2026-07-21T22:54:09,863.88,440.0,550.0,495.0,cosmetic,466.0835938785585,True
73,Arcana,Tam O' Shanter,28037.8,490 keys,1,misc,Level 1-100 Hat,480,2026-07-21T22:54:09,855.15,490.0,490.0,490.0,cosmetic,461.37567878887603,True
73,Arcana,Respectless Robo-Glove,25749.0,450 keys,3,misc,Level 1-100 Hat,30039,2026-07-21T22:54:09,785.34,450.0,450.0,450.0,cosmetic,423.7123580714168,True
73,Arcana,Stormin' Norman,25176.8,440 keys,2,misc,Level 1-100 Helmet,30112,2026-07-21T22:54:09,767.89,440.0,440.0,440.0,cosmetic,414.296527892052,True
73,Arcana,Black Watch,25033.75,425–450 keys,3,misc,Level 1-100 Hat,30105,2026-07-21T22:54:09,763.53,425.0,450.0,437.5,cosmetic,411.9425703472108,True
73,Arcana,Troublemaker's Tossle Cap,23746.3,415 keys,1,misc,Level 1-100 Hat,150,2026-07-21T22:54:09,724.26,415.0,415.0,415.0,cosmetic,390.75695244363993,True
73,Arcana,Conjurer's Cowl,22888.0,400 keys,1,misc,Level 1-100 Hood,465,2026-07-21T22:54:09,698.08,400.0,400.0,400.0,cosmetic,376.6332071745927,True
73,Arcana,Feathered Fiend,22888.0,400 keys,4,misc,Level 1-100 Headgear,30903,2026-07-21T22:54:09,698.08,400.0,400.0,400.0,cosmetic,376.6332071745927,True
73,Arcana,Wing Mann,22888.0,400 keys,1,misc,Level 1-100 Hat,30809,2026-07-21T22:54:09,698.08,400.0,400.0,400.0,cosmetic,376.6332071745927,True
73,Arcana,Nanobalaclava,21171.4,370 keys,1,misc,Level 10 Hat,521,2026-07-21T22:54:09,645.73,370.0,370.0,370.0,cosmetic,348.3857166364983,True
73,Arcana,Engineer's Cap,20599.2,325–395 keys,2,misc,Level 1-100 Hat,95,2026-07-21T22:54:09,628.28,325.0,395.0,360.0,cosmetic,338.96988645713344,True
73,Arcana,Pithy Professional,20027.0,350 keys,0,misc,Level 1-100 Hat,30915,2026-07-21T22:54:09,610.82,350.0,350.0,350.0,cosmetic,329.5540562777686,True
73,Arcana,Pyro's Boron Beanie,20027.0,350 keys,2,misc,Level 1-100 Hat,30040,2026-07-21T22:54:09,610.82,350.0,350.0,350.0,cosmetic,329.5540562777686,True
73,Arcana,Pugilist's Protector,19740.9,315–375 keys,2,misc,Level 1-100 Headgear,246,2026-07-21T22:54:09,602.1,315.0,375.0,345.0,cosmetic,324.8461411880862,True
73,Arcana,Samur-Eye,18596.5,325 keys,2,misc,Level 1-100 Helmet,359,2026-07-21T22:54:09,567.19,325.0,325.0,325.0,cosmetic,306.01448082935656,True
73,Arcana,Titanium Tyrolean,18024.3,315 keys,1,misc,Level 1-100 Hat,30045,2026-07-21T22:54:09,549.74,315.0,315.0,315.0,cosmetic,296.5986506499917,True
73,Arcana,Das Naggenvatcher,17166.0,300 keys,4,misc,Level 1-100 Hat,30109,2026-07-21T22:54:09,523.56,300.0,300.0,300.0,cosmetic,282.4749053809445,True
73,Arcana,Physician's Protector,17166.0,300 keys,2,misc,Level 1-100 Helmet,30625,2026-07-21T22:54:09,523.56,300.0,300.0,300.0,cosmetic,282.4749053809445,True
73,Arcana,Rimmed Raincatcher,17166.0,300 keys,1,misc,Level 1-100 Hat,216,2026-07-21T22:54:09,523.56,300.0,300.0,300.0,cosmetic,282.4749053809445,True
73,Arcana,Timeless Topper,17166.0,300 keys,3,misc,Level 1-100 Hat,30035,2026-07-21T22:54:09,523.56,300.0,300.0,300.0,cosmetic,282.4749053809445,True
73,Arcana,Virtual Reality Headset,17166.0,300 keys,2,misc,Level 10 Headset,628,2026-07-21T22:54:09,523.56,300.0,300.0,300.0,cosmetic,282.4749053809445,True
73,Arcana,Elf Esteem,16593.8,250–330 keys,0,misc,Level 1-100 Hat,30836,2026-07-21T22:54:09,506.11,250.0,330.0,290.0,cosmetic,273.0590752015797,True
73,Arcana,Lucky Shot,15163.3,265 keys,2,misc,Level 1-100 Helmet,701,2026-07-21T22:54:09,462.48,265.0,265.0,265.0,cosmetic,249.51949975316765,True
73,Arcana,Tsarboosh,14305.0,250 keys,1,misc,Level 1-100 Hat,30081,2026-07-21T22:54:09,436.3,250.0,250.0,250.0,cosmetic,235.39575448412043,True
73,Arcana,Glasgow Great Helm,14104.73,238–255 keys,2,misc,Level 1-100 Helmet,30082,2026-07-21T22:54:09,430.19,238.0,255.0,246.5,cosmetic,232.10021392134274,True
73,Arcana,Western Wear,13732.8,240 keys,2,misc,Level 1-100 Hat,379,2026-07-21T22:54:09,418.85,240.0,240.0,240.0,cosmetic,225.9799243047556,True
73,Arcana,L'Inspecteur,13446.7,235 keys,2,misc,Level 10 Hat,622,2026-07-21T22:54:09,410.12,235.0,235.0,235.0,cosmetic,221.27200921507324,True
73,Arcana,Texas Tin-Gallon,13446.7,235 keys,3,misc,Level 1-100 Hat,30044,2026-07-21T22:54:09,410.12,235.0,235.0,235.0,cosmetic,221.27200921507324,True
73,Arcana,War Pig,12874.5,225 keys,1,misc,Level 1-100 Headgear,829,2026-07-21T22:54:09,392.67,225.0,225.0,225.0,cosmetic,211.8561790357084,True
73,Arcana,Noble Amassment of Hats,12588.4,220 keys,1,misc,Level 1-100 Hat,137,2026-07-21T22:54:09,383.95,220.0,220.0,220.0,cosmetic,207.148263946026,True
73,Arcana,Ground Control,12016.2,210 keys,1,misc,Level 1-100 Hat,30338,2026-07-21T22:54:09,366.49,210.0,210.0,210.0,cosmetic,197.7324337666612,True
73,Arcana,Large Luchador,11444.0,200 keys,3,misc,Level 1-100 Mask,380,2026-07-21T22:54:09,349.04,200.0,200.0,200.0,cosmetic,188.31660358729636,True
73,Arcana,Platinum Pickelhaube,11157.9,195 keys,2,misc,Level 1-100 Helmet,30042,2026-07-21T22:54:09,340.32,195.0,195.0,195.0,cosmetic,183.60868849761394,True
73,Arcana,Greased Lightning,11014.85,175–210 keys,1,misc,Level 1-100 Hair,30078,2026-07-21T22:54:09,335.95,175.0,210.0,192.5,cosmetic,181.25473095277275,True
73,Arcana,Trencher's Topper,10986.24,192 keys,0,misc,Level 1-100 Helmet,30336,2026-07-21T22:54:09,335.08,192.0,192.0,192.0,cosmetic,180.78393944380448,True
73,Arcana,Officer's Ushanka,10871.8,190 keys,1,misc,Level 1-100 Hat,96,2026-07-21T22:54:09,331.59,190.0,190.0,190.0,cosmetic,178.90077340793152,True
73,Arcana,Familiar Fez,10728.75,175–200 keys,2,misc,Level 1-100 Hat,223,2026-07-21T22:54:09,327.23,175.0,200.0,187.5,cosmetic,176.54681586309033,True
73,Arcana,Cosa Nostra Cap,10299.6,160–200 keys,1,misc,Level 1-100 Hat,459,2026-07-21T22:54:09,314.14,160.0,200.0,180.0,cosmetic,169.48494322856672,True
73,Arcana,Master's Yellow Belt,10299.6,175–185 keys,0,misc,Level 1-100 Hat,110,2026-07-21T22:54:09,314.14,175.0,185.0,180.0,cosmetic,169.48494322856672,True
73,Arcana,Handyman's Handle,10013.5,175 keys,1,misc,Level 1-100 Hat,253,2026-07-21T22:54:09,305.41,175.0,175.0,175.0,cosmetic,164.7770281388843,True
73,Arcana,Shooter's Tin Topi,9326.86,163 keys,1,misc,Level 1-100 Hat,30005,2026-07-21T22:54:09,284.47,163.0,163.0,163.0,cosmetic,153.47803192364654,True
73,Arcana,Ye Oiled Baker Boy,9326.86,163 keys,1,misc,Level 1-100 Hat,30019,2026-07-21T22:54:09,284.47,163.0,163.0,163.0,cosmetic,153.47803192364654,True
73,Arcana,Grenadier's Softcap,9155.2,150–170 keys,2,misc,Level 1-100 Hat,227,2026-07-21T22:54:09,279.23,150.0,170.0,160.0,cosmetic,150.65328286983708,True
73,Arcana,Respectless Rubber Glove,9155.2,160 keys,1,misc,Level 1-100 Hat,102,2026-07-21T22:54:09,279.23,160.0,160.0,160.0,cosmetic,150.65328286983708,True
73,Arcana,Prancer's Pride,8811.88,154 keys,3,misc,Level 1-100 Hat,318,2026-07-21T22:54:09,268.76,154.0,154.0,154.0,cosmetic,145.00378476221817,True
73,Arcana,Birdcage,8583.0,150 keys,4,misc,Level 10 Hat,615,2026-07-21T22:54:09,261.78,150.0,150.0,150.0,cosmetic,141.23745269047225,True
73,Arcana,Geisha Boy,8583.0,150 keys,1,misc,Level 1-100 Hair,363,2026-07-21T22:54:09,261.78,150.0,150.0,150.0,cosmetic,141.23745269047225,True
73,Arcana,Valley Forge,8583.0,150 keys,1,misc,Level 1-100 Hat,30114,2026-07-21T22:54:09,261.78,150.0,150.0,150.0,cosmetic,141.23745269047225,True
73,Arcana,Base Metal Billycock,8125.24,142 keys,1,misc,Level 1-100 Hat,30007,2026-07-21T22:54:09,247.82,142.0,142.0,142.0,cosmetic,133.7047885469804,True
73,Arcana,Conquistador,7438.6,120–140 keys,1,misc,Level 1-100 Helmet,721,2026-07-21T22:54:09,226.88,120.0,140.0,130.0,cosmetic,122.40579233174263,True
73,Arcana,Texas Ten Gallon,6523.08,114 keys,2,misc,Level 1-100 Hat,94,2026-07-21T22:54:09,198.95,114.0,114.0,114.0,cosmetic,107.34046404475892,True
73,Arcana,Commando Elite,5664.78,99 keys,6,misc,Level 1-100 Helmet,30912,2026-07-21T22:54:09,172.78,99.0,99.0,99.0,cosmetic,93.2167187757117,True
73,Arcana,Madame Dixie,5550.34,79–115 keys,3,misc,Level 1-100 Hat,321,2026-07-21T22:54:09,169.29,79.0,115.0,97.0,cosmetic,91.33355273983874,True
73,Arcana,Liquidator's Lid,5149.8,80–100 keys,1,misc,Level 1-100 Hat,779,2026-07-21T22:54:09,157.07,80.0,100.0,90.0,cosmetic,84.74247161428336,True
73,Arcana,Waxy Wayfinder,5092.58,89 keys,1,misc,Level 1-100 Hat,753,2026-07-21T22:54:09,155.32,89.0,89.0,89.0,cosmetic,83.80088859634688,True
73,Arcana,Brim-Full of Bullets,4577.6,80 keys,0,misc,Level 1-100 Hat,30173,2026-07-21T22:54:09,139.62,80.0,80.0,80.0,cosmetic,75.32664143491854,True
73,Arcana,Gridiron Guardian,4577.6,80 keys,0,misc,Level 1-100 Helmet,30013,2026-07-21T22:54:09,139.62,80.0,80.0,80.0,cosmetic,75.32664143491854,True
73,Arcana,Professional's Panama,4548.99,76–83 keys,1,misc,Level 1-100 Hat,109,2026-07-21T22:54:09,138.74,76.0,83.0,79.5,cosmetic,74.8558499259503,True
73,Arcana,Soviet Gentleman,4348.72,76 keys,1,misc,Level 1-100 Hat,821,2026-07-21T22:54:09,132.64,76.0,76.0,76.0,cosmetic,71.56030936317262,True
73,Arcana,Virus Doctor,4148.45,70–75 keys,1,misc,Level 1-100 Hat,30043,2026-07-21T22:54:09,126.53,70.0,75.0,72.5,cosmetic,68.26476880039492,True
73,Arcana,Janissary Ketche,4062.62,71 keys,1,misc,Level 1-100 Hat,437,2026-07-21T22:54:09,123.91,71.0,71.0,71.0,cosmetic,66.8523942734902,True
73,Arcana,Pardner's Pompadour,4062.62,71 keys,1,misc,Level 1-100 Hair,30099,2026-07-21T22:54:09,123.91,71.0,71.0,71.0,cosmetic,66.8523942734902,True
73,Arcana,Dread Knot,3539.6721311475,53.33–70.39 keys,1,misc,Level 1-100 Hair,358,2026-07-21T22:54:09,,53.33,70.39,61.86,cosmetic,58.247031942529205,True
73,Arcana,Flipped Trilby,3147.1,55 keys,1,misc,Level 1-100 Hat,324,2026-07-21T22:54:09,95.99,55.0,55.0,55.0,cosmetic,51.7870659865065,True
73,Arcana,Plumber's Pipe,2460.46,30–56 keys,2,misc,Level 1-100 Hat,30022,2026-07-21T22:54:09,75.04,30.0,56.0,43.0,cosmetic,40.48806977126872,True
73,Arcana,Fat Man's Field Cap,,,1,misc,Level 1-100 Hat,30911,2026-07-21T22:54:09,,,,,cosmetic,,False
43,Knifestorm,Coffin Kit,607390.3,10615 keys,4,misc,Level 1-100 Backpack,938,2026-07-21T22:54:09,18525.4,10615.0,10615.0,10615.0,cosmetic,9994.903735395756,True
43,Knifestorm,Charmer's Chapeau,400540.0,7000 keys,4,misc,Level 1-100 Hat,397,2026-07-21T22:54:09,12216.47,7000.0,7000.0,7000.0,cosmetic,6591.081125555373,True
43,Knifestorm,Soldier's Stash,373360.5,6525 keys,3,misc,Level 1-100 Cosmetic Item,54,2026-07-21T22:54:09,11387.5,6525.0,6525.0,6525.0,cosmetic,6143.829192035543,True
43,Knifestorm,Well-Rounded Rifleman,351903.0,6150 keys,0,misc,Level 1-100 Hat,30067,2026-07-21T22:54:09,10733.04,6150.0,6150.0,6150.0,cosmetic,5790.735560309363,True
43,Knifestorm,Conjurer's Cowl,286100.0,5000 keys,1,misc,Level 1-100 Hood,465,2026-07-21T22:54:09,8726.05,5000.0,5000.0,5000.0,cosmetic,4707.9150896824085,True
43,Knifestorm,Killer's Kabuto,247476.5,4325 keys,2,misc,Level 1-100 Helmet,152,2026-07-21T22:54:09,7548.03,4325.0,4325.0,4325.0,cosmetic,4072.3465525752836,True
43,Knifestorm,Samur-Eye,246046.0,4300 keys,1,misc,Level 1-100 Helmet,359,2026-07-21T22:54:09,7504.4,4300.0,4300.0,4300.0,cosmetic,4048.8069771268715,True
43,Knifestorm,Le Party Phantom,240324.0,4200 keys,5,misc,Level 1-100 Mask,337,2026-07-21T22:54:09,7329.88,4200.0,4200.0,4200.0,cosmetic,3954.6486753332233,True
43,Knifestorm,Salty Dog,231741.0,4050 keys,3,misc,Level 10 Hat,611,2026-07-21T22:54:09,7068.1,4050.0,4050.0,4050.0,cosmetic,3813.411222642751,True
43,Knifestorm,Dr's Dapper Topper,217436.0,3800 keys,3,misc,Level 1-100 Hat,252,2026-07-21T22:54:09,6631.8,3800.0,3800.0,3800.0,cosmetic,3578.015468158631,True
43,Knifestorm,Officer's Ushanka,208853.0,3650 keys,3,misc,Level 1-100 Hat,96,2026-07-21T22:54:09,6370.02,3650.0,3650.0,3650.0,cosmetic,3436.7780154681586,True
43,Knifestorm,Your Worst Nightmare,200270.0,3500 keys,1,misc,Level 10 Hair,600,2026-07-21T22:54:09,6108.23,3500.0,3500.0,3500.0,cosmetic,3295.5405627776863,True
43,Knifestorm,Mining Light,191687.0,2700–4000 keys,6,misc,Level 1-100 Cosmetic Item,48,2026-07-21T22:54:09,5846.45,2700.0,4000.0,3350.0,cosmetic,3154.303110087214,True
43,Knifestorm,Pencil Pusher,191687.0,3050–3650 keys,3,misc,Level 10 Hair,605,2026-07-21T22:54:09,5846.45,3050.0,3650.0,3350.0,cosmetic,3154.303110087214,True
43,Knifestorm,Bomber's Bucket Hat,145911.0,2550 keys,1,misc,Level 1-100 Hat,30547,2026-07-21T22:54:09,4450.29,2550.0,2550.0,2550.0,cosmetic,2401.0366957380284,True
43,Knifestorm,Pithy Professional,143050.0,2500 keys,2,misc,Level 1-100 Hat,30915,2026-07-21T22:54:09,4363.02,2500.0,2500.0,2500.0,cosmetic,2353.9575448412043,True
43,Knifestorm,Prussian Pickelhaube,143050.0,2500 keys,1,misc,Level 1-100 Helmet,50,2026-07-21T22:54:09,4363.02,2500.0,2500.0,2500.0,cosmetic,2353.9575448412043,True
43,Knifestorm,L'Inspecteur,134467.0,2350 keys,2,misc,Level 10 Hat,622,2026-07-21T22:54:09,4101.24,2350.0,2350.0,2350.0,cosmetic,2212.720092150732,True
43,Knifestorm,Scotsman's Stove Pipe,131606.0,2300 keys,2,misc,Level 1-100 Hat,120,2026-07-21T22:54:09,4013.98,2300.0,2300.0,2300.0,cosmetic,2165.640941253908,True
43,Knifestorm,Blast Defense,130175.5,2050–2500 keys,0,misc,Level 1-100 Headgear,30863,2026-07-21T22:54:09,3970.35,2050.0,2500.0,2275.0,cosmetic,2142.1013658054962,True
43,Knifestorm,One-Man Army,120162.0,2100 keys,3,misc,Level 10 Hair,601,2026-07-21T22:54:09,3664.94,2100.0,2100.0,2100.0,cosmetic,1977.3243376666117,True
43,Knifestorm,Hat of Cards,117301.0,2050 keys,1,misc,Level 1-100 Hat,825,2026-07-21T22:54:09,3577.68,2050.0,2050.0,2050.0,cosmetic,1930.2451867697876,True
43,Knifestorm,Ye Olde Baker Boy,115727.45,1645–2400 keys,1,misc,Level 1-100 Hat,107,2026-07-21T22:54:09,3529.69,1645.0,2400.0,2022.5,cosmetic,1904.3516537765342,True
43,Knifestorm,Armored Authority,114440.0,2000 keys,4,misc,Level 1-100 Helmet,445,2026-07-21T22:54:09,3490.42,2000.0,2000.0,2000.0,cosmetic,1883.1660358729634,True
43,Knifestorm,Surgeon's Stahlhelm,111579.0,1950 keys,2,misc,Level 10 Helmet,616,2026-07-21T22:54:09,3403.16,1950.0,1950.0,1950.0,cosmetic,1836.0868849761393,True
43,Knifestorm,Tyrant's Helm,108718.0,1800–2000 keys,3,misc,Level 1-100 Helmet,99,2026-07-21T22:54:09,3315.9,1800.0,2000.0,1900.0,cosmetic,1789.0077340793155,True
43,Knifestorm,Honcho's Headgear,102996.0,1800 keys,2,misc,Level 1-100 Hat,391,2026-07-21T22:54:09,3141.38,1800.0,1800.0,1800.0,cosmetic,1694.8494322856673,True
43,Knifestorm,Sole Mate,102996.0,1800 keys,1,misc,Level 1-100 Hat,30355,2026-07-21T22:54:09,3141.38,1800.0,1800.0,1800.0,cosmetic,1694.8494322856673,True
43,Knifestorm,Magistrate's Mullet,101679.94,1777 keys,2,misc,Level 1-100 Hair,147,2026-07-21T22:54:09,3101.24,1777.0,1777.0,1777.0,cosmetic,1673.193022873128,True
43,Knifestorm,Towering Pillar of Hats,100135.0,1750 keys,2,misc,Level 1-100 Hat,135,2026-07-21T22:54:09,3054.12,1750.0,1750.0,1750.0,cosmetic,1647.7702813888432,True
43,Knifestorm,A Rather Festive Tree,97274.0,1700 keys,2,misc,Level 1-100 Hat,341,2026-07-21T22:54:09,2966.86,1700.0,1700.0,1700.0,cosmetic,1600.691130492019,True
43,Knifestorm,Grenadier's Softcap,88691.0,1550 keys,3,misc,Level 1-100 Hat,227,2026-07-21T22:54:09,2705.08,1550.0,1550.0,1550.0,cosmetic,1459.4536778015467,True
43,Knifestorm,Brim-Full of Bullets,85830.0,1500 keys,1,misc,Level 1-100 Hat,30173,2026-07-21T22:54:09,2617.82,1500.0,1500.0,1500.0,cosmetic,1412.3745269047226,True
43,Knifestorm,Private Eye,85830.0,1500 keys,2,misc,Level 1-100 Hat,388,2026-07-21T22:54:09,2617.82,1500.0,1500.0,1500.0,cosmetic,1412.3745269047226,True
43,Knifestorm,Texas Ten Gallon,85830.0,1500 keys,3,misc,Level 1-100 Hat,94,2026-07-21T22:54:09,2617.82,1500.0,1500.0,1500.0,cosmetic,1412.3745269047226,True
43,Knifestorm,Chieftain's Challenge,82969.0,1450 keys,1,misc,Level 1-100 Hat,250,2026-07-21T22:54:09,2530.55,1450.0,1450.0,1450.0,cosmetic,1365.2953760078985,True
43,Knifestorm,Demoman's Fro,80108.0,1400 keys,2,misc,Level 1-100 Hair,47,2026-07-21T22:54:09,2443.29,1400.0,1400.0,1400.0,cosmetic,1318.2162251110744,True
43,Knifestorm,Liquidator's Lid,80108.0,1400 keys,3,misc,Level 1-100 Hat,779,2026-07-21T22:54:09,2443.29,1400.0,1400.0,1400.0,cosmetic,1318.2162251110744,True
43,Knifestorm,Lord Cockswain's Pith Helmet,80108.0,1400 keys,2,misc,Level 1-100 Headgear,439,2026-07-21T22:54:09,2443.29,1400.0,1400.0,1400.0,cosmetic,1318.2162251110744,True
43,Knifestorm,Gentleman's Gatsby,77247.0,1350 keys,5,misc,Level 1-100 Hat,184,2026-07-21T22:54:09,2356.03,1350.0,1350.0,1350.0,cosmetic,1271.1370742142503,True
43,Knifestorm,Slick Cut,77247.0,1350 keys,1,misc,Level 1-100 Hair,30187,2026-07-21T22:54:09,2356.03,1350.0,1350.0,1350.0,cosmetic,1271.1370742142503,True
43,Knifestorm,Aviator Assassin,74386.0,1300 keys,1,misc,Level 1-100 Hat,30404,2026-07-21T22:54:09,2268.77,1300.0,1300.0,1300.0,cosmetic,1224.0579233174262,True
43,Knifestorm,Noble Amassment of Hats,74386.0,1300 keys,3,misc,Level 1-100 Hat,137,2026-07-21T22:54:09,2268.77,1300.0,1300.0,1300.0,cosmetic,1224.0579233174262,True
43,Knifestorm,Professional's Panama,74386.0,1300 keys,4,misc,Level 1-100 Hat,109,2026-07-21T22:54:09,2268.77,1300.0,1300.0,1300.0,cosmetic,1224.0579233174262,True
43,Knifestorm,Bone Dome,71525.0,1250 keys,2,misc,Level 1-100 Helmet,30162,2026-07-21T22:54:09,2181.51,1250.0,1250.0,1250.0,cosmetic,1176.9787724206021,True
43,Knifestorm,Capo's Capper,68664.0,1200 keys,1,misc,Level 1-100 Hat,427,2026-07-21T22:54:09,2094.25,1200.0,1200.0,1200.0,cosmetic,1129.899621523778,True
43,Knifestorm,Firewall Helmet,67233.5,1175 keys,1,misc,Level 1-100 Helmet,30038,2026-07-21T22:54:09,2050.62,1175.0,1175.0,1175.0,cosmetic,1106.360046075366,True
43,Knifestorm,Bonk Boy,65803.0,1150 keys,5,misc,Level 1-100 Mask,451,2026-07-21T22:54:09,2006.99,1150.0,1150.0,1150.0,cosmetic,1082.820470626954,True
43,Knifestorm,Vintage Merryweather,65230.8,1140 keys,3,misc,Level 1-100 Helmet,182,2026-07-21T22:54:09,1989.54,1140.0,1140.0,1140.0,cosmetic,1073.4046404475894,True
43,Knifestorm,Bootleg Base Metal Billycock,62942.0,1100 keys,1,misc,Level 1-100 Hat,30047,2026-07-21T22:54:09,1919.73,1100.0,1100.0,1100.0,cosmetic,1035.74131973013,True
43,Knifestorm,Brainiac Hairpiece,62942.0,1100 keys,3,misc,Level 1-100 Facial Hair,590,2026-07-21T22:54:09,1919.73,1100.0,1100.0,1100.0,cosmetic,1035.74131973013,True
43,Knifestorm,Rotation Sensation,62942.0,1100 keys,0,misc,Level 1-100 Hat,30623,2026-07-21T22:54:09,1919.73,1100.0,1100.0,1100.0,cosmetic,1035.74131973013,True
43,Knifestorm,Modest Pile of Hat,61511.5,1000–1150 keys,3,misc,Level 1-100 Hat,139,2026-07-21T22:54:09,1876.1,1000.0,1150.0,1075.0,cosmetic,1012.2017442817179,True
43,Knifestorm,Flipped Trilby,60081.0,1050 keys,5,misc,Level 1-100 Hat,324,2026-07-21T22:54:09,1832.47,1050.0,1050.0,1050.0,cosmetic,988.6621688333058,True
43,Knifestorm,Stout Shako,60081.0,1050 keys,4,misc,Level 1-100 Hat,251,2026-07-21T22:54:09,1832.47,1050.0,1050.0,1050.0,cosmetic,988.6621688333058,True
43,Knifestorm,Swagman's Swatter,58936.6,1030 keys,1,misc,Level 10 Hat,626,2026-07-21T22:54:09,1797.57,1030.0,1030.0,1030.0,cosmetic,969.8305084745762,True
43,Knifestorm,Brain Bucket,57220.0,1000 keys,3,misc,Level 1-100 Hat,434,2026-07-21T22:54:09,1745.21,1000.0,1000.0,1000.0,cosmetic,941.5830179364817,True
43,Knifestorm,Warhood,57220.0,1000 keys,0,misc,Level 1-100 Hood,30866,2026-07-21T22:54:09,1745.21,1000.0,1000.0,1000.0,cosmetic,941.5830179364817,True
43,Knifestorm,Western Wear,57220.0,1000 keys,6,misc,Level 1-100 Hat,379,2026-07-21T22:54:09,1745.21,1000.0,1000.0,1000.0,cosmetic,941.5830179364817,True
43,Knifestorm,Team Captain,55503.4,970 keys,5,misc,Level 1-100 Hat,378,2026-07-21T22:54:09,1692.85,970.0,970.0,970.0,cosmetic,913.3355273983873,True
43,Knifestorm,Anger,54931.2,960 keys,1,misc,Level 10 Hood,518,2026-07-21T22:54:09,1675.4,960.0,960.0,960.0,cosmetic,903.9196972190224,True
43,Knifestorm,Berliner's Bucket Helm,53214.6,930 keys,3,misc,Level 1-100 Helmet,303,2026-07-21T22:54:09,1623.05,930.0,930.0,930.0,cosmetic,875.6722066809281,True
43,Knifestorm,Pyro's Beanie,53214.6,930 keys,3,misc,Level 1-100 Hat,51,2026-07-21T22:54:09,1623.05,930.0,930.0,930.0,cosmetic,875.6722066809281,True
43,Knifestorm,Whoopee Cap,53214.6,910–950 keys,3,misc,Level 1-100 Hat,174,2026-07-21T22:54:09,1623.05,910.0,950.0,930.0,cosmetic,875.6722066809281,True
43,Knifestorm,Wraith Wrap,51955.76,908 keys,4,misc,Level 1-100 Apparel,937,2026-07-21T22:54:09,1584.65,908.0,908.0,908.0,cosmetic,854.9573802863255,True
43,Knifestorm,Crone's Dome,51927.15,840–975 keys,3,misc,Level 1-100 Hat,920,2026-07-21T22:54:09,1583.78,840.0,975.0,907.5,cosmetic,854.4865887773573,True
43,Knifestorm,Dragonborn Helmet,51498.0,900 keys,2,misc,Level 10 Helmet,517,2026-07-21T22:54:09,1570.69,900.0,900.0,900.0,cosmetic,847.4247161428336,True
43,Knifestorm,Scotch Bonnet,50925.8,830–950 keys,3,misc,Level 1-100 Headgear,306,2026-07-21T22:54:09,1553.24,830.0,950.0,890.0,cosmetic,838.0088859634689,True
43,Knifestorm,Front Runner,50639.7,885 keys,3,misc,Level 1-100 Hat,760,2026-07-21T22:54:09,1544.51,885.0,885.0,885.0,cosmetic,833.3009708737864,True
43,Knifestorm,Executioner,49502.950819672,865.13 keys,1,misc,Level 1-100 Hat,921,2026-07-21T22:54:09,,865.13,865.13,865.13,cosmetic,814.5952084856343,True
43,Knifestorm,Dead Cone,49352.25,825–900 keys,3,misc,Level 1-100 Hat,435,2026-07-21T22:54:09,1505.24,825.0,900.0,862.5,cosmetic,812.1153529702156,True
43,Knifestorm,Copper's Hard Top,49209.2,860 keys,4,misc,Level 1-100 Helmet,478,2026-07-21T22:54:09,1500.88,860.0,860.0,860.0,cosmetic,809.7613954253743,True
43,Knifestorm,Buccaneer's Bicorne,48637.0,850 keys,5,misc,Level 10 Hat,607,2026-07-21T22:54:09,1483.43,850.0,850.0,850.0,cosmetic,800.3455652460095,True
43,Knifestorm,Vive la France,48637.0,850 keys,1,misc,Level 1-100 Hat,30422,2026-07-21T22:54:09,1483.43,850.0,850.0,850.0,cosmetic,800.3455652460095,True
43,Knifestorm,Attendant,45776.0,800 keys,1,misc,Level 1-100 Hat,213,2026-07-21T22:54:09,1396.17,800.0,800.0,800.0,cosmetic,753.2664143491854,True
43,Knifestorm,Shellmet,45776.0,800 keys,2,misc,Level 1-100 Helmet,30897,2026-07-21T22:54:09,1396.17,800.0,800.0,800.0,cosmetic,753.2664143491854,True
43,Knifestorm,Vintage Tyrolean,45776.0,800 keys,5,misc,Level 1-100 Hat,101,2026-07-21T22:54:09,1396.17,800.0,800.0,800.0,cosmetic,753.2664143491854,True
43,Knifestorm,Tam O' Shanter,44631.6,780 keys,5,misc,Level 1-100 Hat,480,2026-07-21T22:54:09,1361.26,780.0,780.0,780.0,cosmetic,734.4347539904558,True
43,Knifestorm,Field Practice,42915.0,750 keys,0,misc,Level 1-100 Headgear,30862,2026-07-21T22:54:09,1308.91,750.0,750.0,750.0,cosmetic,706.1872634523613,True
43,Knifestorm,Heavy Duty Rag,42915.0,750 keys,2,misc,Level 1-100 Bandana,185,2026-07-21T22:54:09,1308.91,750.0,750.0,750.0,cosmetic,706.1872634523613,True
43,Knifestorm,Mask of the Shaman,42915.0,750 keys,1,misc,Level 10 Mask,514,2026-07-21T22:54:09,1308.91,750.0,750.0,750.0,cosmetic,706.1872634523613,True
43,Knifestorm,Magnificent Mongolian,42171.14,737 keys,3,misc,Level 1-100 Hat,313,2026-07-21T22:54:09,1286.22,737.0,737.0,737.0,cosmetic,693.9466842191871,True
43,Knifestorm,Gym Rat,41770.6,730 keys,4,misc,Level 10 Hair,613,2026-07-21T22:54:09,1274.0,730.0,730.0,730.0,cosmetic,687.3556030936317,True
43,Knifestorm,Bombing Run,40054.0,700 keys,5,misc,Level 1-100 Helmet,249,2026-07-21T22:54:09,1221.65,700.0,700.0,700.0,cosmetic,659.1081125555372,True
43,Knifestorm,Company Man,40054.0,700 keys,5,misc,Level 10 Hat,523,2026-07-21T22:54:09,1221.65,700.0,700.0,700.0,cosmetic,659.1081125555372,True
43,Knifestorm,Hound Dog,40054.0,700 keys,3,misc,Level 1-100 Hair,145,2026-07-21T22:54:09,1221.65,700.0,700.0,700.0,cosmetic,659.1081125555372,True
43,Knifestorm,Voodoo JuJu (Slight Return),40054.0,700 keys,2,misc,Level 1-100 Hat,935,2026-07-21T22:54:09,1221.65,700.0,700.0,700.0,cosmetic,659.1081125555372,True
43,Knifestorm,Sergeant's Drill Hat,38337.4,670 keys,4,misc,Level 1-100 Hat,183,2026-07-21T22:54:09,1169.29,670.0,670.0,670.0,cosmetic,630.8606220174428,True
43,Knifestorm,Hetman's Headpiece,37307.44,614–690 keys,2,misc,Level 1-100 Hat,436,2026-07-21T22:54:09,1137.88,614.0,690.0,652.0,cosmetic,613.9121276945862,True
43,Knifestorm,Birdcage,34332.0,600 keys,3,misc,Level 10 Hat,615,2026-07-21T22:54:09,1047.13,600.0,600.0,600.0,cosmetic,564.949810761889,True
43,Knifestorm,Furious Fukaamigasa,34332.0,600 keys,3,misc,Level 1-100 Hat,395,2026-07-21T22:54:09,1047.13,600.0,600.0,600.0,cosmetic,564.949810761889,True
43,Knifestorm,Master's Yellow Belt,34332.0,600 keys,1,misc,Level 1-100 Hat,110,2026-07-21T22:54:09,1047.13,600.0,600.0,600.0,cosmetic,564.949810761889,True
43,Knifestorm,Tippler's Tricorne,34188.95,470–725 keys,7,misc,Level 1-100 Hat,179,2026-07-21T22:54:09,1042.76,470.0,725.0,597.5,cosmetic,562.5958532170478,True
43,Knifestorm,Hottie's Hoodie,33759.8,590 keys,4,misc,Level 1-100 Hood,377,2026-07-21T22:54:09,1029.67,590.0,590.0,590.0,cosmetic,555.5339805825242,True
43,Knifestorm,Industrial Festivizer,33759.8,590 keys,6,misc,Level 1-100 Hat,338,2026-07-21T22:54:09,1029.67,590.0,590.0,590.0,cosmetic,555.5339805825242,True
43,Knifestorm,Stainless Pot,31757.1,485–625 keys,3,misc,Level 1-100 Hat,98,2026-07-21T22:54:09,968.59,485.0,625.0,555.0,cosmetic,522.5785749547474,True
43,Knifestorm,Respectless Rubber Glove,31184.9,545 keys,3,misc,Level 1-100 Hat,102,2026-07-21T22:54:09,951.14,545.0,545.0,545.0,cosmetic,513.1627447753826,True
43,Knifestorm,Hard Counter,30326.6,530 keys,4,misc,Level 1-100 Hat,254,2026-07-21T22:54:09,924.96,530.0,530.0,530.0,cosmetic,499.0389995063353,True
43,Knifestorm,Das Maddendoktor,28610.0,500 keys,2,misc,Level 1-100 Hair,30121,2026-07-21T22:54:09,872.61,500.0,500.0,500.0,cosmetic,470.79150896824086,True
43,Knifestorm,Hot Dogger,28610.0,500 keys,2,misc,Level 10 Hat,614,2026-07-21T22:54:09,872.61,500.0,500.0,500.0,cosmetic,470.79150896824086,True
43,Knifestorm,Janissary Ketche,28610.0,500 keys,3,misc,Level 1-100 Hat,437,2026-07-21T22:54:09,872.61,500.0,500.0,500.0,cosmetic,470.79150896824086,True
43,Knifestorm,Pyromancer's Mask,28610.0,500 keys,1,misc,Level 1-100 Mask,316,2026-07-21T22:54:09,872.61,500.0,500.0,500.0,cosmetic,470.79150896824086,True
43,Knifestorm,Connoisseur's Cap,27465.6,480 keys,1,misc,Level 1-100 Hat,394,2026-07-21T22:54:09,837.7,480.0,480.0,480.0,cosmetic,451.9598486095112,True
43,Knifestorm,Defiant Spartan,26178.15,415–500 keys,2,misc,Level 1-100 Helmet,340,2026-07-21T22:54:09,798.43,415.0,500.0,457.5,cosmetic,430.77423070594045,True
43,Knifestorm,Big Elfin Deal,25749.0,450 keys,4,misc,Level 1-100 Hat,652,2026-07-21T22:54:09,785.34,450.0,450.0,450.0,cosmetic,423.7123580714168,True
43,Knifestorm,Cotton Head,25749.0,450 keys,1,misc,Level 1-100 Hat,30175,2026-07-21T22:54:09,785.34,450.0,450.0,450.0,cosmetic,423.7123580714168,True
43,Knifestorm,Galvanized Gibus,25749.0,450 keys,1,misc,Level 1-100 Hat,30003,2026-07-21T22:54:09,785.34,450.0,450.0,450.0,cosmetic,423.7123580714168,True
43,Knifestorm,Hong Kong Cone,25749.0,450 keys,1,misc,Level 1-100 Hat,30177,2026-07-21T22:54:09,785.34,450.0,450.0,450.0,cosmetic,423.7123580714168,True
43,Knifestorm,Prancer's Pride,23746.3,410–420 keys,5,misc,Level 1-100 Hat,318,2026-07-21T22:54:09,724.26,410.0,420.0,415.0,cosmetic,390.75695244363993,True
43,Knifestorm,Fancy Fedora,23431.59,409–410 keys,2,misc,Level 1-100 Hat,55,2026-07-21T22:54:09,714.66,409.0,410.0,409.5,cosmetic,385.5782458449893,True
43,Knifestorm,Big Chief,22888.0,400 keys,2,misc,Level 1-100 Hat,309,2026-07-21T22:54:09,698.08,400.0,400.0,400.0,cosmetic,376.6332071745927,True
43,Knifestorm,Bolted Birdcage,22888.0,400 keys,1,misc,Level 1-100 Hat,30057,2026-07-21T22:54:09,698.08,400.0,400.0,400.0,cosmetic,376.6332071745927,True
43,Knifestorm,El Jefe,22888.0,400 keys,3,misc,Level 10 Hat,539,2026-07-21T22:54:09,698.08,400.0,400.0,400.0,cosmetic,376.6332071745927,True
43,Knifestorm,Stately Steel Toe,22601.9,395 keys,5,misc,Level 1-100 Hat,481,2026-07-21T22:54:09,689.36,395.0,395.0,395.0,cosmetic,371.9252920849103,True
43,Knifestorm,Dread Knot,22315.8,390 keys,3,misc,Level 1-100 Hair,358,2026-07-21T22:54:09,680.63,390.0,390.0,390.0,cosmetic,367.2173769952279,True
43,Knifestorm,Hat with No Name,20885.3,365 keys,2,misc,Level 10 Hat,631,2026-07-21T22:54:09,637.0,365.0,365.0,365.0,cosmetic,343.67780154681583,True
43,Knifestorm,Familiar Fez,20255.88,354 keys,2,misc,Level 1-100 Hat,223,2026-07-21T22:54:09,617.8,354.0,354.0,354.0,cosmetic,333.3203883495146,True
43,Knifestorm,Brown Bomber,20027.0,350 keys,2,misc,Level 1-100 Hat,671,2026-07-21T22:54:09,610.82,350.0,350.0,350.0,cosmetic,329.5540562777686,True
43,Knifestorm,Outdoorsman,20027.0,350 keys,2,misc,Level 10 Hat,603,2026-07-21T22:54:09,610.82,350.0,350.0,350.0,cosmetic,329.5540562777686,True
43,Knifestorm,Pugilist's Protector,20027.0,350 keys,2,misc,Level 1-100 Headgear,246,2026-07-21T22:54:09,610.82,350.0,350.0,350.0,cosmetic,329.5540562777686,True
43,Knifestorm,B'aaarrgh-n-Bicorne,19454.8,340 keys,1,misc,Level 1-100 Hat,30718,2026-07-21T22:54:09,593.37,340.0,340.0,340.0,cosmetic,320.1382260984038,True
43,Knifestorm,Towering Titanium Pillar of Hats,18882.6,330 keys,1,misc,Level 1-100 Hat,30008,2026-07-21T22:54:09,575.92,330.0,330.0,330.0,cosmetic,310.72239591903895,True
43,Knifestorm,Rimmed Raincatcher,17738.2,250–370 keys,2,misc,Level 1-100 Hat,216,2026-07-21T22:54:09,541.02,250.0,370.0,310.0,cosmetic,291.89073556030934,True
43,Knifestorm,Nanobalaclava,17166.0,300 keys,3,misc,Level 10 Hat,521,2026-07-21T22:54:09,523.56,300.0,300.0,300.0,cosmetic,282.4749053809445,True
43,Knifestorm,Physician's Protector,17166.0,300 keys,1,misc,Level 1-100 Helmet,30625,2026-07-21T22:54:09,523.56,300.0,300.0,300.0,cosmetic,282.4749053809445,True
43,Knifestorm,Professor's Peculiarity,17166.0,300 keys,3,misc,Level 1-100 Hair,384,2026-07-21T22:54:09,523.56,300.0,300.0,300.0,cosmetic,282.4749053809445,True
43,Knifestorm,Villain's Veil,17166.0,300 keys,2,misc,Level 1-100 Bandana,393,2026-07-21T22:54:09,523.56,300.0,300.0,300.0,cosmetic,282.4749053809445,True
43,Knifestorm,German Gonzila,16021.6,280 keys,3,misc,Level 1-100 Hat,323,2026-07-21T22:54:09,488.66,280.0,280.0,280.0,cosmetic,263.6432450222149,True
43,Knifestorm,Triboniophorus Tyrannus,15878.55,255–300 keys,2,misc,Level 1-100 Mascot,151,2026-07-21T22:54:09,484.3,255.0,300.0,277.5,cosmetic,261.2892874773737,True
43,Knifestorm,Glengarry Bonnet,14305.0,200–300 keys,2,misc,Level 1-100 Hat,100,2026-07-21T22:54:09,436.3,200.0,300.0,250.0,cosmetic,235.39575448412043,True
43,Knifestorm,Troublemaker's Tossle Cap,13732.8,240 keys,0,misc,Level 1-100 Hat,150,2026-07-21T22:54:09,418.85,240.0,240.0,240.0,cosmetic,225.9799243047556,True
43,Knifestorm,Letch's LED,13160.6,230 keys,1,misc,Level 1-100 Hat,30002,2026-07-21T22:54:09,401.4,230.0,230.0,230.0,cosmetic,216.56409412539082,True
43,Knifestorm,Grimm Hatte,12931.72,226 keys,1,misc,Level 1-100 Hat,383,2026-07-21T22:54:09,394.42,226.0,226.0,226.0,cosmetic,212.79776205364487,True
43,Knifestorm,Batter's Helmet,11444.0,200 keys,2,misc,Level 1-100 Helmet,52,2026-07-21T22:54:09,349.04,200.0,200.0,200.0,cosmetic,188.31660358729636,True
43,Knifestorm,Hellmet,11444.0,200 keys,1,misc,Level 1-100 Helmet,30708,2026-07-21T22:54:09,349.04,200.0,200.0,200.0,cosmetic,188.31660358729636,True
43,Knifestorm,Tavish DeGroot Experience,11444.0,200 keys,2,misc,Level 10 Hat,604,2026-07-21T22:54:09,349.04,200.0,200.0,200.0,cosmetic,188.31660358729636,True
43,Knifestorm,Ze Goggles,11444.0,200 keys,2,misc,Level 1-100 Glasses,177,2026-07-21T22:54:09,349.04,200.0,200.0,200.0,cosmetic,188.31660358729636,True
43,Knifestorm,Gentleman's Ushanka,11157.9,195 keys,4,misc,Level 1-100 Hat,778,2026-07-21T22:54:09,340.32,195.0,195.0,195.0,cosmetic,183.60868849761394,True
43,Knifestorm,Fed-Fightin' Fedora,10134.590163934,166.7–187.54 keys,1,misc,Level 1-100 Hat,780,2026-07-21T22:54:09,,166.7,187.54,177.12,cosmetic,166.76962586694094,True
43,Knifestorm,Bear Necessities,9784.62,171 keys,1,misc,Level 1-100 Spirit Animal,30122,2026-07-21T22:54:09,298.43,171.0,171.0,171.0,cosmetic,161.01069606713838,True
43,Knifestorm,Lucky Shot,9727.4,170 keys,3,misc,Level 1-100 Helmet,701,2026-07-21T22:54:09,296.69,170.0,170.0,170.0,cosmetic,160.0691130492019,True
43,Knifestorm,Head Warmer,9621.3114754098,168.15 keys,2,misc,Level 1-100 Hat,644,2026-07-21T22:54:09,,168.15,168.15,168.15,cosmetic,158.32337461592562,True
43,Knifestorm,Pirate Bandana,9555.74,167 keys,1,misc,Level 1-100 Hat,30180,2026-07-21T22:54:09,291.45,167.0,167.0,167.0,cosmetic,157.24436399539246,True
43,Knifestorm,Hustler's Hallmark,9498.52,156–176 keys,2,misc,Level 1-100 Hat,146,2026-07-21T22:54:09,289.7,156.0,176.0,166.0,cosmetic,156.30278097745597,True
43,Knifestorm,Tough Guy's Toque,9298.25,150–175 keys,4,misc,Level 1-100 Hat,97,2026-07-21T22:54:09,283.6,150.0,175.0,162.5,cosmetic,153.00724041467828,True
43,Knifestorm,Pardner's Pompadour,8869.1,150–160 keys,1,misc,Level 1-100 Hair,30099,2026-07-21T22:54:09,270.51,150.0,160.0,155.0,cosmetic,145.94536778015467,True
43,Knifestorm,Desert Marauder,8754.66,153 keys,1,misc,Level 1-100 Hat,400,2026-07-21T22:54:09,267.02,153.0,153.0,153.0,cosmetic,144.0622017442817,True
43,Knifestorm,Détective Noir,8382.73,146–147 keys,1,misc,Level 1-100 Hat,319,2026-07-21T22:54:09,255.67,146.0,147.0,146.5,cosmetic,137.94191212769456,True
43,Knifestorm,Bubble Pipe,8311.1475409836,125.39–165.1 keys,3,misc,Level 1-100 Helmet,597,2026-07-21T22:54:09,,125.39,165.1,145.245,cosmetic,136.76398783912455,True
43,Knifestorm,Napoleon Complex,8182.46,143 keys,1,misc,Level 1-100 Hat,30360,2026-07-21T22:54:09,249.57,143.0,143.0,143.0,cosmetic,134.6463715649169,True
43,Knifestorm,Respectless Robo-Glove,7839.14,137 keys,0,misc,Level 1-100 Hat,30039,2026-07-21T22:54:09,239.09,137.0,137.0,137.0,cosmetic,128.996873457298,True
43,Knifestorm,Geisha Boy,7724.7,135 keys,2,misc,Level 1-100 Hair,363,2026-07-21T22:54:09,235.6,135.0,135.0,135.0,cosmetic,127.11370742142503,True
43,Knifestorm,Safe'n'Sound,7546.2295081967,109.9–153.86 keys,1,misc,Level 1-100 Hat,178,2026-07-21T22:54:09,,109.9,153.86,131.88,cosmetic,124.17688840211783,True
43,Knifestorm,Hermes,7438.6,130 keys,3,misc,Level 10 Hat,633,2026-07-21T22:54:09,226.88,130.0,130.0,130.0,cosmetic,122.40579233174263,True
43,Knifestorm,Old Guadalajara,7039.6721311475,113.56–132.49 keys,1,misc,Level 1-100 Hat,247,2026-07-21T22:54:09,,113.56,132.49,123.025,cosmetic,115.84123961078657,True
43,Knifestorm,Backwards Ballcap,6866.4,120 keys,3,misc,Level 10 Hat,617,2026-07-21T22:54:09,209.43,120.0,120.0,120.0,cosmetic,112.9899621523778,True
43,Knifestorm,Counterfeit Billycock,6575.4098360656,104.47–125.36 keys,1,misc,Level 10 Hat,602,2026-07-21T22:54:09,,104.47,125.36,114.91499999999999,cosmetic,108.20157702921836,True
43,Knifestorm,Large Luchador,6466.5573770492,101.62–124.4 keys,1,misc,Level 1-100 Mask,380,2026-07-21T22:54:09,,101.62,124.4,113.01,cosmetic,106.41035670642093,True
43,Knifestorm,Coupe D'isaster,6408.64,112 keys,1,misc,Level 1-100 Hair,330,2026-07-21T22:54:09,195.46,112.0,112.0,112.0,cosmetic,105.45729800888596,True
43,Knifestorm,Milkman,5979.1803278689,94.05–114.94 keys,1,misc,Level 1-100 Hat,219,2026-07-21T22:54:09,,94.05,114.94,104.495,cosmetic,98.39032956835445,True
43,Knifestorm,Mann of Reason,5836.44,101–103 keys,1,misc,Level 1-100 Hat,30318,2026-07-21T22:54:09,178.01,101.0,103.0,102.0,cosmetic,96.04146782952114,True
43,Knifestorm,Doctor's Sack,5722.0,100 keys,4,misc,Level 1-100 Hat,398,2026-07-21T22:54:09,174.52,100.0,100.0,100.0,cosmetic,94.15830179364818,True
43,Knifestorm,Trencher's Topper,5722.0,100 keys,1,misc,Level 1-100 Helmet,30336,2026-07-21T22:54:09,174.52,100.0,100.0,100.0,cosmetic,94.15830179364818,True
43,Knifestorm,Carouser's Capotain,5607.56,98 keys,2,misc,Level 1-100 Hat,259,2026-07-21T22:54:09,171.03,98.0,98.0,98.0,cosmetic,92.27513575777522,True
43,Knifestorm,Madame Dixie,5329.8360655738,83.02–103.27 keys,1,misc,Level 1-100 Hat,321,2026-07-21T22:54:09,,83.02,103.27,93.145,cosmetic,87.70505291383577,True
43,Knifestorm,Handyman's Handle,5063.97,82–95 keys,4,misc,Level 1-100 Hat,253,2026-07-21T22:54:09,154.45,82.0,95.0,88.5,cosmetic,83.33009708737865,True
43,Knifestorm,Trophy Belt,5062.9508196721,82.35–94.61 keys,1,misc,Level 1-100 Hat,53,2026-07-21T22:54:09,,82.35,94.61,88.47999999999999,cosmetic,83.31332597781964,True
43,Knifestorm,Otolaryngologist's Mirror,4806.48,84 keys,4,misc,Level 1-100 Hat,104,2026-07-21T22:54:09,146.6,84.0,84.0,84.0,cosmetic,79.09297350666446,True
43,Knifestorm,Medic's Mountain Cap,4577.6,75–85 keys,3,misc,Level 1-100 Hat,381,2026-07-21T22:54:09,139.62,75.0,85.0,80.0,cosmetic,75.32664143491854,True
43,Knifestorm,Brain-Warming Wear,4005.4,70 keys,0,misc,Level 1-100 Hat,30827,2026-07-21T22:54:09,122.16,70.0,70.0,70.0,cosmetic,65.91081125555372,True
43,Knifestorm,Hive Minder,3719.3,65 keys,1,misc,Level 1-100 Hat,30093,2026-07-21T22:54:09,113.44,65.0,65.0,65.0,cosmetic,61.202896165871316,True
43,Knifestorm,Ol' Snaggletooth,3719.3,60–70 keys,1,misc,Level 1-100 Hat,229,2026-07-21T22:54:09,113.44,60.0,70.0,65.0,cosmetic,61.202896165871316,True
43,Knifestorm,Engineer's Cap,3717.3770491803,61.77–68.16 keys,2,misc,Level 1-100 Hat,95,2026-07-21T22:54:09,,61.77,68.16,64.965,cosmetic,61.171253071915416,True
43,Knifestorm,Hotrod,3433.2,60 keys,3,misc,Level 1-100 Mask,148,2026-07-21T22:54:09,104.71,60.0,60.0,60.0,cosmetic,56.4949810761889,True
43,Knifestorm,Stormin' Norman,3433.2,50–70 keys,0,misc,Level 1-100 Helmet,30112,2026-07-21T22:54:09,104.71,50.0,70.0,60.0,cosmetic,56.4949810761889,True
43,Knifestorm,Big Country,3204.32,56 keys,4,misc,Level 1-100 Hair,382,2026-07-21T22:54:09,97.73,56.0,56.0,56.0,cosmetic,52.72864900444298,True
43,Knifestorm,Helmet without a Home,3204.32,45–67 keys,2,misc,Level 1-100 Helmet,732,2026-07-21T22:54:09,97.73,45.0,67.0,56.0,cosmetic,52.72864900444298,True
43,Knifestorm,Shooter's Sola Topi,3118.49,50–59 keys,1,misc,Level 1-100 Helmet,158,2026-07-21T22:54:09,95.11,50.0,59.0,54.5,cosmetic,51.31627447753825,True
43,Knifestorm,Bullet Buzz,3089.88,45–63 keys,1,misc,Level 1-100 Hair,30344,2026-07-21T22:54:09,94.24,45.0,63.0,54.0,cosmetic,50.84548296857002,True
43,Knifestorm,Virtual Reality Headset,2861.0,50 keys,4,misc,Level 10 Headset,628,2026-07-21T22:54:09,87.26,50.0,50.0,50.0,cosmetic,47.07915089682409,True
43,Knifestorm,Waxy Wayfinder,2632.12,38–54 keys,3,misc,Level 1-100 Hat,753,2026-07-21T22:54:09,80.28,38.0,54.0,46.0,cosmetic,43.31281882507816,True
43,Knifestorm,Base Metal Billycock,2574.9,45 keys,1,misc,Level 1-100 Hat,30007,2026-07-21T22:54:09,78.53,45.0,45.0,45.0,cosmetic,42.37123580714168,True
43,Knifestorm,Larrikin Robin,2574.9,45 keys,1,misc,Level 1-100 Hat,314,2026-07-21T22:54:09,78.53,45.0,45.0,45.0,cosmetic,42.37123580714168,True
43,Knifestorm,Sober Stuntman,2533.7704918033,36.47–52.1 keys,1,misc,Level 1-100 Helmet,255,2026-07-21T22:54:09,,36.47,52.1,44.285,cosmetic,41.69442968246339,True
43,Knifestorm,Platinum Pickelhaube,2460.46,43 keys,0,misc,Level 1-100 Helmet,30042,2026-07-21T22:54:09,75.04,43.0,43.0,43.0,cosmetic,40.48806977126872,True
43,Knifestorm,Ol' Geezer,2268.3606557377,33.83–45.46 keys,3,misc,Level 1-100 Hat,399,2026-07-21T22:54:09,,33.83,45.46,39.644999999999996,cosmetic,37.32698133516044,True
43,Knifestorm,Sultan's Ceremonial,2260.19,38–41 keys,3,misc,Level 1-100 Hat,403,2026-07-21T22:54:09,68.94,38.0,41.0,39.5,cosmetic,37.19252920849103,True
43,Knifestorm,Football Helmet,2117.14,36–38 keys,2,misc,Level 1-100 Helmet,49,2026-07-21T22:54:09,64.57,36.0,38.0,37.0,cosmetic,34.83857166364982,True
43,Knifestorm,Bloke's Bucket Hat,1831.04,32 keys,3,misc,Level 1-100 Hat,181,2026-07-21T22:54:09,55.85,32.0,32.0,32.0,cosmetic,30.130656573967418,True
43,Knifestorm,Fat Man's Field Cap,,,2,misc,Level 1-100 Hat,30911,2026-07-21T22:54:09,,,,,cosmetic,,False
47,Stormy 13th Hour,Villain's Veil,420567.0,7350 keys,3,misc,Level 1-100 Bandana,393,2026-07-21T22:54:09,12827.29,7350.0,7350.0,7350.0,cosmetic,6920.635181833141,True
47,Stormy 13th Hour,Blighted Beak,329015.0,5750 keys,2,misc,Level 1-100 Mask,315,2026-07-21T22:54:09,10034.96,5750.0,5750.0,5750.0,cosmetic,5414.10235313477,True
47,Stormy 13th Hour,Exquisite Rack,286100.0,5000 keys,6,misc,Level 1-100 Cosmetic Item,339,2026-07-21T22:54:09,8726.05,5000.0,5000.0,5000.0,cosmetic,4707.9150896824085,True
47,Stormy 13th Hour,Rotation Sensation,217436.0,3800 keys,0,misc,Level 1-100 Hat,30623,2026-07-21T22:54:09,6631.8,3800.0,3800.0,3800.0,cosmetic,3578.015468158631,True
47,Stormy 13th Hour,Tyrant's Helm,200270.0,3500 keys,6,misc,Level 1-100 Helmet,99,2026-07-21T22:54:09,6108.23,3500.0,3500.0,3500.0,cosmetic,3295.5405627776863,True
47,Stormy 13th Hour,Pencil Pusher,154494.0,2700 keys,2,misc,Level 10 Hair,605,2026-07-21T22:54:09,4712.07,2700.0,2700.0,2700.0,cosmetic,2542.2741484285007,True
47,Stormy 13th Hour,Bonk Boy,151633.0,2650 keys,3,misc,Level 1-100 Mask,451,2026-07-21T22:54:09,4624.81,2650.0,2650.0,2650.0,cosmetic,2495.1949975316766,True
47,Stormy 13th Hour,Coffin Kit,143050.0,2500 keys,1,misc,Level 1-100 Backpack,938,2026-07-21T22:54:09,4363.02,2500.0,2500.0,2500.0,cosmetic,2353.9575448412043,True
47,Stormy 13th Hour,Brainiac Hairpiece,108718.0,1900 keys,7,misc,Level 1-100 Facial Hair,590,2026-07-21T22:54:09,3315.9,1900.0,1900.0,1900.0,cosmetic,1789.0077340793155,True
47,Stormy 13th Hour,Eliminator's Safeguard,102996.0,1800 keys,1,misc,Level 1-100 Helmet,30369,2026-07-21T22:54:09,3141.38,1800.0,1800.0,1800.0,cosmetic,1694.8494322856673,True
47,Stormy 13th Hour,Texas Ten Gallon,96701.8,1690 keys,3,misc,Level 1-100 Hat,94,2026-07-21T22:54:09,2949.4,1690.0,1690.0,1690.0,cosmetic,1591.2753003126543,True
47,Stormy 13th Hour,Liquidator's Lid,94413.0,1650 keys,1,misc,Level 1-100 Hat,779,2026-07-21T22:54:09,2879.6,1650.0,1650.0,1650.0,cosmetic,1553.611979595195,True
47,Stormy 13th Hour,Lucky Shot,91552.0,1600 keys,1,misc,Level 1-100 Helmet,701,2026-07-21T22:54:09,2792.34,1600.0,1600.0,1600.0,cosmetic,1506.5328286983708,True
47,Stormy 13th Hour,Officer's Ushanka,88691.0,1550 keys,5,misc,Level 1-100 Hat,96,2026-07-21T22:54:09,2705.08,1550.0,1550.0,1550.0,cosmetic,1459.4536778015467,True
47,Stormy 13th Hour,Fancy Fedora,85830.0,1500 keys,2,misc,Level 1-100 Hat,55,2026-07-21T22:54:09,2617.82,1500.0,1500.0,1500.0,cosmetic,1412.3745269047226,True
47,Stormy 13th Hour,Lord Cockswain's Pith Helmet,85830.0,1500 keys,4,misc,Level 1-100 Headgear,439,2026-07-21T22:54:09,2617.82,1500.0,1500.0,1500.0,cosmetic,1412.3745269047226,True
47,Stormy 13th Hour,Prussian Pickelhaube,85830.0,1500 keys,1,misc,Level 1-100 Helmet,50,2026-07-21T22:54:09,2617.82,1500.0,1500.0,1500.0,cosmetic,1412.3745269047226,True
47,Stormy 13th Hour,Cosa Nostra Cap,84399.5,1475 keys,3,misc,Level 1-100 Hat,459,2026-07-21T22:54:09,2574.18,1475.0,1475.0,1475.0,cosmetic,1388.8349514563106,True
47,Stormy 13th Hour,Battle Boonie,82969.0,1450 keys,2,misc,Level 1-100 Hat,30907,2026-07-21T22:54:09,2530.55,1450.0,1450.0,1450.0,cosmetic,1365.2953760078985,True
47,Stormy 13th Hour,Salty Dog,80823.25,1175–1650 keys,6,misc,Level 10 Hat,611,2026-07-21T22:54:09,2465.11,1175.0,1650.0,1412.5,cosmetic,1329.9860128352805,True
47,Stormy 13th Hour,A Rather Festive Tree,80108.0,1400 keys,5,misc,Level 1-100 Hat,341,2026-07-21T22:54:09,2443.29,1400.0,1400.0,1400.0,cosmetic,1318.2162251110744,True
47,Stormy 13th Hour,Fed-Fightin' Fedora,80108.0,1400 keys,2,misc,Level 1-100 Hat,780,2026-07-21T22:54:09,2443.29,1400.0,1400.0,1400.0,cosmetic,1318.2162251110744,True
47,Stormy 13th Hour,El Jefe,78677.5,1350–1400 keys,3,misc,Level 10 Hat,539,2026-07-21T22:54:09,2399.66,1350.0,1400.0,1375.0,cosmetic,1294.6766496626624,True
47,Stormy 13th Hour,White Russian,77247.0,1350 keys,2,misc,Level 1-100 Hair,30644,2026-07-21T22:54:09,2356.03,1350.0,1350.0,1350.0,cosmetic,1271.1370742142503,True
47,Stormy 13th Hour,Hong Kong Cone,74386.0,1300 keys,1,misc,Level 1-100 Hat,30177,2026-07-21T22:54:09,2268.77,1300.0,1300.0,1300.0,cosmetic,1224.0579233174262,True
47,Stormy 13th Hour,Wraith Wrap,74386.0,1300 keys,1,misc,Level 1-100 Apparel,937,2026-07-21T22:54:09,2268.77,1300.0,1300.0,1300.0,cosmetic,1224.0579233174262,True
47,Stormy 13th Hour,Anger,67233.5,1100–1250 keys,6,misc,Level 10 Hood,518,2026-07-21T22:54:09,2050.62,1100.0,1250.0,1175.0,cosmetic,1106.360046075366,True
47,Stormy 13th Hour,Surgeon's Stahlhelm,65803.0,1150 keys,2,misc,Level 10 Helmet,616,2026-07-21T22:54:09,2006.99,1150.0,1150.0,1150.0,cosmetic,1082.820470626954,True
47,Stormy 13th Hour,Brown Bomber,62942.0,1100 keys,7,misc,Level 1-100 Hat,671,2026-07-21T22:54:09,1919.73,1100.0,1100.0,1100.0,cosmetic,1035.74131973013,True
47,Stormy 13th Hour,Stainless Pot,62942.0,1100 keys,2,misc,Level 1-100 Hat,98,2026-07-21T22:54:09,1919.73,1100.0,1100.0,1100.0,cosmetic,1035.74131973013,True
47,Stormy 13th Hour,Grimm Hatte,61511.5,1000–1150 keys,5,misc,Level 1-100 Hat,383,2026-07-21T22:54:09,1876.1,1000.0,1150.0,1075.0,cosmetic,1012.2017442817179,True
47,Stormy 13th Hour,Sergeant's Drill Hat,60081.0,1050 keys,1,misc,Level 1-100 Hat,183,2026-07-21T22:54:09,1832.47,1050.0,1050.0,1050.0,cosmetic,988.6621688333058,True
47,Stormy 13th Hour,Backwards Ballcap,57935.25,925–1100 keys,4,misc,Level 10 Hat,617,2026-07-21T22:54:09,1767.03,925.0,1100.0,1012.5,cosmetic,953.3528056606877,True
47,Stormy 13th Hour,Company Man,57792.2,820–1200 keys,3,misc,Level 10 Hat,523,2026-07-21T22:54:09,1762.66,820.0,1200.0,1010.0,cosmetic,950.9988481158465,True
47,Stormy 13th Hour,Antlers,57220.0,800–1200 keys,1,misc,Level 1-100 Cosmetic Item,993,2026-07-21T22:54:09,1745.21,800.0,1200.0,1000.0,cosmetic,941.5830179364817,True
47,Stormy 13th Hour,Dr's Dapper Topper,57220.0,1000 keys,2,misc,Level 1-100 Hat,252,2026-07-21T22:54:09,1745.21,1000.0,1000.0,1000.0,cosmetic,941.5830179364817,True
47,Stormy 13th Hour,Familiar Fez,57220.0,1000 keys,3,misc,Level 1-100 Hat,223,2026-07-21T22:54:09,1745.21,1000.0,1000.0,1000.0,cosmetic,941.5830179364817,True
47,Stormy 13th Hour,Reggaelator,57220.0,1000 keys,4,misc,Level 1-100 Hat,390,2026-07-21T22:54:09,1745.21,1000.0,1000.0,1000.0,cosmetic,941.5830179364817,True
47,Stormy 13th Hour,Tough Guy's Toque,57220.0,1000 keys,4,misc,Level 1-100 Hat,97,2026-07-21T22:54:09,1745.21,1000.0,1000.0,1000.0,cosmetic,941.5830179364817,True
47,Stormy 13th Hour,Trophy Belt,57220.0,1000 keys,4,misc,Level 1-100 Hat,53,2026-07-21T22:54:09,1745.21,1000.0,1000.0,1000.0,cosmetic,941.5830179364817,True
47,Stormy 13th Hour,Détective Noir,54359.0,950 keys,4,misc,Level 1-100 Hat,319,2026-07-21T22:54:09,1657.95,950.0,950.0,950.0,cosmetic,894.5038670396577,True
47,Stormy 13th Hour,Human Cannonball,54359.0,950 keys,3,misc,Level 1-100 Helmet,817,2026-07-21T22:54:09,1657.95,950.0,950.0,950.0,cosmetic,894.5038670396577,True
47,Stormy 13th Hour,Gentleman's Ushanka,52070.2,910 keys,5,misc,Level 1-100 Hat,778,2026-07-21T22:54:09,1588.14,910.0,910.0,910.0,cosmetic,856.8405463221984,True
47,Stormy 13th Hour,Gentleman's Gatsby,51784.1,850–960 keys,2,misc,Level 1-100 Hat,184,2026-07-21T22:54:09,1579.42,850.0,960.0,905.0,cosmetic,852.132631232516,True
47,Stormy 13th Hour,Berliner's Bucket Helm,51498.0,900 keys,3,misc,Level 1-100 Helmet,303,2026-07-21T22:54:09,1570.69,900.0,900.0,900.0,cosmetic,847.4247161428336,True
47,Stormy 13th Hour,Field Practice,51498.0,900 keys,0,misc,Level 1-100 Headgear,30862,2026-07-21T22:54:09,1570.69,900.0,900.0,900.0,cosmetic,847.4247161428336,True
47,Stormy 13th Hour,Furious Fukaamigasa,51498.0,900 keys,1,misc,Level 1-100 Hat,395,2026-07-21T22:54:09,1570.69,900.0,900.0,900.0,cosmetic,847.4247161428336,True
47,Stormy 13th Hour,Otolaryngologist's Mirror,51498.0,900 keys,3,misc,Level 1-100 Hat,104,2026-07-21T22:54:09,1570.69,900.0,900.0,900.0,cosmetic,847.4247161428336,True
47,Stormy 13th Hour,Ye Olde Baker Boy,50353.6,880 keys,3,misc,Level 1-100 Hat,107,2026-07-21T22:54:09,1535.78,880.0,880.0,880.0,cosmetic,828.593055784104,True
47,Stormy 13th Hour,Crone's Dome,49819.180327869,851.73–889.59 keys,1,misc,Level 1-100 Hat,920,2026-07-21T22:54:09,,851.73,889.59,870.6600000000001,cosmetic,819.7989193330426,True
47,Stormy 13th Hour,Bruce's Bonnet,49781.4,870 keys,1,misc,Level 1-100 Headgear,30627,2026-07-21T22:54:09,1518.33,870.0,870.0,870.0,cosmetic,819.1772256047392,True
47,Stormy 13th Hour,Hustler's Hallmark,49781.4,865–875 keys,2,misc,Level 1-100 Hat,146,2026-07-21T22:54:09,1518.33,865.0,875.0,870.0,cosmetic,819.1772256047392,True
47,Stormy 13th Hour,Charmer's Chapeau,49209.2,850–870 keys,3,misc,Level 1-100 Hat,397,2026-07-21T22:54:09,1500.88,850.0,870.0,860.0,cosmetic,809.7613954253743,True
47,Stormy 13th Hour,Carouser's Capotain,48007.58,768–910 keys,5,misc,Level 1-100 Hat,259,2026-07-21T22:54:09,1464.23,768.0,910.0,839.0,cosmetic,789.9881520487082,True
47,Stormy 13th Hour,Demoman's Fro,47492.6,800–860 keys,4,misc,Level 1-100 Hair,47,2026-07-21T22:54:09,1448.52,800.0,860.0,830.0,cosmetic,781.5139048872799,True
47,Stormy 13th Hour,Killer Exclusive,45776.0,800 keys,5,misc,Level 10 Hat,538,2026-07-21T22:54:09,1396.17,800.0,800.0,800.0,cosmetic,753.2664143491854,True
47,Stormy 13th Hour,Modest Pile of Hat,45776.0,800 keys,1,misc,Level 1-100 Hat,139,2026-07-21T22:54:09,1396.17,800.0,800.0,800.0,cosmetic,753.2664143491854,True
47,Stormy 13th Hour,Slo-Poke,45776.0,800 keys,1,misc,Level 1-100 Hat,30314,2026-07-21T22:54:09,1396.17,800.0,800.0,800.0,cosmetic,753.2664143491854,True
47,Stormy 13th Hour,Valley Forge,45776.0,800 keys,1,misc,Level 1-100 Hat,30114,2026-07-21T22:54:09,1396.17,800.0,800.0,800.0,cosmetic,753.2664143491854,True
47,Stormy 13th Hour,Doctor's Sack,44631.6,780 keys,4,misc,Level 1-100 Hat,398,2026-07-21T22:54:09,1361.26,780.0,780.0,780.0,cosmetic,734.4347539904558,True
47,Stormy 13th Hour,Dragonborn Helmet,44631.6,780 keys,3,misc,Level 10 Helmet,517,2026-07-21T22:54:09,1361.26,780.0,780.0,780.0,cosmetic,734.4347539904558,True
47,Stormy 13th Hour,German Gonzila,44631.6,780 keys,4,misc,Level 1-100 Hat,323,2026-07-21T22:54:09,1361.26,780.0,780.0,780.0,cosmetic,734.4347539904558,True
47,Stormy 13th Hour,Soldier's Slope Scopers,43487.2,760 keys,1,misc,Level 1-100 Hat,980,2026-07-21T22:54:09,1326.36,760.0,760.0,760.0,cosmetic,715.6030936317261,True
47,Stormy 13th Hour,Defiant Spartan,42915.0,750 keys,3,misc,Level 1-100 Helmet,340,2026-07-21T22:54:09,1308.91,750.0,750.0,750.0,cosmetic,706.1872634523613,True
47,Stormy 13th Hour,Mining Light,42915.0,750 keys,2,misc,Level 1-100 Cosmetic Item,48,2026-07-21T22:54:09,1308.91,750.0,750.0,750.0,cosmetic,706.1872634523613,True
47,Stormy 13th Hour,Vintage Merryweather,42915.0,750 keys,3,misc,Level 1-100 Helmet,182,2026-07-21T22:54:09,1308.91,750.0,750.0,750.0,cosmetic,706.1872634523613,True
47,Stormy 13th Hour,Hottie's Hoodie,41026.74,717 keys,3,misc,Level 1-100 Hood,377,2026-07-21T22:54:09,1251.32,717.0,717.0,717.0,cosmetic,675.1150238604574,True
47,Stormy 13th Hour,Das Hazmattenhatten,40054.0,700 keys,1,misc,Level 1-100 Safety Apparatus,30095,2026-07-21T22:54:09,1221.65,700.0,700.0,700.0,cosmetic,659.1081125555372,True
47,Stormy 13th Hour,Hat of Cards,40054.0,700 keys,1,misc,Level 1-100 Hat,825,2026-07-21T22:54:09,1221.65,700.0,700.0,700.0,cosmetic,659.1081125555372,True
47,Stormy 13th Hour,Hotrod,40054.0,700 keys,4,misc,Level 1-100 Mask,148,2026-07-21T22:54:09,1221.65,700.0,700.0,700.0,cosmetic,659.1081125555372,True
47,Stormy 13th Hour,Scotsman's Stove Pipe,40054.0,700 keys,1,misc,Level 1-100 Hat,120,2026-07-21T22:54:09,1221.65,700.0,700.0,700.0,cosmetic,659.1081125555372,True
47,Stormy 13th Hour,Medic's Mountain Cap,38909.6,680 keys,7,misc,Level 1-100 Hat,381,2026-07-21T22:54:09,1186.74,680.0,680.0,680.0,cosmetic,640.2764521968076,True
47,Stormy 13th Hour,Noble Amassment of Hats,38337.4,670 keys,2,misc,Level 1-100 Hat,137,2026-07-21T22:54:09,1169.29,670.0,670.0,670.0,cosmetic,630.8606220174428,True
47,Stormy 13th Hour,Rimmed Raincatcher,38337.4,670 keys,3,misc,Level 1-100 Hat,216,2026-07-21T22:54:09,1169.29,670.0,670.0,670.0,cosmetic,630.8606220174428,True
47,Stormy 13th Hour,Bonk Leadwear,37193.0,650 keys,1,misc,Level 1-100 Helmet,30030,2026-07-21T22:54:09,1134.39,650.0,650.0,650.0,cosmetic,612.0289616587131,True
47,Stormy 13th Hour,Napper's Respite,37193.0,650 keys,3,misc,Level 1-100 Hat,248,2026-07-21T22:54:09,1134.39,650.0,650.0,650.0,cosmetic,612.0289616587131,True
47,Stormy 13th Hour,Killer's Kabuto,36620.8,640 keys,1,misc,Level 1-100 Helmet,152,2026-07-21T22:54:09,1116.93,640.0,640.0,640.0,cosmetic,602.6131314793483,True
47,Stormy 13th Hour,Sultan's Ceremonial,36477.75,500–775 keys,4,misc,Level 1-100 Hat,403,2026-07-21T22:54:09,1112.57,500.0,775.0,637.5,cosmetic,600.2591739345071,True
47,Stormy 13th Hour,Safe'n'Sound,35762.5,625 keys,2,misc,Level 1-100 Hat,178,2026-07-21T22:54:09,1090.76,625.0,625.0,625.0,cosmetic,588.4893862103011,True
47,Stormy 13th Hour,Birdcage,35476.4,620 keys,3,misc,Level 10 Hat,615,2026-07-21T22:54:09,1082.03,620.0,620.0,620.0,cosmetic,583.7814711206187,True
47,Stormy 13th Hour,Fruit Shoot,34904.2,610 keys,4,misc,Level 1-100 Hat,759,2026-07-21T22:54:09,1064.58,610.0,610.0,610.0,cosmetic,574.3656409412538,True
47,Stormy 13th Hour,Milkman,34904.2,610 keys,3,misc,Level 1-100 Hat,219,2026-07-21T22:54:09,1064.58,610.0,610.0,610.0,cosmetic,574.3656409412538,True
47,Stormy 13th Hour,Voodoo JuJu (Slight Return),34904.2,610 keys,2,misc,Level 1-100 Hat,935,2026-07-21T22:54:09,1064.58,610.0,610.0,610.0,cosmetic,574.3656409412538,True
47,Stormy 13th Hour,Engineer's Cap,34332.0,600 keys,5,misc,Level 1-100 Hat,95,2026-07-21T22:54:09,1047.13,600.0,600.0,600.0,cosmetic,564.949810761889,True
47,Stormy 13th Hour,Nuke,32901.5,575 keys,2,misc,Level 1-100 Hair,30885,2026-07-21T22:54:09,1003.5,575.0,575.0,575.0,cosmetic,541.410235313477,True
47,Stormy 13th Hour,Professional's Panama,32901.5,510–640 keys,4,misc,Level 1-100 Hat,109,2026-07-21T22:54:09,1003.5,510.0,640.0,575.0,cosmetic,541.410235313477,True
47,Stormy 13th Hour,Handyman's Handle,32043.2,560 keys,3,misc,Level 1-100 Hat,253,2026-07-21T22:54:09,977.32,560.0,560.0,560.0,cosmetic,527.2864900444298,True
47,Stormy 13th Hour,Backbiter's Billycock,31757.1,555 keys,2,misc,Level 1-100 Hat,108,2026-07-21T22:54:09,968.59,555.0,555.0,555.0,cosmetic,522.5785749547474,True
47,Stormy 13th Hour,Wing Mann,31471.0,550 keys,1,misc,Level 1-100 Hat,30809,2026-07-21T22:54:09,959.87,550.0,550.0,550.0,cosmetic,517.870659865065,True
47,Stormy 13th Hour,Conquistador,31184.9,545 keys,5,misc,Level 1-100 Helmet,721,2026-07-21T22:54:09,951.14,545.0,545.0,545.0,cosmetic,513.1627447753826,True
47,Stormy 13th Hour,Bonk Helm,29754.4,520 keys,2,misc,Level 1-100 Helmet,106,2026-07-21T22:54:09,907.51,520.0,520.0,520.0,cosmetic,489.6231693269705,True
47,Stormy 13th Hour,Larrikin Robin,29182.2,510 keys,2,misc,Level 1-100 Hat,314,2026-07-21T22:54:09,890.06,510.0,510.0,510.0,cosmetic,480.2073391476057,True
47,Stormy 13th Hour,Bear Necessities,28610.0,500 keys,1,misc,Level 1-100 Spirit Animal,30122,2026-07-21T22:54:09,872.61,500.0,500.0,500.0,cosmetic,470.79150896824086,True
47,Stormy 13th Hour,Industrial Festivizer,28610.0,500 keys,1,misc,Level 1-100 Hat,338,2026-07-21T22:54:09,872.61,500.0,500.0,500.0,cosmetic,470.79150896824086,True
47,Stormy 13th Hour,Metal Slug,28610.0,500 keys,1,misc,Level 1-100 Hat,30028,2026-07-21T22:54:09,872.61,500.0,500.0,500.0,cosmetic,470.79150896824086,True
47,Stormy 13th Hour,Outdoorsman,28610.0,500 keys,3,misc,Level 10 Hat,603,2026-07-21T22:54:09,872.61,500.0,500.0,500.0,cosmetic,470.79150896824086,True
47,Stormy 13th Hour,Allbrero,27179.5,475 keys,1,misc,Level 1-100 Hat,30429,2026-07-21T22:54:09,828.97,475.0,475.0,475.0,cosmetic,447.25193351982887,True
47,Stormy 13th Hour,Janissary Ketche,26893.4,470 keys,3,misc,Level 1-100 Hat,437,2026-07-21T22:54:09,820.25,470.0,470.0,470.0,cosmetic,442.5440184301465,True
47,Stormy 13th Hour,Burning Bandana,26607.3,465 keys,2,misc,Level 1-100 Bandana,30091,2026-07-21T22:54:09,811.52,465.0,465.0,465.0,cosmetic,437.83610334046404,True
47,Stormy 13th Hour,Conjurer's Cowl,26321.2,460 keys,1,misc,Level 1-100 Hood,465,2026-07-21T22:54:09,802.8,460.0,460.0,460.0,cosmetic,433.12818825078165,True
47,Stormy 13th Hour,Connoisseur's Cap,26092.32,456 keys,2,misc,Level 1-100 Hat,394,2026-07-21T22:54:09,795.82,456.0,456.0,456.0,cosmetic,429.36185617903567,True
47,Stormy 13th Hour,Smokey Sombrero,25863.44,452 keys,1,misc,Level 1-100 Hat,30682,2026-07-21T22:54:09,788.83,452.0,452.0,452.0,cosmetic,425.59552410728975,True
47,Stormy 13th Hour,Pyro's Beanie,25176.8,440 keys,3,misc,Level 1-100 Hat,51,2026-07-21T22:54:09,767.89,440.0,440.0,440.0,cosmetic,414.296527892052,True
47,Stormy 13th Hour,Hetman's Headpiece,24604.6,430 keys,4,misc,Level 1-100 Hat,436,2026-07-21T22:54:09,750.44,430.0,430.0,430.0,cosmetic,404.88069771268715,True
47,Stormy 13th Hour,Modest Metal Pile of Scrap,24032.4,420 keys,1,misc,Level 1-100 Hat,30001,2026-07-21T22:54:09,732.99,420.0,420.0,420.0,cosmetic,395.4648675333224,True
47,Stormy 13th Hour,L'Inspecteur,23832.13,405–428 keys,4,misc,Level 10 Hat,622,2026-07-21T22:54:09,726.88,405.0,428.0,416.5,cosmetic,392.16932697054466,True
47,Stormy 13th Hour,Big Elfin Deal,23631.86,413 keys,2,misc,Level 1-100 Hat,652,2026-07-21T22:54:09,720.77,413.0,413.0,413.0,cosmetic,388.873786407767,True
47,Stormy 13th Hour,Hive Minder,23174.1,405 keys,1,misc,Level 1-100 Hat,30093,2026-07-21T22:54:09,706.81,405.0,405.0,405.0,cosmetic,381.3411222642751,True
47,Stormy 13th Hour,Chill Chullo,22888.0,400 keys,0,misc,Level 1-100 Hat,30748,2026-07-21T22:54:09,698.08,400.0,400.0,400.0,cosmetic,376.6332071745927,True
47,Stormy 13th Hour,Employee of the Mmmph,22888.0,400 keys,2,misc,Level 1-100 Hat,30416,2026-07-21T22:54:09,698.08,400.0,400.0,400.0,cosmetic,376.6332071745927,True
47,Stormy 13th Hour,Tippler's Tricorne,22888.0,400 keys,3,misc,Level 1-100 Hat,179,2026-07-21T22:54:09,698.08,400.0,400.0,400.0,cosmetic,376.6332071745927,True
47,Stormy 13th Hour,Galvanized Gibus,22744.95,380–415 keys,1,misc,Level 1-100 Hat,30003,2026-07-21T22:54:09,693.72,380.0,415.0,397.5,cosmetic,374.2792496297515,True
47,Stormy 13th Hour,Towering Pillar of Hats,22544.68,394 keys,4,misc,Level 1-100 Hat,135,2026-07-21T22:54:09,687.61,394.0,394.0,394.0,cosmetic,370.9837090669738,True
47,Stormy 13th Hour,Private Eye,22315.8,390 keys,4,misc,Level 1-100 Hat,388,2026-07-21T22:54:09,680.63,390.0,390.0,390.0,cosmetic,367.2173769952279,True
47,Stormy 13th Hour,Pugilist's Protector,22029.7,385 keys,5,misc,Level 1-100 Headgear,246,2026-07-21T22:54:09,671.91,385.0,385.0,385.0,cosmetic,362.5094619055455,True
47,Stormy 13th Hour,Triboniophorus Tyrannus,22029.7,385 keys,2,misc,Level 1-100 Mascot,151,2026-07-21T22:54:09,671.91,385.0,385.0,385.0,cosmetic,362.5094619055455,True
47,Stormy 13th Hour,Big Chief,21171.4,370 keys,3,misc,Level 1-100 Hat,309,2026-07-21T22:54:09,645.73,370.0,370.0,370.0,cosmetic,348.3857166364983,True
47,Stormy 13th Hour,Jumper's Jeepcap,21171.4,370 keys,4,misc,Level 1-100 Hat,417,2026-07-21T22:54:09,645.73,370.0,370.0,370.0,cosmetic,348.3857166364983,True
47,Stormy 13th Hour,Attendant,20313.1,355 keys,4,misc,Level 1-100 Hat,213,2026-07-21T22:54:09,619.55,355.0,355.0,355.0,cosmetic,334.261971367451,True
47,Stormy 13th Hour,Death Racer's Helmet,20027.0,350 keys,1,misc,Level 1-100 Helmet,30686,2026-07-21T22:54:09,610.82,350.0,350.0,350.0,cosmetic,329.5540562777686,True
47,Stormy 13th Hour,Frenchman's Beret,20027.0,315–385 keys,2,misc,Level 1-100 Hat,180,2026-07-21T22:54:09,610.82,315.0,385.0,350.0,cosmetic,329.5540562777686,True
47,Stormy 13th Hour,Flipped Trilby,19855.34,347 keys,2,misc,Level 1-100 Hat,324,2026-07-21T22:54:09,605.59,347.0,347.0,347.0,cosmetic,326.72930722395915,True
47,Stormy 13th Hour,Dead Cone,19454.8,340 keys,3,misc,Level 1-100 Hat,435,2026-07-21T22:54:09,593.37,340.0,340.0,340.0,cosmetic,320.1382260984038,True
47,Stormy 13th Hour,Head Warmer,19340.36,276–400 keys,1,misc,Level 1-100 Hat,644,2026-07-21T22:54:09,589.88,276.0,400.0,338.0,cosmetic,318.25506006253084,True
47,Stormy 13th Hour,Neptune's Nightmare,18024.3,315 keys,1,misc,Level 1-100 Helmet,30684,2026-07-21T22:54:09,549.74,315.0,315.0,315.0,cosmetic,296.5986506499917,True
47,Stormy 13th Hour,Tam O' Shanter,17452.1,280–330 keys,2,misc,Level 1-100 Hat,480,2026-07-21T22:54:09,532.29,280.0,330.0,305.0,cosmetic,287.1828204706269,True
47,Stormy 13th Hour,Nanobalaclava,17166.0,300 keys,2,misc,Level 10 Hat,521,2026-07-21T22:54:09,523.56,300.0,300.0,300.0,cosmetic,282.4749053809445,True
47,Stormy 13th Hour,Samur-Eye,16307.7,285 keys,2,misc,Level 1-100 Helmet,359,2026-07-21T22:54:09,497.38,285.0,285.0,285.0,cosmetic,268.35116011189734,True
47,Stormy 13th Hour,Your Worst Nightmare,16307.7,285 keys,2,misc,Level 10 Hair,600,2026-07-21T22:54:09,497.38,285.0,285.0,285.0,cosmetic,268.35116011189734,True
47,Stormy 13th Hour,Bubble Pipe,15964.38,278–280 keys,2,misc,Level 1-100 Helmet,597,2026-07-21T22:54:09,486.91,278.0,280.0,279.0,cosmetic,262.7016620042784,True
47,Stormy 13th Hour,Heavy Duty Rag,15792.72,276 keys,2,misc,Level 1-100 Bandana,185,2026-07-21T22:54:09,481.68,276.0,276.0,276.0,cosmetic,259.876912950469,True
47,Stormy 13th Hour,Bot Dogger,15449.4,270 keys,1,misc,Level 1-100 Hat,30018,2026-07-21T22:54:09,471.21,270.0,270.0,270.0,cosmetic,254.22741484285007,True
47,Stormy 13th Hour,Swagman's Swatter,14666.557377049,236.6–276.04 keys,1,misc,Level 10 Hat,626,2026-07-21T22:54:09,,236.6,276.04,256.32,cosmetic,241.345357529192,True
47,Stormy 13th Hour,Brigade Helm,14305.0,250 keys,4,misc,Level 1-100 Helmet,105,2026-07-21T22:54:09,436.3,250.0,250.0,250.0,cosmetic,235.39575448412043,True
47,Stormy 13th Hour,Pyromancer's Mask,14305.0,250 keys,3,misc,Level 1-100 Mask,316,2026-07-21T22:54:09,436.3,250.0,250.0,250.0,cosmetic,235.39575448412043,True
47,Stormy 13th Hour,Hot Dogger,13732.8,240 keys,4,misc,Level 10 Hat,614,2026-07-21T22:54:09,418.85,240.0,240.0,240.0,cosmetic,225.9799243047556,True
47,Stormy 13th Hour,Heer's Helmet,13275.04,232 keys,1,misc,Level 1-100 Helmet,30378,2026-07-21T22:54:09,404.89,232.0,232.0,232.0,cosmetic,218.44726016126378,True
47,Stormy 13th Hour,Le Party Phantom,12273.69,214–215 keys,2,misc,Level 1-100 Mask,337,2026-07-21T22:54:09,374.35,214.0,215.0,214.5,cosmetic,201.96955734737534,True
47,Stormy 13th Hour,Bloke's Bucket Hat,12016.2,210 keys,3,misc,Level 1-100 Hat,181,2026-07-21T22:54:09,366.49,210.0,210.0,210.0,cosmetic,197.7324337666612,True
47,Stormy 13th Hour,Whoopee Cap,11730.1,190–220 keys,1,misc,Level 1-100 Hat,174,2026-07-21T22:54:09,357.77,190.0,220.0,205.0,cosmetic,193.02451867697877,True
47,Stormy 13th Hour,Large Luchador,11444.0,200 keys,1,misc,Level 1-100 Mask,380,2026-07-21T22:54:09,349.04,200.0,200.0,200.0,cosmetic,188.31660358729636,True
47,Stormy 13th Hour,Magistrate's Mullet,11444.0,200 keys,2,misc,Level 1-100 Hair,147,2026-07-21T22:54:09,349.04,200.0,200.0,200.0,cosmetic,188.31660358729636,True
47,Stormy 13th Hour,Vintage Tyrolean,11444.0,200 keys,4,misc,Level 1-100 Hat,101,2026-07-21T22:54:09,349.04,200.0,200.0,200.0,cosmetic,188.31660358729636,True
47,Stormy 13th Hour,Western Wear,11444.0,200 keys,4,misc,Level 1-100 Hat,379,2026-07-21T22:54:09,349.04,200.0,200.0,200.0,cosmetic,188.31660358729636,True
47,Stormy 13th Hour,Hard Counter,10871.8,190 keys,5,misc,Level 1-100 Hat,254,2026-07-21T22:54:09,331.59,190.0,190.0,190.0,cosmetic,178.90077340793152,True
47,Stormy 13th Hour,Prancer's Pride,10299.6,165–195 keys,5,misc,Level 1-100 Hat,318,2026-07-21T22:54:09,314.14,165.0,195.0,180.0,cosmetic,169.48494322856672,True
47,Stormy 13th Hour,Elf Esteem,10013.5,170–180 keys,0,misc,Level 1-100 Hat,30836,2026-07-21T22:54:09,305.41,170.0,180.0,175.0,cosmetic,164.7770281388843,True
47,Stormy 13th Hour,Warhood,9727.4,170 keys,0,misc,Level 1-100 Hood,30866,2026-07-21T22:54:09,296.69,170.0,170.0,170.0,cosmetic,160.0691130492019,True
47,Stormy 13th Hour,Waxy Wayfinder,9727.4,170 keys,1,misc,Level 1-100 Hat,753,2026-07-21T22:54:09,296.69,170.0,170.0,170.0,cosmetic,160.0691130492019,True
47,Stormy 13th Hour,Armored Authority,9584.35,167–168 keys,1,misc,Level 1-100 Helmet,445,2026-07-21T22:54:09,292.32,167.0,168.0,167.5,cosmetic,157.7151555043607,True
47,Stormy 13th Hour,Front Runner,9212.42,161 keys,0,misc,Level 1-100 Hat,760,2026-07-21T22:54:09,280.98,161.0,161.0,161.0,cosmetic,151.59486588777358,True
47,Stormy 13th Hour,Scotch Bonnet,8754.66,153 keys,3,misc,Level 1-100 Headgear,306,2026-07-21T22:54:09,267.02,153.0,153.0,153.0,cosmetic,144.0622017442817,True
47,Stormy 13th Hour,Crocleather Slouch,8583.0,150 keys,3,misc,Level 1-100 Hat,344,2026-07-21T22:54:09,261.78,150.0,150.0,150.0,cosmetic,141.23745269047225,True
47,Stormy 13th Hour,Desert Marauder,8497.17,107–190 keys,3,misc,Level 1-100 Hat,400,2026-07-21T22:54:09,259.16,107.0,190.0,148.5,cosmetic,139.82507816356755,True
47,Stormy 13th Hour,Das Gutenkutteharen,8010.8,140 keys,1,misc,Level 1-100 Hair,30127,2026-07-21T22:54:09,244.33,140.0,140.0,140.0,cosmetic,131.82162251110745,True
47,Stormy 13th Hour,Classy Capper,7438.6,130 keys,0,misc,Level 1-100 Hat,30893,2026-07-21T22:54:09,226.88,130.0,130.0,130.0,cosmetic,122.40579233174263,True
47,Stormy 13th Hour,Hermes,7438.6,130 keys,1,misc,Level 10 Hat,633,2026-07-21T22:54:09,226.88,130.0,130.0,130.0,cosmetic,122.40579233174263,True
47,Stormy 13th Hour,Capo's Capper,7152.5,125 keys,4,misc,Level 1-100 Hat,427,2026-07-21T22:54:09,218.15,125.0,125.0,125.0,cosmetic,117.69787724206022,True
47,Stormy 13th Hour,Honcho's Headgear,7152.5,125 keys,1,misc,Level 1-100 Hat,391,2026-07-21T22:54:09,218.15,125.0,125.0,125.0,cosmetic,117.69787724206022,True
47,Stormy 13th Hour,Batter's Helmet,5193.2786885246,87.77–93.75 keys,2,misc,Level 1-100 Helmet,52,2026-07-21T22:54:09,,87.77,93.75,90.75999999999999,cosmetic,85.45793464743458,True
47,Stormy 13th Hour,Powdered Practitioner,5149.8,90 keys,1,misc,Level 1-100 Hat,30069,2026-07-21T22:54:09,157.07,90.0,90.0,90.0,cosmetic,84.74247161428336,True
47,Stormy 13th Hour,Archer's Sterling,4863.7,85 keys,0,misc,Level 1-100 Helmet,30874,2026-07-21T22:54:09,148.34,85.0,85.0,85.0,cosmetic,80.03455652460094,True
47,Stormy 13th Hour,Hound Dog,4863.7,85 keys,1,misc,Level 1-100 Hair,145,2026-07-21T22:54:09,148.34,85.0,85.0,85.0,cosmetic,80.03455652460094,True
47,Stormy 13th Hour,Respectless Rubber Glove,4863.7,85 keys,3,misc,Level 1-100 Hat,102,2026-07-21T22:54:09,148.34,85.0,85.0,85.0,cosmetic,80.03455652460094,True
47,Stormy 13th Hour,Helmet without a Home,4577.6,80 keys,2,misc,Level 1-100 Helmet,732,2026-07-21T22:54:09,139.62,80.0,80.0,80.0,cosmetic,75.32664143491854,True
47,Stormy 13th Hour,Prince Tavish's Crown,4291.5,70–80 keys,2,misc,Level 1-100 Hat,342,2026-07-21T22:54:09,130.89,70.0,80.0,75.0,cosmetic,70.61872634523613,True
47,Stormy 13th Hour,Virtual Reality Headset,4291.5,75 keys,4,misc,Level 10 Headset,628,2026-07-21T22:54:09,130.89,75.0,75.0,75.0,cosmetic,70.61872634523613,True
47,Stormy 13th Hour,Teutonic Toque,3862.35,55–80 keys,1,misc,Level 1-100 Hat,30351,2026-07-21T22:54:09,117.8,55.0,80.0,67.5,cosmetic,63.55685371071252,True
47,Stormy 13th Hour,Counterfeit Billycock,3776.52,62–70 keys,2,misc,Level 10 Hat,602,2026-07-21T22:54:09,115.18,62.0,70.0,66.0,cosmetic,62.144479183807796,True
47,Stormy 13th Hour,Stout Shako,3719.3,65 keys,1,misc,Level 1-100 Hat,251,2026-07-21T22:54:09,113.44,65.0,65.0,65.0,cosmetic,61.202896165871316,True
47,Stormy 13th Hour,Ze Goggles,3576.25,60–65 keys,2,misc,Level 1-100 Glasses,177,2026-07-21T22:54:09,109.08,60.0,65.0,62.5,cosmetic,58.84893862103011,True
47,Stormy 13th Hour,Brain Bucket,3505.9016393443,54.42–68.12 keys,0,misc,Level 1-100 Hat,434,2026-07-21T22:54:09,,54.42,68.12,61.27,cosmetic,57.691322023108434,True
47,Stormy 13th Hour,Copper's Hard Top,3433.2,60 keys,1,misc,Level 1-100 Helmet,478,2026-07-21T22:54:09,104.71,60.0,60.0,60.0,cosmetic,56.4949810761889,True
47,Stormy 13th Hour,Little Buddy,3433.2,60 keys,2,misc,Level 10 Hat,612,2026-07-21T22:54:09,104.71,60.0,60.0,60.0,cosmetic,56.4949810761889,True
47,Stormy 13th Hour,Sober Stuntman,2861.0,50 keys,2,misc,Level 1-100 Helmet,255,2026-07-21T22:54:09,87.26,50.0,50.0,50.0,cosmetic,47.07915089682409,True
47,Stormy 13th Hour,Buckaroo's Hat,2775.17,46–51 keys,1,misc,Level 1-100 Hat,322,2026-07-21T22:54:09,84.64,46.0,51.0,48.5,cosmetic,45.66677636991937,True
47,Stormy 13th Hour,Ol' Geezer,2717.95,45–50 keys,3,misc,Level 1-100 Hat,399,2026-07-21T22:54:09,82.9,45.0,50.0,47.5,cosmetic,44.72519335198288,True
47,Stormy 13th Hour,Broadband Bonnet,2574.9,45 keys,1,misc,Level 1-100 Hat,30029,2026-07-21T22:54:09,78.53,45.0,45.0,45.0,cosmetic,42.37123580714168,True
47,Stormy 13th Hour,Madame Dixie,2431.85,40–45 keys,3,misc,Level 1-100 Hat,321,2026-07-21T22:54:09,74.17,40.0,45.0,42.5,cosmetic,40.01727826230047,True
47,Stormy 13th Hour,Football Helmet,2288.8,40 keys,1,misc,Level 1-100 Helmet,49,2026-07-21T22:54:09,69.81,40.0,40.0,40.0,cosmetic,37.66332071745927,True
47,Stormy 13th Hour,Gym Rat,2288.8,40 keys,2,misc,Level 10 Hair,613,2026-07-21T22:54:09,69.81,40.0,40.0,40.0,cosmetic,37.66332071745927,True
47,Stormy 13th Hour,Dread Knot,1945.48,34 keys,2,misc,Level 1-100 Hair,358,2026-07-21T22:54:09,59.34,34.0,34.0,34.0,cosmetic,32.01382260984038,True
47,Stormy 13th Hour,Cadaver's Cranium,1802.43,29–34 keys,1,misc,Level 31 Hat,290,2026-07-21T22:54:09,54.97,29.0,34.0,31.5,cosmetic,29.659865064999178,True
47,Stormy 13th Hour,Magnificent Mongolian,1430.5,25 keys,3,misc,Level 1-100 Hat,313,2026-07-21T22:54:09,43.63,25.0,25.0,25.0,cosmetic,23.539575448412045,True
47,Stormy 13th Hour,Fur-Lined Fighter,,,1,misc,Level 1-100 Hat,30545,2026-07-21T22:54:09,,,,,cosmetic,,False
47,Stormy 13th Hour,Universal Translator,,,2,misc,Level 1-100 Hat,30658,2026-07-21T22:54:09,,,,,cosmetic,,False
91,Abduction,Corona Australis,171660.0,3000 keys,3,misc,Level 1-100 Cosmetic Augmentation,30648,2026-07-21T22:54:09,5235.63,3000.0,3000.0,3000.0,cosmetic,2824.7490538094453,True
91,Abduction,Captain Space Mann,165938.0,2500–3300 keys,28,misc,Level 1-100 Helmet,30646,2026-07-21T22:54:09,5061.11,2500.0,3300.0,2900.0,cosmetic,2730.590752015797,True
91,Abduction,Sucker Slug,20027.0,300–400 keys,3,misc,Level 1-100 Hat,30653,2026-07-21T22:54:09,610.82,300.0,400.0,350.0,cosmetic,329.5540562777686,True
91,Abduction,Phononaut,3089.88,48–60 keys,136,misc,Level 1-100 Hat,30647,2026-07-21T22:54:09,94.24,48.0,60.0,54.0,cosmetic,50.84548296857002,True
91,Abduction,Universal Translator,2002.7,32–38 keys,556,misc,Level 1-100 Hat,30658,2026-07-21T22:54:09,61.08,32.0,38.0,35.0,cosmetic,32.95540562777686,True
91,Abduction,A Head Full of Hot Air,600.81,10–11 keys,430,misc,Level 1-100 Hat,30662,2026-07-21T22:54:09,18.32,10.0,11.0,10.5,cosmetic,9.886621688333058,True
46,It's a Secret to Everybody,Virtual Viewfinder,411984.0,7200 keys,2,misc,Level 1-100 Headset,30140,2026-07-21T22:54:09,12565.51,7200.0,7200.0,7200.0,cosmetic,6779.397729142669,True
46,It's a Secret to Everybody,Coffin Kit,240324.0,4200 keys,1,misc,Level 1-100 Backpack,938,2026-07-21T22:54:09,7329.88,4200.0,4200.0,4200.0,cosmetic,3954.6486753332233,True
46,It's a Secret to Everybody,Soldier's Stash,217436.0,3800 keys,6,misc,Level 1-100 Cosmetic Item,54,2026-07-21T22:54:09,6631.8,3800.0,3800.0,3800.0,cosmetic,3578.015468158631,True
46,It's a Secret to Everybody,Bonk Boy,200270.0,3500 keys,3,misc,Level 1-100 Mask,451,2026-07-21T22:54:09,6108.23,3500.0,3500.0,3500.0,cosmetic,3295.5405627776863,True
46,It's a Secret to Everybody,Exquisite Rack,174521.0,3050 keys,2,misc,Level 1-100 Cosmetic Item,339,2026-07-21T22:54:09,5322.89,3050.0,3050.0,3050.0,cosmetic,2871.8282047062694,True
46,It's a Secret to Everybody,Well-Rounded Rifleman,165938.0,2900 keys,1,misc,Level 1-100 Hat,30067,2026-07-21T22:54:09,5061.11,2900.0,2900.0,2900.0,cosmetic,2730.590752015797,True
46,It's a Secret to Everybody,Team Captain,158785.5,2100–3450 keys,5,misc,Level 1-100 Hat,378,2026-07-21T22:54:09,4842.96,2100.0,3450.0,2775.0,cosmetic,2612.892874773737,True
46,It's a Secret to Everybody,Prehistoric Pullover,151633.0,2650 keys,1,misc,Level 1-100 Hood,30704,2026-07-21T22:54:09,4624.81,2650.0,2650.0,2650.0,cosmetic,2495.1949975316766,True
46,It's a Secret to Everybody,Mining Light,137328.0,2400 keys,2,misc,Level 1-100 Cosmetic Item,48,2026-07-21T22:54:09,4188.5,2400.0,2400.0,2400.0,cosmetic,2259.799243047556,True
46,It's a Secret to Everybody,Salty Dog,125884.0,2200 keys,4,misc,Level 10 Hat,611,2026-07-21T22:54:09,3839.46,2200.0,2200.0,2200.0,cosmetic,2071.48263946026,True
46,It's a Secret to Everybody,Killer Exclusive,120162.0,2100 keys,1,misc,Level 10 Hat,538,2026-07-21T22:54:09,3664.94,2100.0,2100.0,2100.0,cosmetic,1977.3243376666117,True
46,It's a Secret to Everybody,Polar Pullover,107716.65,1875–1890 keys,1,misc,Level 1-100 Hat,30329,2026-07-21T22:54:09,3285.36,1875.0,1890.0,1882.5,cosmetic,1772.530031265427,True
46,It's a Secret to Everybody,Lightning Lid,97274.0,1700 keys,0,misc,Level 1-100 Headgear,30867,2026-07-21T22:54:09,2966.86,1700.0,1700.0,1700.0,cosmetic,1600.691130492019,True
46,It's a Secret to Everybody,Crone's Dome,90121.5,1550–1600 keys,2,misc,Level 1-100 Hat,920,2026-07-21T22:54:09,2748.71,1550.0,1600.0,1575.0,cosmetic,1482.9932532499588,True
46,It's a Secret to Everybody,A Rather Festive Tree,88691.0,1550 keys,2,misc,Level 1-100 Hat,341,2026-07-21T22:54:09,2705.08,1550.0,1550.0,1550.0,cosmetic,1459.4536778015467,True
46,It's a Secret to Everybody,Anger,80108.0,1400 keys,4,misc,Level 10 Hood,518,2026-07-21T22:54:09,2443.29,1400.0,1400.0,1400.0,cosmetic,1318.2162251110744,True
46,It's a Secret to Everybody,Troublemaker's Tossle Cap,67805.7,970–1400 keys,3,misc,Level 1-100 Hat,150,2026-07-21T22:54:09,2068.07,970.0,1400.0,1185.0,cosmetic,1115.7758762547307,True
46,It's a Secret to Everybody,Texas Ten Gallon,66947.4,1170 keys,4,misc,Level 1-100 Hat,94,2026-07-21T22:54:09,2041.9,1170.0,1170.0,1170.0,cosmetic,1101.6521309856835,True
46,It's a Secret to Everybody,Pithy Professional,65803.0,1150 keys,0,misc,Level 1-100 Hat,30915,2026-07-21T22:54:09,2006.99,1150.0,1150.0,1150.0,cosmetic,1082.820470626954,True
46,It's a Secret to Everybody,Flamboyant Flamenco,62942.0,1100 keys,4,misc,Level 10 Hat,627,2026-07-21T22:54:09,1919.73,1100.0,1100.0,1100.0,cosmetic,1035.74131973013,True
46,It's a Secret to Everybody,Reggaelator,62942.0,1100 keys,3,misc,Level 1-100 Hat,390,2026-07-21T22:54:09,1919.73,1100.0,1100.0,1100.0,cosmetic,1035.74131973013,True
46,It's a Secret to Everybody,Buccaneer's Bicorne,59508.8,1040 keys,4,misc,Level 10 Hat,607,2026-07-21T22:54:09,1815.02,1040.0,1040.0,1040.0,cosmetic,979.246338653941,True
46,It's a Secret to Everybody,Furious Fukaamigasa,57220.0,1000 keys,1,misc,Level 1-100 Hat,395,2026-07-21T22:54:09,1745.21,1000.0,1000.0,1000.0,cosmetic,941.5830179364817,True
46,It's a Secret to Everybody,Sergeant's Drill Hat,57220.0,850–1150 keys,6,misc,Level 1-100 Hat,183,2026-07-21T22:54:09,1745.21,850.0,1150.0,1000.0,cosmetic,941.5830179364817,True
46,It's a Secret to Everybody,Backwards Ballcap,57162.78,999 keys,3,misc,Level 10 Hat,617,2026-07-21T22:54:09,1743.46,999.0,999.0,999.0,cosmetic,940.6414349185453,True
46,It's a Secret to Everybody,Brown Bomber,55217.3,965 keys,2,misc,Level 1-100 Hat,671,2026-07-21T22:54:09,1684.13,965.0,965.0,965.0,cosmetic,908.627612308705,True
46,It's a Secret to Everybody,Mask of the Shaman,50628.032786885,863.21–906.38 keys,0,misc,Level 10 Mask,514,2026-07-21T22:54:09,,863.21,906.38,884.7950000000001,cosmetic,833.1089811894849,True
46,It's a Secret to Everybody,Liquidator's Lid,49209.2,860 keys,1,misc,Level 1-100 Hat,779,2026-07-21T22:54:09,1500.88,860.0,860.0,860.0,cosmetic,809.7613954253743,True
46,It's a Secret to Everybody,Hermes,48637.0,850 keys,3,misc,Level 10 Hat,633,2026-07-21T22:54:09,1483.43,850.0,850.0,850.0,cosmetic,800.3455652460095,True
46,It's a Secret to Everybody,Noble Amassment of Hats,48637.0,850 keys,3,misc,Level 1-100 Hat,137,2026-07-21T22:54:09,1483.43,850.0,850.0,850.0,cosmetic,800.3455652460095,True
46,It's a Secret to Everybody,Vintage Tyrolean,48637.0,850 keys,3,misc,Level 1-100 Hat,101,2026-07-21T22:54:09,1483.43,850.0,850.0,850.0,cosmetic,800.3455652460095,True
46,It's a Secret to Everybody,El Jefe,45776.0,800 keys,2,misc,Level 10 Hat,539,2026-07-21T22:54:09,1396.17,800.0,800.0,800.0,cosmetic,753.2664143491854,True
46,It's a Secret to Everybody,Surgeon's Stahlhelm,45776.0,800 keys,3,misc,Level 10 Helmet,616,2026-07-21T22:54:09,1396.17,800.0,800.0,800.0,cosmetic,753.2664143491854,True
46,It's a Secret to Everybody,Fancy Fedora,42915.0,750 keys,4,misc,Level 1-100 Hat,55,2026-07-21T22:54:09,1308.91,750.0,750.0,750.0,cosmetic,706.1872634523613,True
46,It's a Secret to Everybody,Gentleman's Gatsby,42915.0,750 keys,1,misc,Level 1-100 Hat,184,2026-07-21T22:54:09,1308.91,750.0,750.0,750.0,cosmetic,706.1872634523613,True
46,It's a Secret to Everybody,Hong Kong Cone,42915.0,750 keys,0,misc,Level 1-100 Hat,30177,2026-07-21T22:54:09,1308.91,750.0,750.0,750.0,cosmetic,706.1872634523613,True
46,It's a Secret to Everybody,Prince Tavish's Crown,42915.0,750 keys,7,misc,Level 1-100 Hat,342,2026-07-21T22:54:09,1308.91,750.0,750.0,750.0,cosmetic,706.1872634523613,True
46,It's a Secret to Everybody,Tyrantium Helmet,42915.0,750 keys,1,misc,Level 1-100 Helmet,30014,2026-07-21T22:54:09,1308.91,750.0,750.0,750.0,cosmetic,706.1872634523613,True
46,It's a Secret to Everybody,Hot Dogger,41770.6,730 keys,4,misc,Level 10 Hat,614,2026-07-21T22:54:09,1274.0,730.0,730.0,730.0,cosmetic,687.3556030936317,True
46,It's a Secret to Everybody,Medic's Mountain Cap,41770.6,730 keys,4,misc,Level 1-100 Hat,381,2026-07-21T22:54:09,1274.0,730.0,730.0,730.0,cosmetic,687.3556030936317,True
46,It's a Secret to Everybody,Brigade Helm,41198.4,720 keys,3,misc,Level 1-100 Helmet,105,2026-07-21T22:54:09,1256.55,720.0,720.0,720.0,cosmetic,677.9397729142669,True
46,It's a Secret to Everybody,Crocleather Slouch,40054.0,700 keys,1,misc,Level 1-100 Hat,344,2026-07-21T22:54:09,1221.65,700.0,700.0,700.0,cosmetic,659.1081125555372,True
46,It's a Secret to Everybody,Private Eye,40054.0,700 keys,3,misc,Level 1-100 Hat,388,2026-07-21T22:54:09,1221.65,700.0,700.0,700.0,cosmetic,659.1081125555372,True
46,It's a Secret to Everybody,Samur-Eye,40054.0,700 keys,4,misc,Level 1-100 Helmet,359,2026-07-21T22:54:09,1221.65,700.0,700.0,700.0,cosmetic,659.1081125555372,True
46,It's a Secret to Everybody,Wraith Wrap,39452.786885246,689.49 keys,0,misc,Level 1-100 Apparel,937,2026-07-21T22:54:09,,689.49,689.49,689.49,cosmetic,649.2148574172453,True
46,It's a Secret to Everybody,Whoopee Cap,38623.5,675 keys,1,misc,Level 1-100 Hat,174,2026-07-21T22:54:09,1178.02,675.0,675.0,675.0,cosmetic,635.5685371071252,True
46,It's a Secret to Everybody,Ye Olde Baker Boy,38623.5,675 keys,1,misc,Level 1-100 Hat,107,2026-07-21T22:54:09,1178.02,675.0,675.0,675.0,cosmetic,635.5685371071252,True
46,It's a Secret to Everybody,Attendant,37193.0,650 keys,3,misc,Level 1-100 Hat,213,2026-07-21T22:54:09,1134.39,650.0,650.0,650.0,cosmetic,612.0289616587131,True
46,It's a Secret to Everybody,Blighted Beak,36620.8,530–750 keys,2,misc,Level 1-100 Mask,315,2026-07-21T22:54:09,1116.93,530.0,750.0,640.0,cosmetic,602.6131314793483,True
46,It's a Secret to Everybody,Hound Dog,36620.8,640 keys,3,misc,Level 1-100 Hair,145,2026-07-21T22:54:09,1116.93,640.0,640.0,640.0,cosmetic,602.6131314793483,True
46,It's a Secret to Everybody,Allbrero,34332.0,550–650 keys,1,misc,Level 1-100 Hat,30429,2026-07-21T22:54:09,1047.13,550.0,650.0,600.0,cosmetic,564.949810761889,True
46,It's a Secret to Everybody,Classy Capper,34332.0,600 keys,0,misc,Level 1-100 Hat,30893,2026-07-21T22:54:09,1047.13,600.0,600.0,600.0,cosmetic,564.949810761889,True
46,It's a Secret to Everybody,Dragonborn Helmet,34332.0,600 keys,2,misc,Level 10 Helmet,517,2026-07-21T22:54:09,1047.13,600.0,600.0,600.0,cosmetic,564.949810761889,True
46,It's a Secret to Everybody,Familiar Fez,34332.0,600 keys,3,misc,Level 1-100 Hat,223,2026-07-21T22:54:09,1047.13,600.0,600.0,600.0,cosmetic,564.949810761889,True
46,It's a Secret to Everybody,Flipped Trilby,34332.0,600 keys,1,misc,Level 1-100 Hat,324,2026-07-21T22:54:09,1047.13,600.0,600.0,600.0,cosmetic,564.949810761889,True
46,It's a Secret to Everybody,Gentleman's Ushanka,34332.0,600 keys,6,misc,Level 1-100 Hat,778,2026-07-21T22:54:09,1047.13,600.0,600.0,600.0,cosmetic,564.949810761889,True
46,It's a Secret to Everybody,Madame Dixie,34332.0,600 keys,6,misc,Level 1-100 Hat,321,2026-07-21T22:54:09,1047.13,600.0,600.0,600.0,cosmetic,564.949810761889,True
46,It's a Secret to Everybody,Magistrate's Mullet,33759.8,590 keys,5,misc,Level 1-100 Hair,147,2026-07-21T22:54:09,1029.67,590.0,590.0,590.0,cosmetic,555.5339805825242,True
46,It's a Secret to Everybody,Cosa Nostra Cap,32901.5,575 keys,5,misc,Level 1-100 Hat,459,2026-07-21T22:54:09,1003.5,575.0,575.0,575.0,cosmetic,541.410235313477,True
46,It's a Secret to Everybody,Tipped Lid,32901.5,500–650 keys,1,misc,Level 1-100 Hat,30425,2026-07-21T22:54:09,1003.5,500.0,650.0,575.0,cosmetic,541.410235313477,True
46,It's a Secret to Everybody,Front Runner,32214.86,563 keys,4,misc,Level 1-100 Hat,760,2026-07-21T22:54:09,982.55,563.0,563.0,563.0,cosmetic,530.1112390982393,True
46,It's a Secret to Everybody,Professional's Panama,31471.0,550 keys,2,misc,Level 1-100 Hat,109,2026-07-21T22:54:09,959.87,550.0,550.0,550.0,cosmetic,517.870659865065,True
46,It's a Secret to Everybody,Bonk Helm,30898.8,390–690 keys,2,misc,Level 1-100 Helmet,106,2026-07-21T22:54:09,942.41,390.0,690.0,540.0,cosmetic,508.45482968570013,True
46,It's a Secret to Everybody,Janissary Ketche,30612.7,535 keys,3,misc,Level 1-100 Hat,437,2026-07-21T22:54:09,933.69,535.0,535.0,535.0,cosmetic,503.74691459601775,True
46,It's a Secret to Everybody,Belgian Detective,30326.6,530 keys,1,misc,Level 1-100 Hat,30128,2026-07-21T22:54:09,924.96,530.0,530.0,530.0,cosmetic,499.0389995063353,True
46,It's a Secret to Everybody,Defiant Spartan,30040.5,525 keys,2,misc,Level 1-100 Helmet,340,2026-07-21T22:54:09,916.24,525.0,525.0,525.0,cosmetic,494.3310844166529,True
46,It's a Secret to Everybody,Ze Goggles,29754.4,520 keys,3,misc,Level 1-100 Glasses,177,2026-07-21T22:54:09,907.51,520.0,520.0,520.0,cosmetic,489.6231693269705,True
46,It's a Secret to Everybody,Bombing Run,28724.44,502 keys,5,misc,Level 1-100 Helmet,249,2026-07-21T22:54:09,876.1,502.0,502.0,502.0,cosmetic,472.67467500411385,True
46,It's a Secret to Everybody,Doctor's Sack,28610.0,500 keys,3,misc,Level 1-100 Hat,398,2026-07-21T22:54:09,872.61,500.0,500.0,500.0,cosmetic,470.79150896824086,True
46,It's a Secret to Everybody,Honcho's Headgear,28610.0,500 keys,4,misc,Level 1-100 Hat,391,2026-07-21T22:54:09,872.61,500.0,500.0,500.0,cosmetic,470.79150896824086,True
46,It's a Secret to Everybody,Milkman,28610.0,500 keys,3,misc,Level 1-100 Hat,219,2026-07-21T22:54:09,872.61,500.0,500.0,500.0,cosmetic,470.79150896824086,True
46,It's a Secret to Everybody,Safe'n'Sound,28610.0,500 keys,1,misc,Level 1-100 Hat,178,2026-07-21T22:54:09,872.61,500.0,500.0,500.0,cosmetic,470.79150896824086,True
46,It's a Secret to Everybody,Voodoo JuJu (Slight Return),28610.0,500 keys,2,misc,Level 1-100 Hat,935,2026-07-21T22:54:09,872.61,500.0,500.0,500.0,cosmetic,470.79150896824086,True
46,It's a Secret to Everybody,Wet Works,28610.0,500 keys,1,misc,Level 1-100 Hat,30135,2026-07-21T22:54:09,872.61,500.0,500.0,500.0,cosmetic,470.79150896824086,True
46,It's a Secret to Everybody,Human Cannonball,28381.12,496 keys,1,misc,Level 1-100 Helmet,817,2026-07-21T22:54:09,865.62,496.0,496.0,496.0,cosmetic,467.02517689649494,True
46,It's a Secret to Everybody,Scotch Bonnet,28323.9,495 keys,1,misc,Level 1-100 Headgear,306,2026-07-21T22:54:09,863.88,495.0,495.0,495.0,cosmetic,466.0835938785585,True
46,It's a Secret to Everybody,Carouser's Capotain,28037.8,490 keys,3,misc,Level 1-100 Hat,259,2026-07-21T22:54:09,855.15,490.0,490.0,490.0,cosmetic,461.37567878887603,True
46,It's a Secret to Everybody,Le Party Phantom,27751.7,485 keys,4,misc,Level 1-100 Mask,337,2026-07-21T22:54:09,846.43,485.0,485.0,485.0,cosmetic,456.66776369919364,True
46,It's a Secret to Everybody,Tartan Spartan,27408.38,479 keys,2,misc,Level 1-100 Helmet,30106,2026-07-21T22:54:09,835.96,479.0,479.0,479.0,cosmetic,451.0182655915748,True
46,It's a Secret to Everybody,Powdered Practitioner,27179.5,475 keys,1,misc,Level 1-100 Hat,30069,2026-07-21T22:54:09,828.97,475.0,475.0,475.0,cosmetic,447.25193351982887,True
46,It's a Secret to Everybody,Dead Cone,26321.2,460 keys,3,misc,Level 1-100 Hat,435,2026-07-21T22:54:09,802.8,460.0,460.0,460.0,cosmetic,433.12818825078165,True
46,It's a Secret to Everybody,Shooter's Sola Topi,26149.54,424–490 keys,4,misc,Level 1-100 Helmet,158,2026-07-21T22:54:09,797.56,424.0,490.0,457.0,cosmetic,430.3034391969722,True
46,It's a Secret to Everybody,Bonk Leadwear,25749.0,450 keys,1,misc,Level 1-100 Helmet,30030,2026-07-21T22:54:09,785.34,450.0,450.0,450.0,cosmetic,423.7123580714168,True
46,It's a Secret to Everybody,Tough Guy's Toque,25749.0,450 keys,6,misc,Level 1-100 Hat,97,2026-07-21T22:54:09,785.34,450.0,450.0,450.0,cosmetic,423.7123580714168,True
46,It's a Secret to Everybody,Killer's Kabuto,25634.56,448 keys,2,misc,Level 1-100 Helmet,152,2026-07-21T22:54:09,781.85,448.0,448.0,448.0,cosmetic,421.8291920355438,True
46,It's a Secret to Everybody,German Gonzila,25520.12,446 keys,3,misc,Level 1-100 Hat,323,2026-07-21T22:54:09,778.36,446.0,446.0,446.0,cosmetic,419.94602599967084,True
46,It's a Secret to Everybody,Chieftain's Challenge,25176.8,440 keys,6,misc,Level 1-100 Hat,250,2026-07-21T22:54:09,767.89,440.0,440.0,440.0,cosmetic,414.296527892052,True
46,It's a Secret to Everybody,A Hat to Kill For,24604.6,430 keys,0,misc,Level 1-100 Hat,30753,2026-07-21T22:54:09,750.44,430.0,430.0,430.0,cosmetic,404.88069771268715,True
46,It's a Secret to Everybody,Birdcage,24318.5,425 keys,4,misc,Level 10 Hat,615,2026-07-21T22:54:09,741.71,425.0,425.0,425.0,cosmetic,400.17278262300476,True
46,It's a Secret to Everybody,Old Guadalajara,24318.5,425 keys,5,misc,Level 1-100 Hat,247,2026-07-21T22:54:09,741.71,425.0,425.0,425.0,cosmetic,400.17278262300476,True
46,It's a Secret to Everybody,Tyrant's Helm,24318.5,425 keys,4,misc,Level 1-100 Helmet,99,2026-07-21T22:54:09,741.71,425.0,425.0,425.0,cosmetic,400.17278262300476,True
46,It's a Secret to Everybody,L'Inspecteur,24032.4,420 keys,1,misc,Level 10 Hat,622,2026-07-21T22:54:09,732.99,420.0,420.0,420.0,cosmetic,395.4648675333224,True
46,It's a Secret to Everybody,Tough Stuff Muffs,24032.4,420 keys,1,misc,Level 1-100 Hat,984,2026-07-21T22:54:09,732.99,420.0,420.0,420.0,cosmetic,395.4648675333224,True
46,It's a Secret to Everybody,Stainless Pot,23603.25,350–475 keys,3,misc,Level 1-100 Hat,98,2026-07-21T22:54:09,719.9,350.0,475.0,412.5,cosmetic,388.40299489879874,True
46,It's a Secret to Everybody,Brainiac Hairpiece,23460.2,410 keys,1,misc,Level 1-100 Facial Hair,590,2026-07-21T22:54:09,715.54,410.0,410.0,410.0,cosmetic,386.04903735395754,True
46,It's a Secret to Everybody,Master's Yellow Belt,23460.2,410 keys,2,misc,Level 1-100 Hat,110,2026-07-21T22:54:09,715.54,410.0,410.0,410.0,cosmetic,386.04903735395754,True
46,It's a Secret to Everybody,White Russian,23460.2,410 keys,1,misc,Level 1-100 Hair,30644,2026-07-21T22:54:09,715.54,410.0,410.0,410.0,cosmetic,386.04903735395754,True
46,It's a Secret to Everybody,Data Mining Light,22888.0,400 keys,2,misc,Level 1-100 Helmet,30051,2026-07-21T22:54:09,698.08,400.0,400.0,400.0,cosmetic,376.6332071745927,True
46,It's a Secret to Everybody,Fruit Shoot,22888.0,400 keys,6,misc,Level 1-100 Hat,759,2026-07-21T22:54:09,698.08,400.0,400.0,400.0,cosmetic,376.6332071745927,True
46,It's a Secret to Everybody,Jumper's Jeepcap,22888.0,400 keys,2,misc,Level 1-100 Hat,417,2026-07-21T22:54:09,698.08,400.0,400.0,400.0,cosmetic,376.6332071745927,True
46,It's a Secret to Everybody,Company Man,22315.8,390 keys,0,misc,Level 10 Hat,523,2026-07-21T22:54:09,680.63,390.0,390.0,390.0,cosmetic,367.2173769952279,True
46,It's a Secret to Everybody,Modest Pile of Hat,21972.48,368–400 keys,3,misc,Level 1-100 Hat,139,2026-07-21T22:54:09,670.16,368.0,400.0,384.0,cosmetic,361.56787888760897,True
46,It's a Secret to Everybody,Hard Counter,21457.5,375 keys,2,misc,Level 1-100 Hat,254,2026-07-21T22:54:09,654.45,375.0,375.0,375.0,cosmetic,353.09363172618066,True
46,It's a Secret to Everybody,Pugilist's Protector,21457.5,375 keys,2,misc,Level 1-100 Headgear,246,2026-07-21T22:54:09,654.45,375.0,375.0,375.0,cosmetic,353.09363172618066,True
46,It's a Secret to Everybody,Charmer's Chapeau,21171.4,370 keys,3,misc,Level 1-100 Hat,397,2026-07-21T22:54:09,645.73,370.0,370.0,370.0,cosmetic,348.3857166364983,True
46,It's a Secret to Everybody,Engineer's Cap,20313.1,260–450 keys,3,misc,Level 1-100 Hat,95,2026-07-21T22:54:09,619.55,260.0,450.0,355.0,cosmetic,334.261971367451,True
46,It's a Secret to Everybody,Big Elfin Deal,20027.0,350 keys,4,misc,Level 1-100 Hat,652,2026-07-21T22:54:09,610.82,350.0,350.0,350.0,cosmetic,329.5540562777686,True
46,It's a Secret to Everybody,Coupe D'isaster,20027.0,350 keys,5,misc,Level 1-100 Hair,330,2026-07-21T22:54:09,610.82,350.0,350.0,350.0,cosmetic,329.5540562777686,True
46,It's a Secret to Everybody,Napper's Respite,20027.0,350 keys,4,misc,Level 1-100 Hat,248,2026-07-21T22:54:09,610.82,350.0,350.0,350.0,cosmetic,329.5540562777686,True
46,It's a Secret to Everybody,Smokey Sombrero,20027.0,350 keys,1,misc,Level 1-100 Hat,30682,2026-07-21T22:54:09,610.82,350.0,350.0,350.0,cosmetic,329.5540562777686,True
46,It's a Secret to Everybody,Towering Pillar of Hats,19855.34,347 keys,1,misc,Level 1-100 Hat,135,2026-07-21T22:54:09,605.59,347.0,347.0,347.0,cosmetic,326.72930722395915,True
46,It's a Secret to Everybody,Rimmed Raincatcher,19454.8,340 keys,4,misc,Level 1-100 Hat,216,2026-07-21T22:54:09,593.37,340.0,340.0,340.0,cosmetic,320.1382260984038,True
46,It's a Secret to Everybody,Prussian Pickelhaube,19286.229508197,277.06–397.05 keys,0,misc,Level 1-100 Helmet,50,2026-07-21T22:54:09,,277.06,397.05,337.055,cosmetic,317.36431640936314,True
46,It's a Secret to Everybody,Tippler's Tricorne,18625.11,300–351 keys,4,misc,Level 1-100 Hat,179,2026-07-21T22:54:09,568.07,300.0,351.0,325.5,cosmetic,306.4852723383248,True
46,It's a Secret to Everybody,Blast Defense,18310.4,320 keys,0,misc,Level 1-100 Headgear,30863,2026-07-21T22:54:09,558.47,320.0,320.0,320.0,cosmetic,301.30656573967417,True
46,It's a Secret to Everybody,Prancer's Pride,18138.74,317 keys,4,misc,Level 1-100 Hat,318,2026-07-21T22:54:09,553.23,317.0,317.0,317.0,cosmetic,298.48181668586477,True
46,It's a Secret to Everybody,Sober Stuntman,18024.3,300–330 keys,2,misc,Level 1-100 Helmet,255,2026-07-21T22:54:09,549.74,300.0,330.0,315.0,cosmetic,296.5986506499917,True
46,It's a Secret to Everybody,Head Warmer,17452.1,300–310 keys,3,misc,Level 1-100 Hat,644,2026-07-21T22:54:09,532.29,300.0,310.0,305.0,cosmetic,287.1828204706269,True
46,It's a Secret to Everybody,Bolted Birdcage,17166.0,300 keys,1,misc,Level 1-100 Hat,30057,2026-07-21T22:54:09,523.56,300.0,300.0,300.0,cosmetic,282.4749053809445,True
46,It's a Secret to Everybody,Pyromancer's Mask,17166.0,300 keys,2,misc,Level 1-100 Mask,316,2026-07-21T22:54:09,523.56,300.0,300.0,300.0,cosmetic,282.4749053809445,True
46,It's a Secret to Everybody,Helmet without a Home,16307.7,285 keys,1,misc,Level 1-100 Helmet,732,2026-07-21T22:54:09,497.38,285.0,285.0,285.0,cosmetic,268.35116011189734,True
46,It's a Secret to Everybody,Scotsman's Stove Pipe,15735.5,250–300 keys,4,misc,Level 1-100 Hat,120,2026-07-21T22:54:09,479.93,250.0,300.0,275.0,cosmetic,258.9353299325325,True
46,It's a Secret to Everybody,Bubble Pipe,15449.4,270 keys,4,misc,Level 1-100 Helmet,597,2026-07-21T22:54:09,471.21,270.0,270.0,270.0,cosmetic,254.22741484285007,True
46,It's a Secret to Everybody,Geisha Boy,15449.4,270 keys,1,misc,Level 1-100 Hair,363,2026-07-21T22:54:09,471.21,270.0,270.0,270.0,cosmetic,254.22741484285007,True
46,It's a Secret to Everybody,Executioner,14877.2,260 keys,3,misc,Level 1-100 Hat,921,2026-07-21T22:54:09,453.75,260.0,260.0,260.0,cosmetic,244.81158466348526,True
46,It's a Secret to Everybody,FR-0,14877.2,260 keys,1,misc,Level 1-100 Hat,30016,2026-07-21T22:54:09,453.75,260.0,260.0,260.0,cosmetic,244.81158466348526,True
46,It's a Secret to Everybody,Conjurer's Cowl,14591.1,230–280 keys,2,misc,Level 1-100 Hood,465,2026-07-21T22:54:09,445.03,230.0,280.0,255.0,cosmetic,240.10366957380285,True
46,It's a Secret to Everybody,Football Helmet,14305.0,250 keys,1,misc,Level 1-100 Helmet,49,2026-07-21T22:54:09,436.3,250.0,250.0,250.0,cosmetic,235.39575448412043,True
46,It's a Secret to Everybody,Armored Authority,14018.9,220–270 keys,4,misc,Level 1-100 Helmet,445,2026-07-21T22:54:09,427.58,220.0,270.0,245.0,cosmetic,230.68783939443802,True
46,It's a Secret to Everybody,Shellmet,14018.9,230–260 keys,0,misc,Level 1-100 Helmet,30897,2026-07-21T22:54:09,427.58,230.0,260.0,245.0,cosmetic,230.68783939443802,True
46,It's a Secret to Everybody,Hetman's Headpiece,13732.8,240 keys,6,misc,Level 1-100 Hat,436,2026-07-21T22:54:09,418.85,240.0,240.0,240.0,cosmetic,225.9799243047556,True
46,It's a Secret to Everybody,Baron von Havenaplane,13446.7,235 keys,2,misc,Level 1-100 Hat,30136,2026-07-21T22:54:09,410.12,235.0,235.0,235.0,cosmetic,221.27200921507324,True
46,It's a Secret to Everybody,Greased Lightning,13275.04,232 keys,1,misc,Level 1-100 Hair,30078,2026-07-21T22:54:09,404.89,232.0,232.0,232.0,cosmetic,218.44726016126378,True
46,It's a Secret to Everybody,Handyman's Handle,13160.6,230 keys,1,misc,Level 1-100 Hat,253,2026-07-21T22:54:09,401.4,230.0,230.0,230.0,cosmetic,216.56409412539082,True
46,It's a Secret to Everybody,Heer's Helmet,13160.6,230 keys,1,misc,Level 1-100 Helmet,30378,2026-07-21T22:54:09,401.4,230.0,230.0,230.0,cosmetic,216.56409412539082,True
46,It's a Secret to Everybody,Pencil Pusher,12874.5,225 keys,1,misc,Level 10 Hair,605,2026-07-21T22:54:09,392.67,225.0,225.0,225.0,cosmetic,211.8561790357084,True
46,It's a Secret to Everybody,Berliner's Bucket Helm,12817.28,224 keys,1,misc,Level 1-100 Helmet,303,2026-07-21T22:54:09,390.93,224.0,224.0,224.0,cosmetic,210.9145960177719,True
46,It's a Secret to Everybody,Hustler's Hallmark,12588.4,220 keys,0,misc,Level 1-100 Hat,146,2026-07-21T22:54:09,383.95,220.0,220.0,220.0,cosmetic,207.148263946026,True
46,It's a Secret to Everybody,Virtual Reality Headset,12302.3,215 keys,2,misc,Level 10 Headset,628,2026-07-21T22:54:09,375.22,215.0,215.0,215.0,cosmetic,202.44034885634358,True
46,It's a Secret to Everybody,Desert Marauder,11958.98,190–228 keys,2,misc,Level 1-100 Hat,400,2026-07-21T22:54:09,364.75,190.0,228.0,209.0,cosmetic,196.7908507487247,True
46,It's a Secret to Everybody,Pyro's Beanie,11744.918032787,205.26 keys,1,misc,Level 1-100 Hat,51,2026-07-21T22:54:09,,205.26,205.26,205.26,cosmetic,193.26835663628435,True
46,It's a Secret to Everybody,Otolaryngologist's Mirror,11444.0,200 keys,5,misc,Level 1-100 Hat,104,2026-07-21T22:54:09,349.04,200.0,200.0,200.0,cosmetic,188.31660358729636,True
46,It's a Secret to Everybody,Trophy Belt,11386.78,199 keys,4,misc,Level 1-100 Hat,53,2026-07-21T22:54:09,347.3,199.0,199.0,199.0,cosmetic,187.3750205693599,True
46,It's a Secret to Everybody,Backbiter's Billycock,10871.8,190 keys,3,misc,Level 1-100 Hat,108,2026-07-21T22:54:09,331.59,190.0,190.0,190.0,cosmetic,178.90077340793152,True
46,It's a Secret to Everybody,Full Metal Drill Hat,10585.7,185 keys,0,misc,Level 1-100 Hat,30026,2026-07-21T22:54:09,322.86,185.0,185.0,185.0,cosmetic,174.19285831824914,True
46,It's a Secret to Everybody,Grimm Hatte,10528.48,175–193 keys,2,misc,Level 1-100 Hat,383,2026-07-21T22:54:09,321.12,175.0,193.0,184.0,cosmetic,173.25127530031264,True
46,It's a Secret to Everybody,Capo's Capper,10299.6,180 keys,1,misc,Level 1-100 Hat,427,2026-07-21T22:54:09,314.14,180.0,180.0,180.0,cosmetic,169.48494322856672,True
46,It's a Secret to Everybody,Triboniophorus Tyrannus,10299.6,180 keys,1,misc,Level 1-100 Mascot,151,2026-07-21T22:54:09,314.14,180.0,180.0,180.0,cosmetic,169.48494322856672,True
46,It's a Secret to Everybody,Your Worst Nightmare,9784.62,171 keys,1,misc,Level 10 Hair,600,2026-07-21T22:54:09,298.43,171.0,171.0,171.0,cosmetic,161.01069606713838,True
46,It's a Secret to Everybody,Lucky Shot,9612.96,168 keys,2,misc,Level 1-100 Helmet,701,2026-07-21T22:54:09,293.2,168.0,168.0,168.0,cosmetic,158.18594701332893,True
46,It's a Secret to Everybody,Sammy Cap,8869.1,155 keys,1,misc,Level 1-100 Hat,30374,2026-07-21T22:54:09,270.51,155.0,155.0,155.0,cosmetic,145.94536778015467,True
46,It's a Secret to Everybody,Connoisseur's Cap,8583.0,150 keys,2,misc,Level 1-100 Hat,394,2026-07-21T22:54:09,261.78,150.0,150.0,150.0,cosmetic,141.23745269047225,True
46,It's a Secret to Everybody,Frenchman's Beret,8583.0,150 keys,2,misc,Level 1-100 Hat,180,2026-07-21T22:54:09,261.78,150.0,150.0,150.0,cosmetic,141.23745269047225,True
46,It's a Secret to Everybody,Stout Shako,8583.0,150 keys,2,misc,Level 1-100 Hat,251,2026-07-21T22:54:09,261.78,150.0,150.0,150.0,cosmetic,141.23745269047225,True
46,It's a Secret to Everybody,Tam O' Shanter,8503.9344262295,148.62 keys,1,misc,Level 1-100 Hat,480,2026-07-21T22:54:09,,148.62,148.62,148.62,cosmetic,139.9363900975728,True
46,It's a Secret to Everybody,Waxy Wayfinder,8354.12,146 keys,4,misc,Level 1-100 Hat,753,2026-07-21T22:54:09,254.8,146.0,146.0,146.0,cosmetic,137.47112061872636,True
46,It's a Secret to Everybody,Bomb Beanie,8296.9,130–160 keys,0,misc,Level 1-100 Hat,30823,2026-07-21T22:54:09,253.06,130.0,160.0,145.0,cosmetic,136.52953760078984,True
46,It's a Secret to Everybody,Larrikin Robin,7933.606557377,127.98–149.32 keys,2,misc,Level 1-100 Hat,314,2026-07-21T22:54:09,,127.98,149.32,138.65,cosmetic,130.55136674966266,True
46,It's a Secret to Everybody,Large Luchador,7495.82,131 keys,0,misc,Level 1-100 Mask,380,2026-07-21T22:54:09,228.62,131.0,131.0,131.0,cosmetic,123.34737534967911,True
46,It's a Secret to Everybody,Sultan's Ceremonial,7495.82,131 keys,1,misc,Level 1-100 Hat,403,2026-07-21T22:54:09,228.62,131.0,131.0,131.0,cosmetic,123.34737534967911,True
46,It's a Secret to Everybody,Das Maddendoktor,7438.6,130 keys,1,misc,Level 1-100 Hair,30121,2026-07-21T22:54:09,226.88,130.0,130.0,130.0,cosmetic,122.40579233174263,True
46,It's a Secret to Everybody,Glengarry Bonnet,7438.6,110–150 keys,6,misc,Level 1-100 Hat,100,2026-07-21T22:54:09,226.88,110.0,150.0,130.0,cosmetic,122.40579233174263,True
46,It's a Secret to Everybody,Brain-Warming Wear,7152.5,125 keys,0,misc,Level 1-100 Hat,30827,2026-07-21T22:54:09,218.15,125.0,125.0,125.0,cosmetic,117.69787724206022,True
46,It's a Secret to Everybody,Wide-Brimmed Bandito,7152.5,125 keys,2,misc,Level 1-100 Hat,30805,2026-07-21T22:54:09,218.15,125.0,125.0,125.0,cosmetic,117.69787724206022,True
46,It's a Secret to Everybody,Texas Tin-Gallon,6580.3,100–130 keys,2,misc,Level 1-100 Hat,30044,2026-07-21T22:54:09,200.7,100.0,130.0,115.0,cosmetic,108.28204706269541,True
46,It's a Secret to Everybody,Slick Cut,6523.08,90–138 keys,1,misc,Level 1-100 Hair,30187,2026-07-21T22:54:09,198.95,90.0,138.0,114.0,cosmetic,107.34046404475892,True
46,It's a Secret to Everybody,Industrial Festivizer,6294.2,100–120 keys,3,misc,Level 1-100 Hat,338,2026-07-21T22:54:09,191.97,100.0,120.0,110.0,cosmetic,103.574131973013,True
46,It's a Secret to Everybody,Commando Elite,5722.0,100 keys,2,misc,Level 1-100 Helmet,30912,2026-07-21T22:54:09,174.52,100.0,100.0,100.0,cosmetic,94.15830179364818,True
46,It's a Secret to Everybody,Conquistador,5722.0,100 keys,3,misc,Level 1-100 Helmet,721,2026-07-21T22:54:09,174.52,100.0,100.0,100.0,cosmetic,94.15830179364818,True
46,It's a Secret to Everybody,Hotrod,5722.0,100 keys,2,misc,Level 1-100 Mask,148,2026-07-21T22:54:09,174.52,100.0,100.0,100.0,cosmetic,94.15830179364818,True
46,It's a Secret to Everybody,Vintage Merryweather,5321.46,93 keys,2,misc,Level 1-100 Helmet,182,2026-07-21T22:54:09,162.3,93.0,93.0,93.0,cosmetic,87.5672206680928,True
46,It's a Secret to Everybody,Respectless Rubber Glove,5149.8,90 keys,1,misc,Level 1-100 Hat,102,2026-07-21T22:54:09,157.07,90.0,90.0,90.0,cosmetic,84.74247161428336,True
46,It's a Secret to Everybody,Runner's Warm-Up,5149.8,90 keys,1,misc,Level 1-100 Hat,30332,2026-07-21T22:54:09,157.07,90.0,90.0,90.0,cosmetic,84.74247161428336,True
46,It's a Secret to Everybody,Ye Oiled Baker Boy,5149.8,90 keys,2,misc,Level 1-100 Hat,30019,2026-07-21T22:54:09,157.07,90.0,90.0,90.0,cosmetic,84.74247161428336,True
46,It's a Secret to Everybody,Pardner's Pompadour,5006.75,85–90 keys,1,misc,Level 1-100 Hair,30099,2026-07-21T22:54:09,152.71,85.0,90.0,87.5,cosmetic,82.38851406944215,True
46,It's a Secret to Everybody,Western Wear,4835.09,84–85 keys,2,misc,Level 1-100 Hat,379,2026-07-21T22:54:09,147.47,84.0,85.0,84.5,cosmetic,79.56376501563271,True
46,It's a Secret to Everybody,Big Country,4692.04,82 keys,2,misc,Level 1-100 Hair,382,2026-07-21T22:54:09,143.11,82.0,82.0,82.0,cosmetic,77.2098074707915,True
46,It's a Secret to Everybody,Grenadier's Softcap,4577.6,80 keys,2,misc,Level 1-100 Hat,227,2026-07-21T22:54:09,139.62,80.0,80.0,80.0,cosmetic,75.32664143491854,True
46,It's a Secret to Everybody,One-Man Army,4577.6,78–82 keys,2,misc,Level 10 Hair,601,2026-07-21T22:54:09,139.62,78.0,82.0,80.0,cosmetic,75.32664143491854,True
46,It's a Secret to Everybody,Pyro's Boron Beanie,4577.6,80 keys,2,misc,Level 1-100 Hat,30040,2026-07-21T22:54:09,139.62,80.0,80.0,80.0,cosmetic,75.32664143491854,True
46,It's a Secret to Everybody,Buckaroo's Hat,4291.5,75 keys,3,misc,Level 1-100 Hat,322,2026-07-21T22:54:09,130.89,75.0,75.0,75.0,cosmetic,70.61872634523613,True
46,It's a Secret to Everybody,Elf Esteem,4291.5,60–90 keys,0,misc,Level 1-100 Hat,30836,2026-07-21T22:54:09,130.89,60.0,90.0,75.0,cosmetic,70.61872634523613,True
46,It's a Secret to Everybody,Batter's Helmet,4234.28,63–85 keys,2,misc,Level 1-100 Helmet,52,2026-07-21T22:54:09,129.15,63.0,85.0,74.0,cosmetic,69.67714332729965,True
46,It's a Secret to Everybody,Ol' Snaggletooth,4062.62,71 keys,5,misc,Level 1-100 Hat,229,2026-07-21T22:54:09,123.91,71.0,71.0,71.0,cosmetic,66.8523942734902,True
46,It's a Secret to Everybody,Counterfeit Billycock,4005.4,70 keys,1,misc,Level 10 Hat,602,2026-07-21T22:54:09,122.16,70.0,70.0,70.0,cosmetic,65.91081125555372,True
46,It's a Secret to Everybody,Magnificent Mongolian,3719.3,65 keys,1,misc,Level 1-100 Hat,313,2026-07-21T22:54:09,113.44,65.0,65.0,65.0,cosmetic,61.202896165871316,True
46,It's a Secret to Everybody,Officer's Ushanka,3433.2,60 keys,2,misc,Level 1-100 Hat,96,2026-07-21T22:54:09,104.71,60.0,60.0,60.0,cosmetic,56.4949810761889,True
46,It's a Secret to Everybody,Gym Rat,3147.1,55 keys,1,misc,Level 10 Hair,613,2026-07-21T22:54:09,95.99,55.0,55.0,55.0,cosmetic,51.7870659865065,True
46,It's a Secret to Everybody,Nanobalaclava,3147.1,55 keys,2,misc,Level 10 Hat,521,2026-07-21T22:54:09,95.99,55.0,55.0,55.0,cosmetic,51.7870659865065,True
46,It's a Secret to Everybody,Little Buddy,3032.66,53 keys,3,misc,Level 10 Hat,612,2026-07-21T22:54:09,92.5,53.0,53.0,53.0,cosmetic,49.90389995063353,True
78,Hellfire,Exquisite Rack,686640.0,12000 keys,3,misc,Level 1-100 Cosmetic Item,339,2026-07-21T22:54:09,20942.52,12000.0,12000.0,12000.0,cosmetic,11298.996215237781,True
78,Hellfire,Hong Kong Cone,417706.0,7300 keys,1,misc,Level 1-100 Hat,30177,2026-07-21T22:54:09,12740.03,7300.0,7300.0,7300.0,cosmetic,6873.556030936317,True
78,Hellfire,Antlers,357625.0,6000–6500 keys,2,misc,Level 1-100 Cosmetic Item,993,2026-07-21T22:54:09,10907.56,6000.0,6500.0,6250.0,cosmetic,5884.893862103011,True
78,Hellfire,Master's Yellow Belt,306127.0,5350 keys,2,misc,Level 1-100 Hat,110,2026-07-21T22:54:09,9336.87,5350.0,5350.0,5350.0,cosmetic,5037.469145960177,True
78,Hellfire,Cotton Head,238893.5,4175 keys,1,misc,Level 1-100 Hat,30175,2026-07-21T22:54:09,7286.25,4175.0,4175.0,4175.0,cosmetic,3931.1090998848113,True
78,Hellfire,Lil' Bitey,237463.0,4150 keys,1,misc,Level 1-100 Hat,30814,2026-07-21T22:54:09,7242.62,4150.0,4150.0,4150.0,cosmetic,3907.569524436399,True
78,Hellfire,Flamboyant Flamenco,224588.5,3925 keys,2,misc,Level 10 Hat,627,2026-07-21T22:54:09,6849.95,3925.0,3925.0,3925.0,cosmetic,3695.7133454006907,True
78,Hellfire,Backwards Ballcap,214575.0,3750 keys,1,misc,Level 10 Hat,617,2026-07-21T22:54:09,6544.54,3750.0,3750.0,3750.0,cosmetic,3530.936317261807,True
78,Hellfire,Tough Stuff Muffs,207136.4,3620 keys,2,misc,Level 1-100 Hat,984,2026-07-21T22:54:09,6317.66,3620.0,3620.0,3620.0,cosmetic,3408.530524930064,True
78,Hellfire,Conjurer's Cowl,194548.0,3400 keys,2,misc,Level 1-100 Hood,465,2026-07-21T22:54:09,5933.71,3400.0,3400.0,3400.0,cosmetic,3201.382260984038,True
78,Hellfire,Brown Bomber,177382.0,3100 keys,1,misc,Level 1-100 Hat,671,2026-07-21T22:54:09,5410.15,3100.0,3100.0,3100.0,cosmetic,2918.9073556030935,True
78,Hellfire,Swagman's Swatter,171660.0,3000 keys,2,misc,Level 10 Hat,626,2026-07-21T22:54:09,5235.63,3000.0,3000.0,3000.0,cosmetic,2824.7490538094453,True
78,Hellfire,Dark Falkirk Helm,168799.0,2950 keys,1,misc,Level 1-100 Helmet,30357,2026-07-21T22:54:09,5148.37,2950.0,2950.0,2950.0,cosmetic,2777.669902912621,True
78,Hellfire,Flipped Trilby,152777.4,2670 keys,2,misc,Level 1-100 Hat,324,2026-07-21T22:54:09,4659.71,2670.0,2670.0,2670.0,cosmetic,2514.026657890406,True
78,Hellfire,Charmer's Chapeau,151633.0,2650 keys,3,misc,Level 1-100 Hat,397,2026-07-21T22:54:09,4624.81,2650.0,2650.0,2650.0,cosmetic,2495.1949975316766,True
78,Hellfire,Surgeon's Stahlhelm,148772.0,2600 keys,2,misc,Level 10 Helmet,616,2026-07-21T22:54:09,4537.55,2600.0,2600.0,2600.0,cosmetic,2448.1158466348525,True
78,Hellfire,Lucky Shot,137328.0,2400 keys,2,misc,Level 1-100 Helmet,701,2026-07-21T22:54:09,4188.5,2400.0,2400.0,2400.0,cosmetic,2259.799243047556,True
78,Hellfire,Das Hazmattenhatten,114440.0,2000 keys,2,misc,Level 1-100 Safety Apparatus,30095,2026-07-21T22:54:09,3490.42,2000.0,2000.0,2000.0,cosmetic,1883.1660358729634,True
78,Hellfire,Heavy Duty Rag,114440.0,2000 keys,1,misc,Level 1-100 Bandana,185,2026-07-21T22:54:09,3490.42,2000.0,2000.0,2000.0,cosmetic,1883.1660358729634,True
78,Hellfire,Merc's Mohawk,114440.0,2000 keys,3,misc,Level 1-100 Hair,30413,2026-07-21T22:54:09,3490.42,2000.0,2000.0,2000.0,cosmetic,1883.1660358729634,True
78,Hellfire,Vive la France,114440.0,2000 keys,1,misc,Level 1-100 Hat,30422,2026-07-21T22:54:09,3490.42,2000.0,2000.0,2000.0,cosmetic,1883.1660358729634,True
78,Hellfire,Bear Necessities,111579.0,1950 keys,1,misc,Level 1-100 Spirit Animal,30122,2026-07-21T22:54:09,3403.16,1950.0,1950.0,1950.0,cosmetic,1836.0868849761393,True
78,Hellfire,Reggaelator,111579.0,1950 keys,3,misc,Level 1-100 Hat,390,2026-07-21T22:54:09,3403.16,1950.0,1950.0,1950.0,cosmetic,1836.0868849761393,True
78,Hellfire,Crocleather Slouch,102996.0,1800 keys,1,misc,Level 1-100 Hat,344,2026-07-21T22:54:09,3141.38,1800.0,1800.0,1800.0,cosmetic,1694.8494322856673,True
78,Hellfire,Grenadier's Softcap,102996.0,1800 keys,1,misc,Level 1-100 Hat,227,2026-07-21T22:54:09,3141.38,1800.0,1800.0,1800.0,cosmetic,1694.8494322856673,True
78,Hellfire,Armored Authority,98132.3,1500–1930 keys,4,misc,Level 1-100 Helmet,445,2026-07-21T22:54:09,2993.04,1500.0,1930.0,1715.0,cosmetic,1614.8148757610663,True
78,Hellfire,Head Warmer,91552.0,1600 keys,2,misc,Level 1-100 Hat,644,2026-07-21T22:54:09,2792.34,1600.0,1600.0,1600.0,cosmetic,1506.5328286983708,True
78,Hellfire,Hermes,91552.0,1600 keys,1,misc,Level 10 Hat,633,2026-07-21T22:54:09,2792.34,1600.0,1600.0,1600.0,cosmetic,1506.5328286983708,True
78,Hellfire,Shellmet,91552.0,1600 keys,2,misc,Level 1-100 Helmet,30897,2026-07-21T22:54:09,2792.34,1600.0,1600.0,1600.0,cosmetic,1506.5328286983708,True
78,Hellfire,Battle Boonie,85830.0,1500 keys,2,misc,Level 1-100 Hat,30907,2026-07-21T22:54:09,2617.82,1500.0,1500.0,1500.0,cosmetic,1412.3745269047226,True
78,Hellfire,Powdered Practitioner,85830.0,1500 keys,1,misc,Level 1-100 Hat,30069,2026-07-21T22:54:09,2617.82,1500.0,1500.0,1500.0,cosmetic,1412.3745269047226,True
78,Hellfire,Stainless Pot,85830.0,1500 keys,1,misc,Level 1-100 Hat,98,2026-07-21T22:54:09,2617.82,1500.0,1500.0,1500.0,cosmetic,1412.3745269047226,True
78,Hellfire,Virtual Viewfinder,85830.0,1500 keys,1,misc,Level 1-100 Headset,30140,2026-07-21T22:54:09,2617.82,1500.0,1500.0,1500.0,cosmetic,1412.3745269047226,True
78,Hellfire,Chieftain's Challenge,82969.0,1450 keys,1,misc,Level 1-100 Hat,250,2026-07-21T22:54:09,2530.55,1450.0,1450.0,1450.0,cosmetic,1365.2953760078985,True
78,Hellfire,Cloud Crasher,79249.7,1385 keys,1,misc,Level 1-100 Helmet,30071,2026-07-21T22:54:09,2417.12,1385.0,1385.0,1385.0,cosmetic,1304.0924798420272,True
78,Hellfire,Belgian Detective,77247.0,1350 keys,2,misc,Level 1-100 Hat,30128,2026-07-21T22:54:09,2356.03,1350.0,1350.0,1350.0,cosmetic,1271.1370742142503,True
78,Hellfire,Large Luchador,74386.0,1300 keys,4,misc,Level 1-100 Mask,380,2026-07-21T22:54:09,2268.77,1300.0,1300.0,1300.0,cosmetic,1224.0579233174262,True
78,Hellfire,Little Buddy,71525.0,1250 keys,1,misc,Level 10 Hat,612,2026-07-21T22:54:09,2181.51,1250.0,1250.0,1250.0,cosmetic,1176.9787724206021,True
78,Hellfire,Baron von Havenaplane,70380.6,1230 keys,3,misc,Level 1-100 Hat,30136,2026-07-21T22:54:09,2146.61,1230.0,1230.0,1230.0,cosmetic,1158.1471120618726,True
78,Hellfire,Soldier's Slope Scopers,70094.5,1200–1250 keys,2,misc,Level 1-100 Hat,980,2026-07-21T22:54:09,2137.88,1200.0,1250.0,1225.0,cosmetic,1153.43919697219,True
78,Hellfire,Classy Capper,68664.0,1200 keys,0,misc,Level 1-100 Hat,30893,2026-07-21T22:54:09,2094.25,1200.0,1200.0,1200.0,cosmetic,1129.899621523778,True
78,Hellfire,Glasgow Great Helm,68664.0,1200 keys,2,misc,Level 1-100 Helmet,30082,2026-07-21T22:54:09,2094.25,1200.0,1200.0,1200.0,cosmetic,1129.899621523778,True
78,Hellfire,Killer Exclusive,65345.24,1100–1184 keys,1,misc,Level 10 Hat,538,2026-07-21T22:54:09,1993.03,1100.0,1184.0,1142.0,cosmetic,1075.2878064834622,True
78,Hellfire,Glengarry Bonnet,63428.37,1100–1117 keys,3,misc,Level 1-100 Hat,100,2026-07-21T22:54:09,1934.57,1100.0,1117.0,1108.5,cosmetic,1043.74477538259,True
78,Hellfire,Gentleman's Gatsby,62942.0,1100 keys,1,misc,Level 1-100 Hat,184,2026-07-21T22:54:09,1919.73,1100.0,1100.0,1100.0,cosmetic,1035.74131973013,True
78,Hellfire,Greased Lightning,62942.0,1100 keys,1,misc,Level 1-100 Hair,30078,2026-07-21T22:54:09,1919.73,1100.0,1100.0,1100.0,cosmetic,1035.74131973013,True
78,Hellfire,Vintage Merryweather,60081.0,850–1250 keys,4,misc,Level 1-100 Helmet,182,2026-07-21T22:54:09,1832.47,850.0,1250.0,1050.0,cosmetic,988.6621688333058,True
78,Hellfire,FR-0,57220.0,1000 keys,1,misc,Level 1-100 Hat,30016,2026-07-21T22:54:09,1745.21,1000.0,1000.0,1000.0,cosmetic,941.5830179364817,True
78,Hellfire,Geisha Boy,57220.0,1000 keys,1,misc,Level 1-100 Hair,363,2026-07-21T22:54:09,1745.21,1000.0,1000.0,1000.0,cosmetic,941.5830179364817,True
78,Hellfire,Napper's Respite,57220.0,1000 keys,3,misc,Level 1-100 Hat,248,2026-07-21T22:54:09,1745.21,1000.0,1000.0,1000.0,cosmetic,941.5830179364817,True
78,Hellfire,Troublemaker's Tossle Cap,57220.0,1000 keys,1,misc,Level 1-100 Hat,150,2026-07-21T22:54:09,1745.21,1000.0,1000.0,1000.0,cosmetic,941.5830179364817,True
78,Hellfire,Valley Forge,57220.0,975–1025 keys,3,misc,Level 1-100 Hat,30114,2026-07-21T22:54:09,1745.21,975.0,1025.0,1000.0,cosmetic,941.5830179364817,True
78,Hellfire,Brain Bucket,55789.5,800–1150 keys,2,misc,Level 1-100 Hat,434,2026-07-21T22:54:09,1701.58,800.0,1150.0,975.0,cosmetic,918.0434424880697,True
78,Hellfire,Modest Metal Pile of Scrap,54359.0,950 keys,2,misc,Level 1-100 Hat,30001,2026-07-21T22:54:09,1657.95,950.0,950.0,950.0,cosmetic,894.5038670396577,True
78,Hellfire,Slick Cut,54359.0,950 keys,3,misc,Level 1-100 Hair,30187,2026-07-21T22:54:09,1657.95,950.0,950.0,950.0,cosmetic,894.5038670396577,True
78,Hellfire,Tartan Spartan,53643.75,800–1075 keys,1,misc,Level 1-100 Helmet,30106,2026-07-21T22:54:09,1636.13,800.0,1075.0,937.5,cosmetic,882.7340793154517,True
78,Hellfire,Outta Sight,50925.8,890 keys,1,misc,Level 1-100 Hat,30628,2026-07-21T22:54:09,1553.24,890.0,890.0,890.0,cosmetic,838.0088859634689,True
78,Hellfire,Horrific Headsplitter,50782.75,725–1050 keys,1,misc,Level 31 Hat,291,2026-07-21T22:54:09,1548.87,725.0,1050.0,887.5,cosmetic,835.6549284186276,True
78,Hellfire,Modest Pile of Hat,50067.5,875 keys,1,misc,Level 1-100 Hat,139,2026-07-21T22:54:09,1527.06,875.0,875.0,875.0,cosmetic,823.8851406944216,True
78,Hellfire,Data Mining Light,49781.4,870 keys,3,misc,Level 1-100 Helmet,30051,2026-07-21T22:54:09,1518.33,870.0,870.0,870.0,cosmetic,819.1772256047392,True
78,Hellfire,Broadband Bonnet,48637.0,850 keys,2,misc,Level 1-100 Hat,30029,2026-07-21T22:54:09,1483.43,850.0,850.0,850.0,cosmetic,800.3455652460095,True
78,Hellfire,Janissary Ketche,48350.9,845 keys,2,misc,Level 1-100 Hat,437,2026-07-21T22:54:09,1474.7,845.0,845.0,845.0,cosmetic,795.6376501563271,True
78,Hellfire,Shooter's Sola Topi,45776.0,800 keys,2,misc,Level 1-100 Helmet,158,2026-07-21T22:54:09,1396.17,800.0,800.0,800.0,cosmetic,753.2664143491854,True
78,Hellfire,Das Naggenvatcher,42915.0,750 keys,2,misc,Level 1-100 Hat,30109,2026-07-21T22:54:09,1308.91,750.0,750.0,750.0,cosmetic,706.1872634523613,True
78,Hellfire,Backbiter's Billycock,42628.9,745 keys,1,misc,Level 1-100 Hat,108,2026-07-21T22:54:09,1300.18,745.0,745.0,745.0,cosmetic,701.4793483626789,True
78,Hellfire,Milkman,41484.5,725 keys,2,misc,Level 1-100 Hat,219,2026-07-21T22:54:09,1265.28,725.0,725.0,725.0,cosmetic,682.6476880039493,True
78,Hellfire,Larrikin Robin,39481.8,690 keys,2,misc,Level 1-100 Hat,314,2026-07-21T22:54:09,1204.19,690.0,690.0,690.0,cosmetic,649.6922823761724,True
78,Hellfire,Killer's Kabuto,38623.5,650–700 keys,1,misc,Level 1-100 Helmet,152,2026-07-21T22:54:09,1178.02,650.0,700.0,675.0,cosmetic,635.5685371071252,True
78,Hellfire,Steel Shako,38623.5,675 keys,2,misc,Level 1-100 Hat,30017,2026-07-21T22:54:09,1178.02,675.0,675.0,675.0,cosmetic,635.5685371071252,True
78,Hellfire,Bone Dome,37765.2,660 keys,3,misc,Level 1-100 Helmet,30162,2026-07-21T22:54:09,1151.84,660.0,660.0,660.0,cosmetic,621.4447918380779,True
78,Hellfire,Dread Knot,37765.2,580–740 keys,4,misc,Level 1-100 Hair,358,2026-07-21T22:54:09,1151.84,580.0,740.0,660.0,cosmetic,621.4447918380779,True
78,Hellfire,Pugilist's Protector,36220.26,600–666 keys,1,misc,Level 1-100 Headgear,246,2026-07-21T22:54:09,1104.72,600.0,666.0,633.0,cosmetic,596.022050353793,True
78,Hellfire,Sergeant's Drill Hat,35762.5,625 keys,1,misc,Level 1-100 Hat,183,2026-07-21T22:54:09,1090.76,625.0,625.0,625.0,cosmetic,588.4893862103011,True
78,Hellfire,Tam O' Shanter,35762.5,625 keys,2,misc,Level 1-100 Hat,480,2026-07-21T22:54:09,1090.76,625.0,625.0,625.0,cosmetic,588.4893862103011,True
78,Hellfire,Frickin' Sweet Ninja Hood,34332.0,600 keys,1,misc,Level 1-100 Hood,30394,2026-07-21T22:54:09,1047.13,600.0,600.0,600.0,cosmetic,564.949810761889,True
78,Hellfire,Medic's Mountain Cap,34332.0,600 keys,2,misc,Level 1-100 Hat,381,2026-07-21T22:54:09,1047.13,600.0,600.0,600.0,cosmetic,564.949810761889,True
78,Hellfire,Grimm Hatte,32615.4,570 keys,1,misc,Level 1-100 Hat,383,2026-07-21T22:54:09,994.77,570.0,570.0,570.0,cosmetic,536.7023202237947,True
78,Hellfire,Copper's Hard Top,32329.3,565 keys,1,misc,Level 1-100 Helmet,478,2026-07-21T22:54:09,986.04,565.0,565.0,565.0,cosmetic,531.9944051341122,True
78,Hellfire,Sober Stuntman,32043.2,560 keys,4,misc,Level 1-100 Helmet,255,2026-07-21T22:54:09,977.32,560.0,560.0,560.0,cosmetic,527.2864900444298,True
78,Hellfire,Brainiac Hairpiece,31471.0,550 keys,1,misc,Level 1-100 Facial Hair,590,2026-07-21T22:54:09,959.87,550.0,550.0,550.0,cosmetic,517.870659865065,True
78,Hellfire,Brigade Helm,31471.0,550 keys,2,misc,Level 1-100 Helmet,105,2026-07-21T22:54:09,959.87,550.0,550.0,550.0,cosmetic,517.870659865065,True
78,Hellfire,Wraith Wrap,31471.0,550 keys,2,misc,Level 1-100 Apparel,937,2026-07-21T22:54:09,959.87,550.0,550.0,550.0,cosmetic,517.870659865065,True
78,Hellfire,Counterfeit Billycock,31184.9,545 keys,4,misc,Level 10 Hat,602,2026-07-21T22:54:09,951.14,545.0,545.0,545.0,cosmetic,513.1627447753826,True
78,Hellfire,Nanobalaclava,30898.8,540 keys,3,misc,Level 10 Hat,521,2026-07-21T22:54:09,942.41,540.0,540.0,540.0,cosmetic,508.45482968570013,True
78,Hellfire,Brotherhood of Arms,30040.5,400–650 keys,2,misc,Level 1-100 Hat,30066,2026-07-21T22:54:09,916.24,400.0,650.0,525.0,cosmetic,494.3310844166529,True
78,Hellfire,Outdoorsman,28610.0,500 keys,4,misc,Level 10 Hat,603,2026-07-21T22:54:09,872.61,500.0,500.0,500.0,cosmetic,470.79150896824086,True
78,Hellfire,Pyro's Boron Beanie,28610.0,500 keys,4,misc,Level 1-100 Hat,30040,2026-07-21T22:54:09,872.61,500.0,500.0,500.0,cosmetic,470.79150896824086,True
78,Hellfire,Tungsten Toque,28610.0,500 keys,1,misc,Level 1-100 Hat,30049,2026-07-21T22:54:09,872.61,500.0,500.0,500.0,cosmetic,470.79150896824086,True
78,Hellfire,Warhood,27179.5,475 keys,0,misc,Level 1-100 Hood,30866,2026-07-21T22:54:09,828.97,475.0,475.0,475.0,cosmetic,447.25193351982887,True
78,Hellfire,Gridiron Guardian,26321.2,460 keys,3,misc,Level 1-100 Helmet,30013,2026-07-21T22:54:09,802.8,460.0,460.0,460.0,cosmetic,433.12818825078165,True
78,Hellfire,Halogen Head Lamp,25749.0,450 keys,4,misc,Level 1-100 Hat,30041,2026-07-21T22:54:09,785.34,450.0,450.0,450.0,cosmetic,423.7123580714168,True
78,Hellfire,Plumber's Pipe,25749.0,450 keys,2,misc,Level 1-100 Hat,30022,2026-07-21T22:54:09,785.34,450.0,450.0,450.0,cosmetic,423.7123580714168,True
78,Hellfire,Das Gutenkutteharen,24318.5,425 keys,2,misc,Level 1-100 Hair,30127,2026-07-21T22:54:09,741.71,425.0,425.0,425.0,cosmetic,400.17278262300476,True
78,Hellfire,Stately Steel Toe,24032.4,420 keys,3,misc,Level 1-100 Hat,481,2026-07-21T22:54:09,732.99,420.0,420.0,420.0,cosmetic,395.4648675333224,True
78,Hellfire,Waxy Wayfinder,22888.0,400 keys,2,misc,Level 1-100 Hat,753,2026-07-21T22:54:09,698.08,400.0,400.0,400.0,cosmetic,376.6332071745927,True
78,Hellfire,Soldered Sensei,21743.6,380 keys,1,misc,Level 1-100 Hat,30004,2026-07-21T22:54:09,663.18,380.0,380.0,380.0,cosmetic,357.80154681586305,True
78,Hellfire,Virus Doctor,20942.52,337–395 keys,3,misc,Level 1-100 Hat,30043,2026-07-21T22:54:09,638.75,337.0,395.0,366.0,cosmetic,344.61938456475235,True
78,Hellfire,Ol' Snaggletooth,20742.25,350–375 keys,1,misc,Level 1-100 Hat,229,2026-07-21T22:54:09,632.64,350.0,375.0,362.5,cosmetic,341.32384400197463,True
78,Hellfire,Tippler's Tricorne,19054.26,333 keys,4,misc,Level 1-100 Hat,179,2026-07-21T22:54:09,581.15,333.0,333.0,333.0,cosmetic,313.5471449728484,True
78,Hellfire,Infernal Impaler,18253.18,319 keys,1,misc,Level 13 Headgear,575,2026-07-21T22:54:09,556.72,319.0,319.0,319.0,cosmetic,300.3649827217377,True
78,Hellfire,Rebel Rouser,18167.35,310–325 keys,3,misc,Level 1-100 Hat,30120,2026-07-21T22:54:09,554.1,310.0,325.0,317.5,cosmetic,298.9526081948329,True
78,Hellfire,Dr's Dapper Topper,17166.0,300 keys,2,misc,Level 1-100 Hat,252,2026-07-21T22:54:09,523.56,300.0,300.0,300.0,cosmetic,282.4749053809445,True
78,Hellfire,Hound Dog,17166.0,300 keys,1,misc,Level 1-100 Hair,145,2026-07-21T22:54:09,523.56,300.0,300.0,300.0,cosmetic,282.4749053809445,True
78,Hellfire,One-Man Army,17166.0,300 keys,2,misc,Level 10 Hair,601,2026-07-21T22:54:09,523.56,300.0,300.0,300.0,cosmetic,282.4749053809445,True
78,Hellfire,Towering Titanium Pillar of Hats,16021.6,280 keys,3,misc,Level 1-100 Hat,30008,2026-07-21T22:54:09,488.66,280.0,280.0,280.0,cosmetic,263.6432450222149,True
78,Hellfire,Big Elfin Deal,15163.3,265 keys,1,misc,Level 1-100 Hat,652,2026-07-21T22:54:09,462.48,265.0,265.0,265.0,cosmetic,249.51949975316765,True
78,Hellfire,Crit Cloak,15163.3,255–275 keys,1,misc,Level 1-100 Hood,30899,2026-07-21T22:54:09,462.48,255.0,275.0,265.0,cosmetic,249.51949975316765,True
78,Hellfire,Whirly Warrior,14591.1,255 keys,1,misc,Level 1-100 Helmet,30118,2026-07-21T22:54:09,445.03,255.0,255.0,255.0,cosmetic,240.10366957380285,True
78,Hellfire,Harmburg,14305.0,250 keys,3,misc,Level 1-100 Hat,30123,2026-07-21T22:54:09,436.3,250.0,250.0,250.0,cosmetic,235.39575448412043,True
78,Hellfire,Hot Dogger,14305.0,250 keys,1,misc,Level 10 Hat,614,2026-07-21T22:54:09,436.3,250.0,250.0,250.0,cosmetic,235.39575448412043,True
78,Hellfire,Pampered Pyro,14305.0,250 keys,2,misc,Level 1-100 Towel,30139,2026-07-21T22:54:09,436.3,250.0,250.0,250.0,cosmetic,235.39575448412043,True
78,Hellfire,Professional's Panama,13732.8,240 keys,2,misc,Level 1-100 Hat,109,2026-07-21T22:54:09,418.85,240.0,240.0,240.0,cosmetic,225.9799243047556,True
78,Hellfire,Rotation Sensation,13732.8,240 keys,6,misc,Level 1-100 Hat,30623,2026-07-21T22:54:09,418.85,240.0,240.0,240.0,cosmetic,225.9799243047556,True
78,Hellfire,Feathered Fiend,13217.82,231 keys,1,misc,Level 1-100 Headgear,30903,2026-07-21T22:54:09,403.14,231.0,231.0,231.0,cosmetic,217.5056771433273,True
78,Hellfire,Jumper's Jeepcap,13160.6,230 keys,2,misc,Level 1-100 Hat,417,2026-07-21T22:54:09,401.4,230.0,230.0,230.0,cosmetic,216.56409412539082,True
78,Hellfire,Noble Amassment of Hats,12302.3,215 keys,3,misc,Level 1-100 Hat,137,2026-07-21T22:54:09,375.22,215.0,215.0,215.0,cosmetic,202.44034885634358,True
78,Hellfire,Rimmed Raincatcher,12187.86,213 keys,3,misc,Level 1-100 Hat,216,2026-07-21T22:54:09,371.73,213.0,213.0,213.0,cosmetic,200.55718282047062,True
78,Hellfire,Bootleg Base Metal Billycock,12016.2,210 keys,1,misc,Level 1-100 Hat,30047,2026-07-21T22:54:09,366.49,210.0,210.0,210.0,cosmetic,197.7324337666612,True
78,Hellfire,Soviet Gentleman,11844.54,207 keys,1,misc,Level 1-100 Hat,821,2026-07-21T22:54:09,361.26,207.0,207.0,207.0,cosmetic,194.90768471285173,True
78,Hellfire,A Rather Festive Tree,11730.1,160–250 keys,3,misc,Level 1-100 Hat,341,2026-07-21T22:54:09,357.77,160.0,250.0,205.0,cosmetic,193.02451867697877,True
78,Hellfire,Blast Defense,11444.0,200 keys,0,misc,Level 1-100 Headgear,30863,2026-07-21T22:54:09,349.04,200.0,200.0,200.0,cosmetic,188.31660358729636,True
78,Hellfire,Honcho's Headgear,11444.0,200 keys,1,misc,Level 1-100 Hat,391,2026-07-21T22:54:09,349.04,200.0,200.0,200.0,cosmetic,188.31660358729636,True
78,Hellfire,Das Maddendoktor,10356.82,181 keys,3,misc,Level 1-100 Hair,30121,2026-07-21T22:54:09,315.88,181.0,181.0,181.0,cosmetic,170.4265262465032,True
78,Hellfire,Towering Pillar of Hats,10299.6,180 keys,1,misc,Level 1-100 Hat,135,2026-07-21T22:54:09,314.14,180.0,180.0,180.0,cosmetic,169.48494322856672,True
78,Hellfire,Danger,10013.5,175 keys,1,misc,Level 1-100 Apparel,30420,2026-07-21T22:54:09,305.41,175.0,175.0,175.0,cosmetic,164.7770281388843,True
78,Hellfire,Prancer's Pride,9727.4,170 keys,3,misc,Level 1-100 Hat,318,2026-07-21T22:54:09,296.69,170.0,170.0,170.0,cosmetic,160.0691130492019,True
78,Hellfire,Fortunate Son,9612.96,168 keys,1,misc,Level 1-100 Helmet,30636,2026-07-21T22:54:09,293.2,168.0,168.0,168.0,cosmetic,158.18594701332893,True
78,Hellfire,Dragonborn Helmet,9498.52,133–199 keys,2,misc,Level 10 Helmet,517,2026-07-21T22:54:09,289.7,133.0,199.0,166.0,cosmetic,156.30278097745597,True
78,Hellfire,Respectless Robo-Glove,9269.64,162 keys,1,misc,Level 1-100 Hat,30039,2026-07-21T22:54:09,282.72,162.0,162.0,162.0,cosmetic,152.53644890571005,True
78,Hellfire,Nuke,9012.15,140–175 keys,2,misc,Level 1-100 Hair,30885,2026-07-21T22:54:09,274.87,140.0,175.0,157.5,cosmetic,148.29932532499586,True
78,Hellfire,Samur-Eye,8869.1,155 keys,2,misc,Level 1-100 Helmet,359,2026-07-21T22:54:09,270.51,155.0,155.0,155.0,cosmetic,145.94536778015467,True
78,Hellfire,Cosa Nostra Cap,8554.39,135–164 keys,2,misc,Level 1-100 Hat,459,2026-07-21T22:54:09,260.91,135.0,164.0,149.5,cosmetic,140.76666118150402,True
78,Hellfire,Tavish DeGroot Experience,8411.34,147 keys,3,misc,Level 10 Hat,604,2026-07-21T22:54:09,256.55,147.0,147.0,147.0,cosmetic,138.41270363666283,True
78,Hellfire,Pirate Bandana,6294.2,110 keys,1,misc,Level 1-100 Hat,30180,2026-07-21T22:54:09,191.97,110.0,110.0,110.0,cosmetic,103.574131973013,True
78,Hellfire,Liquidator's Lid,6151.15,100–115 keys,1,misc,Level 1-100 Hat,779,2026-07-21T22:54:09,187.61,100.0,115.0,107.5,cosmetic,101.22017442817179,True
78,Hellfire,Buccaneer's Bicorne,5722.0,100 keys,3,misc,Level 10 Hat,607,2026-07-21T22:54:09,174.52,100.0,100.0,100.0,cosmetic,94.15830179364818,True
78,Hellfire,Doctor's Sack,5722.0,100 keys,2,misc,Level 1-100 Hat,398,2026-07-21T22:54:09,174.52,100.0,100.0,100.0,cosmetic,94.15830179364818,True
78,Hellfire,German Gonzila,5722.0,100 keys,1,misc,Level 1-100 Hat,323,2026-07-21T22:54:09,174.52,100.0,100.0,100.0,cosmetic,94.15830179364818,True
78,Hellfire,Gym Rat,5722.0,80–120 keys,1,misc,Level 10 Hair,613,2026-07-21T22:54:09,174.52,80.0,120.0,100.0,cosmetic,94.15830179364818,True
78,Hellfire,Physician's Protector,5578.95,95–100 keys,0,misc,Level 1-100 Helmet,30625,2026-07-21T22:54:09,170.16,95.0,100.0,97.5,cosmetic,91.80434424880697,True
78,Hellfire,Hive Minder,5550.34,92–102 keys,1,misc,Level 1-100 Hat,30093,2026-07-21T22:54:09,169.29,92.0,102.0,97.0,cosmetic,91.33355273983874,True
78,Hellfire,Vintage Tyrolean,5550.34,97 keys,1,misc,Level 1-100 Hat,101,2026-07-21T22:54:09,169.29,97.0,97.0,97.0,cosmetic,91.33355273983874,True
78,Hellfire,Metal Slug,5435.9,90–100 keys,1,misc,Level 1-100 Hat,30028,2026-07-21T22:54:09,165.79,90.0,100.0,95.0,cosmetic,89.45038670396576,True
78,Hellfire,Archer's Sterling,5378.68,88–100 keys,0,misc,Level 1-100 Helmet,30874,2026-07-21T22:54:09,164.05,88.0,100.0,94.0,cosmetic,88.5088036860293,True
78,Hellfire,Hottie's Hoodie,5378.68,94 keys,1,misc,Level 1-100 Hood,377,2026-07-21T22:54:09,164.05,94.0,94.0,94.0,cosmetic,88.5088036860293,True
78,Hellfire,Base Metal Billycock,5264.24,92 keys,3,misc,Level 1-100 Hat,30007,2026-07-21T22:54:09,160.56,92.0,92.0,92.0,cosmetic,86.62563765015632,True
78,Hellfire,L'Inspecteur,5264.24,74–110 keys,3,misc,Level 10 Hat,622,2026-07-21T22:54:09,160.56,74.0,110.0,92.0,cosmetic,86.62563765015632,True
78,Hellfire,Pom-Pommed Provocateur,5149.8,90 keys,1,misc,Level 1-100 Mask,30072,2026-07-21T22:54:09,157.07,90.0,90.0,90.0,cosmetic,84.74247161428336,True
78,Hellfire,Full Metal Drill Hat,5092.58,89 keys,1,misc,Level 1-100 Hat,30026,2026-07-21T22:54:09,155.32,89.0,89.0,89.0,cosmetic,83.80088859634688,True
78,Hellfire,Peacenik's Ponytail,4863.7,85 keys,1,misc,Level 1-100 Hair,30406,2026-07-21T22:54:09,148.34,85.0,85.0,85.0,cosmetic,80.03455652460094,True
78,Hellfire,Texas Ten Gallon,4806.48,84 keys,1,misc,Level 1-100 Hat,94,2026-07-21T22:54:09,146.6,84.0,84.0,84.0,cosmetic,79.09297350666446,True
78,Hellfire,Furious Fukaamigasa,4749.26,83 keys,1,misc,Level 1-100 Hat,395,2026-07-21T22:54:09,144.85,83.0,83.0,83.0,cosmetic,78.15139048872798,True
78,Hellfire,Sultan's Ceremonial,4520.38,64–94 keys,1,misc,Level 1-100 Hat,403,2026-07-21T22:54:09,137.87,64.0,94.0,79.0,cosmetic,74.38505841698206,True
78,Hellfire,Ye Olde Baker Boy,4463.16,78 keys,0,misc,Level 1-100 Hat,107,2026-07-21T22:54:09,136.13,78.0,78.0,78.0,cosmetic,73.44347539904558,True
78,Hellfire,Old Guadalajara,4348.72,76 keys,4,misc,Level 1-100 Hat,247,2026-07-21T22:54:09,132.64,76.0,76.0,76.0,cosmetic,71.56030936317262,True
78,Hellfire,Capo's Capper,4291.5,75 keys,2,misc,Level 1-100 Hat,427,2026-07-21T22:54:09,130.89,75.0,75.0,75.0,cosmetic,70.61872634523613,True
78,Hellfire,Frenchman's Beret,4291.5,65–85 keys,1,misc,Level 1-100 Hat,180,2026-07-21T22:54:09,130.89,65.0,85.0,75.0,cosmetic,70.61872634523613,True
78,Hellfire,Ze Goggles,4005.4,70 keys,2,misc,Level 1-100 Glasses,177,2026-07-21T22:54:09,122.16,70.0,70.0,70.0,cosmetic,65.91081125555372,True
78,Hellfire,Pardner's Pompadour,3948.18,67–71 keys,1,misc,Level 1-100 Hair,30099,2026-07-21T22:54:09,120.42,67.0,71.0,69.0,cosmetic,64.96922823761724,True
78,Hellfire,Burning Bandana,3890.96,61–75 keys,1,misc,Level 1-100 Bandana,30091,2026-07-21T22:54:09,118.67,61.0,75.0,68.0,cosmetic,64.02764521968076,True
78,Hellfire,Safe'n'Sound,3719.3,65 keys,1,misc,Level 1-100 Hat,178,2026-07-21T22:54:09,113.44,65.0,65.0,65.0,cosmetic,61.202896165871316,True
78,Hellfire,Caribbean Conqueror,3547.64,62 keys,2,misc,Level 1-100 Hat,30116,2026-07-21T22:54:09,108.2,62.0,62.0,62.0,cosmetic,58.37814711206187,True
78,Hellfire,Lord Cockswain's Pith Helmet,3519.03,60–63 keys,1,misc,Level 1-100 Headgear,439,2026-07-21T22:54:09,107.33,60.0,63.0,61.5,cosmetic,57.907355603093634,True
78,Hellfire,Bullet Buzz,3147.1,55 keys,0,misc,Level 1-100 Hair,30344,2026-07-21T22:54:09,95.99,55.0,55.0,55.0,cosmetic,51.7870659865065,True
78,Hellfire,Hotrod,3089.88,54 keys,1,misc,Level 1-100 Mask,148,2026-07-21T22:54:09,94.24,54.0,54.0,54.0,cosmetic,50.84548296857002,True
78,Hellfire,Carouser's Capotain,2975.44,52 keys,2,misc,Level 1-100 Hat,259,2026-07-21T22:54:09,90.75,52.0,52.0,52.0,cosmetic,48.96231693269705,True
78,Hellfire,Cadaver's Cranium,2889.61,44–57 keys,0,misc,Level 31 Hat,290,2026-07-21T22:54:09,88.13,44.0,57.0,50.5,cosmetic,47.54994240579233,True
78,Hellfire,Pure Tin Capotain,2574.9,45 keys,1,misc,Level 1-100 Hat,30021,2026-07-21T22:54:09,78.53,45.0,45.0,45.0,cosmetic,42.37123580714168,True
78,Hellfire,Engineer's Cap,2431.85,34–51 keys,2,misc,Level 1-100 Hat,95,2026-07-21T22:54:09,74.17,34.0,51.0,42.5,cosmetic,40.01727826230047,True
78,Hellfire,Tsarboosh,2431.85,38–47 keys,1,misc,Level 1-100 Hat,30081,2026-07-21T22:54:09,74.17,38.0,47.0,42.5,cosmetic,40.01727826230047,True
78,Hellfire,Hetman's Headpiece,2202.97,37–40 keys,1,misc,Level 1-100 Hat,436,2026-07-21T22:54:09,67.19,37.0,40.0,38.5,cosmetic,36.250946190554544,True
78,Hellfire,Strontium Stove Pipe,2117.14,37 keys,1,misc,Level 1-100 Hat,30037,2026-07-21T22:54:09,64.57,37.0,37.0,37.0,cosmetic,34.83857166364982,True
78,Hellfire,Timeless Topper,1087.18,19 keys,3,misc,Level 1-100 Hat,30035,2026-07-21T22:54:09,33.16,19.0,19.0,19.0,cosmetic,17.890077340793155,True
80,Demonflame,Bonk Boy,437733.0,7650 keys,4,misc,Level 1-100 Mask,451,2026-07-21T22:54:09,13350.86,7650.0,7650.0,7650.0,cosmetic,7203.110087214086,True
80,Demonflame,Master's Yellow Belt,432011.0,7550 keys,2,misc,Level 1-100 Hat,110,2026-07-21T22:54:09,13176.34,7550.0,7550.0,7550.0,cosmetic,7108.951785420438,True
80,Demonflame,Brainiac Hairpiece,280378.0,4900 keys,2,misc,Level 1-100 Facial Hair,590,2026-07-21T22:54:09,8551.53,4900.0,4900.0,4900.0,cosmetic,4613.75678788876,True
80,Demonflame,Large Luchador,277517.0,4850 keys,1,misc,Level 1-100 Mask,380,2026-07-21T22:54:09,8464.27,4850.0,4850.0,4850.0,cosmetic,4566.677636991936,True
80,Demonflame,Whirly Warrior,266073.0,4650 keys,1,misc,Level 1-100 Helmet,30118,2026-07-21T22:54:09,8115.23,4650.0,4650.0,4650.0,cosmetic,4378.36103340464,True
80,Demonflame,Crone's Dome,254285.68,4444 keys,1,misc,Level 1-100 Hat,920,2026-07-21T22:54:09,7755.71,4444.0,4444.0,4444.0,cosmetic,4184.394931709725,True
80,Demonflame,Cotton Head,238893.5,4175 keys,3,misc,Level 1-100 Hat,30175,2026-07-21T22:54:09,7286.25,4175.0,4175.0,4175.0,cosmetic,3931.1090998848113,True
80,Demonflame,Tough Stuff Muffs,205992.0,3600 keys,3,misc,Level 1-100 Hat,984,2026-07-21T22:54:09,6282.76,3600.0,3600.0,3600.0,cosmetic,3389.6988645713345,True
80,Demonflame,Brotherhood of Arms,183104.0,3200 keys,3,misc,Level 1-100 Hat,30066,2026-07-21T22:54:09,5584.67,3200.0,3200.0,3200.0,cosmetic,3013.0656573967417,True
80,Demonflame,Hat with No Name,154494.0,2700 keys,3,misc,Level 10 Hat,631,2026-07-21T22:54:09,4712.07,2700.0,2700.0,2700.0,cosmetic,2542.2741484285007,True
80,Demonflame,Brown Bomber,148772.0,2600 keys,6,misc,Level 1-100 Hat,671,2026-07-21T22:54:09,4537.55,2600.0,2600.0,2600.0,cosmetic,2448.1158466348525,True
80,Demonflame,Engineer's Cap,125884.0,2200 keys,2,misc,Level 1-100 Hat,95,2026-07-21T22:54:09,3839.46,2200.0,2200.0,2200.0,cosmetic,2071.48263946026,True
80,Demonflame,Vive la France,123023.0,2150 keys,1,misc,Level 1-100 Hat,30422,2026-07-21T22:54:09,3752.2,2150.0,2150.0,2150.0,cosmetic,2024.4034885634358,True
80,Demonflame,Salty Dog,120162.0,2100 keys,2,misc,Level 10 Hat,611,2026-07-21T22:54:09,3664.94,2100.0,2100.0,2100.0,cosmetic,1977.3243376666117,True
80,Demonflame,Rotation Sensation,105857.0,1850 keys,3,misc,Level 1-100 Hat,30623,2026-07-21T22:54:09,3228.64,1850.0,1850.0,1850.0,cosmetic,1741.9285831824914,True
80,Demonflame,Modest Pile of Hat,97274.0,1700 keys,5,misc,Level 1-100 Hat,139,2026-07-21T22:54:09,2966.86,1700.0,1700.0,1700.0,cosmetic,1600.691130492019,True
80,Demonflame,Lucky Shot,95843.5,1675 keys,1,misc,Level 1-100 Helmet,701,2026-07-21T22:54:09,2923.23,1675.0,1675.0,1675.0,cosmetic,1577.151555043607,True
80,Demonflame,Brim-Full of Bullets,89148.76,1558 keys,1,misc,Level 1-100 Hat,30173,2026-07-21T22:54:09,2719.04,1558.0,1558.0,1558.0,cosmetic,1466.9863419450385,True
80,Demonflame,Powdered Practitioner,87489.38,1529 keys,2,misc,Level 1-100 Hat,30069,2026-07-21T22:54:09,2668.43,1529.0,1529.0,1529.0,cosmetic,1439.6804344248808,True
80,Demonflame,Flamboyant Flamenco,85830.0,1500 keys,4,misc,Level 10 Hat,627,2026-07-21T22:54:09,2617.82,1500.0,1500.0,1500.0,cosmetic,1412.3745269047226,True
80,Demonflame,Grimm Hatte,85830.0,1500 keys,2,misc,Level 1-100 Hat,383,2026-07-21T22:54:09,2617.82,1500.0,1500.0,1500.0,cosmetic,1412.3745269047226,True
80,Demonflame,Hat of Cards,85830.0,1500 keys,3,misc,Level 1-100 Hat,825,2026-07-21T22:54:09,2617.82,1500.0,1500.0,1500.0,cosmetic,1412.3745269047226,True
80,Demonflame,Larrikin Robin,85830.0,1500 keys,1,misc,Level 1-100 Hat,314,2026-07-21T22:54:09,2617.82,1500.0,1500.0,1500.0,cosmetic,1412.3745269047226,True
80,Demonflame,Well-Rounded Rifleman,85830.0,1500 keys,2,misc,Level 1-100 Hat,30067,2026-07-21T22:54:09,2617.82,1500.0,1500.0,1500.0,cosmetic,1412.3745269047226,True
80,Demonflame,Caribbean Conqueror,82969.0,1400–1500 keys,2,misc,Level 1-100 Hat,30116,2026-07-21T22:54:09,2530.55,1400.0,1500.0,1450.0,cosmetic,1365.2953760078985,True
80,Demonflame,Gentleman's Gatsby,82969.0,1450 keys,2,misc,Level 1-100 Hat,184,2026-07-21T22:54:09,2530.55,1450.0,1450.0,1450.0,cosmetic,1365.2953760078985,True
80,Demonflame,Liquidator's Lid,82969.0,1450 keys,1,misc,Level 1-100 Hat,779,2026-07-21T22:54:09,2530.55,1450.0,1450.0,1450.0,cosmetic,1365.2953760078985,True
80,Demonflame,Human Cannonball,80108.0,1400 keys,1,misc,Level 1-100 Helmet,817,2026-07-21T22:54:09,2443.29,1400.0,1400.0,1400.0,cosmetic,1318.2162251110744,True
80,Demonflame,Shellmet,80108.0,1400 keys,2,misc,Level 1-100 Helmet,30897,2026-07-21T22:54:09,2443.29,1400.0,1400.0,1400.0,cosmetic,1318.2162251110744,True
80,Demonflame,Your Worst Nightmare,80108.0,1400 keys,1,misc,Level 10 Hair,600,2026-07-21T22:54:09,2443.29,1400.0,1400.0,1400.0,cosmetic,1318.2162251110744,True
80,Demonflame,Cloud Crasher,77247.0,1350 keys,5,misc,Level 1-100 Helmet,30071,2026-07-21T22:54:09,2356.03,1350.0,1350.0,1350.0,cosmetic,1271.1370742142503,True
80,Demonflame,Jungle Wreath,77247.0,1350 keys,1,misc,Level 1-100 Hat,30882,2026-07-21T22:54:09,2356.03,1350.0,1350.0,1350.0,cosmetic,1271.1370742142503,True
80,Demonflame,Surgeon's Stahlhelm,74386.0,1300 keys,1,misc,Level 10 Helmet,616,2026-07-21T22:54:09,2268.77,1300.0,1300.0,1300.0,cosmetic,1224.0579233174262,True
80,Demonflame,Warhood,71525.0,1000–1500 keys,0,misc,Level 1-100 Hood,30866,2026-07-21T22:54:09,2181.51,1000.0,1500.0,1250.0,cosmetic,1176.9787724206021,True
80,Demonflame,Killer Exclusive,70323.38,1229 keys,2,misc,Level 10 Hat,538,2026-07-21T22:54:09,2144.86,1229.0,1229.0,1229.0,cosmetic,1157.2055290439362,True
80,Demonflame,Das Naggenvatcher,68664.0,1200 keys,4,misc,Level 1-100 Hat,30109,2026-07-21T22:54:09,2094.25,1200.0,1200.0,1200.0,cosmetic,1129.899621523778,True
80,Demonflame,Carouser's Capotain,65803.0,1150 keys,3,misc,Level 1-100 Hat,259,2026-07-21T22:54:09,2006.99,1150.0,1150.0,1150.0,cosmetic,1082.820470626954,True
80,Demonflame,Tyrantium Helmet,65803.0,1150 keys,4,misc,Level 1-100 Helmet,30014,2026-07-21T22:54:09,2006.99,1150.0,1150.0,1150.0,cosmetic,1082.820470626954,True
80,Demonflame,Letch's LED,65230.8,1140 keys,2,misc,Level 1-100 Hat,30002,2026-07-21T22:54:09,1989.54,1140.0,1140.0,1140.0,cosmetic,1073.4046404475894,True
80,Demonflame,Classy Capper,62942.0,1100 keys,2,misc,Level 1-100 Hat,30893,2026-07-21T22:54:09,1919.73,1100.0,1100.0,1100.0,cosmetic,1035.74131973013,True
80,Demonflame,Titanium Tyrolean,62942.0,1100 keys,3,misc,Level 1-100 Hat,30045,2026-07-21T22:54:09,1919.73,1100.0,1100.0,1100.0,cosmetic,1035.74131973013,True
80,Demonflame,Fruit Shoot,60081.0,1050 keys,1,misc,Level 1-100 Hat,759,2026-07-21T22:54:09,1832.47,1050.0,1050.0,1050.0,cosmetic,988.6621688333058,True
80,Demonflame,Grenadier's Softcap,60081.0,1050 keys,5,misc,Level 1-100 Hat,227,2026-07-21T22:54:09,1832.47,1050.0,1050.0,1050.0,cosmetic,988.6621688333058,True
80,Demonflame,Harmburg,60081.0,1050 keys,2,misc,Level 1-100 Hat,30123,2026-07-21T22:54:09,1832.47,1050.0,1050.0,1050.0,cosmetic,988.6621688333058,True
80,Demonflame,Stainless Pot,60081.0,1000–1100 keys,3,misc,Level 1-100 Hat,98,2026-07-21T22:54:09,1832.47,1000.0,1100.0,1050.0,cosmetic,988.6621688333058,True
80,Demonflame,Crocleather Slouch,57220.0,1000 keys,3,misc,Level 1-100 Hat,344,2026-07-21T22:54:09,1745.21,1000.0,1000.0,1000.0,cosmetic,941.5830179364817,True
80,Demonflame,Sergeant's Drill Hat,57220.0,1000 keys,3,misc,Level 1-100 Hat,183,2026-07-21T22:54:09,1745.21,1000.0,1000.0,1000.0,cosmetic,941.5830179364817,True
80,Demonflame,Battle Boonie,56647.8,990 keys,2,misc,Level 1-100 Hat,30907,2026-07-21T22:54:09,1727.76,990.0,990.0,990.0,cosmetic,932.167187757117,True
80,Demonflame,Fed-Fightin' Fedora,56647.8,990 keys,4,misc,Level 1-100 Hat,780,2026-07-21T22:54:09,1727.76,990.0,990.0,990.0,cosmetic,932.167187757117,True
80,Demonflame,Industrial Festivizer,53615.14,937 keys,4,misc,Level 1-100 Hat,338,2026-07-21T22:54:09,1635.26,937.0,937.0,937.0,cosmetic,882.2632878064834,True
80,Demonflame,Cyborg Stunt Helmet,53214.6,930 keys,2,misc,Level 1-100 Helmet,30024,2026-07-21T22:54:09,1623.05,930.0,930.0,930.0,cosmetic,875.6722066809281,True
80,Demonflame,FR-0,51555.22,901 keys,2,misc,Level 1-100 Hat,30016,2026-07-21T22:54:09,1572.43,901.0,901.0,901.0,cosmetic,848.36629916077,True
80,Demonflame,Bloke's Bucket Hat,51498.0,900 keys,4,misc,Level 1-100 Hat,181,2026-07-21T22:54:09,1570.69,900.0,900.0,900.0,cosmetic,847.4247161428336,True
80,Demonflame,Cold Killer,50925.8,890 keys,2,misc,Level 1-100 Hat,981,2026-07-21T22:54:09,1553.24,890.0,890.0,890.0,cosmetic,838.0088859634689,True
80,Demonflame,Bone Dome,50067.5,875 keys,4,misc,Level 1-100 Helmet,30162,2026-07-21T22:54:09,1527.06,875.0,875.0,875.0,cosmetic,823.8851406944216,True
80,Demonflame,Ze Goggles,50067.5,875 keys,4,misc,Level 1-100 Glasses,177,2026-07-21T22:54:09,1527.06,875.0,875.0,875.0,cosmetic,823.8851406944216,True
80,Demonflame,Heavy Duty Rag,49352.25,675–1050 keys,1,misc,Level 1-100 Bandana,185,2026-07-21T22:54:09,1505.24,675.0,1050.0,862.5,cosmetic,812.1153529702156,True
80,Demonflame,Big Chief,48637.0,850 keys,1,misc,Level 1-100 Hat,309,2026-07-21T22:54:09,1483.43,850.0,850.0,850.0,cosmetic,800.3455652460095,True
80,Demonflame,Private Eye,47778.7,770–900 keys,2,misc,Level 1-100 Hat,388,2026-07-21T22:54:09,1457.25,770.0,900.0,835.0,cosmetic,786.2218199769623,True
80,Demonflame,Bubble Pipe,46920.4,820 keys,4,misc,Level 1-100 Helmet,597,2026-07-21T22:54:09,1431.07,820.0,820.0,820.0,cosmetic,772.0980747079151,True
80,Demonflame,Bunsen Brave,45776.0,800 keys,2,misc,Level 1-100 Hat,30054,2026-07-21T22:54:09,1396.17,800.0,800.0,800.0,cosmetic,753.2664143491854,True
80,Demonflame,German Gonzila,45776.0,800 keys,3,misc,Level 1-100 Hat,323,2026-07-21T22:54:09,1396.17,800.0,800.0,800.0,cosmetic,753.2664143491854,True
80,Demonflame,Hustler's Hallmark,45776.0,800 keys,1,misc,Level 1-100 Hat,146,2026-07-21T22:54:09,1396.17,800.0,800.0,800.0,cosmetic,753.2664143491854,True
80,Demonflame,Ol' Snaggletooth,45776.0,800 keys,3,misc,Level 1-100 Hat,229,2026-07-21T22:54:09,1396.17,800.0,800.0,800.0,cosmetic,753.2664143491854,True
80,Demonflame,Honcho's Headgear,44459.94,777 keys,2,misc,Level 1-100 Hat,391,2026-07-21T22:54:09,1356.03,777.0,777.0,777.0,cosmetic,731.6100049366464,True
80,Demonflame,Détective Noir,44345.5,775 keys,2,misc,Level 1-100 Hat,319,2026-07-21T22:54:09,1352.54,775.0,775.0,775.0,cosmetic,729.7268389007734,True
80,Demonflame,Furious Fukaamigasa,42915.0,750 keys,1,misc,Level 1-100 Hat,395,2026-07-21T22:54:09,1308.91,750.0,750.0,750.0,cosmetic,706.1872634523613,True
80,Demonflame,Bot Dogger,42342.8,740 keys,1,misc,Level 1-100 Hat,30018,2026-07-21T22:54:09,1291.46,740.0,740.0,740.0,cosmetic,696.7714332729965,True
80,Demonflame,Team Captain,42342.8,740 keys,1,misc,Level 1-100 Hat,378,2026-07-21T22:54:09,1291.46,740.0,740.0,740.0,cosmetic,696.7714332729965,True
80,Demonflame,Burning Bandana,41484.5,725 keys,2,misc,Level 1-100 Bandana,30091,2026-07-21T22:54:09,1265.28,725.0,725.0,725.0,cosmetic,682.6476880039493,True
80,Demonflame,Bonk Helm,40197.05,680–725 keys,5,misc,Level 1-100 Helmet,106,2026-07-21T22:54:09,1226.01,680.0,725.0,702.5,cosmetic,661.4620701003785,True
80,Demonflame,Little Buddy,40054.0,700 keys,1,misc,Level 10 Hat,612,2026-07-21T22:54:09,1221.65,700.0,700.0,700.0,cosmetic,659.1081125555372,True
80,Demonflame,Hard Counter,38909.6,680 keys,1,misc,Level 1-100 Hat,254,2026-07-21T22:54:09,1186.74,680.0,680.0,680.0,cosmetic,640.2764521968076,True
80,Demonflame,Strontium Stove Pipe,38909.6,680 keys,4,misc,Level 1-100 Hat,30037,2026-07-21T22:54:09,1186.74,680.0,680.0,680.0,cosmetic,640.2764521968076,True
80,Demonflame,Exquisite Rack,38108.52,666 keys,1,misc,Level 1-100 Cosmetic Item,339,2026-07-21T22:54:09,1162.31,666.0,666.0,666.0,cosmetic,627.0942899456968,True
80,Demonflame,Pirate Bandana,37765.2,520–800 keys,1,misc,Level 1-100 Hat,30180,2026-07-21T22:54:09,1151.84,520.0,800.0,660.0,cosmetic,621.4447918380779,True
80,Demonflame,Stormin' Norman,37479.1,655 keys,2,misc,Level 1-100 Helmet,30112,2026-07-21T22:54:09,1143.11,655.0,655.0,655.0,cosmetic,616.7368767483955,True
80,Demonflame,Antlers,37193.0,600–700 keys,0,misc,Level 1-100 Cosmetic Item,993,2026-07-21T22:54:09,1134.39,600.0,700.0,650.0,cosmetic,612.0289616587131,True
80,Demonflame,Killer's Kabuto,37193.0,500–800 keys,1,misc,Level 1-100 Helmet,152,2026-07-21T22:54:09,1134.39,500.0,800.0,650.0,cosmetic,612.0289616587131,True
80,Demonflame,Shooter's Tin Topi,37193.0,650 keys,1,misc,Level 1-100 Hat,30005,2026-07-21T22:54:09,1134.39,650.0,650.0,650.0,cosmetic,612.0289616587131,True
80,Demonflame,Plug-In Prospector,35762.5,450–800 keys,3,misc,Level 1-100 Hat,30031,2026-07-21T22:54:09,1090.76,450.0,800.0,625.0,cosmetic,588.4893862103011,True
80,Demonflame,Virtual Reality Headset,35762.5,625 keys,1,misc,Level 10 Headset,628,2026-07-21T22:54:09,1090.76,625.0,625.0,625.0,cosmetic,588.4893862103011,True
80,Demonflame,Brigade Helm,34904.2,540–680 keys,1,misc,Level 1-100 Helmet,105,2026-07-21T22:54:09,1064.58,540.0,680.0,610.0,cosmetic,574.3656409412538,True
80,Demonflame,Firewall Helmet,34332.0,600 keys,1,misc,Level 1-100 Helmet,30038,2026-07-21T22:54:09,1047.13,600.0,600.0,600.0,cosmetic,564.949810761889,True
80,Demonflame,Swagman's Swatter,34332.0,600 keys,1,misc,Level 10 Hat,626,2026-07-21T22:54:09,1047.13,600.0,600.0,600.0,cosmetic,564.949810761889,True
80,Demonflame,Dragonborn Helmet,33759.8,590 keys,2,misc,Level 10 Helmet,517,2026-07-21T22:54:09,1029.67,590.0,590.0,590.0,cosmetic,555.5339805825242,True
80,Demonflame,Pencil Pusher,31471.0,550 keys,1,misc,Level 10 Hair,605,2026-07-21T22:54:09,959.87,550.0,550.0,550.0,cosmetic,517.870659865065,True
80,Demonflame,Tam O' Shanter,31471.0,550 keys,2,misc,Level 1-100 Hat,480,2026-07-21T22:54:09,959.87,550.0,550.0,550.0,cosmetic,517.870659865065,True
80,Demonflame,Reggaelator,31184.9,500–590 keys,3,misc,Level 1-100 Hat,390,2026-07-21T22:54:09,951.14,500.0,590.0,545.0,cosmetic,513.1627447753826,True
80,Demonflame,Electric Escorter,30040.5,525 keys,2,misc,Level 1-100 Hat,30025,2026-07-21T22:54:09,916.24,525.0,525.0,525.0,cosmetic,494.3310844166529,True
80,Demonflame,Magistrate's Mullet,30040.5,525 keys,2,misc,Level 1-100 Hair,147,2026-07-21T22:54:09,916.24,525.0,525.0,525.0,cosmetic,494.3310844166529,True
80,Demonflame,Glengarry Bonnet,29468.3,515 keys,4,misc,Level 1-100 Hat,100,2026-07-21T22:54:09,898.78,515.0,515.0,515.0,cosmetic,484.9152542372881,True
80,Demonflame,Tsarboosh,29039.15,465–550 keys,3,misc,Level 1-100 Hat,30081,2026-07-21T22:54:09,885.69,465.0,550.0,507.5,cosmetic,477.8533816027645,True
80,Demonflame,Backbiter's Billycock,28610.0,500 keys,1,misc,Level 1-100 Hat,108,2026-07-21T22:54:09,872.61,500.0,500.0,500.0,cosmetic,470.79150896824086,True
80,Demonflame,Das Maddendoktor,28610.0,500 keys,1,misc,Level 1-100 Hair,30121,2026-07-21T22:54:09,872.61,500.0,500.0,500.0,cosmetic,470.79150896824086,True
80,Demonflame,Wraith Wrap,28610.0,500 keys,3,misc,Level 1-100 Apparel,937,2026-07-21T22:54:09,872.61,500.0,500.0,500.0,cosmetic,470.79150896824086,True
80,Demonflame,Copper's Hard Top,26464.25,455–470 keys,3,misc,Level 1-100 Helmet,478,2026-07-21T22:54:09,807.16,455.0,470.0,462.5,cosmetic,435.48214579562284,True
80,Demonflame,Officer's Ushanka,26321.2,400–520 keys,2,misc,Level 1-100 Hat,96,2026-07-21T22:54:09,802.8,400.0,520.0,460.0,cosmetic,433.12818825078165,True
80,Demonflame,Outdoorsman,25749.0,450 keys,3,misc,Level 10 Hat,603,2026-07-21T22:54:09,785.34,450.0,450.0,450.0,cosmetic,423.7123580714168,True
80,Demonflame,Belgian Detective,24604.6,430 keys,2,misc,Level 1-100 Hat,30128,2026-07-21T22:54:09,750.44,430.0,430.0,430.0,cosmetic,404.88069771268715,True
80,Demonflame,Texas Ten Gallon,22888.0,400 keys,1,misc,Level 1-100 Hat,94,2026-07-21T22:54:09,698.08,400.0,400.0,400.0,cosmetic,376.6332071745927,True
80,Demonflame,Pyromancer's Mask,21571.94,377 keys,2,misc,Level 1-100 Mask,316,2026-07-21T22:54:09,657.94,377.0,377.0,377.0,cosmetic,354.9767977620536,True
80,Demonflame,Napper's Respite,21171.4,370 keys,4,misc,Level 1-100 Hat,248,2026-07-21T22:54:09,645.73,370.0,370.0,370.0,cosmetic,348.3857166364983,True
80,Demonflame,Slick Cut,20027.0,350 keys,2,misc,Level 1-100 Hair,30187,2026-07-21T22:54:09,610.82,350.0,350.0,350.0,cosmetic,329.5540562777686,True
80,Demonflame,Horrific Headsplitter,19912.56,348 keys,5,misc,Level 31 Hat,291,2026-07-21T22:54:09,607.33,348.0,348.0,348.0,cosmetic,327.6708902418957,True
80,Demonflame,Pampered Pyro,18596.5,325 keys,4,misc,Level 1-100 Towel,30139,2026-07-21T22:54:09,567.19,325.0,325.0,325.0,cosmetic,306.01448082935656,True
80,Demonflame,Gym Rat,18138.74,317 keys,1,misc,Level 10 Hair,613,2026-07-21T22:54:09,553.23,317.0,317.0,317.0,cosmetic,298.48181668586477,True
80,Demonflame,Blast Defense,17166.0,300 keys,0,misc,Level 1-100 Headgear,30863,2026-07-21T22:54:09,523.56,300.0,300.0,300.0,cosmetic,282.4749053809445,True
80,Demonflame,Front Runner,17166.0,300 keys,1,misc,Level 1-100 Hat,760,2026-07-21T22:54:09,523.56,300.0,300.0,300.0,cosmetic,282.4749053809445,True
80,Demonflame,Wing Mann,16708.24,292 keys,1,misc,Level 1-100 Hat,30809,2026-07-21T22:54:09,509.6,292.0,292.0,292.0,cosmetic,274.9422412374527,True
80,Demonflame,Nuke,15449.4,270 keys,2,misc,Level 1-100 Hair,30885,2026-07-21T22:54:09,471.21,270.0,270.0,270.0,cosmetic,254.22741484285007,True
80,Demonflame,Le Party Phantom,13160.6,230 keys,1,misc,Level 1-100 Mask,337,2026-07-21T22:54:09,401.4,230.0,230.0,230.0,cosmetic,216.56409412539082,True
80,Demonflame,Black Watch,12874.5,225 keys,3,misc,Level 1-100 Hat,30105,2026-07-21T22:54:09,392.67,225.0,225.0,225.0,cosmetic,211.8561790357084,True
80,Demonflame,Company Man,12817.28,224 keys,3,misc,Level 10 Hat,523,2026-07-21T22:54:09,390.93,224.0,224.0,224.0,cosmetic,210.9145960177719,True
80,Demonflame,Condor Cap,12273.69,179–250 keys,1,misc,Level 1-100 Hat,30553,2026-07-21T22:54:09,374.35,179.0,250.0,214.5,cosmetic,201.96955734737534,True
80,Demonflame,Whoopee Cap,11730.1,170–240 keys,2,misc,Level 1-100 Hat,174,2026-07-21T22:54:09,357.77,170.0,240.0,205.0,cosmetic,193.02451867697877,True
80,Demonflame,Connoisseur's Cap,11444.0,200 keys,2,misc,Level 1-100 Hat,394,2026-07-21T22:54:09,349.04,200.0,200.0,200.0,cosmetic,188.31660358729636,True
80,Demonflame,Desert Marauder,11444.0,200 keys,1,misc,Level 1-100 Hat,400,2026-07-21T22:54:09,349.04,200.0,200.0,200.0,cosmetic,188.31660358729636,True
80,Demonflame,Troublemaker's Tossle Cap,11444.0,200 keys,1,misc,Level 1-100 Hat,150,2026-07-21T22:54:09,349.04,200.0,200.0,200.0,cosmetic,188.31660358729636,True
80,Demonflame,Wet Works,11329.56,196–200 keys,2,misc,Level 1-100 Hat,30135,2026-07-21T22:54:09,345.55,196.0,200.0,198.0,cosmetic,186.4334375514234,True
80,Demonflame,Modest Metal Pile of Scrap,11300.95,173–222 keys,1,misc,Level 1-100 Hat,30001,2026-07-21T22:54:09,344.68,173.0,222.0,197.5,cosmetic,185.96264604245516,True
80,Demonflame,Milkman,10585.7,160–210 keys,4,misc,Level 1-100 Hat,219,2026-07-21T22:54:09,322.86,160.0,210.0,185.0,cosmetic,174.19285831824914,True
80,Demonflame,Pithy Professional,10442.65,175–190 keys,0,misc,Level 1-100 Hat,30915,2026-07-21T22:54:09,318.5,175.0,190.0,182.5,cosmetic,171.83890077340791,True
80,Demonflame,Gentleman's Ushanka,10328.21,161–200 keys,1,misc,Level 1-100 Hat,778,2026-07-21T22:54:09,315.01,161.0,200.0,180.5,cosmetic,169.95573473753495,True
80,Demonflame,Tavish DeGroot Experience,9784.62,171 keys,1,misc,Level 10 Hat,604,2026-07-21T22:54:09,298.43,171.0,171.0,171.0,cosmetic,161.01069606713838,True
80,Demonflame,Old Guadalajara,9555.74,167 keys,3,misc,Level 1-100 Hat,247,2026-07-21T22:54:09,291.45,167.0,167.0,167.0,cosmetic,157.24436399539246,True
80,Demonflame,Broadband Bonnet,9212.42,161 keys,2,misc,Level 1-100 Hat,30029,2026-07-21T22:54:09,280.98,161.0,161.0,161.0,cosmetic,151.59486588777358,True
80,Demonflame,Ye Oiled Baker Boy,8869.1,150–160 keys,2,misc,Level 1-100 Hat,30019,2026-07-21T22:54:09,270.51,150.0,160.0,155.0,cosmetic,145.94536778015467,True
80,Demonflame,Flipped Trilby,8754.66,153 keys,1,misc,Level 1-100 Hat,324,2026-07-21T22:54:09,267.02,153.0,153.0,153.0,cosmetic,144.0622017442817,True
80,Demonflame,Dread Knot,8640.22,151 keys,2,misc,Level 1-100 Hair,358,2026-07-21T22:54:09,263.53,151.0,151.0,151.0,cosmetic,142.17903570840875,True
80,Demonflame,Soviet Gentleman,8583.0,150 keys,1,misc,Level 1-100 Hat,821,2026-07-21T22:54:09,261.78,150.0,150.0,150.0,cosmetic,141.23745269047225,True
80,Demonflame,Tartan Spartan,8583.0,150 keys,2,misc,Level 1-100 Helmet,30106,2026-07-21T22:54:09,261.78,150.0,150.0,150.0,cosmetic,141.23745269047225,True
80,Demonflame,Madame Dixie,8554.39,139–160 keys,2,misc,Level 1-100 Hat,321,2026-07-21T22:54:09,260.91,139.0,160.0,149.5,cosmetic,140.76666118150402,True
80,Demonflame,Handyman's Handle,8010.8,140 keys,3,misc,Level 1-100 Hat,253,2026-07-21T22:54:09,244.33,140.0,140.0,140.0,cosmetic,131.82162251110745,True
80,Demonflame,Conquistador,7867.75,120–155 keys,3,misc,Level 1-100 Helmet,721,2026-07-21T22:54:09,239.97,120.0,155.0,137.5,cosmetic,129.46766496626626,True
80,Demonflame,Armored Authority,7724.7,135 keys,1,misc,Level 1-100 Helmet,445,2026-07-21T22:54:09,235.6,135.0,135.0,135.0,cosmetic,127.11370742142503,True
80,Demonflame,One-Man Army,7438.6,110–150 keys,1,misc,Level 10 Hair,601,2026-07-21T22:54:09,226.88,110.0,150.0,130.0,cosmetic,122.40579233174263,True
80,Demonflame,Samur-Eye,7152.5,125 keys,3,misc,Level 1-100 Helmet,359,2026-07-21T22:54:09,218.15,125.0,125.0,125.0,cosmetic,117.69787724206022,True
80,Demonflame,Cosa Nostra Cap,6866.4,120 keys,4,misc,Level 1-100 Hat,459,2026-07-21T22:54:09,209.43,120.0,120.0,120.0,cosmetic,112.9899621523778,True
80,Demonflame,Full Metal Drill Hat,6866.4,120 keys,1,misc,Level 1-100 Hat,30026,2026-07-21T22:54:09,209.43,120.0,120.0,120.0,cosmetic,112.9899621523778,True
80,Demonflame,Pyro's Boron Beanie,6866.4,120 keys,0,misc,Level 1-100 Hat,30040,2026-07-21T22:54:09,209.43,120.0,120.0,120.0,cosmetic,112.9899621523778,True
80,Demonflame,Das Übersternmann,6580.3,100–130 keys,2,misc,Level 1-100 Hat,30097,2026-07-21T22:54:09,200.7,100.0,130.0,115.0,cosmetic,108.28204706269541,True
80,Demonflame,Defiant Spartan,6179.76,103–113 keys,2,misc,Level 1-100 Helmet,340,2026-07-21T22:54:09,188.48,103.0,113.0,108.0,cosmetic,101.69096593714004,True
80,Demonflame,Hetman's Headpiece,5836.44,102 keys,2,misc,Level 1-100 Hat,436,2026-07-21T22:54:09,178.01,102.0,102.0,102.0,cosmetic,96.04146782952114,True
80,Demonflame,Jumper's Jeepcap,5722.0,100 keys,1,misc,Level 1-100 Hat,417,2026-07-21T22:54:09,174.52,100.0,100.0,100.0,cosmetic,94.15830179364818,True
80,Demonflame,Nanobalaclava,5722.0,100 keys,0,misc,Level 10 Hat,521,2026-07-21T22:54:09,174.52,100.0,100.0,100.0,cosmetic,94.15830179364818,True
80,Demonflame,Bolted Bicorne,5664.78,99 keys,3,misc,Level 1-100 Hat,30034,2026-07-21T22:54:09,172.78,99.0,99.0,99.0,cosmetic,93.2167187757117,True
80,Demonflame,Bolted Birdcage,5664.78,99 keys,1,misc,Level 1-100 Hat,30057,2026-07-21T22:54:09,172.78,99.0,99.0,99.0,cosmetic,93.2167187757117,True
80,Demonflame,Head Warmer,5493.12,96 keys,1,misc,Level 1-100 Hat,644,2026-07-21T22:54:09,167.54,96.0,96.0,96.0,cosmetic,90.39196972190224,True
80,Demonflame,Rimmed Raincatcher,5292.85,85–100 keys,1,misc,Level 1-100 Hat,216,2026-07-21T22:54:09,161.43,85.0,100.0,92.5,cosmetic,87.09642915912457,True
80,Demonflame,Counterfeit Billycock,5264.24,92 keys,2,misc,Level 10 Hat,602,2026-07-21T22:54:09,160.56,92.0,92.0,92.0,cosmetic,86.62563765015632,True
80,Demonflame,Virus Doctor,5149.8,80–100 keys,2,misc,Level 1-100 Hat,30043,2026-07-21T22:54:09,157.07,80.0,100.0,90.0,cosmetic,84.74247161428336,True
80,Demonflame,Respectless Robo-Glove,5035.36,88 keys,1,misc,Level 1-100 Hat,30039,2026-07-21T22:54:09,153.58,88.0,88.0,88.0,cosmetic,82.85930557841039,True
80,Demonflame,Glasgow Great Helm,4920.92,86 keys,2,misc,Level 1-100 Helmet,30082,2026-07-21T22:54:09,150.09,86.0,86.0,86.0,cosmetic,80.97613954253744,True
80,Demonflame,Stately Steel Toe,4692.04,72–92 keys,2,misc,Level 1-100 Hat,481,2026-07-21T22:54:09,143.11,72.0,92.0,82.0,cosmetic,77.2098074707915,True
80,Demonflame,Buckaroo's Hat,4634.82,81 keys,2,misc,Level 1-100 Hat,322,2026-07-21T22:54:09,141.36,81.0,81.0,81.0,cosmetic,76.26822445285502,True
80,Demonflame,Capo's Capper,4577.6,80 keys,3,misc,Level 1-100 Hat,427,2026-07-21T22:54:09,139.62,80.0,80.0,80.0,cosmetic,75.32664143491854,True
80,Demonflame,Hound Dog,4577.6,75–85 keys,2,misc,Level 1-100 Hair,145,2026-07-21T22:54:09,139.62,75.0,85.0,80.0,cosmetic,75.32664143491854,True
80,Demonflame,Stout Shako,4577.6,80 keys,3,misc,Level 1-100 Hat,251,2026-07-21T22:54:09,139.62,80.0,80.0,80.0,cosmetic,75.32664143491854,True
80,Demonflame,Otolaryngologist's Mirror,4463.16,78 keys,2,misc,Level 1-100 Hat,104,2026-07-21T22:54:09,136.13,78.0,78.0,78.0,cosmetic,73.44347539904558,True
80,Demonflame,Ye Olde Baker Boy,4405.94,70–84 keys,1,misc,Level 1-100 Hat,107,2026-07-21T22:54:09,134.38,70.0,84.0,77.0,cosmetic,72.50189238110909,True
80,Demonflame,A Head Full of Hot Air,4291.5,75 keys,1,misc,Level 1-100 Hat,30662,2026-07-21T22:54:09,130.89,75.0,75.0,75.0,cosmetic,70.61872634523613,True
80,Demonflame,Waxy Wayfinder,4005.4,70 keys,1,misc,Level 1-100 Hat,753,2026-07-21T22:54:09,122.16,70.0,70.0,70.0,cosmetic,65.91081125555372,True
80,Demonflame,Bombing Run,3576.25,55–70 keys,2,misc,Level 1-100 Helmet,249,2026-07-21T22:54:09,109.08,55.0,70.0,62.5,cosmetic,58.84893862103011,True
80,Demonflame,Gridiron Guardian,3433.2,60 keys,1,misc,Level 1-100 Helmet,30013,2026-07-21T22:54:09,104.71,60.0,60.0,60.0,cosmetic,56.4949810761889,True
80,Demonflame,Texas Tin-Gallon,3375.98,59 keys,3,misc,Level 1-100 Hat,30044,2026-07-21T22:54:09,102.97,59.0,59.0,59.0,cosmetic,55.55339805825243,True
80,Demonflame,Tungsten Toque,3290.15,45–70 keys,2,misc,Level 1-100 Hat,30049,2026-07-21T22:54:09,100.35,45.0,70.0,57.5,cosmetic,54.141023531347706,True
80,Demonflame,Lord Cockswain's Pith Helmet,3261.54,57 keys,2,misc,Level 1-100 Headgear,439,2026-07-21T22:54:09,99.48,57.0,57.0,57.0,cosmetic,53.67023202237946,True
80,Demonflame,Sober Stuntman,3261.54,57 keys,2,misc,Level 1-100 Helmet,255,2026-07-21T22:54:09,99.48,57.0,57.0,57.0,cosmetic,53.67023202237946,True
80,Demonflame,Doctor's Sack,3007.7049180328,43.81–61.32 keys,1,misc,Level 1-100 Hat,398,2026-07-21T22:54:09,,43.81,61.32,52.565,cosmetic,49.49325190114859,True
80,Demonflame,Big Elfin Deal,2689.34,46–48 keys,2,misc,Level 1-100 Hat,652,2026-07-21T22:54:09,82.02,46.0,48.0,47.0,cosmetic,44.25440184301465,True
80,Demonflame,Bonk Leadwear,2574.9,45 keys,2,misc,Level 1-100 Helmet,30030,2026-07-21T22:54:09,78.53,45.0,45.0,45.0,cosmetic,42.37123580714168,True
80,Demonflame,Coupe D'isaster,2460.46,43 keys,1,misc,Level 1-100 Hair,330,2026-07-21T22:54:09,75.04,43.0,43.0,43.0,cosmetic,40.48806977126872,True
80,Demonflame,Pure Tin Capotain,2145.75,32–43 keys,2,misc,Level 1-100 Hat,30021,2026-07-21T22:54:09,65.45,32.0,43.0,37.5,cosmetic,35.30936317261806,True
80,Demonflame,Helmet without a Home,2117.14,37 keys,1,misc,Level 1-100 Helmet,732,2026-07-21T22:54:09,64.57,37.0,37.0,37.0,cosmetic,34.83857166364982,True
80,Demonflame,Plumber's Pipe,2002.7,35 keys,1,misc,Level 1-100 Hat,30022,2026-07-21T22:54:09,61.08,35.0,35.0,35.0,cosmetic,32.95540562777686,True
70,Time Warp,Exquisite Rack,253198.5,4425 keys,3,misc,Level 1-100 Cosmetic Item,339,2026-07-21T22:54:09,7722.55,4425.0,4425.0,4425.0,cosmetic,4166.504854368932,True
70,Time Warp,Polar Pullover,226019.0,3950 keys,1,misc,Level 1-100 Hat,30329,2026-07-21T22:54:09,6893.58,3950.0,3950.0,3950.0,cosmetic,3719.252920849103,True
70,Time Warp,Antlers,197409.0,2800–4100 keys,2,misc,Level 1-100 Cosmetic Item,993,2026-07-21T22:54:09,6020.97,2800.0,4100.0,3450.0,cosmetic,3248.461411880862,True
70,Time Warp,Team Captain,171660.0,3000 keys,2,misc,Level 1-100 Hat,378,2026-07-21T22:54:09,5235.63,3000.0,3000.0,3000.0,cosmetic,2824.7490538094453,True
70,Time Warp,Dr's Dapper Topper,157355.0,2500–3000 keys,4,misc,Level 1-100 Hat,252,2026-07-21T22:54:09,4799.33,2500.0,3000.0,2750.0,cosmetic,2589.3532993253248,True
70,Time Warp,Killer Exclusive,143050.0,2500 keys,2,misc,Level 10 Hat,538,2026-07-21T22:54:09,4363.02,2500.0,2500.0,2500.0,cosmetic,2353.9575448412043,True
70,Time Warp,Soldered Sensei,123023.0,2150 keys,7,misc,Level 1-100 Hat,30004,2026-07-21T22:54:09,3752.2,2150.0,2150.0,2150.0,cosmetic,2024.4034885634358,True
70,Time Warp,Pyromancer's Mask,114440.0,2000 keys,2,misc,Level 1-100 Mask,316,2026-07-21T22:54:09,3490.42,2000.0,2000.0,2000.0,cosmetic,1883.1660358729634,True
70,Time Warp,Master's Yellow Belt,97274.0,1700 keys,2,misc,Level 1-100 Hat,110,2026-07-21T22:54:09,2966.86,1700.0,1700.0,1700.0,cosmetic,1600.691130492019,True
70,Time Warp,Large Luchador,80108.0,1400 keys,2,misc,Level 1-100 Mask,380,2026-07-21T22:54:09,2443.29,1400.0,1400.0,1400.0,cosmetic,1318.2162251110744,True
70,Time Warp,Hat with No Name,77247.0,1350 keys,3,misc,Level 10 Hat,631,2026-07-21T22:54:09,2356.03,1350.0,1350.0,1350.0,cosmetic,1271.1370742142503,True
70,Time Warp,Law,68664.0,1200 keys,2,misc,Level 1-100 Hat,30362,2026-07-21T22:54:09,2094.25,1200.0,1200.0,1200.0,cosmetic,1129.899621523778,True
70,Time Warp,Villain's Veil,68664.0,1200 keys,2,misc,Level 1-100 Bandana,393,2026-07-21T22:54:09,2094.25,1200.0,1200.0,1200.0,cosmetic,1129.899621523778,True
70,Time Warp,Vive la France,65803.0,1050–1250 keys,1,misc,Level 1-100 Hat,30422,2026-07-21T22:54:09,2006.99,1050.0,1250.0,1150.0,cosmetic,1082.820470626954,True
70,Time Warp,Well-Rounded Rifleman,62942.0,1100 keys,2,misc,Level 1-100 Hat,30067,2026-07-21T22:54:09,1919.73,1100.0,1100.0,1100.0,cosmetic,1035.74131973013,True
70,Time Warp,Anger,57220.0,1000 keys,7,misc,Level 10 Hood,518,2026-07-21T22:54:09,1745.21,1000.0,1000.0,1000.0,cosmetic,941.5830179364817,True
70,Time Warp,Merc's Mohawk,57220.0,1000 keys,2,misc,Level 1-100 Hair,30413,2026-07-21T22:54:09,1745.21,1000.0,1000.0,1000.0,cosmetic,941.5830179364817,True
70,Time Warp,Brotherhood of Arms,51498.0,900 keys,2,misc,Level 1-100 Hat,30066,2026-07-21T22:54:09,1570.69,900.0,900.0,900.0,cosmetic,847.4247161428336,True
70,Time Warp,War Pig,51498.0,900 keys,7,misc,Level 1-100 Headgear,829,2026-07-21T22:54:09,1570.69,900.0,900.0,900.0,cosmetic,847.4247161428336,True
70,Time Warp,Company Man,48064.8,780–900 keys,4,misc,Level 10 Hat,523,2026-07-21T22:54:09,1465.98,780.0,900.0,840.0,cosmetic,790.9297350666448,True
70,Time Warp,Le Party Phantom,44459.94,777 keys,3,misc,Level 1-100 Mask,337,2026-07-21T22:54:09,1356.03,777.0,777.0,777.0,cosmetic,731.6100049366464,True
70,Time Warp,Crone's Dome,44345.5,775 keys,5,misc,Level 1-100 Hat,920,2026-07-21T22:54:09,1352.54,775.0,775.0,775.0,cosmetic,729.7268389007734,True
70,Time Warp,Samur-Eye,44345.5,775 keys,2,misc,Level 1-100 Helmet,359,2026-07-21T22:54:09,1352.54,775.0,775.0,775.0,cosmetic,729.7268389007734,True
70,Time Warp,Bonk Boy,43129.180327869,753.74 keys,1,misc,Level 1-100 Mask,451,2026-07-21T22:54:09,,753.74,753.74,753.74,cosmetic,709.7117052471449,True
70,Time Warp,Conjurer's Cowl,42915.0,750 keys,4,misc,Level 1-100 Hood,465,2026-07-21T22:54:09,1308.91,750.0,750.0,750.0,cosmetic,706.1872634523613,True
70,Time Warp,Cotton Head,42915.0,750 keys,1,misc,Level 1-100 Hat,30175,2026-07-21T22:54:09,1308.91,750.0,750.0,750.0,cosmetic,706.1872634523613,True
70,Time Warp,Swagman's Swatter,42628.9,745 keys,2,misc,Level 10 Hat,626,2026-07-21T22:54:09,1300.18,745.0,745.0,745.0,cosmetic,701.4793483626789,True
70,Time Warp,Sergeant's Drill Hat,42342.8,680–800 keys,3,misc,Level 1-100 Hat,183,2026-07-21T22:54:09,1291.46,680.0,800.0,740.0,cosmetic,696.7714332729965,True
70,Time Warp,Cold Killer,41770.6,730 keys,6,misc,Level 1-100 Hat,981,2026-07-21T22:54:09,1274.0,730.0,730.0,730.0,cosmetic,687.3556030936317,True
70,Time Warp,Backwards Ballcap,40054.0,700 keys,4,misc,Level 10 Hat,617,2026-07-21T22:54:09,1221.65,700.0,700.0,700.0,cosmetic,659.1081125555372,True
70,Time Warp,Whirly Warrior,40054.0,600–800 keys,3,misc,Level 1-100 Helmet,30118,2026-07-21T22:54:09,1221.65,600.0,800.0,700.0,cosmetic,659.1081125555372,True
70,Time Warp,Vintage Tyrolean,39710.68,694 keys,1,misc,Level 1-100 Hat,101,2026-07-21T22:54:09,1211.18,694.0,694.0,694.0,cosmetic,653.4586144479183,True
70,Time Warp,Modest Pile of Hat,39481.8,650–730 keys,4,misc,Level 1-100 Hat,139,2026-07-21T22:54:09,1204.19,650.0,730.0,690.0,cosmetic,649.6922823761724,True
70,Time Warp,Grimm Hatte,38623.5,675 keys,1,misc,Level 1-100 Hat,383,2026-07-21T22:54:09,1178.02,675.0,675.0,675.0,cosmetic,635.5685371071252,True
70,Time Warp,Troublemaker's Tossle Cap,37193.0,650 keys,7,misc,Level 1-100 Hat,150,2026-07-21T22:54:09,1134.39,650.0,650.0,650.0,cosmetic,612.0289616587131,True
70,Time Warp,Danger,36048.6,630 keys,2,misc,Level 1-100 Apparel,30420,2026-07-21T22:54:09,1099.48,630.0,630.0,630.0,cosmetic,593.1973012999835,True
70,Time Warp,Blighted Beak,34332.0,600 keys,1,misc,Level 1-100 Mask,315,2026-07-21T22:54:09,1047.13,600.0,600.0,600.0,cosmetic,564.949810761889,True
70,Time Warp,Lucky Shot,34332.0,600 keys,4,misc,Level 1-100 Helmet,701,2026-07-21T22:54:09,1047.13,600.0,600.0,600.0,cosmetic,564.949810761889,True
70,Time Warp,Crown of the Old Kingdom,32901.5,575 keys,1,misc,Level 1-100 Hat,30567,2026-07-21T22:54:09,1003.5,575.0,575.0,575.0,cosmetic,541.410235313477,True
70,Time Warp,Napper's Respite,32615.4,570 keys,4,misc,Level 1-100 Hat,248,2026-07-21T22:54:09,994.77,570.0,570.0,570.0,cosmetic,536.7023202237947,True
70,Time Warp,Noble Amassment of Hats,32043.2,560 keys,4,misc,Level 1-100 Hat,137,2026-07-21T22:54:09,977.32,560.0,560.0,560.0,cosmetic,527.2864900444298,True
70,Time Warp,El Jefe,31757.1,555 keys,2,misc,Level 10 Hat,539,2026-07-21T22:54:09,968.59,555.0,555.0,555.0,cosmetic,522.5785749547474,True
70,Time Warp,Chieftain's Challenge,30326.6,530 keys,2,misc,Level 1-100 Hat,250,2026-07-21T22:54:09,924.96,530.0,530.0,530.0,cosmetic,499.0389995063353,True
70,Time Warp,Brim-Full of Bullets,28610.0,500 keys,1,misc,Level 1-100 Hat,30173,2026-07-21T22:54:09,872.61,500.0,500.0,500.0,cosmetic,470.79150896824086,True
70,Time Warp,Cloud Crasher,28610.0,500 keys,4,misc,Level 1-100 Helmet,30071,2026-07-21T22:54:09,872.61,500.0,500.0,500.0,cosmetic,470.79150896824086,True
70,Time Warp,Galvanized Gibus,28610.0,500 keys,4,misc,Level 1-100 Hat,30003,2026-07-21T22:54:09,872.61,500.0,500.0,500.0,cosmetic,470.79150896824086,True
70,Time Warp,Hermes,28610.0,500 keys,8,misc,Level 10 Hat,633,2026-07-21T22:54:09,872.61,500.0,500.0,500.0,cosmetic,470.79150896824086,True
70,Time Warp,Texas Ten Gallon,28610.0,500 keys,4,misc,Level 1-100 Hat,94,2026-07-21T22:54:09,872.61,500.0,500.0,500.0,cosmetic,470.79150896824086,True
70,Time Warp,Wraith Wrap,28610.0,500 keys,10,misc,Level 1-100 Apparel,937,2026-07-21T22:54:09,872.61,500.0,500.0,500.0,cosmetic,470.79150896824086,True
70,Time Warp,Flipped Trilby,28037.8,490 keys,8,misc,Level 1-100 Hat,324,2026-07-21T22:54:09,855.15,490.0,490.0,490.0,cosmetic,461.37567878887603,True
70,Time Warp,Whoopee Cap,28037.8,490 keys,4,misc,Level 1-100 Hat,174,2026-07-21T22:54:09,855.15,490.0,490.0,490.0,cosmetic,461.37567878887603,True
70,Time Warp,Charmer's Chapeau,27465.6,480 keys,2,misc,Level 1-100 Hat,397,2026-07-21T22:54:09,837.7,480.0,480.0,480.0,cosmetic,451.9598486095112,True
70,Time Warp,Lord Cockswain's Pith Helmet,27465.6,480 keys,4,misc,Level 1-100 Headgear,439,2026-07-21T22:54:09,837.7,480.0,480.0,480.0,cosmetic,451.9598486095112,True
70,Time Warp,Armored Authority,27236.72,476 keys,7,misc,Level 1-100 Helmet,445,2026-07-21T22:54:09,830.72,476.0,476.0,476.0,cosmetic,448.19351653776533,True
70,Time Warp,Honcho's Headgear,25749.0,450 keys,5,misc,Level 1-100 Hat,391,2026-07-21T22:54:09,785.34,450.0,450.0,450.0,cosmetic,423.7123580714168,True
70,Time Warp,Front Runner,24890.7,435 keys,9,misc,Level 1-100 Hat,760,2026-07-21T22:54:09,759.17,435.0,435.0,435.0,cosmetic,409.5886128023696,True
70,Time Warp,Salty Dog,24604.6,430 keys,6,misc,Level 10 Hat,611,2026-07-21T22:54:09,750.44,430.0,430.0,430.0,cosmetic,404.88069771268715,True
70,Time Warp,Fed-Fightin' Fedora,24032.4,420 keys,5,misc,Level 1-100 Hat,780,2026-07-21T22:54:09,732.99,420.0,420.0,420.0,cosmetic,395.4648675333224,True
70,Time Warp,Peacenik's Ponytail,24032.4,420 keys,2,misc,Level 1-100 Hair,30406,2026-07-21T22:54:09,732.99,420.0,420.0,420.0,cosmetic,395.4648675333224,True
70,Time Warp,Bombing Run,23317.15,300–515 keys,3,misc,Level 1-100 Helmet,249,2026-07-21T22:54:09,711.17,300.0,515.0,407.5,cosmetic,383.69507980911635,True
70,Time Warp,Bone Dome,22888.0,400 keys,1,misc,Level 1-100 Helmet,30162,2026-07-21T22:54:09,698.08,400.0,400.0,400.0,cosmetic,376.6332071745927,True
70,Time Warp,Bonk Helm,22888.0,400 keys,2,misc,Level 1-100 Helmet,106,2026-07-21T22:54:09,698.08,400.0,400.0,400.0,cosmetic,376.6332071745927,True
70,Time Warp,Geisha Boy,22888.0,400 keys,4,misc,Level 1-100 Hair,363,2026-07-21T22:54:09,698.08,400.0,400.0,400.0,cosmetic,376.6332071745927,True
70,Time Warp,Heavy Duty Rag,22888.0,400 keys,1,misc,Level 1-100 Bandana,185,2026-07-21T22:54:09,698.08,400.0,400.0,400.0,cosmetic,376.6332071745927,True
70,Time Warp,Towering Pillar of Hats,22888.0,400 keys,5,misc,Level 1-100 Hat,135,2026-07-21T22:54:09,698.08,400.0,400.0,400.0,cosmetic,376.6332071745927,True
70,Time Warp,Desert Marauder,22315.8,380–400 keys,2,misc,Level 1-100 Hat,400,2026-07-21T22:54:09,680.63,380.0,400.0,390.0,cosmetic,367.2173769952279,True
70,Time Warp,Western Wear,22315.8,390 keys,2,misc,Level 1-100 Hat,379,2026-07-21T22:54:09,680.63,390.0,390.0,390.0,cosmetic,367.2173769952279,True
70,Time Warp,Das Naggenvatcher,21457.5,375 keys,3,misc,Level 1-100 Hat,30109,2026-07-21T22:54:09,654.45,375.0,375.0,375.0,cosmetic,353.09363172618066,True
70,Time Warp,Noble Nickel Amassment of Hats,21457.5,375 keys,2,misc,Level 1-100 Hat,30006,2026-07-21T22:54:09,654.45,375.0,375.0,375.0,cosmetic,353.09363172618066,True
70,Time Warp,Tipped Lid,21457.5,300–450 keys,4,misc,Level 1-100 Hat,30425,2026-07-21T22:54:09,654.45,300.0,450.0,375.0,cosmetic,353.09363172618066,True
70,Time Warp,Cosa Nostra Cap,21171.4,325–415 keys,2,misc,Level 1-100 Hat,459,2026-07-21T22:54:09,645.73,325.0,415.0,370.0,cosmetic,348.3857166364983,True
70,Time Warp,Familiar Fez,21171.4,370 keys,4,misc,Level 1-100 Hat,223,2026-07-21T22:54:09,645.73,370.0,370.0,370.0,cosmetic,348.3857166364983,True
70,Time Warp,A Rather Festive Tree,20885.3,365 keys,3,misc,Level 1-100 Hat,341,2026-07-21T22:54:09,637.0,365.0,365.0,365.0,cosmetic,343.67780154681583,True
70,Time Warp,Engineer's Cap,20027.0,350 keys,4,misc,Level 1-100 Hat,95,2026-07-21T22:54:09,610.82,350.0,350.0,350.0,cosmetic,329.5540562777686,True
70,Time Warp,FR-0,20027.0,350 keys,7,misc,Level 1-100 Hat,30016,2026-07-21T22:54:09,610.82,350.0,350.0,350.0,cosmetic,329.5540562777686,True
70,Time Warp,Ol' Geezer,20027.0,350 keys,1,misc,Level 1-100 Hat,399,2026-07-21T22:54:09,610.82,350.0,350.0,350.0,cosmetic,329.5540562777686,True
70,Time Warp,Virus Doctor,20027.0,350 keys,5,misc,Level 1-100 Hat,30043,2026-07-21T22:54:09,610.82,350.0,350.0,350.0,cosmetic,329.5540562777686,True
70,Time Warp,Ye Olde Baker Boy,20027.0,350 keys,3,misc,Level 1-100 Hat,107,2026-07-21T22:54:09,610.82,350.0,350.0,350.0,cosmetic,329.5540562777686,True
70,Time Warp,Professional's Panama,19454.8,340 keys,3,misc,Level 1-100 Hat,109,2026-07-21T22:54:09,593.37,340.0,340.0,340.0,cosmetic,320.1382260984038,True
70,Time Warp,Bubble Pipe,19168.7,335 keys,4,misc,Level 1-100 Helmet,597,2026-07-21T22:54:09,584.65,335.0,335.0,335.0,cosmetic,315.4303110087214,True
70,Time Warp,Brain Bucket,18596.5,325 keys,3,misc,Level 1-100 Hat,434,2026-07-21T22:54:09,567.19,325.0,325.0,325.0,cosmetic,306.01448082935656,True
70,Time Warp,Grenadier's Softcap,18596.5,325 keys,1,misc,Level 1-100 Hat,227,2026-07-21T22:54:09,567.19,325.0,325.0,325.0,cosmetic,306.01448082935656,True
70,Time Warp,Private Eye,18596.5,325 keys,1,misc,Level 1-100 Hat,388,2026-07-21T22:54:09,567.19,325.0,325.0,325.0,cosmetic,306.01448082935656,True
70,Time Warp,Defiant Spartan,18453.45,290–355 keys,6,misc,Level 1-100 Helmet,340,2026-07-21T22:54:09,562.83,290.0,355.0,322.5,cosmetic,303.66052328451536,True
70,Time Warp,Coupe D'isaster,18310.4,320 keys,1,misc,Level 1-100 Hair,330,2026-07-21T22:54:09,558.47,320.0,320.0,320.0,cosmetic,301.30656573967417,True
70,Time Warp,One-Man Army,18138.74,317 keys,5,misc,Level 10 Hair,601,2026-07-21T22:54:09,553.23,317.0,317.0,317.0,cosmetic,298.48181668586477,True
70,Time Warp,Scotsman's Stove Pipe,18024.3,315 keys,4,misc,Level 1-100 Hat,120,2026-07-21T22:54:09,549.74,315.0,315.0,315.0,cosmetic,296.5986506499917,True
70,Time Warp,Gentleman's Gatsby,17738.2,300–320 keys,3,misc,Level 1-100 Hat,184,2026-07-21T22:54:09,541.02,300.0,320.0,310.0,cosmetic,291.89073556030934,True
70,Time Warp,Frontier Djustice,17166.0,300 keys,1,misc,Level 1-100 Hat,30421,2026-07-21T22:54:09,523.56,300.0,300.0,300.0,cosmetic,282.4749053809445,True
70,Time Warp,Gentleman's Ushanka,17166.0,280–320 keys,5,misc,Level 1-100 Hat,778,2026-07-21T22:54:09,523.56,280.0,320.0,300.0,cosmetic,282.4749053809445,True
70,Time Warp,L'Inspecteur,17166.0,300 keys,4,misc,Level 10 Hat,622,2026-07-21T22:54:09,523.56,300.0,300.0,300.0,cosmetic,282.4749053809445,True
70,Time Warp,Liquidator's Lid,17166.0,300 keys,4,misc,Level 1-100 Hat,779,2026-07-21T22:54:09,523.56,300.0,300.0,300.0,cosmetic,282.4749053809445,True
70,Time Warp,Pirate Bandana,17166.0,300 keys,4,misc,Level 1-100 Hat,30180,2026-07-21T22:54:09,523.56,300.0,300.0,300.0,cosmetic,282.4749053809445,True
70,Time Warp,Safe'n'Sound,17166.0,300 keys,4,misc,Level 1-100 Hat,178,2026-07-21T22:54:09,523.56,300.0,300.0,300.0,cosmetic,282.4749053809445,True
70,Time Warp,Scotch Bonnet,17166.0,300 keys,4,misc,Level 1-100 Headgear,306,2026-07-21T22:54:09,523.56,300.0,300.0,300.0,cosmetic,282.4749053809445,True
70,Time Warp,Tyrantium Helmet,17166.0,300 keys,1,misc,Level 1-100 Helmet,30014,2026-07-21T22:54:09,523.56,300.0,300.0,300.0,cosmetic,282.4749053809445,True
70,Time Warp,Voodoo JuJu (Slight Return),17166.0,300 keys,5,misc,Level 1-100 Hat,935,2026-07-21T22:54:09,523.56,300.0,300.0,300.0,cosmetic,282.4749053809445,True
70,Time Warp,Wet Works,17166.0,300 keys,1,misc,Level 1-100 Hat,30135,2026-07-21T22:54:09,523.56,300.0,300.0,300.0,cosmetic,282.4749053809445,True
70,Time Warp,Dead Cone,16879.9,295 keys,4,misc,Level 1-100 Hat,435,2026-07-21T22:54:09,514.84,295.0,295.0,295.0,cosmetic,277.7669902912621,True
70,Time Warp,Your Worst Nightmare,16593.8,290 keys,3,misc,Level 10 Hair,600,2026-07-21T22:54:09,506.11,290.0,290.0,290.0,cosmetic,273.0590752015797,True
70,Time Warp,Titanium Tyrolean,15735.5,275 keys,1,misc,Level 1-100 Hat,30045,2026-07-21T22:54:09,479.93,275.0,275.0,275.0,cosmetic,258.9353299325325,True
70,Time Warp,Valley Forge,15735.5,275 keys,2,misc,Level 1-100 Hat,30114,2026-07-21T22:54:09,479.93,275.0,275.0,275.0,cosmetic,258.9353299325325,True
70,Time Warp,Crocleather Slouch,15449.4,270 keys,4,misc,Level 1-100 Hat,344,2026-07-21T22:54:09,471.21,270.0,270.0,270.0,cosmetic,254.22741484285007,True
70,Time Warp,Data Mining Light,15163.3,265 keys,2,misc,Level 1-100 Helmet,30051,2026-07-21T22:54:09,462.48,265.0,265.0,265.0,cosmetic,249.51949975316765,True
70,Time Warp,Letch's LED,15163.3,265 keys,4,misc,Level 1-100 Hat,30002,2026-07-21T22:54:09,462.48,265.0,265.0,265.0,cosmetic,249.51949975316765,True
70,Time Warp,Aviator Assassin,14877.2,260 keys,3,misc,Level 1-100 Hat,30404,2026-07-21T22:54:09,453.75,260.0,260.0,260.0,cosmetic,244.81158466348526,True
70,Time Warp,Tough Guy's Toque,14591.1,255 keys,4,misc,Level 1-100 Hat,97,2026-07-21T22:54:09,445.03,255.0,255.0,255.0,cosmetic,240.10366957380285,True
70,Time Warp,Bear Necessities,14305.0,250 keys,2,misc,Level 1-100 Spirit Animal,30122,2026-07-21T22:54:09,436.3,250.0,250.0,250.0,cosmetic,235.39575448412043,True
70,Time Warp,Killer's Kabuto,14305.0,250 keys,3,misc,Level 1-100 Helmet,152,2026-07-21T22:54:09,436.3,250.0,250.0,250.0,cosmetic,235.39575448412043,True
70,Time Warp,Ol' Snaggletooth,14305.0,250 keys,6,misc,Level 1-100 Hat,229,2026-07-21T22:54:09,436.3,250.0,250.0,250.0,cosmetic,235.39575448412043,True
70,Time Warp,Otolaryngologist's Mirror,14305.0,250 keys,4,misc,Level 1-100 Hat,104,2026-07-21T22:54:09,436.3,250.0,250.0,250.0,cosmetic,235.39575448412043,True
70,Time Warp,Tartan Spartan,14305.0,250 keys,1,misc,Level 1-100 Helmet,30106,2026-07-21T22:54:09,436.3,250.0,250.0,250.0,cosmetic,235.39575448412043,True
70,Time Warp,Trencher's Topper,13847.24,242 keys,3,misc,Level 1-100 Helmet,30336,2026-07-21T22:54:09,422.34,242.0,242.0,242.0,cosmetic,227.8630903406286,True
70,Time Warp,Bloke's Bucket Hat,13732.8,190–290 keys,5,misc,Level 1-100 Hat,181,2026-07-21T22:54:09,418.85,190.0,290.0,240.0,cosmetic,225.9799243047556,True
70,Time Warp,Détective Noir,13732.8,240 keys,8,misc,Level 1-100 Hat,319,2026-07-21T22:54:09,418.85,240.0,240.0,240.0,cosmetic,225.9799243047556,True
70,Time Warp,Infernal Impaler,13732.8,240 keys,2,misc,Level 13 Headgear,575,2026-07-21T22:54:09,418.85,240.0,240.0,240.0,cosmetic,225.9799243047556,True
70,Time Warp,Milkman,13446.7,235 keys,1,misc,Level 1-100 Hat,219,2026-07-21T22:54:09,410.12,235.0,235.0,235.0,cosmetic,221.27200921507324,True
70,Time Warp,Big Country,13160.6,230 keys,8,misc,Level 1-100 Hair,382,2026-07-21T22:54:09,401.4,230.0,230.0,230.0,cosmetic,216.56409412539082,True
70,Time Warp,Birdcage,13160.6,230 keys,5,misc,Level 10 Hat,615,2026-07-21T22:54:09,401.4,230.0,230.0,230.0,cosmetic,216.56409412539082,True
70,Time Warp,Brainiac Hairpiece,13160.6,200–260 keys,4,misc,Level 1-100 Facial Hair,590,2026-07-21T22:54:09,401.4,200.0,260.0,230.0,cosmetic,216.56409412539082,True
70,Time Warp,Strontium Stove Pipe,12874.5,225 keys,3,misc,Level 1-100 Hat,30037,2026-07-21T22:54:09,392.67,225.0,225.0,225.0,cosmetic,211.8561790357084,True
70,Time Warp,Cyborg Stunt Helmet,12588.4,220 keys,4,misc,Level 1-100 Helmet,30024,2026-07-21T22:54:09,383.95,220.0,220.0,220.0,cosmetic,207.148263946026,True
70,Time Warp,Magistrate's Mullet,12588.4,220 keys,3,misc,Level 1-100 Hair,147,2026-07-21T22:54:09,383.95,220.0,220.0,220.0,cosmetic,207.148263946026,True
70,Time Warp,Old Guadalajara,12445.35,214–221 keys,5,misc,Level 1-100 Hat,247,2026-07-21T22:54:09,379.58,214.0,221.0,217.5,cosmetic,204.7943064011848,True
70,Time Warp,Shooter's Sola Topi,12187.86,213 keys,2,misc,Level 1-100 Helmet,158,2026-07-21T22:54:09,371.73,213.0,213.0,213.0,cosmetic,200.55718282047062,True
70,Time Warp,Big Elfin Deal,12016.2,210 keys,2,misc,Level 1-100 Hat,652,2026-07-21T22:54:09,366.49,210.0,210.0,210.0,cosmetic,197.7324337666612,True
70,Time Warp,Katyusha,12016.2,210 keys,3,misc,Level 1-100 Hat,30094,2026-07-21T22:54:09,366.49,210.0,210.0,210.0,cosmetic,197.7324337666612,True
70,Time Warp,Bolted Bicorne,11730.1,205 keys,4,misc,Level 1-100 Hat,30034,2026-07-21T22:54:09,357.77,205.0,205.0,205.0,cosmetic,193.02451867697877,True
70,Time Warp,Backbiter's Billycock,11444.0,200 keys,6,misc,Level 1-100 Hat,108,2026-07-21T22:54:09,349.04,200.0,200.0,200.0,cosmetic,188.31660358729636,True
70,Time Warp,Big Chief,11444.0,200 keys,2,misc,Level 1-100 Hat,309,2026-07-21T22:54:09,349.04,200.0,200.0,200.0,cosmetic,188.31660358729636,True
70,Time Warp,Das Hazmattenhatten,11444.0,200 keys,1,misc,Level 1-100 Safety Apparatus,30095,2026-07-21T22:54:09,349.04,200.0,200.0,200.0,cosmetic,188.31660358729636,True
70,Time Warp,Glengarry Bonnet,11444.0,200 keys,3,misc,Level 1-100 Hat,100,2026-07-21T22:54:09,349.04,200.0,200.0,200.0,cosmetic,188.31660358729636,True
70,Time Warp,Stately Steel Toe,11444.0,200 keys,5,misc,Level 1-100 Hat,481,2026-07-21T22:54:09,349.04,200.0,200.0,200.0,cosmetic,188.31660358729636,True
70,Time Warp,Copper's Hard Top,11157.9,190–200 keys,6,misc,Level 1-100 Helmet,478,2026-07-21T22:54:09,340.32,190.0,200.0,195.0,cosmetic,183.60868849761394,True
70,Time Warp,Virtual Reality Headset,11157.9,195 keys,4,misc,Level 10 Headset,628,2026-07-21T22:54:09,340.32,195.0,195.0,195.0,cosmetic,183.60868849761394,True
70,Time Warp,Dread Knot,10871.8,190 keys,4,misc,Level 1-100 Hair,358,2026-07-21T22:54:09,331.59,190.0,190.0,190.0,cosmetic,178.90077340793152,True
70,Time Warp,Handyman's Handle,10871.8,190 keys,5,misc,Level 1-100 Hat,253,2026-07-21T22:54:09,331.59,190.0,190.0,190.0,cosmetic,178.90077340793152,True
70,Time Warp,Platinum Pickelhaube,10585.7,185 keys,6,misc,Level 1-100 Helmet,30042,2026-07-21T22:54:09,322.86,185.0,185.0,185.0,cosmetic,174.19285831824914,True
70,Time Warp,Shooter's Tin Topi,10585.7,185 keys,2,misc,Level 1-100 Hat,30005,2026-07-21T22:54:09,322.86,185.0,185.0,185.0,cosmetic,174.19285831824914,True
70,Time Warp,Executioner,10299.6,180 keys,2,misc,Level 1-100 Hat,921,2026-07-21T22:54:09,314.14,180.0,180.0,180.0,cosmetic,169.48494322856672,True
70,Time Warp,Nanobalaclava,10299.6,180 keys,3,misc,Level 10 Hat,521,2026-07-21T22:54:09,314.14,180.0,180.0,180.0,cosmetic,169.48494322856672,True
70,Time Warp,Bolted Birdcage,10013.5,175 keys,5,misc,Level 1-100 Hat,30057,2026-07-21T22:54:09,305.41,175.0,175.0,175.0,cosmetic,164.7770281388843,True
70,Time Warp,Gym Rat,10013.5,175 keys,2,misc,Level 10 Hair,613,2026-07-21T22:54:09,305.41,175.0,175.0,175.0,cosmetic,164.7770281388843,True
70,Time Warp,Head Warmer,10013.5,175 keys,2,misc,Level 1-100 Hat,644,2026-07-21T22:54:09,305.41,175.0,175.0,175.0,cosmetic,164.7770281388843,True
70,Time Warp,Tungsten Toque,10013.5,175 keys,6,misc,Level 1-100 Hat,30049,2026-07-21T22:54:09,305.41,175.0,175.0,175.0,cosmetic,164.7770281388843,True
70,Time Warp,Surgeon's Stahlhelm,9899.06,173 keys,5,misc,Level 10 Helmet,616,2026-07-21T22:54:09,301.92,173.0,173.0,173.0,cosmetic,162.89386210301134,True
70,Time Warp,Halogen Head Lamp,9870.45,165–180 keys,4,misc,Level 1-100 Hat,30041,2026-07-21T22:54:09,301.05,165.0,180.0,172.5,cosmetic,162.4230705940431,True
70,Time Warp,Janissary Ketche,9727.4,170 keys,3,misc,Level 1-100 Hat,437,2026-07-21T22:54:09,296.69,170.0,170.0,170.0,cosmetic,160.0691130492019,True
70,Time Warp,Sober Stuntman,9727.4,170 keys,5,misc,Level 1-100 Helmet,255,2026-07-21T22:54:09,296.69,170.0,170.0,170.0,cosmetic,160.0691130492019,True
70,Time Warp,Fruit Shoot,9384.08,128–200 keys,2,misc,Level 1-100 Hat,759,2026-07-21T22:54:09,286.21,128.0,200.0,164.0,cosmetic,154.419614941583,True
70,Time Warp,Texas Tin-Gallon,8926.32,122–190 keys,4,misc,Level 1-100 Hat,30044,2026-07-21T22:54:09,272.25,122.0,190.0,156.0,cosmetic,146.88695079809116,True
70,Time Warp,Carouser's Capotain,8583.0,150 keys,5,misc,Level 1-100 Hat,259,2026-07-21T22:54:09,261.78,150.0,150.0,150.0,cosmetic,141.23745269047225,True
70,Time Warp,German Gonzila,8583.0,130–170 keys,2,misc,Level 1-100 Hat,323,2026-07-21T22:54:09,261.78,130.0,170.0,150.0,cosmetic,141.23745269047225,True
70,Time Warp,Mann of Reason,8583.0,150 keys,1,misc,Level 1-100 Hat,30318,2026-07-21T22:54:09,261.78,150.0,150.0,150.0,cosmetic,141.23745269047225,True
70,Time Warp,Medic's Mountain Cap,8583.0,150 keys,3,misc,Level 1-100 Hat,381,2026-07-21T22:54:09,261.78,150.0,150.0,150.0,cosmetic,141.23745269047225,True
70,Time Warp,Reggaelator,8583.0,150 keys,0,misc,Level 1-100 Hat,390,2026-07-21T22:54:09,261.78,150.0,150.0,150.0,cosmetic,141.23745269047225,True
70,Time Warp,Gilded Guard,8411.34,145–149 keys,1,misc,Level 1-100 Helmet,1093,2026-07-21T22:54:09,256.55,145.0,149.0,147.0,cosmetic,138.41270363666283,True
70,Time Warp,Counterfeit Billycock,8296.9,145 keys,7,misc,Level 10 Hat,602,2026-07-21T22:54:09,253.06,145.0,145.0,145.0,cosmetic,136.52953760078984,True
70,Time Warp,Frickin' Sweet Ninja Hood,8239.68,143–145 keys,1,misc,Level 1-100 Hood,30394,2026-07-21T22:54:09,251.31,143.0,145.0,144.0,cosmetic,135.58795458285337,True
70,Time Warp,Hard Counter,8010.8,140 keys,3,misc,Level 1-100 Hat,254,2026-07-21T22:54:09,244.33,140.0,140.0,140.0,cosmetic,131.82162251110745,True
70,Time Warp,Hat of Cards,7896.36,138 keys,3,misc,Level 1-100 Hat,825,2026-07-21T22:54:09,240.84,138.0,138.0,138.0,cosmetic,129.9384564752345,True
70,Time Warp,Buccaneer's Bicorne,7438.6,130 keys,3,misc,Level 10 Hat,607,2026-07-21T22:54:09,226.88,130.0,130.0,130.0,cosmetic,122.40579233174263,True
70,Time Warp,Metal Slug,7324.16,100–156 keys,7,misc,Level 1-100 Hat,30028,2026-07-21T22:54:09,223.39,100.0,156.0,128.0,cosmetic,120.52262629586967,True
70,Time Warp,Brigade Helm,6637.52,116 keys,1,misc,Level 1-100 Helmet,105,2026-07-21T22:54:09,202.44,116.0,116.0,116.0,cosmetic,109.22363008063189,True
70,Time Warp,Pure Tin Capotain,6580.3,115 keys,2,misc,Level 1-100 Hat,30021,2026-07-21T22:54:09,200.7,115.0,115.0,115.0,cosmetic,108.28204706269541,True
70,Time Warp,Pugilist's Protector,6437.25,85–140 keys,6,misc,Level 1-100 Headgear,246,2026-07-21T22:54:09,196.34,85.0,140.0,112.5,cosmetic,105.9280895178542,True
70,Time Warp,Prancer's Pride,6265.59,100–119 keys,6,misc,Level 1-100 Hat,318,2026-07-21T22:54:09,191.1,100.0,119.0,109.5,cosmetic,103.10334046404476,True
70,Time Warp,Pyro's Boron Beanie,6151.15,95–120 keys,5,misc,Level 1-100 Hat,30040,2026-07-21T22:54:09,187.61,95.0,120.0,107.5,cosmetic,101.22017442817179,True
70,Time Warp,Das Übersternmann,5950.88,104 keys,0,misc,Level 1-100 Hat,30097,2026-07-21T22:54:09,181.5,104.0,104.0,104.0,cosmetic,97.9246338653941,True
70,Time Warp,Harmburg,5722.0,100 keys,1,misc,Level 1-100 Hat,30123,2026-07-21T22:54:09,174.52,100.0,100.0,100.0,cosmetic,94.15830179364818,True
70,Time Warp,Hetman's Headpiece,5722.0,100 keys,2,misc,Level 1-100 Hat,436,2026-07-21T22:54:09,174.52,100.0,100.0,100.0,cosmetic,94.15830179364818,True
70,Time Warp,Hound Dog,5722.0,75–125 keys,4,misc,Level 1-100 Hair,145,2026-07-21T22:54:09,174.52,75.0,125.0,100.0,cosmetic,94.15830179364818,True
70,Time Warp,Industrial Festivizer,5722.0,100 keys,3,misc,Level 1-100 Hat,338,2026-07-21T22:54:09,174.52,100.0,100.0,100.0,cosmetic,94.15830179364818,True
70,Time Warp,Larrikin Robin,5722.0,100 keys,1,misc,Level 1-100 Hat,314,2026-07-21T22:54:09,174.52,100.0,100.0,100.0,cosmetic,94.15830179364818,True
70,Time Warp,Timeless Topper,5722.0,100 keys,5,misc,Level 1-100 Hat,30035,2026-07-21T22:54:09,174.52,100.0,100.0,100.0,cosmetic,94.15830179364818,True
70,Time Warp,Buckaroo's Hat,5607.56,98 keys,5,misc,Level 1-100 Hat,322,2026-07-21T22:54:09,171.03,98.0,98.0,98.0,cosmetic,92.27513575777522,True
70,Time Warp,Modest Metal Pile of Scrap,5435.9,70–120 keys,1,misc,Level 1-100 Hat,30001,2026-07-21T22:54:09,165.79,70.0,120.0,95.0,cosmetic,89.45038670396576,True
70,Time Warp,Respectless Robo-Glove,5407.29,90–99 keys,4,misc,Level 1-100 Hat,30039,2026-07-21T22:54:09,164.92,90.0,99.0,94.5,cosmetic,88.97959519499753,True
70,Time Warp,Outdoorsman,5264.24,92 keys,6,misc,Level 10 Hat,603,2026-07-21T22:54:09,160.56,92.0,92.0,92.0,cosmetic,86.62563765015632,True
70,Time Warp,Das Maddendoktor,5092.58,78–100 keys,1,misc,Level 1-100 Hair,30121,2026-07-21T22:54:09,155.32,78.0,100.0,89.0,cosmetic,83.80088859634688,True
70,Time Warp,Dragonborn Helmet,5063.97,77–100 keys,4,misc,Level 10 Helmet,517,2026-07-21T22:54:09,154.45,77.0,100.0,88.5,cosmetic,83.33009708737865,True
70,Time Warp,Plumber's Pipe,4863.7,85 keys,3,misc,Level 1-100 Hat,30022,2026-07-21T22:54:09,148.34,85.0,85.0,85.0,cosmetic,80.03455652460094,True
70,Time Warp,Screamin' Eagle,4777.87,78–89 keys,1,misc,Level 1-100 Hat,30548,2026-07-21T22:54:09,145.73,78.0,89.0,83.5,cosmetic,78.62218199769623,True
70,Time Warp,Helmet without a Home,4634.82,72–90 keys,4,misc,Level 1-100 Helmet,732,2026-07-21T22:54:09,141.36,72.0,90.0,81.0,cosmetic,76.26822445285502,True
70,Time Warp,Hot Dogger,4577.6,80 keys,4,misc,Level 10 Hat,614,2026-07-21T22:54:09,139.62,80.0,80.0,80.0,cosmetic,75.32664143491854,True
70,Time Warp,Hustler's Hallmark,4577.6,80 keys,3,misc,Level 1-100 Hat,146,2026-07-21T22:54:09,139.62,80.0,80.0,80.0,cosmetic,75.32664143491854,True
70,Time Warp,Jumper's Jeepcap,4577.6,80 keys,3,misc,Level 1-100 Hat,417,2026-07-21T22:54:09,139.62,80.0,80.0,80.0,cosmetic,75.32664143491854,True
70,Time Warp,Berliner's Bucket Helm,4519.0163934426,72.74–85.21 keys,1,misc,Level 1-100 Helmet,303,2026-07-21T22:54:09,,72.74,85.21,78.975,cosmetic,74.3626196057693,True
70,Time Warp,Capo's Capper,4463.16,66–90 keys,1,misc,Level 1-100 Hat,427,2026-07-21T22:54:09,136.13,66.0,90.0,78.0,cosmetic,73.44347539904558,True
70,Time Warp,Full Metal Drill Hat,4291.5,75 keys,2,misc,Level 1-100 Hat,30026,2026-07-21T22:54:09,130.89,75.0,75.0,75.0,cosmetic,70.61872634523613,True
70,Time Warp,Furious Fukaamigasa,4177.06,73 keys,3,misc,Level 1-100 Hat,395,2026-07-21T22:54:09,127.4,73.0,73.0,73.0,cosmetic,68.73556030936318,True
70,Time Warp,Scout Shako,4005.4,70 keys,1,misc,Level 1-100 Hat,30326,2026-07-21T22:54:09,122.16,70.0,70.0,70.0,cosmetic,65.91081125555372,True
70,Time Warp,Attendant,3890.96,64–72 keys,3,misc,Level 1-100 Hat,213,2026-07-21T22:54:09,118.67,64.0,72.0,68.0,cosmetic,64.02764521968076,True
70,Time Warp,Towering Titanium Pillar of Hats,3747.91,56–75 keys,4,misc,Level 1-100 Hat,30008,2026-07-21T22:54:09,114.31,56.0,75.0,65.5,cosmetic,61.673687674839556,True
70,Time Warp,Burning Bandana,3719.3,65 keys,2,misc,Level 1-100 Bandana,30091,2026-07-21T22:54:09,113.44,65.0,65.0,65.0,cosmetic,61.202896165871316,True
70,Time Warp,Tam O' Shanter,3662.08,62–66 keys,3,misc,Level 1-100 Hat,480,2026-07-21T22:54:09,111.69,62.0,66.0,64.0,cosmetic,60.261313147934835,True
70,Time Warp,Electric Escorter,3576.25,60–65 keys,3,misc,Level 1-100 Hat,30025,2026-07-21T22:54:09,109.08,60.0,65.0,62.5,cosmetic,58.84893862103011,True
70,Time Warp,Vintage Merryweather,3547.64,62 keys,2,misc,Level 1-100 Helmet,182,2026-07-21T22:54:09,108.2,62.0,62.0,62.0,cosmetic,58.37814711206187,True
70,Time Warp,Madame Dixie,3433.2,60 keys,3,misc,Level 1-100 Hat,321,2026-07-21T22:54:09,104.71,60.0,60.0,60.0,cosmetic,56.4949810761889,True
70,Time Warp,Powdered Practitioner,3433.2,60 keys,0,misc,Level 1-100 Hat,30069,2026-07-21T22:54:09,104.71,60.0,60.0,60.0,cosmetic,56.4949810761889,True
70,Time Warp,Soldier's Slope Scopers,3318.76,58 keys,3,misc,Level 1-100 Hat,980,2026-07-21T22:54:09,101.22,58.0,58.0,58.0,cosmetic,54.611815040315946,True
70,Time Warp,Barnstormer,3290.15,57–58 keys,3,misc,Level 1-100 Hat,988,2026-07-21T22:54:09,100.35,57.0,58.0,57.5,cosmetic,54.141023531347706,True
70,Time Warp,Hottie's Hoodie,3232.93,50–63 keys,2,misc,Level 1-100 Hood,377,2026-07-21T22:54:09,98.6,50.0,63.0,56.5,cosmetic,53.19944051341122,True
70,Time Warp,Waxy Wayfinder,3204.32,50–62 keys,3,misc,Level 1-100 Hat,753,2026-07-21T22:54:09,97.73,50.0,62.0,56.0,cosmetic,52.72864900444298,True
70,Time Warp,Teutonic Toque,3147.1,55 keys,1,misc,Level 1-100 Hat,30351,2026-07-21T22:54:09,95.99,55.0,55.0,55.0,cosmetic,51.7870659865065,True
70,Time Warp,Connoisseur's Cap,2861.0,50 keys,1,misc,Level 1-100 Hat,394,2026-07-21T22:54:09,87.26,50.0,50.0,50.0,cosmetic,47.07915089682409,True
70,Time Warp,Hive Minder,2861.0,50 keys,1,misc,Level 1-100 Hat,30093,2026-07-21T22:54:09,87.26,50.0,50.0,50.0,cosmetic,47.07915089682409,True
70,Time Warp,Pom-Pommed Provocateur,2861.0,50 keys,2,misc,Level 1-100 Mask,30072,2026-07-21T22:54:09,87.26,50.0,50.0,50.0,cosmetic,47.07915089682409,True
70,Time Warp,Stormin' Norman,2861.0,50 keys,2,misc,Level 1-100 Helmet,30112,2026-07-21T22:54:09,87.26,50.0,50.0,50.0,cosmetic,47.07915089682409,True
70,Time Warp,Frenchman's Beret,2746.56,48 keys,3,misc,Level 1-100 Hat,180,2026-07-21T22:54:09,83.77,48.0,48.0,48.0,cosmetic,45.19598486095112,True
70,Time Warp,L'homme Burglerre,2746.56,48 keys,1,misc,Level 1-100 Hat,30182,2026-07-21T22:54:09,83.77,48.0,48.0,48.0,cosmetic,45.19598486095112,True
70,Time Warp,Respectless Rubber Glove,2717.95,40–55 keys,2,misc,Level 1-100 Hat,102,2026-07-21T22:54:09,82.9,40.0,55.0,47.5,cosmetic,44.72519335198288,True
70,Time Warp,Hotrod,2689.34,47 keys,2,misc,Level 1-100 Mask,148,2026-07-21T22:54:09,82.02,47.0,47.0,47.0,cosmetic,44.25440184301465,True
70,Time Warp,Runner's Warm-Up,2689.34,47 keys,2,misc,Level 1-100 Hat,30332,2026-07-21T22:54:09,82.02,47.0,47.0,47.0,cosmetic,44.25440184301465,True
70,Time Warp,Steel Shako,2574.9,45 keys,2,misc,Level 1-100 Hat,30017,2026-07-21T22:54:09,78.53,45.0,45.0,45.0,cosmetic,42.37123580714168,True
70,Time Warp,Bonk Leadwear,2403.24,42 keys,4,misc,Level 1-100 Helmet,30030,2026-07-21T22:54:09,73.3,42.0,42.0,42.0,cosmetic,39.54648675333223,True
70,Time Warp,Rimmed Raincatcher,2403.24,42 keys,3,misc,Level 1-100 Hat,216,2026-07-21T22:54:09,73.3,42.0,42.0,42.0,cosmetic,39.54648675333223,True
70,Time Warp,Stout Shako,2317.41,40–41 keys,0,misc,Level 1-100 Hat,251,2026-07-21T22:54:09,70.68,40.0,41.0,40.5,cosmetic,38.13411222642751,True
70,Time Warp,Magnificent Mongolian,2288.8,40 keys,5,misc,Level 1-100 Hat,313,2026-07-21T22:54:09,69.81,40.0,40.0,40.0,cosmetic,37.66332071745927,True
70,Time Warp,Plug-In Prospector,2231.58,38–40 keys,2,misc,Level 1-100 Hat,30031,2026-07-21T22:54:09,68.06,38.0,40.0,39.0,cosmetic,36.72173769952279,True
70,Time Warp,Doctor's Sack,2002.7,35 keys,2,misc,Level 1-100 Hat,398,2026-07-21T22:54:09,61.08,35.0,35.0,35.0,cosmetic,32.95540562777686,True
70,Time Warp,Firewall Helmet,2002.7,35 keys,4,misc,Level 1-100 Helmet,30038,2026-07-21T22:54:09,61.08,35.0,35.0,35.0,cosmetic,32.95540562777686,True
70,Time Warp,Little Buddy,1773.82,31 keys,4,misc,Level 10 Hat,612,2026-07-21T22:54:09,54.1,31.0,31.0,31.0,cosmetic,29.189073556030934,True
70,Time Warp,Bot Dogger,1516.33,25–28 keys,1,misc,Level 1-100 Hat,30018,2026-07-21T22:54:09,46.25,25.0,28.0,26.5,cosmetic,24.951949975316765,True
70,Time Warp,Base Metal Billycock,1430.5,24–26 keys,1,misc,Level 1-100 Hat,30007,2026-07-21T22:54:09,43.63,24.0,26.0,25.0,cosmetic,23.539575448412045,True
70,Time Warp,Trash Man,1373.28,24 keys,2,misc,Level 1-100 Hat,30346,2026-07-21T22:54:09,41.89,24.0,24.0,24.0,cosmetic,22.59799243047556,True
70,Time Warp,Gridiron Guardian,1087.18,19 keys,2,misc,Level 1-100 Helmet,30013,2026-07-21T22:54:09,33.16,19.0,19.0,19.0,cosmetic,17.890077340793155,True
77,Something Burning This Way Comes,Pyromancer's Mask,500675.0,8750 keys,1,misc,Level 1-100 Mask,316,2026-07-21T22:54:09,15270.59,8750.0,8750.0,8750.0,cosmetic,8238.851406944215,True
77,Something Burning This Way Comes,Master's Yellow Belt,420567.0,7350 keys,3,misc,Level 1-100 Hat,110,2026-07-21T22:54:09,12827.29,7350.0,7350.0,7350.0,cosmetic,6920.635181833141,True
77,Something Burning This Way Comes,Killer's Kabuto,300405.0,5250 keys,1,misc,Level 1-100 Helmet,152,2026-07-21T22:54:09,9162.35,5250.0,5250.0,5250.0,cosmetic,4943.310844166529,True
77,Something Burning This Way Comes,Le Party Phantom,241754.5,4225 keys,2,misc,Level 1-100 Mask,337,2026-07-21T22:54:09,7373.51,4225.0,4225.0,4225.0,cosmetic,3978.1882507816354,True
77,Something Burning This Way Comes,A Rather Festive Tree,217436.0,3800 keys,1,misc,Level 1-100 Hat,341,2026-07-21T22:54:09,6631.8,3800.0,3800.0,3800.0,cosmetic,3578.015468158631,True
77,Something Burning This Way Comes,Troublemaker's Tossle Cap,205992.0,3600 keys,2,misc,Level 1-100 Hat,150,2026-07-21T22:54:09,6282.76,3600.0,3600.0,3600.0,cosmetic,3389.6988645713345,True
77,Something Burning This Way Comes,Large Luchador,171660.0,3000 keys,3,misc,Level 1-100 Mask,380,2026-07-21T22:54:09,5235.63,3000.0,3000.0,3000.0,cosmetic,2824.7490538094453,True
77,Something Burning This Way Comes,Duck Billed Hatypus,160216.0,2800 keys,1,misc,Level 1-100 Hat,30700,2026-07-21T22:54:09,4886.59,2800.0,2800.0,2800.0,cosmetic,2636.432450222149,True
77,Something Burning This Way Comes,Pencil Pusher,160216.0,2800 keys,1,misc,Level 10 Hair,605,2026-07-21T22:54:09,4886.59,2800.0,2800.0,2800.0,cosmetic,2636.432450222149,True
77,Something Burning This Way Comes,Samur-Eye,128745.0,2250 keys,1,misc,Level 1-100 Helmet,359,2026-07-21T22:54:09,3926.72,2250.0,2250.0,2250.0,cosmetic,2118.561790357084,True
77,Something Burning This Way Comes,Rotation Sensation,125884.0,2200 keys,2,misc,Level 1-100 Hat,30623,2026-07-21T22:54:09,3839.46,2200.0,2200.0,2200.0,cosmetic,2071.48263946026,True
77,Something Burning This Way Comes,Tough Stuff Muffs,123023.0,2150 keys,2,misc,Level 1-100 Hat,984,2026-07-21T22:54:09,3752.2,2150.0,2150.0,2150.0,cosmetic,2024.4034885634358,True
77,Something Burning This Way Comes,Salty Dog,117301.0,2050 keys,1,misc,Level 10 Hat,611,2026-07-21T22:54:09,3577.68,2050.0,2050.0,2050.0,cosmetic,1930.2451867697876,True
77,Something Burning This Way Comes,Woolen Warmer,114440.0,2000 keys,0,misc,Level 1-100 Hat,30833,2026-07-21T22:54:09,3490.42,2000.0,2000.0,2000.0,cosmetic,1883.1660358729634,True
77,Something Burning This Way Comes,Prince Tavish's Crown,108718.0,1900 keys,1,misc,Level 1-100 Hat,342,2026-07-21T22:54:09,3315.9,1900.0,1900.0,1900.0,cosmetic,1789.0077340793155,True
77,Something Burning This Way Comes,Flipped Trilby,93840.8,1640 keys,2,misc,Level 1-100 Hat,324,2026-07-21T22:54:09,2862.14,1640.0,1640.0,1640.0,cosmetic,1544.1961494158302,True
77,Something Burning This Way Comes,Desert Marauder,85830.0,1500 keys,1,misc,Level 1-100 Hat,400,2026-07-21T22:54:09,2617.82,1500.0,1500.0,1500.0,cosmetic,1412.3745269047226,True
77,Something Burning This Way Comes,Stainless Pot,85830.0,1500 keys,2,misc,Level 1-100 Hat,98,2026-07-21T22:54:09,2617.82,1500.0,1500.0,1500.0,cosmetic,1412.3745269047226,True
77,Something Burning This Way Comes,War Eagle,85830.0,1500 keys,2,misc,Level 1-100 Headgear,30887,2026-07-21T22:54:09,2617.82,1500.0,1500.0,1500.0,cosmetic,1412.3745269047226,True
77,Something Burning This Way Comes,El Jefe,81824.6,1430 keys,1,misc,Level 10 Hat,539,2026-07-21T22:54:09,2495.65,1430.0,1430.0,1430.0,cosmetic,1346.463715649169,True
77,Something Burning This Way Comes,Whoopee Cap,80108.0,1400 keys,3,misc,Level 1-100 Hat,174,2026-07-21T22:54:09,2443.29,1400.0,1400.0,1400.0,cosmetic,1318.2162251110744,True
77,Something Burning This Way Comes,Charmer's Chapeau,77247.0,1350 keys,2,misc,Level 1-100 Hat,397,2026-07-21T22:54:09,2356.03,1350.0,1350.0,1350.0,cosmetic,1271.1370742142503,True
77,Something Burning This Way Comes,Fed-Fightin' Fedora,75816.5,1325 keys,2,misc,Level 1-100 Hat,780,2026-07-21T22:54:09,2312.4,1325.0,1325.0,1325.0,cosmetic,1247.5974987658383,True
77,Something Burning This Way Comes,Modest Pile of Hat,75816.5,1150–1500 keys,1,misc,Level 1-100 Hat,139,2026-07-21T22:54:09,2312.4,1150.0,1500.0,1325.0,cosmetic,1247.5974987658383,True
77,Something Burning This Way Comes,Brigade Helm,74386.0,1300 keys,2,misc,Level 1-100 Helmet,105,2026-07-21T22:54:09,2268.77,1300.0,1300.0,1300.0,cosmetic,1224.0579233174262,True
77,Something Burning This Way Comes,Jumper's Jeepcap,74386.0,1300 keys,1,misc,Level 1-100 Hat,417,2026-07-21T22:54:09,2268.77,1300.0,1300.0,1300.0,cosmetic,1224.0579233174262,True
77,Something Burning This Way Comes,Reggaelator,68664.0,1200 keys,1,misc,Level 1-100 Hat,390,2026-07-21T22:54:09,2094.25,1200.0,1200.0,1200.0,cosmetic,1129.899621523778,True
77,Something Burning This Way Comes,Lord Cockswain's Pith Helmet,65803.0,1150 keys,3,misc,Level 1-100 Headgear,439,2026-07-21T22:54:09,2006.99,1150.0,1150.0,1150.0,cosmetic,1082.820470626954,True
77,Something Burning This Way Comes,Modest Metal Pile of Scrap,65803.0,1150 keys,1,misc,Level 1-100 Hat,30001,2026-07-21T22:54:09,2006.99,1150.0,1150.0,1150.0,cosmetic,1082.820470626954,True
77,Something Burning This Way Comes,Ye Olde Baker Boy,65803.0,1150 keys,4,misc,Level 1-100 Hat,107,2026-07-21T22:54:09,2006.99,1150.0,1150.0,1150.0,cosmetic,1082.820470626954,True
77,Something Burning This Way Comes,Greased Lightning,65230.8,1070–1210 keys,2,misc,Level 1-100 Hair,30078,2026-07-21T22:54:09,1989.54,1070.0,1210.0,1140.0,cosmetic,1073.4046404475894,True
77,Something Burning This Way Comes,Towering Titanium Pillar of Hats,62942.0,1100 keys,1,misc,Level 1-100 Hat,30008,2026-07-21T22:54:09,1919.73,1100.0,1100.0,1100.0,cosmetic,1035.74131973013,True
77,Something Burning This Way Comes,Brain Bucket,57220.0,1000 keys,2,misc,Level 1-100 Hat,434,2026-07-21T22:54:09,1745.21,1000.0,1000.0,1000.0,cosmetic,941.5830179364817,True
77,Something Burning This Way Comes,Towering Pillar of Hats,57220.0,1000 keys,1,misc,Level 1-100 Hat,135,2026-07-21T22:54:09,1745.21,1000.0,1000.0,1000.0,cosmetic,941.5830179364817,True
77,Something Burning This Way Comes,Steel Shako,56933.9,995 keys,1,misc,Level 1-100 Hat,30017,2026-07-21T22:54:09,1736.48,995.0,995.0,995.0,cosmetic,936.8751028467993,True
77,Something Burning This Way Comes,Mask of the Shaman,54587.88,954 keys,1,misc,Level 10 Mask,514,2026-07-21T22:54:09,1664.93,954.0,954.0,954.0,cosmetic,898.2701991114036,True
77,Something Burning This Way Comes,Bonk Leadwear,54359.0,950 keys,1,misc,Level 1-100 Helmet,30030,2026-07-21T22:54:09,1657.95,950.0,950.0,950.0,cosmetic,894.5038670396577,True
77,Something Burning This Way Comes,Battle Boonie,54301.78,949 keys,2,misc,Level 1-100 Hat,30907,2026-07-21T22:54:09,1656.2,949.0,949.0,949.0,cosmetic,893.5622840217212,True
77,Something Burning This Way Comes,Valley Forge,52642.4,920 keys,2,misc,Level 1-100 Hat,30114,2026-07-21T22:54:09,1605.59,920.0,920.0,920.0,cosmetic,866.2563765015633,True
77,Something Burning This Way Comes,Das Naggenvatcher,52070.2,910 keys,0,misc,Level 1-100 Hat,30109,2026-07-21T22:54:09,1588.14,910.0,910.0,910.0,cosmetic,856.8405463221984,True
77,Something Burning This Way Comes,Human Cannonball,51498.0,900 keys,3,misc,Level 1-100 Helmet,817,2026-07-21T22:54:09,1570.69,900.0,900.0,900.0,cosmetic,847.4247161428336,True
77,Something Burning This Way Comes,Rebel Rouser,51498.0,900 keys,2,misc,Level 1-100 Hat,30120,2026-07-21T22:54:09,1570.69,900.0,900.0,900.0,cosmetic,847.4247161428336,True
77,Something Burning This Way Comes,Grenadier's Softcap,50925.8,890 keys,3,misc,Level 1-100 Hat,227,2026-07-21T22:54:09,1553.24,890.0,890.0,890.0,cosmetic,838.0088859634689,True
77,Something Burning This Way Comes,Bear Necessities,50811.36,888 keys,4,misc,Level 1-100 Spirit Animal,30122,2026-07-21T22:54:09,1549.75,888.0,888.0,888.0,cosmetic,836.1257199275958,True
77,Something Burning This Way Comes,Private Eye,50353.6,880 keys,1,misc,Level 1-100 Hat,388,2026-07-21T22:54:09,1535.78,880.0,880.0,880.0,cosmetic,828.593055784104,True
77,Something Burning This Way Comes,Buccaneer's Bicorne,48637.0,850 keys,4,misc,Level 10 Hat,607,2026-07-21T22:54:09,1483.43,850.0,850.0,850.0,cosmetic,800.3455652460095,True
77,Something Burning This Way Comes,Scotch Bonnet,48064.8,840 keys,1,misc,Level 1-100 Headgear,306,2026-07-21T22:54:09,1465.98,840.0,840.0,840.0,cosmetic,790.9297350666448,True
77,Something Burning This Way Comes,Pithy Professional,47206.5,825 keys,2,misc,Level 1-100 Hat,30915,2026-07-21T22:54:09,1439.8,825.0,825.0,825.0,cosmetic,776.8059897975975,True
77,Something Burning This Way Comes,Vintage Merryweather,47206.5,825 keys,4,misc,Level 1-100 Helmet,182,2026-07-21T22:54:09,1439.8,825.0,825.0,825.0,cosmetic,776.8059897975975,True
77,Something Burning This Way Comes,Gentleman's Ushanka,45776.0,800 keys,3,misc,Level 1-100 Hat,778,2026-07-21T22:54:09,1396.17,800.0,800.0,800.0,cosmetic,753.2664143491854,True
77,Something Burning This Way Comes,Ol' Snaggletooth,45776.0,800 keys,1,misc,Level 1-100 Hat,229,2026-07-21T22:54:09,1396.17,800.0,800.0,800.0,cosmetic,753.2664143491854,True
77,Something Burning This Way Comes,Hustler's Hallmark,45489.9,795 keys,0,misc,Level 1-100 Hat,146,2026-07-21T22:54:09,1387.44,795.0,795.0,795.0,cosmetic,748.558499259503,True
77,Something Burning This Way Comes,Antlers,44345.5,775 keys,0,misc,Level 1-100 Cosmetic Item,993,2026-07-21T22:54:09,1352.54,775.0,775.0,775.0,cosmetic,729.7268389007734,True
77,Something Burning This Way Comes,Burning Bandana,42915.0,750 keys,3,misc,Level 1-100 Bandana,30091,2026-07-21T22:54:09,1308.91,750.0,750.0,750.0,cosmetic,706.1872634523613,True
77,Something Burning This Way Comes,Stormin' Norman,42915.0,750 keys,0,misc,Level 1-100 Helmet,30112,2026-07-21T22:54:09,1308.91,750.0,750.0,750.0,cosmetic,706.1872634523613,True
77,Something Burning This Way Comes,Tippler's Tricorne,42915.0,750 keys,1,misc,Level 1-100 Hat,179,2026-07-21T22:54:09,1308.91,750.0,750.0,750.0,cosmetic,706.1872634523613,True
77,Something Burning This Way Comes,Pampered Pyro,42857.78,749 keys,1,misc,Level 1-100 Towel,30139,2026-07-21T22:54:09,1307.16,749.0,749.0,749.0,cosmetic,705.2456804344248,True
77,Something Burning This Way Comes,Scotsman's Stove Pipe,40912.3,715 keys,2,misc,Level 1-100 Hat,120,2026-07-21T22:54:09,1247.83,715.0,715.0,715.0,cosmetic,673.2318578245845,True
77,Something Burning This Way Comes,Pirate Bandana,40054.0,700 keys,2,misc,Level 1-100 Hat,30180,2026-07-21T22:54:09,1221.65,700.0,700.0,700.0,cosmetic,659.1081125555372,True
77,Something Burning This Way Comes,Tavish DeGroot Experience,40054.0,700 keys,4,misc,Level 10 Hat,604,2026-07-21T22:54:09,1221.65,700.0,700.0,700.0,cosmetic,659.1081125555372,True
77,Something Burning This Way Comes,Das Gutenkutteharen,39481.8,690 keys,5,misc,Level 1-100 Hair,30127,2026-07-21T22:54:09,1204.19,690.0,690.0,690.0,cosmetic,649.6922823761724,True
77,Something Burning This Way Comes,Powdered Practitioner,39481.8,690 keys,2,misc,Level 1-100 Hat,30069,2026-07-21T22:54:09,1204.19,690.0,690.0,690.0,cosmetic,649.6922823761724,True
77,Something Burning This Way Comes,Bombing Run,39195.7,685 keys,1,misc,Level 1-100 Helmet,249,2026-07-21T22:54:09,1195.47,685.0,685.0,685.0,cosmetic,644.9843672864899,True
77,Something Burning This Way Comes,Crocleather Slouch,39195.7,685 keys,3,misc,Level 1-100 Hat,344,2026-07-21T22:54:09,1195.47,685.0,685.0,685.0,cosmetic,644.9843672864899,True
77,Something Burning This Way Comes,German Gonzila,38108.52,666 keys,3,misc,Level 1-100 Hat,323,2026-07-21T22:54:09,1162.31,666.0,666.0,666.0,cosmetic,627.0942899456968,True
77,Something Burning This Way Comes,Attendant,37193.0,650 keys,6,misc,Level 1-100 Hat,213,2026-07-21T22:54:09,1134.39,650.0,650.0,650.0,cosmetic,612.0289616587131,True
77,Something Burning This Way Comes,Brotherhood of Arms,36906.9,645 keys,4,misc,Level 1-100 Hat,30066,2026-07-21T22:54:09,1125.66,645.0,645.0,645.0,cosmetic,607.3210465690307,True
77,Something Burning This Way Comes,Plumber's Cap,36334.7,635 keys,1,misc,Level 1-100 Hat,30846,2026-07-21T22:54:09,1108.21,635.0,635.0,635.0,cosmetic,597.9052163896658,True
77,Something Burning This Way Comes,Brain-Warming Wear,36048.6,630 keys,0,misc,Level 1-100 Hat,30827,2026-07-21T22:54:09,1099.48,630.0,630.0,630.0,cosmetic,593.1973012999835,True
77,Something Burning This Way Comes,Bubble Pipe,34332.0,600 keys,1,misc,Level 1-100 Helmet,597,2026-07-21T22:54:09,1047.13,600.0,600.0,600.0,cosmetic,564.949810761889,True
77,Something Burning This Way Comes,Pardner's Pompadour,33759.8,590 keys,2,misc,Level 1-100 Hair,30099,2026-07-21T22:54:09,1029.67,590.0,590.0,590.0,cosmetic,555.5339805825242,True
77,Something Burning This Way Comes,Sultan's Ceremonial,33759.8,590 keys,2,misc,Level 1-100 Hat,403,2026-07-21T22:54:09,1029.67,590.0,590.0,590.0,cosmetic,555.5339805825242,True
77,Something Burning This Way Comes,Cold Killer,32901.5,575 keys,5,misc,Level 1-100 Hat,981,2026-07-21T22:54:09,1003.5,575.0,575.0,575.0,cosmetic,541.410235313477,True
77,Something Burning This Way Comes,Federal Casemaker,32043.2,560 keys,1,misc,Level 1-100 Hat,30119,2026-07-21T22:54:09,977.32,560.0,560.0,560.0,cosmetic,527.2864900444298,True
77,Something Burning This Way Comes,Hottie's Hoodie,31985.98,559 keys,3,misc,Level 1-100 Hood,377,2026-07-21T22:54:09,975.57,559.0,559.0,559.0,cosmetic,526.3449070264933,True
77,Something Burning This Way Comes,Pugilist's Protector,31471.0,550 keys,1,misc,Level 1-100 Headgear,246,2026-07-21T22:54:09,959.87,550.0,550.0,550.0,cosmetic,517.870659865065,True
77,Something Burning This Way Comes,Well-Rounded Rifleman,31471.0,550 keys,1,misc,Level 1-100 Hat,30067,2026-07-21T22:54:09,959.87,550.0,550.0,550.0,cosmetic,517.870659865065,True
77,Something Burning This Way Comes,Baron von Havenaplane,31184.9,400–690 keys,1,misc,Level 1-100 Hat,30136,2026-07-21T22:54:09,951.14,400.0,690.0,545.0,cosmetic,513.1627447753826,True
77,Something Burning This Way Comes,Berliner's Bucket Helm,29754.4,430–610 keys,4,misc,Level 1-100 Helmet,303,2026-07-21T22:54:09,907.51,430.0,610.0,520.0,cosmetic,489.6231693269705,True
77,Something Burning This Way Comes,Voodoo JuJu (Slight Return),28896.1,505 keys,3,misc,Level 1-100 Hat,935,2026-07-21T22:54:09,881.33,505.0,505.0,505.0,cosmetic,475.49942405792325,True
77,Something Burning This Way Comes,Birdcage,28610.0,500 keys,2,misc,Level 10 Hat,615,2026-07-21T22:54:09,872.61,500.0,500.0,500.0,cosmetic,470.79150896824086,True
77,Something Burning This Way Comes,Blast Defense,28610.0,500 keys,0,misc,Level 1-100 Headgear,30863,2026-07-21T22:54:09,872.61,500.0,500.0,500.0,cosmetic,470.79150896824086,True
77,Something Burning This Way Comes,Brainiac Hairpiece,28610.0,500 keys,1,misc,Level 1-100 Facial Hair,590,2026-07-21T22:54:09,872.61,500.0,500.0,500.0,cosmetic,470.79150896824086,True
77,Something Burning This Way Comes,Industrial Festivizer,28037.8,490 keys,2,misc,Level 1-100 Hat,338,2026-07-21T22:54:09,855.15,490.0,490.0,490.0,cosmetic,461.37567878887603,True
77,Something Burning This Way Comes,Broadband Bonnet,27465.6,480 keys,1,misc,Level 1-100 Hat,30029,2026-07-21T22:54:09,837.7,480.0,480.0,480.0,cosmetic,451.9598486095112,True
77,Something Burning This Way Comes,Hat of Cards,27179.5,475 keys,3,misc,Level 1-100 Hat,825,2026-07-21T22:54:09,828.97,475.0,475.0,475.0,cosmetic,447.25193351982887,True
77,Something Burning This Way Comes,Timeless Topper,27179.5,475 keys,3,misc,Level 1-100 Hat,30035,2026-07-21T22:54:09,828.97,475.0,475.0,475.0,cosmetic,447.25193351982887,True
77,Something Burning This Way Comes,Barnstormer,26893.4,470 keys,3,misc,Level 1-100 Hat,988,2026-07-21T22:54:09,820.25,470.0,470.0,470.0,cosmetic,442.5440184301465,True
77,Something Burning This Way Comes,Nanobalaclava,26893.4,415–525 keys,3,misc,Level 10 Hat,521,2026-07-21T22:54:09,820.25,415.0,525.0,470.0,cosmetic,442.5440184301465,True
77,Something Burning This Way Comes,Exquisite Rack,26664.52,466 keys,1,misc,Level 1-100 Cosmetic Item,339,2026-07-21T22:54:09,813.27,466.0,466.0,466.0,cosmetic,438.7776863584005,True
77,Something Burning This Way Comes,Hat with No Name,25892.05,405–500 keys,2,misc,Level 10 Hat,631,2026-07-21T22:54:09,789.71,405.0,500.0,452.5,cosmetic,426.066315616258,True
77,Something Burning This Way Comes,Halogen Head Lamp,25749.0,450 keys,1,misc,Level 1-100 Hat,30041,2026-07-21T22:54:09,785.34,450.0,450.0,450.0,cosmetic,423.7123580714168,True
77,Something Burning This Way Comes,Western Wear,25462.9,420–470 keys,2,misc,Level 1-100 Hat,379,2026-07-21T22:54:09,776.62,420.0,470.0,445.0,cosmetic,419.0044429817344,True
77,Something Burning This Way Comes,Texas Tin-Gallon,25319.85,400–485 keys,1,misc,Level 1-100 Hat,30044,2026-07-21T22:54:09,772.26,400.0,485.0,442.5,cosmetic,416.6504854368932,True
77,Something Burning This Way Comes,Bone Dome,25176.8,440 keys,3,misc,Level 1-100 Helmet,30162,2026-07-21T22:54:09,767.89,440.0,440.0,440.0,cosmetic,414.296527892052,True
77,Something Burning This Way Comes,Archer's Sterling,24604.6,430 keys,0,misc,Level 1-100 Helmet,30874,2026-07-21T22:54:09,750.44,430.0,430.0,430.0,cosmetic,404.88069771268715,True
77,Something Burning This Way Comes,Hetman's Headpiece,24604.6,430 keys,2,misc,Level 1-100 Hat,436,2026-07-21T22:54:09,750.44,430.0,430.0,430.0,cosmetic,404.88069771268715,True
77,Something Burning This Way Comes,Cosa Nostra Cap,24032.4,420 keys,4,misc,Level 1-100 Hat,459,2026-07-21T22:54:09,732.99,420.0,420.0,420.0,cosmetic,395.4648675333224,True
77,Something Burning This Way Comes,Field Practice,22888.0,400 keys,0,misc,Level 1-100 Headgear,30862,2026-07-21T22:54:09,698.08,400.0,400.0,400.0,cosmetic,376.6332071745927,True
77,Something Burning This Way Comes,Horrific Headsplitter,22601.9,350–440 keys,1,misc,Level 31 Hat,291,2026-07-21T22:54:09,689.36,350.0,440.0,395.0,cosmetic,371.9252920849103,True
77,Something Burning This Way Comes,Hong Kong Cone,17309.05,275–330 keys,1,misc,Level 1-100 Hat,30177,2026-07-21T22:54:09,527.93,275.0,330.0,302.5,cosmetic,284.8288629257857,True
77,Something Burning This Way Comes,Airdog,17166.0,300 keys,0,misc,Level 1-100 Helmet,30767,2026-07-21T22:54:09,523.56,300.0,300.0,300.0,cosmetic,282.4749053809445,True
77,Something Burning This Way Comes,Handyman's Handle,17166.0,300 keys,2,misc,Level 1-100 Hat,253,2026-07-21T22:54:09,523.56,300.0,300.0,300.0,cosmetic,282.4749053809445,True
77,Something Burning This Way Comes,Hermes,17166.0,300 keys,2,misc,Level 10 Hat,633,2026-07-21T22:54:09,523.56,300.0,300.0,300.0,cosmetic,282.4749053809445,True
77,Something Burning This Way Comes,Hound Dog,17166.0,300 keys,2,misc,Level 1-100 Hair,145,2026-07-21T22:54:09,523.56,300.0,300.0,300.0,cosmetic,282.4749053809445,True
77,Something Burning This Way Comes,Soldered Sensei,17166.0,300 keys,2,misc,Level 1-100 Hat,30004,2026-07-21T22:54:09,523.56,300.0,300.0,300.0,cosmetic,282.4749053809445,True
77,Something Burning This Way Comes,Shellmet,16021.6,280 keys,2,misc,Level 1-100 Helmet,30897,2026-07-21T22:54:09,488.66,280.0,280.0,280.0,cosmetic,263.6432450222149,True
77,Something Burning This Way Comes,Rimmed Raincatcher,15735.5,250–300 keys,2,misc,Level 1-100 Hat,216,2026-07-21T22:54:09,479.93,250.0,300.0,275.0,cosmetic,258.9353299325325,True
77,Something Burning This Way Comes,Virtual Reality Headset,15449.4,270 keys,3,misc,Level 10 Headset,628,2026-07-21T22:54:09,471.21,270.0,270.0,270.0,cosmetic,254.22741484285007,True
77,Something Burning This Way Comes,Conquistador,14877.2,260 keys,3,misc,Level 1-100 Helmet,721,2026-07-21T22:54:09,453.75,260.0,260.0,260.0,cosmetic,244.81158466348526,True
77,Something Burning This Way Comes,Chill Chullo,14734.15,248–267 keys,0,misc,Level 1-100 Hat,30748,2026-07-21T22:54:09,449.39,248.0,267.0,257.5,cosmetic,242.45762711864404,True
77,Something Burning This Way Comes,Counterfeit Billycock,14591.1,255 keys,4,misc,Level 10 Hat,602,2026-07-21T22:54:09,445.03,255.0,255.0,255.0,cosmetic,240.10366957380285,True
77,Something Burning This Way Comes,Dead Cone,14448.05,230–275 keys,2,misc,Level 1-100 Hat,435,2026-07-21T22:54:09,440.67,230.0,275.0,252.5,cosmetic,237.74971202896162,True
77,Something Burning This Way Comes,Brown Bomber,12731.45,220–225 keys,1,misc,Level 1-100 Hat,671,2026-07-21T22:54:09,388.31,220.0,225.0,222.5,cosmetic,209.5022214908672,True
77,Something Burning This Way Comes,Bolted Birdcage,12588.4,220 keys,2,misc,Level 1-100 Hat,30057,2026-07-21T22:54:09,383.95,220.0,220.0,220.0,cosmetic,207.148263946026,True
77,Something Burning This Way Comes,Full Metal Drill Hat,12588.4,220 keys,1,misc,Level 1-100 Hat,30026,2026-07-21T22:54:09,383.95,220.0,220.0,220.0,cosmetic,207.148263946026,True
77,Something Burning This Way Comes,Flamboyant Flamenco,11730.1,205 keys,1,misc,Level 10 Hat,627,2026-07-21T22:54:09,357.77,205.0,205.0,205.0,cosmetic,193.02451867697877,True
77,Something Burning This Way Comes,Hellmet,11444.0,200 keys,1,misc,Level 1-100 Helmet,30708,2026-07-21T22:54:09,349.04,200.0,200.0,200.0,cosmetic,188.31660358729636,True
77,Something Burning This Way Comes,One-Man Army,10585.7,185 keys,1,misc,Level 10 Hair,601,2026-07-21T22:54:09,322.86,185.0,185.0,185.0,cosmetic,174.19285831824914,True
77,Something Burning This Way Comes,Katyusha,10442.65,165–200 keys,4,misc,Level 1-100 Hat,30094,2026-07-21T22:54:09,318.5,165.0,200.0,182.5,cosmetic,171.83890077340791,True
77,Something Burning This Way Comes,Dragonborn Helmet,10185.16,178 keys,1,misc,Level 10 Helmet,517,2026-07-21T22:54:09,310.65,178.0,178.0,178.0,cosmetic,167.60177719269376,True
77,Something Burning This Way Comes,Front Runner,9727.4,170 keys,1,misc,Level 1-100 Hat,760,2026-07-21T22:54:09,296.69,170.0,170.0,170.0,cosmetic,160.0691130492019,True
77,Something Burning This Way Comes,Lucky Shot,9727.4,170 keys,3,misc,Level 1-100 Helmet,701,2026-07-21T22:54:09,296.69,170.0,170.0,170.0,cosmetic,160.0691130492019,True
77,Something Burning This Way Comes,Letch's LED,9040.76,158 keys,2,misc,Level 1-100 Hat,30002,2026-07-21T22:54:09,275.74,158.0,158.0,158.0,cosmetic,148.77011683396412,True
77,Something Burning This Way Comes,Armored Authority,8811.88,154 keys,2,misc,Level 1-100 Helmet,445,2026-07-21T22:54:09,268.76,154.0,154.0,154.0,cosmetic,145.00378476221817,True
77,Something Burning This Way Comes,Belgian Detective,8583.0,150 keys,2,misc,Level 1-100 Hat,30128,2026-07-21T22:54:09,261.78,150.0,150.0,150.0,cosmetic,141.23745269047225,True
77,Something Burning This Way Comes,Virus Doctor,8583.0,150 keys,3,misc,Level 1-100 Hat,30043,2026-07-21T22:54:09,261.78,150.0,150.0,150.0,cosmetic,141.23745269047225,True
77,Something Burning This Way Comes,Connoisseur's Cap,8296.9,145 keys,1,misc,Level 1-100 Hat,394,2026-07-21T22:54:09,253.06,145.0,145.0,145.0,cosmetic,136.52953760078984,True
77,Something Burning This Way Comes,Doctor's Sack,8296.9,145 keys,1,misc,Level 1-100 Hat,398,2026-07-21T22:54:09,253.06,145.0,145.0,145.0,cosmetic,136.52953760078984,True
77,Something Burning This Way Comes,Titanium Tyrolean,8296.9,145 keys,1,misc,Level 1-100 Hat,30045,2026-07-21T22:54:09,253.06,145.0,145.0,145.0,cosmetic,136.52953760078984,True
77,Something Burning This Way Comes,Electric Escorter,8010.8,140 keys,2,misc,Level 1-100 Hat,30025,2026-07-21T22:54:09,244.33,140.0,140.0,140.0,cosmetic,131.82162251110745,True
77,Something Burning This Way Comes,Little Buddy,7152.5,110–140 keys,3,misc,Level 10 Hat,612,2026-07-21T22:54:09,218.15,110.0,140.0,125.0,cosmetic,117.69787724206022,True
77,Something Burning This Way Comes,Metal Slug,7152.5,120–130 keys,3,misc,Level 1-100 Hat,30028,2026-07-21T22:54:09,218.15,120.0,130.0,125.0,cosmetic,117.69787724206022,True
77,Something Burning This Way Comes,Fat Man's Field Cap,6923.62,121 keys,3,misc,Level 1-100 Hat,30911,2026-07-21T22:54:09,211.17,121.0,121.0,121.0,cosmetic,113.9315451703143,True
77,Something Burning This Way Comes,Medic's Mountain Cap,6866.4,120 keys,2,misc,Level 1-100 Hat,381,2026-07-21T22:54:09,209.43,120.0,120.0,120.0,cosmetic,112.9899621523778,True
77,Something Burning This Way Comes,L'homme Burglerre,6294.2,110 keys,2,misc,Level 1-100 Hat,30182,2026-07-21T22:54:09,191.97,110.0,110.0,110.0,cosmetic,103.574131973013,True
77,Something Burning This Way Comes,Respectless Robo-Glove,6294.2,110 keys,2,misc,Level 1-100 Hat,30039,2026-07-21T22:54:09,191.97,110.0,110.0,110.0,cosmetic,103.574131973013,True
77,Something Burning This Way Comes,Stout Shako,6065.32,106 keys,2,misc,Level 1-100 Hat,251,2026-07-21T22:54:09,184.99,106.0,106.0,106.0,cosmetic,99.80779990126706,True
77,Something Burning This Way Comes,Noble Nickel Amassment of Hats,5950.88,104 keys,1,misc,Level 1-100 Hat,30006,2026-07-21T22:54:09,181.5,104.0,104.0,104.0,cosmetic,97.9246338653941,True
77,Something Burning This Way Comes,Brim-Full of Bullets,5722.0,95–105 keys,2,misc,Level 1-100 Hat,30173,2026-07-21T22:54:09,174.52,95.0,105.0,100.0,cosmetic,94.15830179364818,True
77,Something Burning This Way Comes,Larrikin Robin,5722.0,100 keys,2,misc,Level 1-100 Hat,314,2026-07-21T22:54:09,174.52,100.0,100.0,100.0,cosmetic,94.15830179364818,True
77,Something Burning This Way Comes,Plug-In Prospector,5722.0,100 keys,4,misc,Level 1-100 Hat,30031,2026-07-21T22:54:09,174.52,100.0,100.0,100.0,cosmetic,94.15830179364818,True
77,Something Burning This Way Comes,Glengarry Bonnet,5664.78,99 keys,1,misc,Level 1-100 Hat,100,2026-07-21T22:54:09,172.78,99.0,99.0,99.0,cosmetic,93.2167187757117,True
77,Something Burning This Way Comes,L'Inspecteur,5378.68,94 keys,1,misc,Level 10 Hat,622,2026-07-21T22:54:09,164.05,94.0,94.0,94.0,cosmetic,88.5088036860293,True
77,Something Burning This Way Comes,Frontier Djustice,5149.8,80–100 keys,1,misc,Level 1-100 Hat,30421,2026-07-21T22:54:09,157.07,80.0,100.0,90.0,cosmetic,84.74247161428336,True
77,Something Burning This Way Comes,Fruit Shoot,5149.8,90 keys,2,misc,Level 1-100 Hat,759,2026-07-21T22:54:09,157.07,90.0,90.0,90.0,cosmetic,84.74247161428336,True
77,Something Burning This Way Comes,Sergeant's Drill Hat,5092.58,89 keys,1,misc,Level 1-100 Hat,183,2026-07-21T22:54:09,155.32,89.0,89.0,89.0,cosmetic,83.80088859634688,True
77,Something Burning This Way Comes,Frenchman's Beret,4720.65,75–90 keys,1,misc,Level 1-100 Hat,180,2026-07-21T22:54:09,143.98,75.0,90.0,82.5,cosmetic,77.68059897975974,True
77,Something Burning This Way Comes,Gilded Guard,4577.6,75–85 keys,1,misc,Level 1-100 Helmet,1093,2026-07-21T22:54:09,139.62,75.0,85.0,80.0,cosmetic,75.32664143491854,True
77,Something Burning This Way Comes,Your Worst Nightmare,4577.6,80 keys,4,misc,Level 10 Hair,600,2026-07-21T22:54:09,139.62,80.0,80.0,80.0,cosmetic,75.32664143491854,True
77,Something Burning This Way Comes,Dr's Dapper Topper,4405.94,70–84 keys,2,misc,Level 1-100 Hat,252,2026-07-21T22:54:09,134.38,70.0,84.0,77.0,cosmetic,72.50189238110909,True
77,Something Burning This Way Comes,Outdoorsman,4377.33,73–80 keys,3,misc,Level 10 Hat,603,2026-07-21T22:54:09,133.51,73.0,80.0,76.5,cosmetic,72.03110087214085,True
77,Something Burning This Way Comes,Big Country,4291.5,75 keys,1,misc,Level 1-100 Hair,382,2026-07-21T22:54:09,130.89,75.0,75.0,75.0,cosmetic,70.61872634523613,True
77,Something Burning This Way Comes,Coupe D'isaster,4177.06,73 keys,2,misc,Level 1-100 Hair,330,2026-07-21T22:54:09,127.4,73.0,73.0,73.0,cosmetic,68.73556030936318,True
77,Something Burning This Way Comes,Platinum Pickelhaube,3519.03,58–65 keys,2,misc,Level 1-100 Helmet,30042,2026-07-21T22:54:09,107.33,58.0,65.0,61.5,cosmetic,57.907355603093634,True
77,Something Burning This Way Comes,Big Elfin Deal,3433.2,60 keys,1,misc,Level 1-100 Hat,652,2026-07-21T22:54:09,104.71,60.0,60.0,60.0,cosmetic,56.4949810761889,True
77,Something Burning This Way Comes,Physician's Protector,3261.54,54–60 keys,1,misc,Level 1-100 Helmet,30625,2026-07-21T22:54:09,99.48,54.0,60.0,57.0,cosmetic,53.67023202237946,True
77,Something Burning This Way Comes,Old Guadalajara,3175.71,50–61 keys,1,misc,Level 1-100 Hat,247,2026-07-21T22:54:09,96.86,50.0,61.0,55.5,cosmetic,52.25785749547474,True
77,Something Burning This Way Comes,Hive Minder,3089.88,54 keys,4,misc,Level 1-100 Hat,30093,2026-07-21T22:54:09,94.24,54.0,54.0,54.0,cosmetic,50.84548296857002,True
77,Something Burning This Way Comes,Slick Cut,3004.05,48–57 keys,1,misc,Level 1-100 Hair,30187,2026-07-21T22:54:09,91.62,48.0,57.0,52.5,cosmetic,49.4331084416653,True
77,Something Burning This Way Comes,Gentleman's Gatsby,2975.44,52 keys,0,misc,Level 1-100 Hat,184,2026-07-21T22:54:09,90.75,52.0,52.0,52.0,cosmetic,48.96231693269705,True
77,Something Burning This Way Comes,Prancer's Pride,2975.44,52 keys,1,misc,Level 1-100 Hat,318,2026-07-21T22:54:09,90.75,52.0,52.0,52.0,cosmetic,48.96231693269705,True
77,Something Burning This Way Comes,Bot Dogger,2864.262295082,40.13–59.99 keys,2,misc,Level 1-100 Hat,30018,2026-07-21T22:54:09,,40.13,59.99,50.06,cosmetic,47.13283355408919,True
77,Something Burning This Way Comes,Carouser's Capotain,2861.0,50 keys,1,misc,Level 1-100 Hat,259,2026-07-21T22:54:09,87.26,50.0,50.0,50.0,cosmetic,47.07915089682409,True
77,Something Burning This Way Comes,Magistrate's Mullet,2317.41,36–45 keys,2,misc,Level 1-100 Hair,147,2026-07-21T22:54:09,70.68,36.0,45.0,40.5,cosmetic,38.13411222642751,True
77,Something Burning This Way Comes,Engineer's Cap,2288.8,40 keys,2,misc,Level 1-100 Hat,95,2026-07-21T22:54:09,69.81,40.0,40.0,40.0,cosmetic,37.66332071745927,True
77,Something Burning This Way Comes,Stately Steel Toe,2288.8,40 keys,1,misc,Level 1-100 Hat,481,2026-07-21T22:54:09,69.81,40.0,40.0,40.0,cosmetic,37.66332071745927,True
77,Something Burning This Way Comes,Copper's Hard Top,1974.09,34–35 keys,1,misc,Level 1-100 Helmet,478,2026-07-21T22:54:09,60.21,34.0,35.0,34.5,cosmetic,32.48461411880862,True
77,Something Burning This Way Comes,Magnificent Mongolian,1888.26,33 keys,1,misc,Level 1-100 Hat,313,2026-07-21T22:54:09,57.59,33.0,33.0,33.0,cosmetic,31.072239591903898,True
77,Something Burning This Way Comes,Buckaroo's Hat,1716.6,30 keys,3,misc,Level 1-100 Hat,322,2026-07-21T22:54:09,52.36,30.0,30.0,30.0,cosmetic,28.24749053809445,True
77,Something Burning This Way Comes,Pyro's Boron Beanie,1487.72,26 keys,0,misc,Level 1-100 Hat,30040,2026-07-21T22:54:09,45.38,26.0,26.0,26.0,cosmetic,24.481158466348525,True
77,Something Burning This Way Comes,Strontium Stove Pipe,1201.62,18–24 keys,2,misc,Level 1-100 Hat,30037,2026-07-21T22:54:09,36.65,18.0,24.0,21.0,cosmetic,19.773243376666116,True
45,Harvest Moon,Coffin Kit,347382.62,6071 keys,3,misc,Level 1-100 Backpack,938,2026-07-21T22:54:09,10595.17,6071.0,6071.0,6071.0,cosmetic,5716.350501892381,True
45,Harvest Moon,A Rather Festive Tree,254629.0,4450 keys,1,misc,Level 1-100 Hat,341,2026-07-21T22:54:09,7766.18,4450.0,4450.0,4450.0,cosmetic,4190.044429817344,True
45,Harvest Moon,Blighted Beak,191687.0,3350 keys,6,misc,Level 1-100 Mask,315,2026-07-21T22:54:09,5846.45,3350.0,3350.0,3350.0,cosmetic,3154.303110087214,True
45,Harvest Moon,Exquisite Rack,183104.0,3200 keys,4,misc,Level 1-100 Cosmetic Item,339,2026-07-21T22:54:09,5584.67,3200.0,3200.0,3200.0,cosmetic,3013.0656573967417,True
45,Harvest Moon,Team Captain,167368.5,2925 keys,5,misc,Level 1-100 Hat,378,2026-07-21T22:54:09,5104.74,2925.0,2925.0,2925.0,cosmetic,2754.130327464209,True
45,Harvest Moon,Rotation Sensation,143050.0,2500 keys,2,misc,Level 1-100 Hat,30623,2026-07-21T22:54:09,4363.02,2500.0,2500.0,2500.0,cosmetic,2353.9575448412043,True
45,Harvest Moon,Pyromancer's Mask,125884.0,2100–2300 keys,6,misc,Level 1-100 Mask,316,2026-07-21T22:54:09,3839.46,2100.0,2300.0,2200.0,cosmetic,2071.48263946026,True
45,Harvest Moon,Killer Exclusive,120162.0,2100 keys,1,misc,Level 10 Hat,538,2026-07-21T22:54:09,3664.94,2100.0,2100.0,2100.0,cosmetic,1977.3243376666117,True
45,Harvest Moon,Brown Bomber,114440.0,2000 keys,2,misc,Level 1-100 Hat,671,2026-07-21T22:54:09,3490.42,2000.0,2000.0,2000.0,cosmetic,1883.1660358729634,True
45,Harvest Moon,Brainiac Hairpiece,110148.5,1925 keys,4,misc,Level 1-100 Facial Hair,590,2026-07-21T22:54:09,3359.53,1925.0,1925.0,1925.0,cosmetic,1812.5473095277273,True
45,Harvest Moon,Killer's Kabuto,102996.0,1800 keys,4,misc,Level 1-100 Helmet,152,2026-07-21T22:54:09,3141.38,1800.0,1800.0,1800.0,cosmetic,1694.8494322856673,True
45,Harvest Moon,Tyrant's Helm,102996.0,1800 keys,2,misc,Level 1-100 Helmet,99,2026-07-21T22:54:09,3141.38,1800.0,1800.0,1800.0,cosmetic,1694.8494322856673,True
45,Harvest Moon,Polar Pullover,91552.0,1600 keys,1,misc,Level 1-100 Hat,30329,2026-07-21T22:54:09,2792.34,1600.0,1600.0,1600.0,cosmetic,1506.5328286983708,True
45,Harvest Moon,Executioner,84399.5,1475 keys,4,misc,Level 1-100 Hat,921,2026-07-21T22:54:09,2574.18,1475.0,1475.0,1475.0,cosmetic,1388.8349514563106,True
45,Harvest Moon,Bonk Boy,82969.0,1450 keys,1,misc,Level 1-100 Mask,451,2026-07-21T22:54:09,2530.55,1450.0,1450.0,1450.0,cosmetic,1365.2953760078985,True
45,Harvest Moon,Crone's Dome,80108.0,1400 keys,2,misc,Level 1-100 Hat,920,2026-07-21T22:54:09,2443.29,1400.0,1400.0,1400.0,cosmetic,1318.2162251110744,True
45,Harvest Moon,Salty Dog,72955.5,1200–1350 keys,2,misc,Level 10 Hat,611,2026-07-21T22:54:09,2225.14,1200.0,1350.0,1275.0,cosmetic,1200.5183478690142,True
45,Harvest Moon,Dr's Dapper Topper,71525.0,1250 keys,7,misc,Level 1-100 Hat,252,2026-07-21T22:54:09,2181.51,1250.0,1250.0,1250.0,cosmetic,1176.9787724206021,True
45,Harvest Moon,Flamboyant Flamenco,69808.4,1220 keys,1,misc,Level 10 Hat,627,2026-07-21T22:54:09,2129.16,1220.0,1220.0,1220.0,cosmetic,1148.7312818825076,True
45,Harvest Moon,Soldier's Stash,68664.0,1200 keys,1,misc,Level 1-100 Cosmetic Item,54,2026-07-21T22:54:09,2094.25,1200.0,1200.0,1200.0,cosmetic,1129.899621523778,True
45,Harvest Moon,Horrific Headsplitter,62942.0,1100 keys,1,misc,Level 31 Hat,291,2026-07-21T22:54:09,1919.73,1100.0,1100.0,1100.0,cosmetic,1035.74131973013,True
45,Harvest Moon,Nasty Norsemann,62942.0,1100 keys,4,misc,Level 1-100 Helmet,30810,2026-07-21T22:54:09,1919.73,1100.0,1100.0,1100.0,cosmetic,1035.74131973013,True
45,Harvest Moon,Grimm Hatte,61082.35,1050–1085 keys,2,misc,Level 1-100 Hat,383,2026-07-21T22:54:09,1863.01,1050.0,1085.0,1067.5,cosmetic,1005.1398716471942,True
45,Harvest Moon,Conjurer's Cowl,60081.0,1050 keys,6,misc,Level 1-100 Hood,465,2026-07-21T22:54:09,1832.47,1050.0,1050.0,1050.0,cosmetic,988.6621688333058,True
45,Harvest Moon,Scotsman's Stove Pipe,57220.0,1000 keys,1,misc,Level 1-100 Hat,120,2026-07-21T22:54:09,1745.21,1000.0,1000.0,1000.0,cosmetic,941.5830179364817,True
45,Harvest Moon,Villain's Veil,57220.0,1000 keys,1,misc,Level 1-100 Bandana,393,2026-07-21T22:54:09,1745.21,1000.0,1000.0,1000.0,cosmetic,941.5830179364817,True
45,Harvest Moon,Samur-Eye,54359.0,950 keys,4,misc,Level 1-100 Helmet,359,2026-07-21T22:54:09,1657.95,950.0,950.0,950.0,cosmetic,894.5038670396577,True
45,Harvest Moon,Swagman's Swatter,54359.0,950 keys,2,misc,Level 10 Hat,626,2026-07-21T22:54:09,1657.95,950.0,950.0,950.0,cosmetic,894.5038670396577,True
45,Harvest Moon,Hot Dogger,51498.0,900 keys,2,misc,Level 10 Hat,614,2026-07-21T22:54:09,1570.69,900.0,900.0,900.0,cosmetic,847.4247161428336,True
45,Harvest Moon,Wraith Wrap,51498.0,900 keys,5,misc,Level 1-100 Apparel,937,2026-07-21T22:54:09,1570.69,900.0,900.0,900.0,cosmetic,847.4247161428336,True
45,Harvest Moon,Sergeant's Drill Hat,50925.8,890 keys,4,misc,Level 1-100 Hat,183,2026-07-21T22:54:09,1553.24,890.0,890.0,890.0,cosmetic,838.0088859634689,True
45,Harvest Moon,Fancy Fedora,49838.62,802–940 keys,5,misc,Level 1-100 Hat,55,2026-07-21T22:54:09,1520.08,802.0,940.0,871.0,cosmetic,820.1188086226757,True
45,Harvest Moon,Buckaroo's Hat,45776.0,800 keys,3,misc,Level 1-100 Hat,322,2026-07-21T22:54:09,1396.17,800.0,800.0,800.0,cosmetic,753.2664143491854,True
45,Harvest Moon,Modest Pile of Hat,45776.0,800 keys,2,misc,Level 1-100 Hat,139,2026-07-21T22:54:09,1396.17,800.0,800.0,800.0,cosmetic,753.2664143491854,True
45,Harvest Moon,Bonk Helm,42915.0,750 keys,4,misc,Level 1-100 Helmet,106,2026-07-21T22:54:09,1308.91,750.0,750.0,750.0,cosmetic,706.1872634523613,True
45,Harvest Moon,Ol' Snaggletooth,42915.0,750 keys,1,misc,Level 1-100 Hat,229,2026-07-21T22:54:09,1308.91,750.0,750.0,750.0,cosmetic,706.1872634523613,True
45,Harvest Moon,Hat of Cards,42514.46,743 keys,2,misc,Level 1-100 Hat,825,2026-07-21T22:54:09,1296.69,743.0,743.0,743.0,cosmetic,699.5961823268059,True
45,Harvest Moon,Gentleman's Gatsby,41770.6,730 keys,6,misc,Level 1-100 Hat,184,2026-07-21T22:54:09,1274.0,730.0,730.0,730.0,cosmetic,687.3556030936317,True
45,Harvest Moon,Gentleman's Ushanka,40054.0,700 keys,5,misc,Level 1-100 Hat,778,2026-07-21T22:54:09,1221.65,700.0,700.0,700.0,cosmetic,659.1081125555372,True
45,Harvest Moon,Bloke's Bucket Hat,38623.5,675 keys,3,misc,Level 1-100 Hat,181,2026-07-21T22:54:09,1178.02,675.0,675.0,675.0,cosmetic,635.5685371071252,True
45,Harvest Moon,Hotrod,35190.3,615 keys,3,misc,Level 1-100 Mask,148,2026-07-21T22:54:09,1073.3,615.0,615.0,615.0,cosmetic,579.0735560309363,True
45,Harvest Moon,Pyro's Beanie,34560.88,604 keys,2,misc,Level 1-100 Hat,51,2026-07-21T22:54:09,1054.11,604.0,604.0,604.0,cosmetic,568.716142833635,True
45,Harvest Moon,Lord Cockswain's Pith Helmet,34332.0,600 keys,3,misc,Level 1-100 Headgear,439,2026-07-21T22:54:09,1047.13,600.0,600.0,600.0,cosmetic,564.949810761889,True
45,Harvest Moon,Jumper's Jeepcap,32901.5,550–600 keys,5,misc,Level 1-100 Hat,417,2026-07-21T22:54:09,1003.5,550.0,600.0,575.0,cosmetic,541.410235313477,True
45,Harvest Moon,Ol' Geezer,32615.4,570 keys,5,misc,Level 1-100 Hat,399,2026-07-21T22:54:09,994.77,570.0,570.0,570.0,cosmetic,536.7023202237947,True
45,Harvest Moon,Voodoo JuJu (Slight Return),32043.2,560 keys,6,misc,Level 1-100 Hat,935,2026-07-21T22:54:09,977.32,560.0,560.0,560.0,cosmetic,527.2864900444298,True
45,Harvest Moon,Safe'n'Sound,31471.0,500–600 keys,3,misc,Level 1-100 Hat,178,2026-07-21T22:54:09,959.87,500.0,600.0,550.0,cosmetic,517.870659865065,True
45,Harvest Moon,Armored Authority,30612.7,535 keys,2,misc,Level 1-100 Helmet,445,2026-07-21T22:54:09,933.69,535.0,535.0,535.0,cosmetic,503.74691459601775,True
45,Harvest Moon,Cosa Nostra Cap,30326.6,530 keys,2,misc,Level 1-100 Hat,459,2026-07-21T22:54:09,924.96,530.0,530.0,530.0,cosmetic,499.0389995063353,True
45,Harvest Moon,Hottie's Hoodie,30326.6,530 keys,3,misc,Level 1-100 Hood,377,2026-07-21T22:54:09,924.96,530.0,530.0,530.0,cosmetic,499.0389995063353,True
45,Harvest Moon,Surgeon's Stahlhelm,29964.590163934,497.49–549.86 keys,2,misc,Level 10 Helmet,616,2026-07-21T22:54:09,,497.49,549.86,523.675,cosmetic,493.08195102738193,True
45,Harvest Moon,Milkman,29754.4,520 keys,3,misc,Level 1-100 Hat,219,2026-07-21T22:54:09,907.51,520.0,520.0,520.0,cosmetic,489.6231693269705,True
45,Harvest Moon,Company Man,29582.74,517 keys,2,misc,Level 10 Hat,523,2026-07-21T22:54:09,902.27,517.0,517.0,517.0,cosmetic,486.7984202731611,True
45,Harvest Moon,Attendant,28610.0,500 keys,1,misc,Level 1-100 Hat,213,2026-07-21T22:54:09,872.61,500.0,500.0,500.0,cosmetic,470.79150896824086,True
45,Harvest Moon,Grenadier's Softcap,28610.0,500 keys,5,misc,Level 1-100 Hat,227,2026-07-21T22:54:09,872.61,500.0,500.0,500.0,cosmetic,470.79150896824086,True
45,Harvest Moon,Vintage Tyrolean,28610.0,500 keys,6,misc,Level 1-100 Hat,101,2026-07-21T22:54:09,872.61,500.0,500.0,500.0,cosmetic,470.79150896824086,True
45,Harvest Moon,Ze Goggles,28610.0,500 keys,1,misc,Level 1-100 Glasses,177,2026-07-21T22:54:09,872.61,500.0,500.0,500.0,cosmetic,470.79150896824086,True
45,Harvest Moon,Archer's Sterling,27894.75,375–600 keys,0,misc,Level 1-100 Helmet,30874,2026-07-21T22:54:09,850.79,375.0,600.0,487.5,cosmetic,459.02172124403484,True
45,Harvest Moon,Big Chief,27751.7,485 keys,7,misc,Level 1-100 Hat,309,2026-07-21T22:54:09,846.43,485.0,485.0,485.0,cosmetic,456.66776369919364,True
45,Harvest Moon,Outdoorsman,27465.6,480 keys,1,misc,Level 10 Hat,603,2026-07-21T22:54:09,837.7,480.0,480.0,480.0,cosmetic,451.9598486095112,True
45,Harvest Moon,Hunter in Darkness,26092.32,456 keys,3,misc,Level 1-100 Hat,30877,2026-07-21T22:54:09,795.82,456.0,456.0,456.0,cosmetic,429.36185617903567,True
45,Harvest Moon,Human Cannonball,25749.0,450 keys,3,misc,Level 1-100 Helmet,817,2026-07-21T22:54:09,785.34,450.0,450.0,450.0,cosmetic,423.7123580714168,True
45,Harvest Moon,Outta Sight,25749.0,450 keys,1,misc,Level 1-100 Hat,30628,2026-07-21T22:54:09,785.34,450.0,450.0,450.0,cosmetic,423.7123580714168,True
45,Harvest Moon,Western Wear,25749.0,450 keys,4,misc,Level 1-100 Hat,379,2026-07-21T22:54:09,785.34,450.0,450.0,450.0,cosmetic,423.7123580714168,True
45,Harvest Moon,Bubble Pipe,25212.459016393,440.62 keys,1,misc,Level 1-100 Helmet,597,2026-07-21T22:54:09,,440.62,440.62,440.62,cosmetic,414.8833144050189,True
45,Harvest Moon,Brain Bucket,25176.8,440 keys,3,misc,Level 1-100 Hat,434,2026-07-21T22:54:09,767.89,440.0,440.0,440.0,cosmetic,414.296527892052,True
45,Harvest Moon,Napper's Respite,25176.8,440 keys,2,misc,Level 1-100 Hat,248,2026-07-21T22:54:09,767.89,440.0,440.0,440.0,cosmetic,414.296527892052,True
45,Harvest Moon,Belgian Detective,24604.6,430 keys,2,misc,Level 1-100 Hat,30128,2026-07-21T22:54:09,750.44,430.0,430.0,430.0,cosmetic,404.88069771268715,True
45,Harvest Moon,Private Eye,24604.6,430 keys,1,misc,Level 1-100 Hat,388,2026-07-21T22:54:09,750.44,430.0,430.0,430.0,cosmetic,404.88069771268715,True
45,Harvest Moon,Waxy Wayfinder,24318.5,425 keys,2,misc,Level 1-100 Hat,753,2026-07-21T22:54:09,741.71,425.0,425.0,425.0,cosmetic,400.17278262300476,True
45,Harvest Moon,Helmet without a Home,24032.4,420 keys,1,misc,Level 1-100 Helmet,732,2026-07-21T22:54:09,732.99,420.0,420.0,420.0,cosmetic,395.4648675333224,True
45,Harvest Moon,Reggaelator,24032.4,420 keys,2,misc,Level 1-100 Hat,390,2026-07-21T22:54:09,732.99,420.0,420.0,420.0,cosmetic,395.4648675333224,True
45,Harvest Moon,Shooter's Sola Topi,23631.86,401–425 keys,5,misc,Level 1-100 Helmet,158,2026-07-21T22:54:09,720.77,401.0,425.0,413.0,cosmetic,388.873786407767,True
45,Harvest Moon,Condor Cap,23174.1,405 keys,1,misc,Level 1-100 Hat,30553,2026-07-21T22:54:09,706.81,405.0,405.0,405.0,cosmetic,381.3411222642751,True
45,Harvest Moon,Buccaneer's Bicorne,22888.0,400 keys,2,misc,Level 10 Hat,607,2026-07-21T22:54:09,698.08,400.0,400.0,400.0,cosmetic,376.6332071745927,True
45,Harvest Moon,Katyusha,22888.0,400 keys,2,misc,Level 1-100 Hat,30094,2026-07-21T22:54:09,698.08,400.0,400.0,400.0,cosmetic,376.6332071745927,True
45,Harvest Moon,Wing Mann,22888.0,400 keys,1,misc,Level 1-100 Hat,30809,2026-07-21T22:54:09,698.08,400.0,400.0,400.0,cosmetic,376.6332071745927,True
45,Harvest Moon,Hat with No Name,22487.46,393 keys,2,misc,Level 10 Hat,631,2026-07-21T22:54:09,685.87,393.0,393.0,393.0,cosmetic,370.04212604903734,True
45,Harvest Moon,Hound Dog,22029.7,385 keys,3,misc,Level 1-100 Hair,145,2026-07-21T22:54:09,671.91,385.0,385.0,385.0,cosmetic,362.5094619055455,True
45,Harvest Moon,Otolaryngologist's Mirror,21743.6,305–455 keys,6,misc,Level 1-100 Hat,104,2026-07-21T22:54:09,663.18,305.0,455.0,380.0,cosmetic,357.80154681586305,True
45,Harvest Moon,Tam O' Shanter,21743.6,380 keys,4,misc,Level 1-100 Hat,480,2026-07-21T22:54:09,663.18,380.0,380.0,380.0,cosmetic,357.80154681586305,True
45,Harvest Moon,Prussian Pickelhaube,21457.5,375 keys,1,misc,Level 1-100 Helmet,50,2026-07-21T22:54:09,654.45,375.0,375.0,375.0,cosmetic,353.09363172618066,True
45,Harvest Moon,Glengarry Bonnet,20742.25,325–400 keys,6,misc,Level 1-100 Hat,100,2026-07-21T22:54:09,632.64,325.0,400.0,362.5,cosmetic,341.32384400197463,True
45,Harvest Moon,One-Man Army,20742.25,345–380 keys,3,misc,Level 10 Hair,601,2026-07-21T22:54:09,632.64,345.0,380.0,362.5,cosmetic,341.32384400197463,True
45,Harvest Moon,Trash Man,20599.2,360 keys,1,misc,Level 1-100 Hat,30346,2026-07-21T22:54:09,628.28,360.0,360.0,360.0,cosmetic,338.96988645713344,True
45,Harvest Moon,Head Warmer,20027.0,350 keys,2,misc,Level 1-100 Hat,644,2026-07-21T22:54:09,610.82,350.0,350.0,350.0,cosmetic,329.5540562777686,True
45,Harvest Moon,Defiant Spartan,19740.9,340–350 keys,2,misc,Level 1-100 Helmet,340,2026-07-21T22:54:09,602.1,340.0,350.0,345.0,cosmetic,324.8461411880862,True
45,Harvest Moon,Shellmet,18882.6,330 keys,2,misc,Level 1-100 Helmet,30897,2026-07-21T22:54:09,575.92,330.0,330.0,330.0,cosmetic,310.72239591903895,True
45,Harvest Moon,Pugilist's Protector,18596.5,325 keys,5,misc,Level 1-100 Headgear,246,2026-07-21T22:54:09,567.19,325.0,325.0,325.0,cosmetic,306.01448082935656,True
45,Harvest Moon,Bear Necessities,17166.0,300 keys,1,misc,Level 1-100 Spirit Animal,30122,2026-07-21T22:54:09,523.56,300.0,300.0,300.0,cosmetic,282.4749053809445,True
45,Harvest Moon,Dragonborn Helmet,17166.0,300 keys,4,misc,Level 10 Helmet,517,2026-07-21T22:54:09,523.56,300.0,300.0,300.0,cosmetic,282.4749053809445,True
45,Harvest Moon,Noble Amassment of Hats,17166.0,300 keys,2,misc,Level 1-100 Hat,137,2026-07-21T22:54:09,523.56,300.0,300.0,300.0,cosmetic,282.4749053809445,True
45,Harvest Moon,Anger,16879.9,240–350 keys,2,misc,Level 10 Hood,518,2026-07-21T22:54:09,514.84,240.0,350.0,295.0,cosmetic,277.7669902912621,True
45,Harvest Moon,Professional's Panama,16593.8,290 keys,2,misc,Level 1-100 Hat,109,2026-07-21T22:54:09,506.11,290.0,290.0,290.0,cosmetic,273.0590752015797,True
45,Harvest Moon,Prancer's Pride,16307.7,250–320 keys,4,misc,Level 1-100 Hat,318,2026-07-21T22:54:09,497.38,250.0,320.0,285.0,cosmetic,268.35116011189734,True
45,Harvest Moon,Crocleather Slouch,15392.18,269 keys,1,misc,Level 1-100 Hat,344,2026-07-21T22:54:09,469.46,269.0,269.0,269.0,cosmetic,253.2858318249136,True
45,Harvest Moon,Connoisseur's Cap,15277.74,267 keys,3,misc,Level 1-100 Hat,394,2026-07-21T22:54:09,465.97,267.0,267.0,267.0,cosmetic,251.40266578904064,True
45,Harvest Moon,Backwards Ballcap,15020.25,255–270 keys,6,misc,Level 10 Hat,617,2026-07-21T22:54:09,458.12,255.0,270.0,262.5,cosmetic,247.16554220832646,True
45,Harvest Moon,Feathered Fiend,14877.2,260 keys,1,misc,Level 1-100 Headgear,30903,2026-07-21T22:54:09,453.75,260.0,260.0,260.0,cosmetic,244.81158466348526,True
45,Harvest Moon,Hermes,14591.1,240–270 keys,2,misc,Level 10 Hat,633,2026-07-21T22:54:09,445.03,240.0,270.0,255.0,cosmetic,240.10366957380285,True
45,Harvest Moon,Scotch Bonnet,14591.1,210–300 keys,3,misc,Level 1-100 Headgear,306,2026-07-21T22:54:09,445.03,210.0,300.0,255.0,cosmetic,240.10366957380285,True
45,Harvest Moon,Plumber's Cap,14533.88,254 keys,0,misc,Level 1-100 Hat,30846,2026-07-21T22:54:09,443.28,254.0,254.0,254.0,cosmetic,239.16208655586635,True
45,Harvest Moon,Commando Elite,14305.0,250 keys,4,misc,Level 1-100 Helmet,30912,2026-07-21T22:54:09,436.3,250.0,250.0,250.0,cosmetic,235.39575448412043,True
45,Harvest Moon,Large Luchador,14305.0,250 keys,2,misc,Level 1-100 Mask,380,2026-07-21T22:54:09,436.3,250.0,250.0,250.0,cosmetic,235.39575448412043,True
45,Harvest Moon,Ye Olde Baker Boy,14305.0,250 keys,2,misc,Level 1-100 Hat,107,2026-07-21T22:54:09,436.3,250.0,250.0,250.0,cosmetic,235.39575448412043,True
45,Harvest Moon,Nuke,13732.8,240 keys,0,misc,Level 1-100 Hair,30885,2026-07-21T22:54:09,418.85,240.0,240.0,240.0,cosmetic,225.9799243047556,True
45,Harvest Moon,Counterfeit Billycock,12588.4,210–230 keys,2,misc,Level 10 Hat,602,2026-07-21T22:54:09,383.95,210.0,230.0,220.0,cosmetic,207.148263946026,True
45,Harvest Moon,Aztec Aggressor,12302.3,215 keys,1,misc,Level 1-100 Headgear,30914,2026-07-21T22:54:09,375.22,215.0,215.0,215.0,cosmetic,202.44034885634358,True
45,Harvest Moon,Backbiter's Billycock,12302.3,200–230 keys,4,misc,Level 1-100 Hat,108,2026-07-21T22:54:09,375.22,200.0,230.0,215.0,cosmetic,202.44034885634358,True
45,Harvest Moon,Trophy Belt,12299.344262295,193.73–236.17 keys,1,misc,Level 1-100 Hat,53,2026-07-21T22:54:09,,193.73,236.17,214.95,cosmetic,202.39171075028798,True
45,Harvest Moon,Texas Ten Gallon,12097.704918033,211.42 keys,3,misc,Level 1-100 Hat,94,2026-07-21T22:54:09,,211.42,211.42,211.42,cosmetic,199.07363695956886,True
45,Harvest Moon,Fed-Fightin' Fedora,12016.2,210 keys,2,misc,Level 1-100 Hat,780,2026-07-21T22:54:09,366.49,210.0,210.0,210.0,cosmetic,197.7324337666612,True
45,Harvest Moon,Magnificent Mongolian,12016.2,210 keys,5,misc,Level 1-100 Hat,313,2026-07-21T22:54:09,366.49,210.0,210.0,210.0,cosmetic,197.7324337666612,True
45,Harvest Moon,Le Party Phantom,11730.1,205 keys,1,misc,Level 1-100 Mask,337,2026-07-21T22:54:09,357.77,205.0,205.0,205.0,cosmetic,193.02451867697877,True
45,Harvest Moon,Your Worst Nightmare,11730.1,205 keys,2,misc,Level 10 Hair,600,2026-07-21T22:54:09,357.77,205.0,205.0,205.0,cosmetic,193.02451867697877,True
45,Harvest Moon,Lucky Shot,11444.0,200 keys,1,misc,Level 1-100 Helmet,701,2026-07-21T22:54:09,349.04,200.0,200.0,200.0,cosmetic,188.31660358729636,True
45,Harvest Moon,Rimmed Raincatcher,11444.0,200 keys,5,misc,Level 1-100 Hat,216,2026-07-21T22:54:09,349.04,200.0,200.0,200.0,cosmetic,188.31660358729636,True
45,Harvest Moon,Old Guadalajara,10929.02,191 keys,3,misc,Level 1-100 Hat,247,2026-07-21T22:54:09,333.34,191.0,191.0,191.0,cosmetic,179.84235642586802,True
45,Harvest Moon,Carouser's Capotain,10728.75,175–200 keys,6,misc,Level 1-100 Hat,259,2026-07-21T22:54:09,327.23,175.0,200.0,187.5,cosmetic,176.54681586309033,True
45,Harvest Moon,Front Runner,10213.77,170–187 keys,2,misc,Level 1-100 Hat,760,2026-07-21T22:54:09,311.52,170.0,187.0,178.5,cosmetic,168.072568701662,True
45,Harvest Moon,Chieftain's Challenge,9326.86,140–186 keys,2,misc,Level 1-100 Hat,250,2026-07-21T22:54:09,284.47,140.0,186.0,163.0,cosmetic,153.47803192364654,True
45,Harvest Moon,Hustler's Hallmark,9298.25,150–175 keys,2,misc,Level 1-100 Hat,146,2026-07-21T22:54:09,283.6,150.0,175.0,162.5,cosmetic,153.00724041467828,True
45,Harvest Moon,Familiar Fez,8811.88,146–162 keys,1,misc,Level 1-100 Hat,223,2026-07-21T22:54:09,268.76,146.0,162.0,154.0,cosmetic,145.00378476221817,True
45,Harvest Moon,Smokey Sombrero,8640.22,151 keys,1,misc,Level 1-100 Hat,30682,2026-07-21T22:54:09,263.53,151.0,151.0,151.0,cosmetic,142.17903570840875,True
45,Harvest Moon,Hellmet,8583.0,150 keys,1,misc,Level 1-100 Helmet,30708,2026-07-21T22:54:09,261.78,150.0,150.0,150.0,cosmetic,141.23745269047225,True
45,Harvest Moon,Minnesota Slick,8583.0,150 keys,1,misc,Level 1-100 Hair,30315,2026-07-21T22:54:09,261.78,150.0,150.0,150.0,cosmetic,141.23745269047225,True
45,Harvest Moon,Tough Guy's Toque,8583.0,150 keys,4,misc,Level 1-100 Hat,97,2026-07-21T22:54:09,261.78,150.0,150.0,150.0,cosmetic,141.23745269047225,True
45,Harvest Moon,Liquidator's Lid,8010.8,140 keys,2,misc,Level 1-100 Hat,779,2026-07-21T22:54:09,244.33,140.0,140.0,140.0,cosmetic,131.82162251110745,True
45,Harvest Moon,Larrikin Robin,7724.7,135 keys,1,misc,Level 1-100 Hat,314,2026-07-21T22:54:09,235.6,135.0,135.0,135.0,cosmetic,127.11370742142503,True
45,Harvest Moon,Brigade Helm,7438.6,130 keys,2,misc,Level 1-100 Helmet,105,2026-07-21T22:54:09,226.88,130.0,130.0,130.0,cosmetic,122.40579233174263,True
45,Harvest Moon,Triboniophorus Tyrannus,7381.38,129 keys,4,misc,Level 1-100 Mascot,151,2026-07-21T22:54:09,225.13,129.0,129.0,129.0,cosmetic,121.46420931380615,True
45,Harvest Moon,Officer's Ushanka,7095.28,124 keys,0,misc,Level 1-100 Hat,96,2026-07-21T22:54:09,216.41,124.0,124.0,124.0,cosmetic,116.75629422412374,True
45,Harvest Moon,Stainless Pot,6866.4,100–140 keys,3,misc,Level 1-100 Hat,98,2026-07-21T22:54:09,209.43,100.0,140.0,120.0,cosmetic,112.9899621523778,True
45,Harvest Moon,Towering Titanium Pillar of Hats,6866.4,120 keys,0,misc,Level 1-100 Hat,30008,2026-07-21T22:54:09,209.43,120.0,120.0,120.0,cosmetic,112.9899621523778,True
45,Harvest Moon,Geisha Boy,6751.96,110–126 keys,1,misc,Level 1-100 Hair,363,2026-07-21T22:54:09,205.93,110.0,126.0,118.0,cosmetic,111.10679611650485,True
45,Harvest Moon,Madame Dixie,6743.2786885246,112.61–123.09 keys,3,misc,Level 1-100 Hat,321,2026-07-21T22:54:09,,112.61,123.09,117.85,cosmetic,110.96394090051999,True
45,Harvest Moon,Desert Marauder,6580.3,115 keys,3,misc,Level 1-100 Hat,400,2026-07-21T22:54:09,200.7,115.0,115.0,115.0,cosmetic,108.28204706269541,True
45,Harvest Moon,Furious Fukaamigasa,6408.64,112 keys,3,misc,Level 1-100 Hat,395,2026-07-21T22:54:09,195.46,112.0,112.0,112.0,cosmetic,105.45729800888596,True
45,Harvest Moon,Vintage Merryweather,6408.64,112 keys,4,misc,Level 1-100 Helmet,182,2026-07-21T22:54:09,195.46,112.0,112.0,112.0,cosmetic,105.45729800888596,True
45,Harvest Moon,Virtual Reality Headset,6294.2,110 keys,3,misc,Level 10 Headset,628,2026-07-21T22:54:09,191.97,110.0,110.0,110.0,cosmetic,103.574131973013,True
45,Harvest Moon,Conquistador,6008.1,105 keys,2,misc,Level 1-100 Helmet,721,2026-07-21T22:54:09,183.25,105.0,105.0,105.0,cosmetic,98.8662168833306,True
45,Harvest Moon,Tippler's Tricorne,5722.0,100 keys,1,misc,Level 1-100 Hat,179,2026-07-21T22:54:09,174.52,100.0,100.0,100.0,cosmetic,94.15830179364818,True
45,Harvest Moon,Mining Light,5471.3114754098,81.96–109.28 keys,1,misc,Level 1-100 Cosmetic Item,48,2026-07-21T22:54:09,,81.96,109.28,95.62,cosmetic,90.03309980927759,True
45,Harvest Moon,Engineer's Cap,5435.9,95 keys,4,misc,Level 1-100 Hat,95,2026-07-21T22:54:09,165.79,95.0,95.0,95.0,cosmetic,89.45038670396576,True
45,Harvest Moon,Stout Shako,5378.68,88–100 keys,1,misc,Level 1-100 Hat,251,2026-07-21T22:54:09,164.05,88.0,100.0,94.0,cosmetic,88.5088036860293,True
45,Harvest Moon,Burning Bandana,5149.8,90 keys,1,misc,Level 1-100 Bandana,30091,2026-07-21T22:54:09,157.07,90.0,90.0,90.0,cosmetic,84.74247161428336,True
45,Harvest Moon,Nanobalaclava,4920.92,86 keys,0,misc,Level 10 Hat,521,2026-07-21T22:54:09,150.09,86.0,86.0,86.0,cosmetic,80.97613954253744,True
45,Harvest Moon,Flipped Trilby,4863.7,80–90 keys,4,misc,Level 1-100 Hat,324,2026-07-21T22:54:09,148.34,80.0,90.0,85.0,cosmetic,80.03455652460094,True
45,Harvest Moon,Football Helmet,4806.48,84 keys,4,misc,Level 1-100 Helmet,49,2026-07-21T22:54:09,146.6,84.0,84.0,84.0,cosmetic,79.09297350666446,True
45,Harvest Moon,Magistrate's Mullet,4634.82,81 keys,3,misc,Level 1-100 Hair,147,2026-07-21T22:54:09,141.36,81.0,81.0,81.0,cosmetic,76.26822445285502,True
45,Harvest Moon,Fat Man's Field Cap,4577.6,80 keys,1,misc,Level 1-100 Hat,30911,2026-07-21T22:54:09,139.62,80.0,80.0,80.0,cosmetic,75.32664143491854,True
45,Harvest Moon,Respectless Rubber Glove,4577.6,80 keys,2,misc,Level 1-100 Hat,102,2026-07-21T22:54:09,139.62,80.0,80.0,80.0,cosmetic,75.32664143491854,True
45,Harvest Moon,Sultan's Ceremonial,4577.6,80 keys,2,misc,Level 1-100 Hat,403,2026-07-21T22:54:09,139.62,80.0,80.0,80.0,cosmetic,75.32664143491854,True
45,Harvest Moon,Full Metal Drill Hat,4463.16,78 keys,2,misc,Level 1-100 Hat,30026,2026-07-21T22:54:09,136.13,78.0,78.0,78.0,cosmetic,73.44347539904558,True
45,Harvest Moon,Ye Oiled Baker Boy,4405.94,69–85 keys,1,misc,Level 1-100 Hat,30019,2026-07-21T22:54:09,134.38,69.0,85.0,77.0,cosmetic,72.50189238110909,True
45,Harvest Moon,Medic's Mountain Cap,4234.28,74 keys,1,misc,Level 1-100 Hat,381,2026-07-21T22:54:09,129.15,74.0,74.0,74.0,cosmetic,69.67714332729965,True
45,Harvest Moon,Pure Tin Capotain,4119.84,69–75 keys,1,misc,Level 1-100 Hat,30021,2026-07-21T22:54:09,125.66,69.0,75.0,72.0,cosmetic,67.79397729142669,True
45,Harvest Moon,Big Elfin Deal,4005.4,70 keys,2,misc,Level 1-100 Hat,652,2026-07-21T22:54:09,122.16,70.0,70.0,70.0,cosmetic,65.91081125555372,True
45,Harvest Moon,Copper's Hard Top,4005.4,70 keys,2,misc,Level 1-100 Helmet,478,2026-07-21T22:54:09,122.16,70.0,70.0,70.0,cosmetic,65.91081125555372,True
45,Harvest Moon,Heavy Duty Rag,3919.57,68–69 keys,3,misc,Level 1-100 Bandana,185,2026-07-21T22:54:09,119.55,68.0,69.0,68.5,cosmetic,64.498436728649,True
45,Harvest Moon,Coupe D'isaster,3890.96,58–78 keys,3,misc,Level 1-100 Hair,330,2026-07-21T22:54:09,118.67,58.0,78.0,68.0,cosmetic,64.02764521968076,True
45,Harvest Moon,Gym Rat,3747.91,58–73 keys,4,misc,Level 10 Hair,613,2026-07-21T22:54:09,114.31,58.0,73.0,65.5,cosmetic,61.673687674839556,True
45,Harvest Moon,Doctor's Sack,3433.2,60 keys,3,misc,Level 1-100 Hat,398,2026-07-21T22:54:09,104.71,60.0,60.0,60.0,cosmetic,56.4949810761889,True
45,Harvest Moon,Platinum Pickelhaube,3318.76,58 keys,1,misc,Level 1-100 Helmet,30042,2026-07-21T22:54:09,101.22,58.0,58.0,58.0,cosmetic,54.611815040315946,True
45,Harvest Moon,Berliner's Bucket Helm,3261.54,57 keys,3,misc,Level 1-100 Helmet,303,2026-07-21T22:54:09,99.48,57.0,57.0,57.0,cosmetic,53.67023202237946,True
45,Harvest Moon,Little Buddy,3204.32,56 keys,4,misc,Level 10 Hat,612,2026-07-21T22:54:09,97.73,56.0,56.0,56.0,cosmetic,52.72864900444298,True
45,Harvest Moon,Toy Tailor,3089.88,54 keys,1,misc,Level 1-100 Hat,30327,2026-07-21T22:54:09,94.24,54.0,54.0,54.0,cosmetic,50.84548296857002,True
45,Harvest Moon,Dead Cone,2975.44,52 keys,3,misc,Level 1-100 Hat,435,2026-07-21T22:54:09,90.75,52.0,52.0,52.0,cosmetic,48.96231693269705,True
45,Harvest Moon,Janissary Ketche,2975.44,49–55 keys,2,misc,Level 1-100 Hat,437,2026-07-21T22:54:09,90.75,49.0,55.0,52.0,cosmetic,48.96231693269705,True
45,Harvest Moon,Hetman's Headpiece,2861.0,50 keys,2,misc,Level 1-100 Hat,436,2026-07-21T22:54:09,87.26,50.0,50.0,50.0,cosmetic,47.07915089682409,True
45,Harvest Moon,Bombing Run,2346.02,41 keys,2,misc,Level 1-100 Helmet,249,2026-07-21T22:54:09,71.55,41.0,41.0,41.0,cosmetic,38.60490373539575,True
45,Harvest Moon,Handyman's Handle,2231.58,39 keys,2,misc,Level 1-100 Hat,253,2026-07-21T22:54:09,68.06,39.0,39.0,39.0,cosmetic,36.72173769952279,True
45,Harvest Moon,Dread Knot,1786.8852459016,28–34.46 keys,1,misc,Level 1-100 Hair,358,2026-07-21T22:54:09,,28.0,34.46,31.23,cosmetic,29.404068551943393,True
38,Cloudy Moon,Killer Exclusive,377652.0,6600 keys,2,misc,Level 10 Hat,538,2026-07-21T22:54:09,11518.39,6600.0,6600.0,6600.0,cosmetic,6214.44791838078,True
38,Cloudy Moon,Crone's Dome,354764.0,6200 keys,5,misc,Level 1-100 Hat,920,2026-07-21T22:54:09,10820.3,6200.0,6200.0,6200.0,cosmetic,5837.814711206187,True
38,Cloudy Moon,Coffin Kit,271108.36,4738 keys,4,misc,Level 1-100 Backpack,938,2026-07-21T22:54:09,8268.8,4738.0,4738.0,4738.0,cosmetic,4461.22033898305,True
38,Cloudy Moon,Villain's Veil,165938.0,2900 keys,3,misc,Level 1-100 Bandana,393,2026-07-21T22:54:09,5061.11,2900.0,2900.0,2900.0,cosmetic,2730.590752015797,True
38,Cloudy Moon,Exquisite Rack,148772.0,2600 keys,4,misc,Level 1-100 Cosmetic Item,339,2026-07-21T22:54:09,4537.55,2600.0,2600.0,2600.0,cosmetic,2448.1158466348525,True
38,Cloudy Moon,Blighted Beak,143050.0,2500 keys,3,misc,Level 1-100 Mask,315,2026-07-21T22:54:09,4363.02,2500.0,2500.0,2500.0,cosmetic,2353.9575448412043,True
38,Cloudy Moon,Master's Yellow Belt,125884.0,2150–2250 keys,8,misc,Level 1-100 Hat,110,2026-07-21T22:54:09,3839.46,2150.0,2250.0,2200.0,cosmetic,2071.48263946026,True
38,Cloudy Moon,Soldier's Stash,120162.0,2100 keys,5,misc,Level 1-100 Cosmetic Item,54,2026-07-21T22:54:09,3664.94,2100.0,2100.0,2100.0,cosmetic,1977.3243376666117,True
38,Cloudy Moon,Herald's Helm,114440.0,2000 keys,0,misc,Level 1-100 Helmet,30769,2026-07-21T22:54:09,3490.42,2000.0,2000.0,2000.0,cosmetic,1883.1660358729634,True
38,Cloudy Moon,Team Captain,111579.0,1600–2300 keys,5,misc,Level 1-100 Hat,378,2026-07-21T22:54:09,3403.16,1600.0,2300.0,1950.0,cosmetic,1836.0868849761393,True
38,Cloudy Moon,Bonk Boy,106429.2,1860 keys,4,misc,Level 1-100 Mask,451,2026-07-21T22:54:09,3246.09,1860.0,1860.0,1860.0,cosmetic,1751.3444133618561,True
38,Cloudy Moon,Mining Light,100850.25,1600–1925 keys,2,misc,Level 1-100 Cosmetic Item,48,2026-07-21T22:54:09,3075.93,1600.0,1925.0,1762.5,cosmetic,1659.5400691130492,True
38,Cloudy Moon,Patriot Peak,97274.0,1700 keys,0,misc,Level 1-100 Hat,30743,2026-07-21T22:54:09,2966.86,1700.0,1700.0,1700.0,cosmetic,1600.691130492019,True
38,Cloudy Moon,Anger,86688.3,1515 keys,5,misc,Level 10 Hood,518,2026-07-21T22:54:09,2643.99,1515.0,1515.0,1515.0,cosmetic,1426.49827217377,True
38,Cloudy Moon,Pyromancer's Mask,82969.0,1450 keys,11,misc,Level 1-100 Mask,316,2026-07-21T22:54:09,2530.55,1450.0,1450.0,1450.0,cosmetic,1365.2953760078985,True
38,Cloudy Moon,Batter's Helmet,77247.0,1350 keys,3,misc,Level 1-100 Helmet,52,2026-07-21T22:54:09,2356.03,1350.0,1350.0,1350.0,cosmetic,1271.1370742142503,True
38,Cloudy Moon,Pencil Pusher,74386.0,1300 keys,6,misc,Level 10 Hair,605,2026-07-21T22:54:09,2268.77,1300.0,1300.0,1300.0,cosmetic,1224.0579233174262,True
38,Cloudy Moon,Blast Defense,72955.5,1275 keys,0,misc,Level 1-100 Headgear,30863,2026-07-21T22:54:09,2225.14,1275.0,1275.0,1275.0,cosmetic,1200.5183478690142,True
38,Cloudy Moon,Salty Dog,70094.5,1225 keys,2,misc,Level 10 Hat,611,2026-07-21T22:54:09,2137.88,1225.0,1225.0,1225.0,cosmetic,1153.43919697219,True
38,Cloudy Moon,Brown Bomber,68664.0,950–1450 keys,2,misc,Level 1-100 Hat,671,2026-07-21T22:54:09,2094.25,950.0,1450.0,1200.0,cosmetic,1129.899621523778,True
38,Cloudy Moon,Samur-Eye,68664.0,1200 keys,4,misc,Level 1-100 Helmet,359,2026-07-21T22:54:09,2094.25,1200.0,1200.0,1200.0,cosmetic,1129.899621523778,True
38,Cloudy Moon,Brainiac Hairpiece,67805.7,1185 keys,4,misc,Level 1-100 Facial Hair,590,2026-07-21T22:54:09,2068.07,1185.0,1185.0,1185.0,cosmetic,1115.7758762547307,True
38,Cloudy Moon,Le Party Phantom,67233.5,1175 keys,10,misc,Level 1-100 Mask,337,2026-07-21T22:54:09,2050.62,1175.0,1175.0,1175.0,cosmetic,1106.360046075366,True
38,Cloudy Moon,Nasty Norsemann,62942.0,1100 keys,1,misc,Level 1-100 Helmet,30810,2026-07-21T22:54:09,1919.73,1100.0,1100.0,1100.0,cosmetic,1035.74131973013,True
38,Cloudy Moon,Mask of the Shaman,57220.0,1000 keys,0,misc,Level 10 Mask,514,2026-07-21T22:54:09,1745.21,1000.0,1000.0,1000.0,cosmetic,941.5830179364817,True
38,Cloudy Moon,Hat with No Name,54645.1,955 keys,4,misc,Level 10 Hat,631,2026-07-21T22:54:09,1666.68,955.0,955.0,955.0,cosmetic,899.21178212934,True
38,Cloudy Moon,Large Luchador,54072.9,945 keys,6,misc,Level 1-100 Mask,380,2026-07-21T22:54:09,1649.22,945.0,945.0,945.0,cosmetic,889.7959519499753,True
38,Cloudy Moon,Tyrant's Helm,52928.5,900–950 keys,5,misc,Level 1-100 Helmet,99,2026-07-21T22:54:09,1614.32,900.0,950.0,925.0,cosmetic,870.9642915912457,True
38,Cloudy Moon,Conjurer's Cowl,52499.35,705–1130 keys,5,misc,Level 1-100 Hood,465,2026-07-21T22:54:09,1601.23,705.0,1130.0,917.5,cosmetic,863.902418956722,True
38,Cloudy Moon,Reggaelator,51498.0,900 keys,3,misc,Level 1-100 Hat,390,2026-07-21T22:54:09,1570.69,900.0,900.0,900.0,cosmetic,847.4247161428336,True
38,Cloudy Moon,Troublemaker's Tossle Cap,50639.7,885 keys,9,misc,Level 1-100 Hat,150,2026-07-21T22:54:09,1544.51,885.0,885.0,885.0,cosmetic,833.3009708737864,True
38,Cloudy Moon,Sergeant's Drill Hat,48350.9,845 keys,5,misc,Level 1-100 Hat,183,2026-07-21T22:54:09,1474.7,845.0,845.0,845.0,cosmetic,795.6376501563271,True
38,Cloudy Moon,El Jefe,47492.6,830 keys,6,misc,Level 10 Hat,539,2026-07-21T22:54:09,1448.52,830.0,830.0,830.0,cosmetic,781.5139048872799,True
38,Cloudy Moon,Ol' Geezer,45776.0,800 keys,2,misc,Level 1-100 Hat,399,2026-07-21T22:54:09,1396.17,800.0,800.0,800.0,cosmetic,753.2664143491854,True
38,Cloudy Moon,Your Worst Nightmare,45776.0,800 keys,4,misc,Level 10 Hair,600,2026-07-21T22:54:09,1396.17,800.0,800.0,800.0,cosmetic,753.2664143491854,True
38,Cloudy Moon,Fortunate Son,44459.94,777 keys,2,misc,Level 1-100 Helmet,30636,2026-07-21T22:54:09,1356.03,777.0,777.0,777.0,cosmetic,731.6100049366464,True
38,Cloudy Moon,Desert Marauder,42915.0,750 keys,5,misc,Level 1-100 Hat,400,2026-07-21T22:54:09,1308.91,750.0,750.0,750.0,cosmetic,706.1872634523613,True
38,Cloudy Moon,Tipped Lid,40054.0,700 keys,1,misc,Level 1-100 Hat,30425,2026-07-21T22:54:09,1221.65,700.0,700.0,700.0,cosmetic,659.1081125555372,True
38,Cloudy Moon,Dr's Dapper Topper,38766.55,630–725 keys,8,misc,Level 1-100 Hat,252,2026-07-21T22:54:09,1182.38,630.0,725.0,677.5,cosmetic,637.9224946519664,True
38,Cloudy Moon,Galvanized Gibus,38337.4,670 keys,2,misc,Level 1-100 Hat,30003,2026-07-21T22:54:09,1169.29,670.0,670.0,670.0,cosmetic,630.8606220174428,True
38,Cloudy Moon,Texas Ten Gallon,38337.4,640–700 keys,6,misc,Level 1-100 Hat,94,2026-07-21T22:54:09,1169.29,640.0,700.0,670.0,cosmetic,630.8606220174428,True
38,Cloudy Moon,Grimm Hatte,38051.3,665 keys,10,misc,Level 1-100 Hat,383,2026-07-21T22:54:09,1160.56,665.0,665.0,665.0,cosmetic,626.1527069277604,True
38,Cloudy Moon,Napper's Respite,37193.0,650 keys,3,misc,Level 1-100 Hat,248,2026-07-21T22:54:09,1134.39,650.0,650.0,650.0,cosmetic,612.0289616587131,True
38,Cloudy Moon,Vintage Tyrolean,37193.0,650 keys,5,misc,Level 1-100 Hat,101,2026-07-21T22:54:09,1134.39,650.0,650.0,650.0,cosmetic,612.0289616587131,True
38,Cloudy Moon,Killer's Kabuto,36906.9,630–660 keys,6,misc,Level 1-100 Helmet,152,2026-07-21T22:54:09,1125.66,630.0,660.0,645.0,cosmetic,607.3210465690307,True
38,Cloudy Moon,Das Hazmattenhatten,34332.0,600 keys,2,misc,Level 1-100 Safety Apparatus,30095,2026-07-21T22:54:09,1047.13,600.0,600.0,600.0,cosmetic,564.949810761889,True
38,Cloudy Moon,Hustler's Hallmark,34332.0,600 keys,7,misc,Level 1-100 Hat,146,2026-07-21T22:54:09,1047.13,600.0,600.0,600.0,cosmetic,564.949810761889,True
38,Cloudy Moon,A Rather Festive Tree,32901.5,575 keys,9,misc,Level 1-100 Hat,341,2026-07-21T22:54:09,1003.5,575.0,575.0,575.0,cosmetic,541.410235313477,True
38,Cloudy Moon,Modest Pile of Hat,32901.5,560–590 keys,9,misc,Level 1-100 Hat,139,2026-07-21T22:54:09,1003.5,560.0,590.0,575.0,cosmetic,541.410235313477,True
38,Cloudy Moon,Chieftain's Challenge,32043.2,560 keys,4,misc,Level 1-100 Hat,250,2026-07-21T22:54:09,977.32,560.0,560.0,560.0,cosmetic,527.2864900444298,True
38,Cloudy Moon,Physician's Protector,32043.2,560 keys,1,misc,Level 1-100 Helmet,30625,2026-07-21T22:54:09,977.32,560.0,560.0,560.0,cosmetic,527.2864900444298,True
38,Cloudy Moon,Honcho's Headgear,30898.8,540 keys,6,misc,Level 1-100 Hat,391,2026-07-21T22:54:09,942.41,540.0,540.0,540.0,cosmetic,508.45482968570013,True
38,Cloudy Moon,Liquidator's Lid,30898.8,540 keys,2,misc,Level 1-100 Hat,779,2026-07-21T22:54:09,942.41,540.0,540.0,540.0,cosmetic,508.45482968570013,True
38,Cloudy Moon,Backwards Ballcap,30326.6,440–620 keys,9,misc,Level 10 Hat,617,2026-07-21T22:54:09,924.96,440.0,620.0,530.0,cosmetic,499.0389995063353,True
38,Cloudy Moon,Surgeon's Stahlhelm,30326.6,530 keys,6,misc,Level 10 Helmet,616,2026-07-21T22:54:09,924.96,530.0,530.0,530.0,cosmetic,499.0389995063353,True
38,Cloudy Moon,Connoisseur's Cap,29067.76,508 keys,8,misc,Level 1-100 Hat,394,2026-07-21T22:54:09,886.57,508.0,508.0,508.0,cosmetic,478.3241731117327,True
38,Cloudy Moon,Fed-Fightin' Fedora,28916.06557377,459.41–551.29 keys,0,misc,Level 1-100 Hat,780,2026-07-21T22:54:09,,459.41,551.29,505.35,cosmetic,475.8279673156162,True
38,Cloudy Moon,Ze Goggles,28610.0,500 keys,5,misc,Level 1-100 Glasses,177,2026-07-21T22:54:09,872.61,500.0,500.0,500.0,cosmetic,470.79150896824086,True
38,Cloudy Moon,Stainless Pot,28037.8,490 keys,7,misc,Level 1-100 Hat,98,2026-07-21T22:54:09,855.15,490.0,490.0,490.0,cosmetic,461.37567878887603,True
38,Cloudy Moon,Hellmet,27465.6,480 keys,1,misc,Level 1-100 Helmet,30708,2026-07-21T22:54:09,837.7,480.0,480.0,480.0,cosmetic,451.9598486095112,True
38,Cloudy Moon,Prince Tavish's Crown,27465.6,480 keys,8,misc,Level 1-100 Hat,342,2026-07-21T22:54:09,837.7,480.0,480.0,480.0,cosmetic,451.9598486095112,True
38,Cloudy Moon,Company Man,26321.2,460 keys,5,misc,Level 10 Hat,523,2026-07-21T22:54:09,802.8,460.0,460.0,460.0,cosmetic,433.12818825078165,True
38,Cloudy Moon,Furious Fukaamigasa,26035.1,430–480 keys,8,misc,Level 1-100 Hat,395,2026-07-21T22:54:09,794.07,430.0,480.0,455.0,cosmetic,428.4202731610992,True
38,Cloudy Moon,Classy Capper,25749.0,450 keys,0,misc,Level 1-100 Hat,30893,2026-07-21T22:54:09,785.34,450.0,450.0,450.0,cosmetic,423.7123580714168,True
38,Cloudy Moon,Flipped Trilby,25749.0,450 keys,4,misc,Level 1-100 Hat,324,2026-07-21T22:54:09,785.34,450.0,450.0,450.0,cosmetic,423.7123580714168,True
38,Cloudy Moon,Scotsman's Stove Pipe,24890.7,435 keys,6,misc,Level 1-100 Hat,120,2026-07-21T22:54:09,759.17,435.0,435.0,435.0,cosmetic,409.5886128023696,True
38,Cloudy Moon,Whoopee Cap,23746.3,415 keys,8,misc,Level 1-100 Hat,174,2026-07-21T22:54:09,724.26,415.0,415.0,415.0,cosmetic,390.75695244363993,True
38,Cloudy Moon,Swagman's Swatter,23460.2,370–450 keys,6,misc,Level 10 Hat,626,2026-07-21T22:54:09,715.54,370.0,450.0,410.0,cosmetic,386.04903735395754,True
38,Cloudy Moon,Voodoo JuJu (Slight Return),23460.2,410 keys,4,misc,Level 1-100 Hat,935,2026-07-21T22:54:09,715.54,410.0,410.0,410.0,cosmetic,386.04903735395754,True
38,Cloudy Moon,Head Warmer,23174.1,405 keys,3,misc,Level 1-100 Hat,644,2026-07-21T22:54:09,706.81,405.0,405.0,405.0,cosmetic,381.3411222642751,True
38,Cloudy Moon,Defiant Spartan,22888.0,400 keys,9,misc,Level 1-100 Helmet,340,2026-07-21T22:54:09,698.08,400.0,400.0,400.0,cosmetic,376.6332071745927,True
38,Cloudy Moon,Familiar Fez,22888.0,400 keys,5,misc,Level 1-100 Hat,223,2026-07-21T22:54:09,698.08,400.0,400.0,400.0,cosmetic,376.6332071745927,True
38,Cloudy Moon,Fancy Fedora,22888.0,400 keys,4,misc,Level 1-100 Hat,55,2026-07-21T22:54:09,698.08,400.0,400.0,400.0,cosmetic,376.6332071745927,True
38,Cloudy Moon,Medic's Mountain Cap,22888.0,400 keys,4,misc,Level 1-100 Hat,381,2026-07-21T22:54:09,698.08,400.0,400.0,400.0,cosmetic,376.6332071745927,True
38,Cloudy Moon,Towering Pillar of Hats,22888.0,400 keys,7,misc,Level 1-100 Hat,135,2026-07-21T22:54:09,698.08,400.0,400.0,400.0,cosmetic,376.6332071745927,True
38,Cloudy Moon,Trophy Belt,22888.0,400 keys,7,misc,Level 1-100 Hat,53,2026-07-21T22:54:09,698.08,400.0,400.0,400.0,cosmetic,376.6332071745927,True
38,Cloudy Moon,Wraith Wrap,22888.0,400 keys,3,misc,Level 1-100 Apparel,937,2026-07-21T22:54:09,698.08,400.0,400.0,400.0,cosmetic,376.6332071745927,True
38,Cloudy Moon,Geisha Boy,22830.78,399 keys,3,misc,Level 1-100 Hair,363,2026-07-21T22:54:09,696.34,399.0,399.0,399.0,cosmetic,375.6916241566562,True
38,Cloudy Moon,Lucky Shot,22601.9,380–410 keys,8,misc,Level 1-100 Helmet,701,2026-07-21T22:54:09,689.36,380.0,410.0,395.0,cosmetic,371.9252920849103,True
38,Cloudy Moon,Lord Cockswain's Pith Helmet,22315.8,390 keys,3,misc,Level 1-100 Headgear,439,2026-07-21T22:54:09,680.63,390.0,390.0,390.0,cosmetic,367.2173769952279,True
38,Cloudy Moon,Gentleman's Ushanka,22287.19,350–429 keys,4,misc,Level 1-100 Hat,778,2026-07-21T22:54:09,679.76,350.0,429.0,389.5,cosmetic,366.7465854862596,True
38,Cloudy Moon,Pirate Bandana,21743.6,380 keys,2,misc,Level 1-100 Hat,30180,2026-07-21T22:54:09,663.18,380.0,380.0,380.0,cosmetic,357.80154681586305,True
38,Cloudy Moon,Bubble Pipe,21457.5,375 keys,3,misc,Level 1-100 Helmet,597,2026-07-21T22:54:09,654.45,375.0,375.0,375.0,cosmetic,353.09363172618066,True
38,Cloudy Moon,Dragonborn Helmet,21457.5,375 keys,3,misc,Level 10 Helmet,517,2026-07-21T22:54:09,654.45,375.0,375.0,375.0,cosmetic,353.09363172618066,True
38,Cloudy Moon,Noble Amassment of Hats,21457.5,375 keys,7,misc,Level 1-100 Hat,137,2026-07-21T22:54:09,654.45,375.0,375.0,375.0,cosmetic,353.09363172618066,True
38,Cloudy Moon,Carouser's Capotain,21400.28,374 keys,7,misc,Level 1-100 Hat,259,2026-07-21T22:54:09,652.71,374.0,374.0,374.0,cosmetic,352.15204870824414,True
38,Cloudy Moon,Grenadier's Softcap,20885.3,330–400 keys,7,misc,Level 1-100 Hat,227,2026-07-21T22:54:09,637.0,330.0,400.0,365.0,cosmetic,343.67780154681583,True
38,Cloudy Moon,Backbiter's Billycock,20599.2,360 keys,6,misc,Level 1-100 Hat,108,2026-07-21T22:54:09,628.28,360.0,360.0,360.0,cosmetic,338.96988645713344,True
38,Cloudy Moon,Brim-Full of Bullets,20027.0,350 keys,1,misc,Level 1-100 Hat,30173,2026-07-21T22:54:09,610.82,350.0,350.0,350.0,cosmetic,329.5540562777686,True
38,Cloudy Moon,Hot Dogger,20027.0,350 keys,9,misc,Level 10 Hat,614,2026-07-21T22:54:09,610.82,350.0,350.0,350.0,cosmetic,329.5540562777686,True
38,Cloudy Moon,Jumper's Jeepcap,20027.0,350 keys,9,misc,Level 1-100 Hat,417,2026-07-21T22:54:09,610.82,350.0,350.0,350.0,cosmetic,329.5540562777686,True
38,Cloudy Moon,Tavish DeGroot Experience,19740.9,290–400 keys,6,misc,Level 10 Hat,604,2026-07-21T22:54:09,602.1,290.0,400.0,345.0,cosmetic,324.8461411880862,True
38,Cloudy Moon,Armored Authority,19454.8,340 keys,5,misc,Level 1-100 Helmet,445,2026-07-21T22:54:09,593.37,340.0,340.0,340.0,cosmetic,320.1382260984038,True
38,Cloudy Moon,Bonk Helm,19454.8,340 keys,7,misc,Level 1-100 Helmet,106,2026-07-21T22:54:09,593.37,340.0,340.0,340.0,cosmetic,320.1382260984038,True
38,Cloudy Moon,Milkman,19454.8,340 keys,2,misc,Level 1-100 Hat,219,2026-07-21T22:54:09,593.37,340.0,340.0,340.0,cosmetic,320.1382260984038,True
38,Cloudy Moon,Pom-Pommed Provocateur,19054.26,333 keys,1,misc,Level 1-100 Mask,30072,2026-07-21T22:54:09,581.15,333.0,333.0,333.0,cosmetic,313.5471449728484,True
38,Cloudy Moon,Fruit Shoot,18710.94,327 keys,6,misc,Level 1-100 Hat,759,2026-07-21T22:54:09,570.68,327.0,327.0,327.0,cosmetic,307.8976468652295,True
38,Cloudy Moon,Baron von Havenaplane,18653.72,326 keys,1,misc,Level 1-100 Hat,30136,2026-07-21T22:54:09,568.94,326.0,326.0,326.0,cosmetic,306.9560638472931,True
38,Cloudy Moon,Attendant,18596.5,325 keys,5,misc,Level 1-100 Hat,213,2026-07-21T22:54:09,567.19,325.0,325.0,325.0,cosmetic,306.01448082935656,True
38,Cloudy Moon,Scotch Bonnet,18596.5,325 keys,7,misc,Level 1-100 Headgear,306,2026-07-21T22:54:09,567.19,325.0,325.0,325.0,cosmetic,306.01448082935656,True
38,Cloudy Moon,One-Man Army,18310.4,290–350 keys,5,misc,Level 10 Hair,601,2026-07-21T22:54:09,558.47,290.0,350.0,320.0,cosmetic,301.30656573967417,True
38,Cloudy Moon,Tough Guy's Toque,18310.4,320 keys,5,misc,Level 1-100 Hat,97,2026-07-21T22:54:09,558.47,320.0,320.0,320.0,cosmetic,301.30656573967417,True
38,Cloudy Moon,Conquistador,17738.2,310 keys,2,misc,Level 1-100 Helmet,721,2026-07-21T22:54:09,541.02,310.0,310.0,310.0,cosmetic,291.89073556030934,True
38,Cloudy Moon,Bombing Run,17166.0,300 keys,3,misc,Level 1-100 Helmet,249,2026-07-21T22:54:09,523.56,300.0,300.0,300.0,cosmetic,282.4749053809445,True
38,Cloudy Moon,Buckaroo's Hat,17166.0,300 keys,4,misc,Level 1-100 Hat,322,2026-07-21T22:54:09,523.56,300.0,300.0,300.0,cosmetic,282.4749053809445,True
38,Cloudy Moon,Cotton Head,17166.0,300 keys,1,misc,Level 1-100 Hat,30175,2026-07-21T22:54:09,523.56,300.0,300.0,300.0,cosmetic,282.4749053809445,True
38,Cloudy Moon,Gentleman's Gatsby,17166.0,300 keys,5,misc,Level 1-100 Hat,184,2026-07-21T22:54:09,523.56,300.0,300.0,300.0,cosmetic,282.4749053809445,True
38,Cloudy Moon,Heavy Duty Rag,17166.0,300 keys,12,misc,Level 1-100 Bandana,185,2026-07-21T22:54:09,523.56,300.0,300.0,300.0,cosmetic,282.4749053809445,True
38,Cloudy Moon,Hound Dog,17166.0,300 keys,8,misc,Level 1-100 Hair,145,2026-07-21T22:54:09,523.56,300.0,300.0,300.0,cosmetic,282.4749053809445,True
38,Cloudy Moon,Old Guadalajara,17166.0,300 keys,2,misc,Level 1-100 Hat,247,2026-07-21T22:54:09,523.56,300.0,300.0,300.0,cosmetic,282.4749053809445,True
38,Cloudy Moon,Stout Shako,17166.0,300 keys,9,misc,Level 1-100 Hat,251,2026-07-21T22:54:09,523.56,300.0,300.0,300.0,cosmetic,282.4749053809445,True
38,Cloudy Moon,Charmer's Chapeau,16937.12,296 keys,4,misc,Level 1-100 Hat,397,2026-07-21T22:54:09,516.58,296.0,296.0,296.0,cosmetic,278.7085733091986,True
38,Cloudy Moon,Waxy Wayfinder,16021.6,280 keys,3,misc,Level 1-100 Hat,753,2026-07-21T22:54:09,488.66,280.0,280.0,280.0,cosmetic,263.6432450222149,True
38,Cloudy Moon,Cranial Carcharodon,15735.5,275 keys,1,misc,Level 1-100 Hat,30800,2026-07-21T22:54:09,479.93,275.0,275.0,275.0,cosmetic,258.9353299325325,True
38,Cloudy Moon,Counterfeit Billycock,15563.84,272 keys,11,misc,Level 10 Hat,602,2026-07-21T22:54:09,474.7,272.0,272.0,272.0,cosmetic,256.11058087872306,True
38,Cloudy Moon,Ol' Snaggletooth,15449.4,270 keys,5,misc,Level 1-100 Hat,229,2026-07-21T22:54:09,471.21,270.0,270.0,270.0,cosmetic,254.22741484285007,True
38,Cloudy Moon,Triboniophorus Tyrannus,15306.35,240–295 keys,3,misc,Level 1-100 Mascot,151,2026-07-21T22:54:09,466.84,240.0,295.0,267.5,cosmetic,251.87345729800887,True
38,Cloudy Moon,Brain Bucket,14877.2,260 keys,2,misc,Level 1-100 Hat,434,2026-07-21T22:54:09,453.75,260.0,260.0,260.0,cosmetic,244.81158466348526,True
38,Cloudy Moon,Professional's Panama,14877.2,250–270 keys,8,misc,Level 1-100 Hat,109,2026-07-21T22:54:09,453.75,250.0,270.0,260.0,cosmetic,244.81158466348526,True
38,Cloudy Moon,Berliner's Bucket Helm,14305.0,250 keys,7,misc,Level 1-100 Helmet,303,2026-07-21T22:54:09,436.3,250.0,250.0,250.0,cosmetic,235.39575448412043,True
38,Cloudy Moon,Dead Cone,14305.0,250 keys,4,misc,Level 1-100 Hat,435,2026-07-21T22:54:09,436.3,250.0,250.0,250.0,cosmetic,235.39575448412043,True
38,Cloudy Moon,Glengarry Bonnet,14305.0,235–265 keys,7,misc,Level 1-100 Hat,100,2026-07-21T22:54:09,436.3,235.0,265.0,250.0,cosmetic,235.39575448412043,True
38,Cloudy Moon,Metal Slug,14305.0,250 keys,1,misc,Level 1-100 Hat,30028,2026-07-21T22:54:09,436.3,250.0,250.0,250.0,cosmetic,235.39575448412043,True
38,Cloudy Moon,L'homme Burglerre,14133.34,247 keys,2,misc,Level 1-100 Hat,30182,2026-07-21T22:54:09,431.07,247.0,247.0,247.0,cosmetic,232.571005430311,True
38,Cloudy Moon,Gym Rat,14076.12,246 keys,6,misc,Level 10 Hair,613,2026-07-21T22:54:09,429.32,246.0,246.0,246.0,cosmetic,231.62942241237454,True
38,Cloudy Moon,Frenchman's Beret,13790.02,232–250 keys,4,misc,Level 1-100 Hat,180,2026-07-21T22:54:09,420.6,232.0,250.0,241.0,cosmetic,226.92150732269212,True
38,Cloudy Moon,Dread Knot,13732.8,240 keys,7,misc,Level 1-100 Hair,358,2026-07-21T22:54:09,418.85,240.0,240.0,240.0,cosmetic,225.9799243047556,True
38,Cloudy Moon,Western Wear,13675.58,239 keys,5,misc,Level 1-100 Hat,379,2026-07-21T22:54:09,417.11,239.0,239.0,239.0,cosmetic,225.03834128681913,True
38,Cloudy Moon,Sober Stuntman,13446.7,235 keys,6,misc,Level 1-100 Helmet,255,2026-07-21T22:54:09,410.12,235.0,235.0,235.0,cosmetic,221.27200921507324,True
38,Cloudy Moon,Katyusha,13160.6,210–250 keys,2,misc,Level 1-100 Hat,30094,2026-07-21T22:54:09,401.4,210.0,250.0,230.0,cosmetic,216.56409412539082,True
38,Cloudy Moon,Magnificent Mongolian,13160.6,230 keys,6,misc,Level 1-100 Hat,313,2026-07-21T22:54:09,401.4,230.0,230.0,230.0,cosmetic,216.56409412539082,True
38,Cloudy Moon,Shooter's Sola Topi,13160.6,230 keys,9,misc,Level 1-100 Helmet,158,2026-07-21T22:54:09,401.4,230.0,230.0,230.0,cosmetic,216.56409412539082,True
38,Cloudy Moon,Doctor's Sack,13046.16,193–263 keys,7,misc,Level 1-100 Hat,398,2026-07-21T22:54:09,397.91,193.0,263.0,228.0,cosmetic,214.68092808951783,True
38,Cloudy Moon,Coupe D'isaster,12874.5,225 keys,6,misc,Level 1-100 Hair,330,2026-07-21T22:54:09,392.67,225.0,225.0,225.0,cosmetic,211.8561790357084,True
38,Cloudy Moon,Commando Elite,12588.4,220 keys,4,misc,Level 1-100 Helmet,30912,2026-07-21T22:54:09,383.95,220.0,220.0,220.0,cosmetic,207.148263946026,True
38,Cloudy Moon,Pugilist's Protector,12445.35,165–270 keys,9,misc,Level 1-100 Headgear,246,2026-07-21T22:54:09,379.58,165.0,270.0,217.5,cosmetic,204.7943064011848,True
38,Cloudy Moon,Flamboyant Flamenco,12302.3,215 keys,5,misc,Level 10 Hat,627,2026-07-21T22:54:09,375.22,215.0,215.0,215.0,cosmetic,202.44034885634358,True
38,Cloudy Moon,Vintage Merryweather,12102.03,198–225 keys,9,misc,Level 1-100 Helmet,182,2026-07-21T22:54:09,369.11,198.0,225.0,211.5,cosmetic,199.14480829356592,True
38,Cloudy Moon,Hottie's Hoodie,12016.2,210 keys,6,misc,Level 1-100 Hood,377,2026-07-21T22:54:09,366.49,210.0,210.0,210.0,cosmetic,197.7324337666612,True
38,Cloudy Moon,Little Buddy,12016.2,210 keys,5,misc,Level 10 Hat,612,2026-07-21T22:54:09,366.49,210.0,210.0,210.0,cosmetic,197.7324337666612,True
38,Cloudy Moon,Officer's Ushanka,12016.2,210 keys,11,misc,Level 1-100 Hat,96,2026-07-21T22:54:09,366.49,210.0,210.0,210.0,cosmetic,197.7324337666612,True
38,Cloudy Moon,Handyman's Handle,11730.1,200–210 keys,6,misc,Level 1-100 Hat,253,2026-07-21T22:54:09,357.77,200.0,210.0,205.0,cosmetic,193.02451867697877,True
38,Cloudy Moon,Big Chief,11444.0,200 keys,2,misc,Level 1-100 Hat,309,2026-07-21T22:54:09,349.04,200.0,200.0,200.0,cosmetic,188.31660358729636,True
38,Cloudy Moon,Bloke's Bucket Hat,11444.0,200 keys,5,misc,Level 1-100 Hat,181,2026-07-21T22:54:09,349.04,200.0,200.0,200.0,cosmetic,188.31660358729636,True
38,Cloudy Moon,Shooter's Tin Topi,11157.9,195 keys,2,misc,Level 1-100 Hat,30005,2026-07-21T22:54:09,340.32,195.0,195.0,195.0,cosmetic,183.60868849761394,True
38,Cloudy Moon,Détective Noir,11043.46,193 keys,3,misc,Level 1-100 Hat,319,2026-07-21T22:54:09,336.83,193.0,193.0,193.0,cosmetic,181.72552246174098,True
38,Cloudy Moon,Virtual Reality Headset,9836.0655737705,151.27–192.53 keys,1,misc,Level 10 Headset,628,2026-07-21T22:54:09,,151.27,192.53,171.9,cosmetic,161.85725808409578,True
38,Cloudy Moon,Rebel Rouser,9784.62,171 keys,1,misc,Level 1-100 Hat,30120,2026-07-21T22:54:09,298.43,171.0,171.0,171.0,cosmetic,161.01069606713838,True
38,Cloudy Moon,Hetman's Headpiece,9441.3,165 keys,6,misc,Level 1-100 Hat,436,2026-07-21T22:54:09,287.96,165.0,165.0,165.0,cosmetic,155.36119795951947,True
38,Cloudy Moon,Magistrate's Mullet,9441.3,130–200 keys,3,misc,Level 1-100 Hair,147,2026-07-21T22:54:09,287.96,130.0,200.0,165.0,cosmetic,155.36119795951947,True
38,Cloudy Moon,Cosa Nostra Cap,8583.0,150 keys,4,misc,Level 1-100 Hat,459,2026-07-21T22:54:09,261.78,150.0,150.0,150.0,cosmetic,141.23745269047225,True
38,Cloudy Moon,Bonk Leadwear,8010.8,140 keys,1,misc,Level 1-100 Helmet,30030,2026-07-21T22:54:09,244.33,140.0,140.0,140.0,cosmetic,131.82162251110745,True
38,Cloudy Moon,Industrial Festivizer,7839.14,137 keys,3,misc,Level 1-100 Hat,338,2026-07-21T22:54:09,239.09,137.0,137.0,137.0,cosmetic,128.996873457298,True
38,Cloudy Moon,Trencher's Topper,7724.7,135 keys,1,misc,Level 1-100 Helmet,30336,2026-07-21T22:54:09,235.6,135.0,135.0,135.0,cosmetic,127.11370742142503,True
38,Cloudy Moon,Crocleather Slouch,7495.82,131 keys,8,misc,Level 1-100 Hat,344,2026-07-21T22:54:09,228.62,131.0,131.0,131.0,cosmetic,123.34737534967911,True
38,Cloudy Moon,Das Maddendoktor,7438.6,130 keys,1,misc,Level 1-100 Hair,30121,2026-07-21T22:54:09,226.88,130.0,130.0,130.0,cosmetic,122.40579233174263,True
38,Cloudy Moon,Nuke,7438.6,130 keys,0,misc,Level 1-100 Hair,30885,2026-07-21T22:54:09,226.88,130.0,130.0,130.0,cosmetic,122.40579233174263,True
38,Cloudy Moon,Larrikin Robin,7152.5,125 keys,7,misc,Level 1-100 Hat,314,2026-07-21T22:54:09,218.15,125.0,125.0,125.0,cosmetic,117.69787724206022,True
38,Cloudy Moon,Outdoorsman,6980.84,122 keys,7,misc,Level 10 Hat,603,2026-07-21T22:54:09,212.92,122.0,122.0,122.0,cosmetic,114.87312818825077,True
38,Cloudy Moon,Ye Olde Baker Boy,6580.3,115 keys,3,misc,Level 1-100 Hat,107,2026-07-21T22:54:09,200.7,115.0,115.0,115.0,cosmetic,108.28204706269541,True
38,Cloudy Moon,Brigade Helm,6294.2,110 keys,2,misc,Level 1-100 Helmet,105,2026-07-21T22:54:09,191.97,110.0,110.0,110.0,cosmetic,103.574131973013,True
38,Cloudy Moon,Demoman's Fro,6294.2,110 keys,2,misc,Level 1-100 Hair,47,2026-07-21T22:54:09,191.97,110.0,110.0,110.0,cosmetic,103.574131973013,True
38,Cloudy Moon,Valley Forge,6294.2,110 keys,1,misc,Level 1-100 Hat,30114,2026-07-21T22:54:09,191.97,110.0,110.0,110.0,cosmetic,103.574131973013,True
38,Cloudy Moon,German Gonzila,5950.88,104 keys,4,misc,Level 1-100 Hat,323,2026-07-21T22:54:09,181.5,104.0,104.0,104.0,cosmetic,97.9246338653941,True
38,Cloudy Moon,Sultan's Ceremonial,5664.78,99 keys,5,misc,Level 1-100 Hat,403,2026-07-21T22:54:09,172.78,99.0,99.0,99.0,cosmetic,93.2167187757117,True
38,Cloudy Moon,Hotrod,5607.56,98 keys,6,misc,Level 1-100 Mask,148,2026-07-21T22:54:09,171.03,98.0,98.0,98.0,cosmetic,92.27513575777522,True
38,Cloudy Moon,Human Cannonball,5464.51,91–100 keys,2,misc,Level 1-100 Helmet,817,2026-07-21T22:54:09,166.67,91.0,100.0,95.5,cosmetic,89.92117821293401,True
38,Cloudy Moon,Safe'n'Sound,5292.85,85–100 keys,4,misc,Level 1-100 Hat,178,2026-07-21T22:54:09,161.43,85.0,100.0,92.5,cosmetic,87.09642915912457,True
38,Cloudy Moon,Otolaryngologist's Mirror,5149.8,90 keys,4,misc,Level 1-100 Hat,104,2026-07-21T22:54:09,157.07,90.0,90.0,90.0,cosmetic,84.74247161428336,True
38,Cloudy Moon,Big Country,5092.58,89 keys,3,misc,Level 1-100 Hair,382,2026-07-21T22:54:09,155.32,89.0,89.0,89.0,cosmetic,83.80088859634688,True
38,Cloudy Moon,Prussian Pickelhaube,5035.36,88 keys,6,misc,Level 1-100 Helmet,50,2026-07-21T22:54:09,153.58,88.0,88.0,88.0,cosmetic,82.85930557841039,True
38,Cloudy Moon,Eliminator's Safeguard,4863.7,85 keys,1,misc,Level 1-100 Helmet,30369,2026-07-21T22:54:09,148.34,85.0,85.0,85.0,cosmetic,80.03455652460094,True
38,Cloudy Moon,Tippler's Tricorne,4806.48,84 keys,6,misc,Level 1-100 Hat,179,2026-07-21T22:54:09,146.6,84.0,84.0,84.0,cosmetic,79.09297350666446,True
38,Cloudy Moon,Capo's Capper,4577.6,80 keys,4,misc,Level 1-100 Hat,427,2026-07-21T22:54:09,139.62,80.0,80.0,80.0,cosmetic,75.32664143491854,True
38,Cloudy Moon,Engineer's Cap,4577.6,80 keys,3,misc,Level 1-100 Hat,95,2026-07-21T22:54:09,139.62,80.0,80.0,80.0,cosmetic,75.32664143491854,True
38,Cloudy Moon,Birdcage,4463.16,78 keys,2,misc,Level 10 Hat,615,2026-07-21T22:54:09,136.13,78.0,78.0,78.0,cosmetic,73.44347539904558,True
38,Cloudy Moon,Big Elfin Deal,4434.55,70–85 keys,1,misc,Level 1-100 Hat,652,2026-07-21T22:54:09,135.25,70.0,85.0,77.5,cosmetic,72.97268389007733,True
38,Cloudy Moon,Hermes,4320.11,73–78 keys,2,misc,Level 10 Hat,633,2026-07-21T22:54:09,131.76,73.0,78.0,75.5,cosmetic,71.08951785420437,True
38,Cloudy Moon,Janissary Ketche,4234.28,74 keys,2,misc,Level 1-100 Hat,437,2026-07-21T22:54:09,129.15,74.0,74.0,74.0,cosmetic,69.67714332729965,True
38,Cloudy Moon,Buccaneer's Bicorne,4177.06,72–74 keys,5,misc,Level 10 Hat,607,2026-07-21T22:54:09,127.4,72.0,74.0,73.0,cosmetic,68.73556030936318,True
38,Cloudy Moon,Bunsen Brave,4062.62,71 keys,1,misc,Level 1-100 Hat,30054,2026-07-21T22:54:09,123.91,71.0,71.0,71.0,cosmetic,66.8523942734902,True
38,Cloudy Moon,Private Eye,4062.62,59–83 keys,8,misc,Level 1-100 Hat,388,2026-07-21T22:54:09,123.91,59.0,83.0,71.0,cosmetic,66.8523942734902,True
38,Cloudy Moon,Tyrantium Helmet,4005.4,70 keys,1,misc,Level 1-100 Helmet,30014,2026-07-21T22:54:09,122.16,70.0,70.0,70.0,cosmetic,65.91081125555372,True
38,Cloudy Moon,Hard Counter,3948.18,69 keys,3,misc,Level 1-100 Hat,254,2026-07-21T22:54:09,120.42,69.0,69.0,69.0,cosmetic,64.96922823761724,True
38,Cloudy Moon,Bone Dome,3833.74,67 keys,1,misc,Level 1-100 Helmet,30162,2026-07-21T22:54:09,116.93,67.0,67.0,67.0,cosmetic,63.08606220174428,True
38,Cloudy Moon,L'Inspecteur,3719.3,65 keys,3,misc,Level 10 Hat,622,2026-07-21T22:54:09,113.44,65.0,65.0,65.0,cosmetic,61.202896165871316,True
38,Cloudy Moon,Mann of Reason,3719.3,65 keys,1,misc,Level 1-100 Hat,30318,2026-07-21T22:54:09,113.44,65.0,65.0,65.0,cosmetic,61.202896165871316,True
38,Cloudy Moon,Pyro's Boron Beanie,3719.3,65 keys,1,misc,Level 1-100 Hat,30040,2026-07-21T22:54:09,113.44,65.0,65.0,65.0,cosmetic,61.202896165871316,True
38,Cloudy Moon,Tam O' Shanter,3719.3,60–70 keys,9,misc,Level 1-100 Hat,480,2026-07-21T22:54:09,113.44,60.0,70.0,65.0,cosmetic,61.202896165871316,True
38,Cloudy Moon,Football Helmet,3442.6229508197,52.94–67.38 keys,0,misc,Level 1-100 Helmet,49,2026-07-21T22:54:09,,52.94,67.38,60.16,cosmetic,56.65004032943393,True
38,Cloudy Moon,Electric Escorter,3433.2,48–72 keys,1,misc,Level 1-100 Hat,30025,2026-07-21T22:54:09,104.71,48.0,72.0,60.0,cosmetic,56.4949810761889,True
38,Cloudy Moon,Rimmed Raincatcher,3433.2,60 keys,3,misc,Level 1-100 Hat,216,2026-07-21T22:54:09,104.71,60.0,60.0,60.0,cosmetic,56.4949810761889,True
38,Cloudy Moon,Copper's Hard Top,3375.98,59 keys,3,misc,Level 1-100 Helmet,478,2026-07-21T22:54:09,102.97,59.0,59.0,59.0,cosmetic,55.55339805825243,True
38,Cloudy Moon,Prancer's Pride,3318.76,58 keys,6,misc,Level 1-100 Hat,318,2026-07-21T22:54:09,101.22,58.0,58.0,58.0,cosmetic,54.611815040315946,True
38,Cloudy Moon,Nanobalaclava,3147.1,55 keys,7,misc,Level 10 Hat,521,2026-07-21T22:54:09,95.99,55.0,55.0,55.0,cosmetic,51.7870659865065,True
38,Cloudy Moon,Platinum Pickelhaube,2918.22,51 keys,1,misc,Level 1-100 Helmet,30042,2026-07-21T22:54:09,89.01,51.0,51.0,51.0,cosmetic,48.02073391476057,True
38,Cloudy Moon,Madame Dixie,2861.0,50 keys,6,misc,Level 1-100 Hat,321,2026-07-21T22:54:09,87.26,50.0,50.0,50.0,cosmetic,47.07915089682409,True
38,Cloudy Moon,Pyro's Beanie,2746.56,48 keys,8,misc,Level 1-100 Hat,51,2026-07-21T22:54:09,83.77,48.0,48.0,48.0,cosmetic,45.19598486095112,True
38,Cloudy Moon,Respectless Rubber Glove,2403.24,42 keys,7,misc,Level 1-100 Hat,102,2026-07-21T22:54:09,73.3,42.0,42.0,42.0,cosmetic,39.54648675333223,True
38,Cloudy Moon,Tungsten Toque,2288.8,40 keys,1,misc,Level 1-100 Hat,30049,2026-07-21T22:54:09,69.81,40.0,40.0,40.0,cosmetic,37.66332071745927,True
38,Cloudy Moon,Stately Steel Toe,2231.58,35–43 keys,4,misc,Level 1-100 Hat,481,2026-07-21T22:54:09,68.06,35.0,43.0,39.0,cosmetic,36.72173769952279,True
72,Roboactive,Exquisite Rack,314710.0,5500 keys,2,misc,Level 1-100 Cosmetic Item,339,2026-07-21T22:54:09,9598.66,5500.0,5500.0,5500.0,cosmetic,5178.7065986506495,True
72,Roboactive,Villain's Veil,183104.0,3200 keys,2,misc,Level 1-100 Bandana,393,2026-07-21T22:54:09,5584.67,3200.0,3200.0,3200.0,cosmetic,3013.0656573967417,True
72,Roboactive,Blighted Beak,151633.0,2650 keys,3,misc,Level 1-100 Mask,315,2026-07-21T22:54:09,4624.81,2650.0,2650.0,2650.0,cosmetic,2495.1949975316766,True
72,Roboactive,Soldered Sensei,137328.0,2400 keys,2,misc,Level 1-100 Hat,30004,2026-07-21T22:54:09,4188.5,2400.0,2400.0,2400.0,cosmetic,2259.799243047556,True
72,Roboactive,Pyromancer's Mask,131606.0,2300 keys,2,misc,Level 1-100 Mask,316,2026-07-21T22:54:09,4013.98,2300.0,2300.0,2300.0,cosmetic,2165.640941253908,True
72,Roboactive,Hong Kong Cone,111579.0,1950 keys,2,misc,Level 1-100 Hat,30177,2026-07-21T22:54:09,3403.16,1950.0,1950.0,1950.0,cosmetic,1836.0868849761393,True
72,Roboactive,Whirly Warrior,102996.0,1600–2000 keys,2,misc,Level 1-100 Helmet,30118,2026-07-21T22:54:09,3141.38,1600.0,2000.0,1800.0,cosmetic,1694.8494322856673,True
72,Roboactive,Pencil Pusher,97274.0,1700 keys,2,misc,Level 10 Hair,605,2026-07-21T22:54:09,2966.86,1700.0,1700.0,1700.0,cosmetic,1600.691130492019,True
72,Roboactive,Large Luchador,80108.0,1400 keys,5,misc,Level 1-100 Mask,380,2026-07-21T22:54:09,2443.29,1400.0,1400.0,1400.0,cosmetic,1318.2162251110744,True
72,Roboactive,Killer Exclusive,74386.0,1300 keys,2,misc,Level 10 Hat,538,2026-07-21T22:54:09,2268.77,1300.0,1300.0,1300.0,cosmetic,1224.0579233174262,True
72,Roboactive,Crone's Dome,71954.15,1215–1300 keys,1,misc,Level 1-100 Hat,920,2026-07-21T22:54:09,2194.6,1215.0,1300.0,1257.5,cosmetic,1184.0406450551257,True
72,Roboactive,Tyrant's Helm,66375.2,1160 keys,2,misc,Level 1-100 Helmet,99,2026-07-21T22:54:09,2024.44,1160.0,1160.0,1160.0,cosmetic,1092.2363008063187,True
72,Roboactive,Bonk Boy,62942.0,1000–1200 keys,6,misc,Level 1-100 Mask,451,2026-07-21T22:54:09,1919.73,1000.0,1200.0,1100.0,cosmetic,1035.74131973013,True
72,Roboactive,Virtual Viewfinder,62942.0,1100 keys,3,misc,Level 1-100 Headset,30140,2026-07-21T22:54:09,1919.73,1100.0,1100.0,1100.0,cosmetic,1035.74131973013,True
72,Roboactive,Cotton Head,48637.0,850 keys,4,misc,Level 1-100 Hat,30175,2026-07-21T22:54:09,1483.43,850.0,850.0,850.0,cosmetic,800.3455652460095,True
72,Roboactive,Antlers,47093.114754098,823.02 keys,2,misc,Level 1-100 Cosmetic Item,993,2026-07-21T22:54:09,,823.02,823.02,823.02,cosmetic,774.9401802550271,True
72,Roboactive,Brown Bomber,46634.3,815 keys,9,misc,Level 1-100 Hat,671,2026-07-21T22:54:09,1422.35,815.0,815.0,815.0,cosmetic,767.3901596182327,True
72,Roboactive,Salty Dog,46577.08,814 keys,4,misc,Level 10 Hat,611,2026-07-21T22:54:09,1420.6,814.0,814.0,814.0,cosmetic,766.4485766002962,True
72,Roboactive,War Pig,46348.2,810 keys,2,misc,Level 1-100 Headgear,829,2026-07-21T22:54:09,1413.62,810.0,810.0,810.0,cosmetic,762.6822445285502,True
72,Roboactive,Team Captain,44231.06,773 keys,2,misc,Level 1-100 Hat,378,2026-07-21T22:54:09,1349.05,773.0,773.0,773.0,cosmetic,727.8436728649003,True
72,Roboactive,Hustler's Hallmark,41770.6,730 keys,1,misc,Level 1-100 Hat,146,2026-07-21T22:54:09,1274.0,730.0,730.0,730.0,cosmetic,687.3556030936317,True
72,Roboactive,Texas Ten Gallon,39481.8,690 keys,7,misc,Level 1-100 Hat,94,2026-07-21T22:54:09,1204.19,690.0,690.0,690.0,cosmetic,649.6922823761724,True
72,Roboactive,Surgeon's Stahlhelm,37193.0,650 keys,1,misc,Level 10 Helmet,616,2026-07-21T22:54:09,1134.39,650.0,650.0,650.0,cosmetic,612.0289616587131,True
72,Roboactive,Backwards Ballcap,35047.25,550–675 keys,2,misc,Level 10 Hat,617,2026-07-21T22:54:09,1068.94,550.0,675.0,612.5,cosmetic,576.719598486095,True
72,Roboactive,Brotherhood of Arms,34274.78,599 keys,1,misc,Level 1-100 Hat,30066,2026-07-21T22:54:09,1045.38,599.0,599.0,599.0,cosmetic,564.0082277439526,True
72,Roboactive,Nunhood,33759.8,590 keys,1,misc,Level 1-100 Hat,30311,2026-07-21T22:54:09,1029.67,590.0,590.0,590.0,cosmetic,555.5339805825242,True
72,Roboactive,Conjurer's Cowl,33473.7,585 keys,3,misc,Level 1-100 Hood,465,2026-07-21T22:54:09,1020.95,585.0,585.0,585.0,cosmetic,550.8260654928417,True
72,Roboactive,Lucky Shot,30898.8,540 keys,6,misc,Level 1-100 Helmet,701,2026-07-21T22:54:09,942.41,540.0,540.0,540.0,cosmetic,508.45482968570013,True
72,Roboactive,Troublemaker's Tossle Cap,30898.8,540 keys,3,misc,Level 1-100 Hat,150,2026-07-21T22:54:09,942.41,540.0,540.0,540.0,cosmetic,508.45482968570013,True
72,Roboactive,Whoopee Cap,30898.8,540 keys,2,misc,Level 1-100 Hat,174,2026-07-21T22:54:09,942.41,540.0,540.0,540.0,cosmetic,508.45482968570013,True
72,Roboactive,Boxcar Bomber,30612.7,535 keys,2,misc,Level 1-100 Hat,30546,2026-07-21T22:54:09,933.69,535.0,535.0,535.0,cosmetic,503.74691459601775,True
72,Roboactive,Galvanized Gibus,30612.7,535 keys,4,misc,Level 1-100 Hat,30003,2026-07-21T22:54:09,933.69,535.0,535.0,535.0,cosmetic,503.74691459601775,True
72,Roboactive,Tough Stuff Muffs,29468.3,515 keys,4,misc,Level 1-100 Hat,984,2026-07-21T22:54:09,898.78,515.0,515.0,515.0,cosmetic,484.9152542372881,True
72,Roboactive,Das Übersternmann,28610.0,500 keys,1,misc,Level 1-100 Hat,30097,2026-07-21T22:54:09,872.61,500.0,500.0,500.0,cosmetic,470.79150896824086,True
72,Roboactive,Pomade Prince,28610.0,500 keys,2,misc,Level 1-100 Hair,30428,2026-07-21T22:54:09,872.61,500.0,500.0,500.0,cosmetic,470.79150896824086,True
72,Roboactive,Sergeant's Drill Hat,28610.0,500 keys,4,misc,Level 1-100 Hat,183,2026-07-21T22:54:09,872.61,500.0,500.0,500.0,cosmetic,470.79150896824086,True
72,Roboactive,Vintage Tyrolean,28610.0,500 keys,5,misc,Level 1-100 Hat,101,2026-07-21T22:54:09,872.61,500.0,500.0,500.0,cosmetic,470.79150896824086,True
72,Roboactive,Executioner,27808.92,414–558 keys,2,misc,Level 1-100 Hat,921,2026-07-21T22:54:09,848.17,414.0,558.0,486.0,cosmetic,457.6093467171301,True
72,Roboactive,Law,27751.7,485 keys,2,misc,Level 1-100 Hat,30362,2026-07-21T22:54:09,846.43,485.0,485.0,485.0,cosmetic,456.66776369919364,True
72,Roboactive,Officer's Ushanka,26035.1,455 keys,1,misc,Level 1-100 Hat,96,2026-07-21T22:54:09,794.07,455.0,455.0,455.0,cosmetic,428.4202731610992,True
72,Roboactive,Bonk Helm,25749.0,450 keys,3,misc,Level 1-100 Helmet,106,2026-07-21T22:54:09,785.34,450.0,450.0,450.0,cosmetic,423.7123580714168,True
72,Roboactive,Grimm Hatte,25749.0,410–490 keys,5,misc,Level 1-100 Hat,383,2026-07-21T22:54:09,785.34,410.0,490.0,450.0,cosmetic,423.7123580714168,True
72,Roboactive,Head Warmer,24890.7,400–470 keys,4,misc,Level 1-100 Hat,644,2026-07-21T22:54:09,759.17,400.0,470.0,435.0,cosmetic,409.5886128023696,True
72,Roboactive,Détective Noir,24604.6,430 keys,3,misc,Level 1-100 Hat,319,2026-07-21T22:54:09,750.44,430.0,430.0,430.0,cosmetic,404.88069771268715,True
72,Roboactive,Swagman's Swatter,24604.6,430 keys,4,misc,Level 10 Hat,626,2026-07-21T22:54:09,750.44,430.0,430.0,430.0,cosmetic,404.88069771268715,True
72,Roboactive,Federal Casemaker,23746.3,415 keys,2,misc,Level 1-100 Hat,30119,2026-07-21T22:54:09,724.26,415.0,415.0,415.0,cosmetic,390.75695244363993,True
72,Roboactive,Brigade Helm,22888.0,400 keys,2,misc,Level 1-100 Helmet,105,2026-07-21T22:54:09,698.08,400.0,400.0,400.0,cosmetic,376.6332071745927,True
72,Roboactive,Hat with No Name,22315.8,390 keys,5,misc,Level 10 Hat,631,2026-07-21T22:54:09,680.63,390.0,390.0,390.0,cosmetic,367.2173769952279,True
72,Roboactive,Shooter's Sola Topi,21743.6,380 keys,1,misc,Level 1-100 Helmet,158,2026-07-21T22:54:09,663.18,380.0,380.0,380.0,cosmetic,357.80154681586305,True
72,Roboactive,Tyrantium Helmet,21457.5,350–400 keys,6,misc,Level 1-100 Helmet,30014,2026-07-21T22:54:09,654.45,350.0,400.0,375.0,cosmetic,353.09363172618066,True
72,Roboactive,Company Man,21114.18,340–398 keys,5,misc,Level 10 Hat,523,2026-07-21T22:54:09,643.98,340.0,398.0,369.0,cosmetic,347.44413361856175,True
72,Roboactive,Scotsman's Stove Pipe,20885.3,365 keys,4,misc,Level 1-100 Hat,120,2026-07-21T22:54:09,637.0,365.0,365.0,365.0,cosmetic,343.67780154681583,True
72,Roboactive,Reggaelator,20370.32,356 keys,7,misc,Level 1-100 Hat,390,2026-07-21T22:54:09,621.29,356.0,356.0,356.0,cosmetic,335.2035543853875,True
72,Roboactive,Armored Authority,20027.0,350 keys,3,misc,Level 1-100 Helmet,445,2026-07-21T22:54:09,610.82,350.0,350.0,350.0,cosmetic,329.5540562777686,True
72,Roboactive,Big Country,20027.0,350 keys,2,misc,Level 1-100 Hair,382,2026-07-21T22:54:09,610.82,350.0,350.0,350.0,cosmetic,329.5540562777686,True
72,Roboactive,Das Gutenkutteharen,19454.8,330–350 keys,1,misc,Level 1-100 Hair,30127,2026-07-21T22:54:09,593.37,330.0,350.0,340.0,cosmetic,320.1382260984038,True
72,Roboactive,El Jefe,18882.6,330 keys,3,misc,Level 10 Hat,539,2026-07-21T22:54:09,575.92,330.0,330.0,330.0,cosmetic,310.72239591903895,True
72,Roboactive,Stainless Pot,18739.55,325–330 keys,2,misc,Level 1-100 Hat,98,2026-07-21T22:54:09,571.56,325.0,330.0,327.5,cosmetic,308.36843837419775,True
72,Roboactive,Big Chief,18539.28,324 keys,1,misc,Level 1-100 Hat,309,2026-07-21T22:54:09,565.45,324.0,324.0,324.0,cosmetic,305.0728978114201,True
72,Roboactive,Modest Metal Pile of Scrap,17738.2,310 keys,7,misc,Level 1-100 Hat,30001,2026-07-21T22:54:09,541.02,310.0,310.0,310.0,cosmetic,291.89073556030934,True
72,Roboactive,Ye Olde Baker Boy,17738.2,310 keys,5,misc,Level 1-100 Hat,107,2026-07-21T22:54:09,541.02,310.0,310.0,310.0,cosmetic,291.89073556030934,True
72,Roboactive,Buccaneer's Bicorne,17166.0,300 keys,3,misc,Level 10 Hat,607,2026-07-21T22:54:09,523.56,300.0,300.0,300.0,cosmetic,282.4749053809445,True
72,Roboactive,Dark Falkirk Helm,17166.0,300 keys,1,misc,Level 1-100 Helmet,30357,2026-07-21T22:54:09,523.56,300.0,300.0,300.0,cosmetic,282.4749053809445,True
72,Roboactive,Familiar Fez,17166.0,300 keys,4,misc,Level 1-100 Hat,223,2026-07-21T22:54:09,523.56,300.0,300.0,300.0,cosmetic,282.4749053809445,True
72,Roboactive,Hound Dog,17166.0,300 keys,2,misc,Level 1-100 Hair,145,2026-07-21T22:54:09,523.56,300.0,300.0,300.0,cosmetic,282.4749053809445,True
72,Roboactive,L'homme Burglerre,17166.0,300 keys,1,misc,Level 1-100 Hat,30182,2026-07-21T22:54:09,523.56,300.0,300.0,300.0,cosmetic,282.4749053809445,True
72,Roboactive,Modest Pile of Hat,17166.0,300 keys,5,misc,Level 1-100 Hat,139,2026-07-21T22:54:09,523.56,300.0,300.0,300.0,cosmetic,282.4749053809445,True
72,Roboactive,Napper's Respite,17166.0,300 keys,4,misc,Level 1-100 Hat,248,2026-07-21T22:54:09,523.56,300.0,300.0,300.0,cosmetic,282.4749053809445,True
72,Roboactive,Defiant Spartan,16879.9,260–330 keys,7,misc,Level 1-100 Helmet,340,2026-07-21T22:54:09,514.84,260.0,330.0,295.0,cosmetic,277.7669902912621,True
72,Roboactive,Gilded Guard,16536.58,289 keys,1,misc,Level 1-100 Helmet,1093,2026-07-21T22:54:09,504.37,289.0,289.0,289.0,cosmetic,272.11749218364326,True
72,Roboactive,Dr's Dapper Topper,16307.7,275–295 keys,3,misc,Level 1-100 Hat,252,2026-07-21T22:54:09,497.38,275.0,295.0,285.0,cosmetic,268.35116011189734,True
72,Roboactive,Vintage Merryweather,16307.7,285 keys,3,misc,Level 1-100 Helmet,182,2026-07-21T22:54:09,497.38,285.0,285.0,285.0,cosmetic,268.35116011189734,True
72,Roboactive,Berliner's Bucket Helm,16021.6,280 keys,2,misc,Level 1-100 Helmet,303,2026-07-21T22:54:09,488.66,280.0,280.0,280.0,cosmetic,263.6432450222149,True
72,Roboactive,Soldier's Slope Scopers,16021.6,280 keys,4,misc,Level 1-100 Hat,980,2026-07-21T22:54:09,488.66,280.0,280.0,280.0,cosmetic,263.6432450222149,True
72,Roboactive,Screamin' Eagle,15849.94,277 keys,1,misc,Level 1-100 Hat,30548,2026-07-21T22:54:09,483.42,277.0,277.0,277.0,cosmetic,260.81849596840544,True
72,Roboactive,Capo's Capper,15449.4,270 keys,5,misc,Level 1-100 Hat,427,2026-07-21T22:54:09,471.21,270.0,270.0,270.0,cosmetic,254.22741484285007,True
72,Roboactive,Grenadier's Softcap,15449.4,270 keys,1,misc,Level 1-100 Hat,227,2026-07-21T22:54:09,471.21,270.0,270.0,270.0,cosmetic,254.22741484285007,True
72,Roboactive,Little Buddy,15449.4,270 keys,2,misc,Level 10 Hat,612,2026-07-21T22:54:09,471.21,270.0,270.0,270.0,cosmetic,254.22741484285007,True
72,Roboactive,Letch's LED,15220.52,266 keys,2,misc,Level 1-100 Hat,30002,2026-07-21T22:54:09,464.23,266.0,266.0,266.0,cosmetic,250.46108277110415,True
72,Roboactive,Liquidator's Lid,14877.2,260 keys,6,misc,Level 1-100 Hat,779,2026-07-21T22:54:09,453.75,260.0,260.0,260.0,cosmetic,244.81158466348526,True
72,Roboactive,Barnstormer,14305.0,250 keys,4,misc,Level 1-100 Hat,988,2026-07-21T22:54:09,436.3,250.0,250.0,250.0,cosmetic,235.39575448412043,True
72,Roboactive,Honcho's Headgear,14305.0,250 keys,4,misc,Level 1-100 Hat,391,2026-07-21T22:54:09,436.3,250.0,250.0,250.0,cosmetic,235.39575448412043,True
72,Roboactive,Master's Yellow Belt,14305.0,250 keys,4,misc,Level 1-100 Hat,110,2026-07-21T22:54:09,436.3,250.0,250.0,250.0,cosmetic,235.39575448412043,True
72,Roboactive,Medic's Mountain Cap,14305.0,250 keys,6,misc,Level 1-100 Hat,381,2026-07-21T22:54:09,436.3,250.0,250.0,250.0,cosmetic,235.39575448412043,True
72,Roboactive,Neckwear Headwear,14305.0,250 keys,1,misc,Level 1-100 Hat,30307,2026-07-21T22:54:09,436.3,250.0,250.0,250.0,cosmetic,235.39575448412043,True
72,Roboactive,Noble Amassment of Hats,14305.0,250 keys,4,misc,Level 1-100 Hat,137,2026-07-21T22:54:09,436.3,250.0,250.0,250.0,cosmetic,235.39575448412043,True
72,Roboactive,Tartan Spartan,14305.0,250 keys,4,misc,Level 1-100 Helmet,30106,2026-07-21T22:54:09,436.3,250.0,250.0,250.0,cosmetic,235.39575448412043,True
72,Roboactive,Hermes,14018.9,245 keys,4,misc,Level 10 Hat,633,2026-07-21T22:54:09,427.58,245.0,245.0,245.0,cosmetic,230.68783939443802,True
72,Roboactive,Hot Dogger,14018.9,245 keys,5,misc,Level 10 Hat,614,2026-07-21T22:54:09,427.58,245.0,245.0,245.0,cosmetic,230.68783939443802,True
72,Roboactive,Ze Goggles,14018.9,245 keys,4,misc,Level 1-100 Glasses,177,2026-07-21T22:54:09,427.58,245.0,245.0,245.0,cosmetic,230.68783939443802,True
72,Roboactive,Larrikin Robin,13847.24,242 keys,1,misc,Level 1-100 Hat,314,2026-07-21T22:54:09,422.34,242.0,242.0,242.0,cosmetic,227.8630903406286,True
72,Roboactive,Soviet Gentleman,13160.6,230 keys,5,misc,Level 1-100 Hat,821,2026-07-21T22:54:09,401.4,230.0,230.0,230.0,cosmetic,216.56409412539082,True
72,Roboactive,Triboniophorus Tyrannus,13160.6,230 keys,4,misc,Level 1-100 Mascot,151,2026-07-21T22:54:09,401.4,230.0,230.0,230.0,cosmetic,216.56409412539082,True
72,Roboactive,One-Man Army,12874.5,225 keys,5,misc,Level 10 Hair,601,2026-07-21T22:54:09,392.67,225.0,225.0,225.0,cosmetic,211.8561790357084,True
72,Roboactive,Noble Nickel Amassment of Hats,12702.84,222 keys,5,misc,Level 1-100 Hat,30006,2026-07-21T22:54:09,387.44,222.0,222.0,222.0,cosmetic,209.03142998189895,True
72,Roboactive,Bone Dome,12588.4,220 keys,3,misc,Level 1-100 Helmet,30162,2026-07-21T22:54:09,383.95,220.0,220.0,220.0,cosmetic,207.148263946026,True
72,Roboactive,Bot Dogger,12588.4,220 keys,4,misc,Level 1-100 Hat,30018,2026-07-21T22:54:09,383.95,220.0,220.0,220.0,cosmetic,207.148263946026,True
72,Roboactive,Ol' Snaggletooth,12359.52,216 keys,4,misc,Level 1-100 Hat,229,2026-07-21T22:54:09,376.97,216.0,216.0,216.0,cosmetic,203.38193187428007,True
72,Roboactive,Metal Slug,12302.3,215 keys,7,misc,Level 1-100 Hat,30028,2026-07-21T22:54:09,375.22,215.0,215.0,215.0,cosmetic,202.44034885634358,True
72,Roboactive,Sole Mate,12302.3,215 keys,1,misc,Level 1-100 Hat,30355,2026-07-21T22:54:09,375.22,215.0,215.0,215.0,cosmetic,202.44034885634358,True
72,Roboactive,Dragonborn Helmet,12159.25,175–250 keys,3,misc,Level 10 Helmet,517,2026-07-21T22:54:09,370.86,175.0,250.0,212.5,cosmetic,200.08639131150238,True
72,Roboactive,Big Elfin Deal,12016.2,210 keys,4,misc,Level 1-100 Hat,652,2026-07-21T22:54:09,366.49,210.0,210.0,210.0,cosmetic,197.7324337666612,True
72,Roboactive,Lord Cockswain's Pith Helmet,12016.2,210 keys,5,misc,Level 1-100 Headgear,439,2026-07-21T22:54:09,366.49,210.0,210.0,210.0,cosmetic,197.7324337666612,True
72,Roboactive,Tam O' Shanter,12016.2,195–225 keys,4,misc,Level 1-100 Hat,480,2026-07-21T22:54:09,366.49,195.0,225.0,210.0,cosmetic,197.7324337666612,True
72,Roboactive,Birdcage,11444.0,200 keys,1,misc,Level 10 Hat,615,2026-07-21T22:54:09,349.04,200.0,200.0,200.0,cosmetic,188.31660358729636,True
72,Roboactive,Bolted Bicorne,11444.0,200 keys,6,misc,Level 1-100 Hat,30034,2026-07-21T22:54:09,349.04,200.0,200.0,200.0,cosmetic,188.31660358729636,True
72,Roboactive,Cold Killer,11444.0,200 keys,6,misc,Level 1-100 Hat,981,2026-07-21T22:54:09,349.04,200.0,200.0,200.0,cosmetic,188.31660358729636,True
72,Roboactive,Jumper's Jeepcap,11444.0,200 keys,4,misc,Level 1-100 Hat,417,2026-07-21T22:54:09,349.04,200.0,200.0,200.0,cosmetic,188.31660358729636,True
72,Roboactive,Towering Pillar of Hats,11444.0,200 keys,4,misc,Level 1-100 Hat,135,2026-07-21T22:54:09,349.04,200.0,200.0,200.0,cosmetic,188.31660358729636,True
72,Roboactive,Professional's Panama,11300.95,190–205 keys,4,misc,Level 1-100 Hat,109,2026-07-21T22:54:09,344.68,190.0,205.0,197.5,cosmetic,185.96264604245516,True
72,Roboactive,Flamboyant Flamenco,11272.34,174–220 keys,1,misc,Level 10 Hat,627,2026-07-21T22:54:09,343.81,174.0,220.0,197.0,cosmetic,185.4918545334869,True
72,Roboactive,Furious Fukaamigasa,11043.46,171–215 keys,4,misc,Level 1-100 Hat,395,2026-07-21T22:54:09,336.83,171.0,215.0,193.0,cosmetic,181.72552246174098,True
72,Roboactive,Firewall Helmet,10900.41,131–250 keys,4,misc,Level 1-100 Helmet,30038,2026-07-21T22:54:09,332.46,131.0,250.0,190.5,cosmetic,179.37156491689979,True
72,Roboactive,Timeless Topper,10871.8,151–229 keys,3,misc,Level 1-100 Hat,30035,2026-07-21T22:54:09,331.59,151.0,229.0,190.0,cosmetic,178.90077340793152,True
72,Roboactive,Western Wear,10585.7,185 keys,3,misc,Level 1-100 Hat,379,2026-07-21T22:54:09,322.86,185.0,185.0,185.0,cosmetic,174.19285831824914,True
72,Roboactive,Wraith Wrap,10585.7,185 keys,5,misc,Level 1-100 Apparel,937,2026-07-21T22:54:09,322.86,185.0,185.0,185.0,cosmetic,174.19285831824914,True
72,Roboactive,Cosa Nostra Cap,10299.6,180 keys,3,misc,Level 1-100 Hat,459,2026-07-21T22:54:09,314.14,180.0,180.0,180.0,cosmetic,169.48494322856672,True
72,Roboactive,Halogen Head Lamp,10299.6,175–185 keys,4,misc,Level 1-100 Hat,30041,2026-07-21T22:54:09,314.14,175.0,185.0,180.0,cosmetic,169.48494322856672,True
72,Roboactive,Hive Minder,10013.5,175 keys,1,misc,Level 1-100 Hat,30093,2026-07-21T22:54:09,305.41,175.0,175.0,175.0,cosmetic,164.7770281388843,True
72,Roboactive,Samur-Eye,9784.62,171 keys,8,misc,Level 1-100 Helmet,359,2026-07-21T22:54:09,298.43,171.0,171.0,171.0,cosmetic,161.01069606713838,True
72,Roboactive,Industrial Festivizer,9727.4,170 keys,5,misc,Level 1-100 Hat,338,2026-07-21T22:54:09,296.69,170.0,170.0,170.0,cosmetic,160.0691130492019,True
72,Roboactive,Smoking Skid Lid,9727.4,170 keys,1,misc,Level 1-100 Hat,30399,2026-07-21T22:54:09,296.69,170.0,170.0,170.0,cosmetic,160.0691130492019,True
72,Roboactive,Conquistador,9441.3,165 keys,2,misc,Level 1-100 Helmet,721,2026-07-21T22:54:09,287.96,165.0,165.0,165.0,cosmetic,155.36119795951947,True
72,Roboactive,Ol' Geezer,9441.3,165 keys,3,misc,Level 1-100 Hat,399,2026-07-21T22:54:09,287.96,165.0,165.0,165.0,cosmetic,155.36119795951947,True
72,Roboactive,Broadband Bonnet,9155.2,160 keys,2,misc,Level 1-100 Hat,30029,2026-07-21T22:54:09,279.23,160.0,160.0,160.0,cosmetic,150.65328286983708,True
72,Roboactive,Tough Guy's Toque,9155.2,160 keys,6,misc,Level 1-100 Hat,97,2026-07-21T22:54:09,279.23,160.0,160.0,160.0,cosmetic,150.65328286983708,True
72,Roboactive,Trash Man,9155.2,160 keys,1,misc,Level 1-100 Hat,30346,2026-07-21T22:54:09,279.23,160.0,160.0,160.0,cosmetic,150.65328286983708,True
72,Roboactive,Steel Shako,8983.54,157 keys,5,misc,Level 1-100 Hat,30017,2026-07-21T22:54:09,274.0,157.0,157.0,157.0,cosmetic,147.82853381602766,True
72,Roboactive,Professor's Peculiarity,8869.1,155 keys,2,misc,Level 1-100 Hair,384,2026-07-21T22:54:09,270.51,155.0,155.0,155.0,cosmetic,145.94536778015467,True
72,Roboactive,Pure Tin Capotain,8869.1,155 keys,3,misc,Level 1-100 Hat,30021,2026-07-21T22:54:09,270.51,155.0,155.0,155.0,cosmetic,145.94536778015467,True
72,Roboactive,Bombing Run,8583.0,150 keys,1,misc,Level 1-100 Helmet,249,2026-07-21T22:54:09,261.78,150.0,150.0,150.0,cosmetic,141.23745269047225,True
72,Roboactive,Doctor's Sack,8583.0,150 keys,2,misc,Level 1-100 Hat,398,2026-07-21T22:54:09,261.78,150.0,150.0,150.0,cosmetic,141.23745269047225,True
72,Roboactive,Handyman's Handle,8583.0,150 keys,1,misc,Level 1-100 Hat,253,2026-07-21T22:54:09,261.78,150.0,150.0,150.0,cosmetic,141.23745269047225,True
72,Roboactive,Safe'n'Sound,8583.0,150 keys,2,misc,Level 1-100 Hat,178,2026-07-21T22:54:09,261.78,150.0,150.0,150.0,cosmetic,141.23745269047225,True
72,Roboactive,Tippler's Tricorne,8583.0,150 keys,4,misc,Level 1-100 Hat,179,2026-07-21T22:54:09,261.78,150.0,150.0,150.0,cosmetic,141.23745269047225,True
72,Roboactive,Titanium Tyrolean,8583.0,150 keys,1,misc,Level 1-100 Hat,30045,2026-07-21T22:54:09,261.78,150.0,150.0,150.0,cosmetic,141.23745269047225,True
72,Roboactive,Crocleather Slouch,8525.78,135–163 keys,5,misc,Level 1-100 Hat,344,2026-07-21T22:54:09,260.04,135.0,163.0,149.0,cosmetic,140.2958696725358,True
72,Roboactive,FR-0,8439.95,120–175 keys,2,misc,Level 1-100 Hat,30016,2026-07-21T22:54:09,257.42,120.0,175.0,147.5,cosmetic,138.88349514563106,True
72,Roboactive,Bubble Pipe,8411.34,145–149 keys,2,misc,Level 1-100 Helmet,597,2026-07-21T22:54:09,256.55,145.0,149.0,147.0,cosmetic,138.41270363666283,True
72,Roboactive,Dead Cone,8296.9,145 keys,5,misc,Level 1-100 Hat,435,2026-07-21T22:54:09,253.06,145.0,145.0,145.0,cosmetic,136.52953760078984,True
72,Roboactive,Anger,8182.46,143 keys,4,misc,Level 10 Hood,518,2026-07-21T22:54:09,249.57,143.0,143.0,143.0,cosmetic,134.6463715649169,True
72,Roboactive,Ye Oiled Baker Boy,8182.46,143 keys,2,misc,Level 1-100 Hat,30019,2026-07-21T22:54:09,249.57,143.0,143.0,143.0,cosmetic,134.6463715649169,True
72,Roboactive,Katyusha,7724.7,135 keys,3,misc,Level 1-100 Hat,30094,2026-07-21T22:54:09,235.6,135.0,135.0,135.0,cosmetic,127.11370742142503,True
72,Roboactive,Waxy Wayfinder,7553.04,132 keys,2,misc,Level 1-100 Hat,753,2026-07-21T22:54:09,230.37,132.0,132.0,132.0,cosmetic,124.28895836761559,True
72,Roboactive,Platinum Pickelhaube,7438.6,130 keys,3,misc,Level 1-100 Helmet,30042,2026-07-21T22:54:09,226.88,130.0,130.0,130.0,cosmetic,122.40579233174263,True
72,Roboactive,Hetman's Headpiece,7152.5,125 keys,2,misc,Level 1-100 Hat,436,2026-07-21T22:54:09,218.15,125.0,125.0,125.0,cosmetic,117.69787724206022,True
72,Roboactive,Nanobalaclava,7152.5,125 keys,2,misc,Level 10 Hat,521,2026-07-21T22:54:09,218.15,125.0,125.0,125.0,cosmetic,117.69787724206022,True
72,Roboactive,Stately Steel Toe,7038.06,123 keys,6,misc,Level 1-100 Hat,481,2026-07-21T22:54:09,214.66,123.0,123.0,123.0,cosmetic,115.81471120618727,True
72,Roboactive,Das Naggenvatcher,6866.4,120 keys,2,misc,Level 1-100 Hat,30109,2026-07-21T22:54:09,209.43,120.0,120.0,120.0,cosmetic,112.9899621523778,True
72,Roboactive,Plug-In Prospector,6866.4,120 keys,3,misc,Level 1-100 Hat,30031,2026-07-21T22:54:09,209.43,120.0,120.0,120.0,cosmetic,112.9899621523778,True
72,Roboactive,Sammy Cap,6866.4,120 keys,2,misc,Level 1-100 Hat,30374,2026-07-21T22:54:09,209.43,120.0,120.0,120.0,cosmetic,112.9899621523778,True
72,Roboactive,Sultan's Ceremonial,6866.4,120 keys,4,misc,Level 1-100 Hat,403,2026-07-21T22:54:09,209.43,120.0,120.0,120.0,cosmetic,112.9899621523778,True
72,Roboactive,Desert Marauder,6751.96,118 keys,2,misc,Level 1-100 Hat,400,2026-07-21T22:54:09,205.93,118.0,118.0,118.0,cosmetic,111.10679611650485,True
72,Roboactive,Dread Knot,6580.3,115 keys,3,misc,Level 1-100 Hair,358,2026-07-21T22:54:09,200.7,115.0,115.0,115.0,cosmetic,108.28204706269541,True
72,Roboactive,Glengarry Bonnet,6580.3,115 keys,2,misc,Level 1-100 Hat,100,2026-07-21T22:54:09,200.7,115.0,115.0,115.0,cosmetic,108.28204706269541,True
72,Roboactive,Old Guadalajara,6580.3,115 keys,1,misc,Level 1-100 Hat,247,2026-07-21T22:54:09,200.7,115.0,115.0,115.0,cosmetic,108.28204706269541,True
72,Roboactive,Shooter's Tin Topi,6580.3,115 keys,3,misc,Level 1-100 Hat,30005,2026-07-21T22:54:09,200.7,115.0,115.0,115.0,cosmetic,108.28204706269541,True
72,Roboactive,Virtual Reality Headset,6408.64,112 keys,8,misc,Level 10 Headset,628,2026-07-21T22:54:09,195.46,112.0,112.0,112.0,cosmetic,105.45729800888596,True
72,Roboactive,Front Runner,6294.2,110 keys,5,misc,Level 1-100 Hat,760,2026-07-21T22:54:09,191.97,110.0,110.0,110.0,cosmetic,103.574131973013,True
72,Roboactive,Hat of Cards,6294.2,110 keys,4,misc,Level 1-100 Hat,825,2026-07-21T22:54:09,191.97,110.0,110.0,110.0,cosmetic,103.574131973013,True
72,Roboactive,Strontium Stove Pipe,6294.2,110 keys,2,misc,Level 1-100 Hat,30037,2026-07-21T22:54:09,191.97,110.0,110.0,110.0,cosmetic,103.574131973013,True
72,Roboactive,Valley Forge,6294.2,100–120 keys,1,misc,Level 1-100 Hat,30114,2026-07-21T22:54:09,191.97,100.0,120.0,110.0,cosmetic,103.574131973013,True
72,Roboactive,Bolted Birdcage,6236.98,109 keys,3,misc,Level 1-100 Hat,30057,2026-07-21T22:54:09,190.23,109.0,109.0,109.0,cosmetic,102.6325489550765,True
72,Roboactive,Coupe D'isaster,6008.1,105 keys,7,misc,Level 1-100 Hair,330,2026-07-21T22:54:09,183.25,105.0,105.0,105.0,cosmetic,98.8662168833306,True
72,Roboactive,Cyborg Stunt Helmet,6008.1,105 keys,2,misc,Level 1-100 Helmet,30024,2026-07-21T22:54:09,183.25,105.0,105.0,105.0,cosmetic,98.8662168833306,True
72,Roboactive,Data Mining Light,6008.1,105 keys,1,misc,Level 1-100 Helmet,30051,2026-07-21T22:54:09,183.25,105.0,105.0,105.0,cosmetic,98.8662168833306,True
72,Roboactive,Janissary Ketche,6008.1,105 keys,2,misc,Level 1-100 Hat,437,2026-07-21T22:54:09,183.25,105.0,105.0,105.0,cosmetic,98.8662168833306,True
72,Roboactive,Tsarboosh,5779.22,101 keys,3,misc,Level 1-100 Hat,30081,2026-07-21T22:54:09,176.27,101.0,101.0,101.0,cosmetic,95.09988481158466,True
72,Roboactive,Brim-Full of Bullets,5722.0,100 keys,1,misc,Level 1-100 Hat,30173,2026-07-21T22:54:09,174.52,100.0,100.0,100.0,cosmetic,94.15830179364818,True
72,Roboactive,Buckaroo's Hat,5722.0,100 keys,5,misc,Level 1-100 Hat,322,2026-07-21T22:54:09,174.52,100.0,100.0,100.0,cosmetic,94.15830179364818,True
72,Roboactive,Engineer's Cap,5722.0,100 keys,3,misc,Level 1-100 Hat,95,2026-07-21T22:54:09,174.52,100.0,100.0,100.0,cosmetic,94.15830179364818,True
72,Roboactive,Hotrod,5722.0,100 keys,3,misc,Level 1-100 Mask,148,2026-07-21T22:54:09,174.52,100.0,100.0,100.0,cosmetic,94.15830179364818,True
72,Roboactive,Scotch Bonnet,5722.0,100 keys,1,misc,Level 1-100 Headgear,306,2026-07-21T22:54:09,174.52,100.0,100.0,100.0,cosmetic,94.15830179364818,True
72,Roboactive,Stout Shako,5722.0,100 keys,4,misc,Level 1-100 Hat,251,2026-07-21T22:54:09,174.52,100.0,100.0,100.0,cosmetic,94.15830179364818,True
72,Roboactive,Virus Doctor,5722.0,100 keys,1,misc,Level 1-100 Hat,30043,2026-07-21T22:54:09,174.52,100.0,100.0,100.0,cosmetic,94.15830179364818,True
72,Roboactive,Chieftain's Challenge,5578.95,93–102 keys,2,misc,Level 1-100 Hat,250,2026-07-21T22:54:09,170.16,93.0,102.0,97.5,cosmetic,91.80434424880697,True
72,Roboactive,Gentleman's Ushanka,5550.34,97 keys,2,misc,Level 1-100 Hat,778,2026-07-21T22:54:09,169.29,97.0,97.0,97.0,cosmetic,91.33355273983874,True
72,Roboactive,Harmburg,5493.12,96 keys,1,misc,Level 1-100 Hat,30123,2026-07-21T22:54:09,167.54,96.0,96.0,96.0,cosmetic,90.39196972190224,True
72,Roboactive,Employee of the Mmmph,5435.9,95 keys,1,misc,Level 1-100 Hat,30416,2026-07-21T22:54:09,165.79,95.0,95.0,95.0,cosmetic,89.45038670396576,True
72,Roboactive,Caribbean Conqueror,5378.68,88–100 keys,0,misc,Level 1-100 Hat,30116,2026-07-21T22:54:09,164.05,88.0,100.0,94.0,cosmetic,88.5088036860293,True
72,Roboactive,Flipped Trilby,5149.8,90 keys,3,misc,Level 1-100 Hat,324,2026-07-21T22:54:09,157.07,90.0,90.0,90.0,cosmetic,84.74247161428336,True
72,Roboactive,Milkman,5149.8,90 keys,2,misc,Level 1-100 Hat,219,2026-07-21T22:54:09,157.07,90.0,90.0,90.0,cosmetic,84.74247161428336,True
72,Roboactive,Pyro's Boron Beanie,4978.14,87 keys,3,misc,Level 1-100 Hat,30040,2026-07-21T22:54:09,151.83,87.0,87.0,87.0,cosmetic,81.91772256047392,True
72,Roboactive,Bear Necessities,4863.7,85 keys,1,misc,Level 1-100 Spirit Animal,30122,2026-07-21T22:54:09,148.34,85.0,85.0,85.0,cosmetic,80.03455652460094,True
72,Roboactive,Heavy Duty Rag,4863.7,85 keys,1,misc,Level 1-100 Bandana,185,2026-07-21T22:54:09,148.34,85.0,85.0,85.0,cosmetic,80.03455652460094,True
72,Roboactive,Attendant,4720.65,65–100 keys,3,misc,Level 1-100 Hat,213,2026-07-21T22:54:09,143.98,65.0,100.0,82.5,cosmetic,77.68059897975974,True
72,Roboactive,Voodoo JuJu (Slight Return),4692.04,82 keys,4,misc,Level 1-100 Hat,935,2026-07-21T22:54:09,143.11,82.0,82.0,82.0,cosmetic,77.2098074707915,True
72,Roboactive,Base Metal Billycock,4634.82,81 keys,4,misc,Level 1-100 Hat,30007,2026-07-21T22:54:09,141.36,81.0,81.0,81.0,cosmetic,76.26822445285502,True
72,Roboactive,Burning Bandana,4577.6,80 keys,1,misc,Level 1-100 Bandana,30091,2026-07-21T22:54:09,139.62,80.0,80.0,80.0,cosmetic,75.32664143491854,True
72,Roboactive,Private Eye,4577.6,80 keys,8,misc,Level 1-100 Hat,388,2026-07-21T22:54:09,139.62,80.0,80.0,80.0,cosmetic,75.32664143491854,True
72,Roboactive,Towering Titanium Pillar of Hats,4520.38,79 keys,4,misc,Level 1-100 Hat,30008,2026-07-21T22:54:09,137.87,79.0,79.0,79.0,cosmetic,74.38505841698206,True
72,Roboactive,Electric Escorter,4348.72,76 keys,5,misc,Level 1-100 Hat,30025,2026-07-21T22:54:09,132.64,76.0,76.0,76.0,cosmetic,71.56030936317262,True
72,Roboactive,Pampered Pyro,4291.5,75 keys,2,misc,Level 1-100 Towel,30139,2026-07-21T22:54:09,130.89,75.0,75.0,75.0,cosmetic,70.61872634523613,True
72,Roboactive,Bloke's Bucket Hat,4204.5901639344,73.48 keys,2,misc,Level 1-100 Hat,181,2026-07-21T22:54:09,,73.48,73.48,73.48,cosmetic,69.18858258901432,True
72,Roboactive,Bunsen Brave,4005.4,70 keys,5,misc,Level 1-100 Hat,30054,2026-07-21T22:54:09,122.16,70.0,70.0,70.0,cosmetic,65.91081125555372,True
72,Roboactive,Otolaryngologist's Mirror,4005.4,70 keys,4,misc,Level 1-100 Hat,104,2026-07-21T22:54:09,122.16,70.0,70.0,70.0,cosmetic,65.91081125555372,True
72,Roboactive,Teutonic Toque,3948.18,69 keys,1,misc,Level 1-100 Hat,30351,2026-07-21T22:54:09,120.42,69.0,69.0,69.0,cosmetic,64.96922823761724,True
72,Roboactive,Full Metal Drill Hat,3890.96,68 keys,3,misc,Level 1-100 Hat,30026,2026-07-21T22:54:09,118.67,68.0,68.0,68.0,cosmetic,64.02764521968076,True
72,Roboactive,Magistrate's Mullet,3890.96,65–71 keys,1,misc,Level 1-100 Hair,147,2026-07-21T22:54:09,118.67,65.0,71.0,68.0,cosmetic,64.02764521968076,True
72,Roboactive,Cadaver's Cranium,3776.52,66 keys,1,misc,Level 31 Hat,290,2026-07-21T22:54:09,115.18,66.0,66.0,66.0,cosmetic,62.144479183807796,True
72,Roboactive,Geisha Boy,3404.59,51–68 keys,2,misc,Level 1-100 Hair,363,2026-07-21T22:54:09,103.84,51.0,68.0,59.5,cosmetic,56.02418956722067,True
72,Roboactive,Hard Counter,3375.98,59 keys,0,misc,Level 1-100 Hat,254,2026-07-21T22:54:09,102.97,59.0,59.0,59.0,cosmetic,55.55339805825243,True
72,Roboactive,Fruit Shoot,3290.15,50–65 keys,5,misc,Level 1-100 Hat,759,2026-07-21T22:54:09,100.35,50.0,65.0,57.5,cosmetic,54.141023531347706,True
72,Roboactive,Respectless Rubber Glove,3204.32,56 keys,5,misc,Level 1-100 Hat,102,2026-07-21T22:54:09,97.73,56.0,56.0,56.0,cosmetic,52.72864900444298,True
72,Roboactive,Brain Bucket,3175.71,52–59 keys,3,misc,Level 1-100 Hat,434,2026-07-21T22:54:09,96.86,52.0,59.0,55.5,cosmetic,52.25785749547474,True
72,Roboactive,Pom-Pommed Provocateur,3147.1,55 keys,2,misc,Level 1-100 Mask,30072,2026-07-21T22:54:09,95.99,55.0,55.0,55.0,cosmetic,51.7870659865065,True
72,Roboactive,Gym Rat,2918.22,51 keys,4,misc,Level 10 Hair,613,2026-07-21T22:54:09,89.01,51.0,51.0,51.0,cosmetic,48.02073391476057,True
72,Roboactive,Madame Dixie,2918.22,51 keys,3,misc,Level 1-100 Hat,321,2026-07-21T22:54:09,89.01,51.0,51.0,51.0,cosmetic,48.02073391476057,True
72,Roboactive,Rimmed Raincatcher,2918.22,48–54 keys,3,misc,Level 1-100 Hat,216,2026-07-21T22:54:09,89.01,48.0,54.0,51.0,cosmetic,48.02073391476057,True
72,Roboactive,Connoisseur's Cap,2861.0,50 keys,2,misc,Level 1-100 Hat,394,2026-07-21T22:54:09,87.26,50.0,50.0,50.0,cosmetic,47.07915089682409,True
72,Roboactive,Pugilist's Protector,2832.39,46–53 keys,3,misc,Level 1-100 Headgear,246,2026-07-21T22:54:09,86.39,46.0,53.0,49.5,cosmetic,46.60835938785585,True
72,Roboactive,Bonk Leadwear,2803.78,49 keys,6,misc,Level 1-100 Helmet,30030,2026-07-21T22:54:09,85.52,49.0,49.0,49.0,cosmetic,46.13756787888761,True
72,Roboactive,Respectless Robo-Glove,2803.78,49 keys,3,misc,Level 1-100 Hat,30039,2026-07-21T22:54:09,85.52,49.0,49.0,49.0,cosmetic,46.13756787888761,True
72,Roboactive,Carouser's Capotain,2746.56,48 keys,5,misc,Level 1-100 Hat,259,2026-07-21T22:54:09,83.77,48.0,48.0,48.0,cosmetic,45.19598486095112,True
72,Roboactive,Gentleman's Gatsby,2689.34,39–55 keys,3,misc,Level 1-100 Hat,184,2026-07-21T22:54:09,82.02,39.0,55.0,47.0,cosmetic,44.25440184301465,True
72,Roboactive,Outdoorsman,2574.9,45 keys,2,misc,Level 10 Hat,603,2026-07-21T22:54:09,78.53,45.0,45.0,45.0,cosmetic,42.37123580714168,True
72,Roboactive,Counterfeit Billycock,2517.68,37–51 keys,3,misc,Level 10 Hat,602,2026-07-21T22:54:09,76.79,37.0,51.0,44.0,cosmetic,41.42965278920519,True
72,Roboactive,Texas Tin-Gallon,2517.68,44 keys,3,misc,Level 1-100 Hat,30044,2026-07-21T22:54:09,76.79,44.0,44.0,44.0,cosmetic,41.42965278920519,True
72,Roboactive,Tungsten Toque,2517.68,40–48 keys,6,misc,Level 1-100 Hat,30049,2026-07-21T22:54:09,76.79,40.0,48.0,44.0,cosmetic,41.42965278920519,True
72,Roboactive,Scout Shako,2231.58,39 keys,1,misc,Level 1-100 Hat,30326,2026-07-21T22:54:09,68.06,39.0,39.0,39.0,cosmetic,36.72173769952279,True
72,Roboactive,Trencher's Topper,2231.58,39 keys,2,misc,Level 1-100 Helmet,30336,2026-07-21T22:54:09,68.06,39.0,39.0,39.0,cosmetic,36.72173769952279,True
72,Roboactive,Helmet without a Home,2117.14,37 keys,3,misc,Level 1-100 Helmet,732,2026-07-21T22:54:09,64.57,37.0,37.0,37.0,cosmetic,34.83857166364982,True
72,Roboactive,Bootleg Base Metal Billycock,2002.7,35 keys,3,misc,Level 1-100 Hat,30047,2026-07-21T22:54:09,61.08,35.0,35.0,35.0,cosmetic,32.95540562777686,True
72,Roboactive,Copper's Hard Top,2002.7,27–43 keys,4,misc,Level 1-100 Helmet,478,2026-07-21T22:54:09,61.08,27.0,43.0,35.0,cosmetic,32.95540562777686,True
72,Roboactive,Magnificent Mongolian,2002.7,35 keys,4,misc,Level 1-100 Hat,313,2026-07-21T22:54:09,61.08,35.0,35.0,35.0,cosmetic,32.95540562777686,True
72,Roboactive,Plumber's Pipe,2002.7,35 keys,6,misc,Level 1-100 Hat,30022,2026-07-21T22:54:09,61.08,35.0,35.0,35.0,cosmetic,32.95540562777686,True
72,Roboactive,Gridiron Guardian,1430.5,25 keys,5,misc,Level 1-100 Helmet,30013,2026-07-21T22:54:09,43.63,25.0,25.0,25.0,cosmetic,23.539575448412045,True
14,Scorching Flames,Skullcap,310132.4,5420 keys,1,misc,Level 1-100 Hat,30578,2026-07-21T22:54:09,9459.04,5420.0,5420.0,5420.0,cosmetic,5103.379957215731,True
14,Scorching Flames,Potassium Bonnet,281522.4,4920 keys,3,misc,Level 1-100 Hat,30643,2026-07-21T22:54:09,8586.43,4920.0,4920.0,4920.0,cosmetic,4632.58844824749,True
14,Scorching Flames,Bedouin Bandana,143050.0,2500 keys,1,misc,Level 1-100 Hood,30768,2026-07-21T22:54:09,4363.02,2500.0,2500.0,2500.0,cosmetic,2353.9575448412043,True
14,Scorching Flames,Lucky Cat Hat,133036.5,2000–2650 keys,2,misc,Level 1-100 Hat,30998,2026-07-21T22:54:09,4057.61,2000.0,2650.0,2325.0,cosmetic,2189.18051670232,True
14,Scorching Flames,Exquisite Rack,131606.0,2300 keys,31,misc,Level 1-100 Cosmetic Item,339,2026-07-21T22:54:09,4013.98,2300.0,2300.0,2300.0,cosmetic,2165.640941253908,True
14,Scorching Flames,Team Captain,130175.5,2200–2350 keys,19,misc,Level 1-100 Hat,378,2026-07-21T22:54:09,3970.35,2200.0,2350.0,2275.0,cosmetic,2142.1013658054962,True
14,Scorching Flames,HazMat Headcase,128745.0,2250 keys,3,misc,Level 1-100 Mask,783,2026-07-21T22:54:09,3926.72,2250.0,2250.0,2250.0,cosmetic,2118.561790357084,True
14,Scorching Flames,Noh Mercy,128745.0,2250 keys,7,misc,Level 1-100 Mask,361,2026-07-21T22:54:09,3926.72,2250.0,2250.0,2250.0,cosmetic,2118.561790357084,True
14,Scorching Flames,Villain's Veil,119446.75,1975–2200 keys,12,misc,Level 1-100 Bandana,393,2026-07-21T22:54:09,3643.13,1975.0,2200.0,2087.5,cosmetic,1965.5545499424056,True
14,Scorching Flames,Bonk Boy,114440.0,2000 keys,11,misc,Level 1-100 Mask,451,2026-07-21T22:54:09,3490.42,2000.0,2000.0,2000.0,cosmetic,1883.1660358729634,True
14,Scorching Flames,Crown of the Old Kingdom,114440.0,2000 keys,7,misc,Level 1-100 Hat,30567,2026-07-21T22:54:09,3490.42,2000.0,2000.0,2000.0,cosmetic,1883.1660358729634,True
14,Scorching Flames,Snowmann,108718.0,1900 keys,1,misc,Level 1-100 Hat,30829,2026-07-21T22:54:09,3315.9,1900.0,1900.0,1900.0,cosmetic,1789.0077340793155,True
14,Scorching Flames,Soldier's Stash,102996.0,1550–2050 keys,23,misc,Level 1-100 Cosmetic Item,54,2026-07-21T22:54:09,3141.38,1550.0,2050.0,1800.0,cosmetic,1694.8494322856673,True
14,Scorching Flames,Blighted Beak,97274.0,1700 keys,35,misc,Level 1-100 Mask,315,2026-07-21T22:54:09,2966.86,1700.0,1700.0,1700.0,cosmetic,1600.691130492019,True
14,Scorching Flames,Onimann,97274.0,1700 keys,1,misc,Level 1-100 Hat,31295,2026-07-21T22:54:09,2966.86,1700.0,1700.0,1700.0,cosmetic,1600.691130492019,True
14,Scorching Flames,Legendary Lid,85830.0,1500 keys,3,misc,Level 1-100 Hat,30868,2026-07-21T22:54:09,2617.82,1500.0,1500.0,1500.0,cosmetic,1412.3745269047226,True
14,Scorching Flames,Head Prize,78677.5,1375 keys,9,misc,Level 1-100 Hat,30838,2026-07-21T22:54:09,2399.66,1375.0,1375.0,1375.0,cosmetic,1294.6766496626624,True
14,Scorching Flames,Das Hazmattenhatten,77247.0,1350 keys,4,misc,Level 1-100 Safety Apparatus,30095,2026-07-21T22:54:09,2356.03,1350.0,1350.0,1350.0,cosmetic,1271.1370742142503,True
14,Scorching Flames,Decorated Veteran,77247.0,1350 keys,3,misc,Level 1-100 Hat,31261,2026-07-21T22:54:09,2356.03,1350.0,1350.0,1350.0,cosmetic,1271.1370742142503,True
14,Scorching Flames,Large Luchador,77247.0,1350 keys,9,misc,Level 1-100 Mask,380,2026-07-21T22:54:09,2356.03,1350.0,1350.0,1350.0,cosmetic,1271.1370742142503,True
14,Scorching Flames,Virtual Viewfinder,75272.91,1004–1627 keys,4,misc,Level 1-100 Headset,30140,2026-07-21T22:54:09,2295.82,1004.0,1627.0,1315.5,cosmetic,1238.6524600954417,True
14,Scorching Flames,Master's Yellow Belt,72955.5,1275 keys,22,misc,Level 1-100 Hat,110,2026-07-21T22:54:09,2225.14,1275.0,1275.0,1275.0,cosmetic,1200.5183478690142,True
14,Scorching Flames,Anger,72669.4,1270 keys,13,misc,Level 10 Hood,518,2026-07-21T22:54:09,2216.42,1270.0,1270.0,1270.0,cosmetic,1195.8104327793317,True
14,Scorching Flames,Pyromancer's Mask,71525.0,1150–1350 keys,46,misc,Level 1-100 Mask,316,2026-07-21T22:54:09,2181.51,1150.0,1350.0,1250.0,cosmetic,1176.9787724206021,True
14,Scorching Flames,Boarder's Beanie,68664.0,1200 keys,1,misc,Level 1-100 Hat,31415,2026-07-21T22:54:09,2094.25,1200.0,1200.0,1200.0,cosmetic,1129.899621523778,True
14,Scorching Flames,Pencil Pusher,60081.0,1050 keys,6,misc,Level 10 Hair,605,2026-07-21T22:54:09,1832.47,1050.0,1050.0,1050.0,cosmetic,988.6621688333058,True
14,Scorching Flames,Trapper's Flap,57220.0,1000 keys,1,misc,Level 1-100 Hat,31323,2026-07-21T22:54:09,1745.21,1000.0,1000.0,1000.0,cosmetic,941.5830179364817,True
14,Scorching Flames,Ballooniphones,56647.8,990 keys,1,misc,Level 1-100 Headphones,31183,2026-07-21T22:54:09,1727.76,990.0,990.0,990.0,cosmetic,932.167187757117,True
14,Scorching Flames,Lil' Bitey,52928.5,840–1010 keys,0,misc,Level 1-100 Hat,30814,2026-07-21T22:54:09,1614.32,840.0,1010.0,925.0,cosmetic,870.9642915912457,True
14,Scorching Flames,Baseball Bill's Sports Shine,51498.0,900 keys,3,misc,Level 1-100 Cosmetic Item,111,2026-07-21T22:54:09,1570.69,900.0,900.0,900.0,cosmetic,847.4247161428336,True
14,Scorching Flames,Le Party Phantom,49209.2,860 keys,34,misc,Level 1-100 Mask,337,2026-07-21T22:54:09,1500.88,860.0,860.0,860.0,cosmetic,809.7613954253743,True
14,Scorching Flames,Cranial Cowl,48637.0,850 keys,1,misc,Level 1-100 Hat,31312,2026-07-21T22:54:09,1483.43,850.0,850.0,850.0,cosmetic,800.3455652460095,True
14,Scorching Flames,Soldered Sensei,48637.0,850 keys,5,misc,Level 1-100 Hat,30004,2026-07-21T22:54:09,1483.43,850.0,850.0,850.0,cosmetic,800.3455652460095,True
14,Scorching Flames,Crone's Dome,44631.6,710–850 keys,98,misc,Level 1-100 Hat,920,2026-07-21T22:54:09,1361.26,710.0,850.0,780.0,cosmetic,734.4347539904558,True
14,Scorching Flames,Patriot Peak,44345.5,775 keys,44,misc,Level 1-100 Hat,30743,2026-07-21T22:54:09,1352.54,775.0,775.0,775.0,cosmetic,729.7268389007734,True
14,Scorching Flames,Mining Light,44059.4,690–850 keys,25,misc,Level 1-100 Cosmetic Item,48,2026-07-21T22:54:09,1343.81,690.0,850.0,770.0,cosmetic,725.018923811091,True
14,Scorching Flames,Gauzed Gaze,41141.18,719 keys,26,misc,Level 1-100 Hat,30786,2026-07-21T22:54:09,1254.81,719.0,719.0,719.0,cosmetic,676.9981898963304,True
14,Scorching Flames,Duck Billed Hatypus,40054.0,700 keys,2,misc,Level 1-100 Hat,30700,2026-07-21T22:54:09,1221.65,700.0,700.0,700.0,cosmetic,659.1081125555372,True
14,Scorching Flames,Ritzy Rick's Hair Fixative,40054.0,700 keys,3,misc,Level 1-100 Cosmetic Item,117,2026-07-21T22:54:09,1221.65,700.0,700.0,700.0,cosmetic,659.1081125555372,True
14,Scorching Flames,War Pig,40054.0,700 keys,20,misc,Level 1-100 Headgear,829,2026-07-21T22:54:09,1221.65,700.0,700.0,700.0,cosmetic,659.1081125555372,True
14,Scorching Flames,Brainiac Hairpiece,36248.87,600–667 keys,2,misc,Level 1-100 Facial Hair,590,2026-07-21T22:54:09,1105.59,600.0,667.0,633.5,cosmetic,596.4928418627612,True
14,Scorching Flames,Killer Exclusive,36048.6,610–650 keys,57,misc,Level 10 Hat,538,2026-07-21T22:54:09,1099.48,610.0,650.0,630.0,cosmetic,593.1973012999835,True
14,Scorching Flames,Whirly Warrior,33187.6,580 keys,30,misc,Level 1-100 Helmet,30118,2026-07-21T22:54:09,1012.22,580.0,580.0,580.0,cosmetic,546.1181504031593,True
14,Scorching Flames,Mean Captain,30898.8,480–600 keys,22,misc,Level 1-100 Hat,31385,2026-07-21T22:54:09,942.41,480.0,600.0,540.0,cosmetic,508.45482968570013,True
14,Scorching Flames,Conjurer's Cowl,30326.6,530 keys,22,misc,Level 1-100 Hood,465,2026-07-21T22:54:09,924.96,530.0,530.0,530.0,cosmetic,499.0389995063353,True
14,Scorching Flames,Mask of the Shaman,30253.278688525,474.77–582.67 keys,1,misc,Level 10 Mask,514,2026-07-21T22:54:09,,474.77,582.67,528.72,cosmetic,497.83246155216386,True
14,Scorching Flames,Killer's Kabuto,29754.4,510–530 keys,28,misc,Level 1-100 Helmet,152,2026-07-21T22:54:09,907.51,510.0,530.0,520.0,cosmetic,489.6231693269705,True
14,Scorching Flames,Scruffed 'n Stitched,28896.1,505 keys,1,misc,Level 1-100 Hat,31429,2026-07-21T22:54:09,881.33,505.0,505.0,505.0,cosmetic,475.49942405792325,True
14,Scorching Flames,Hong Kong Cone,27665.87,467–500 keys,104,misc,Level 1-100 Hat,30177,2026-07-21T22:54:09,843.81,467.0,500.0,483.5,cosmetic,455.2553891722889,True
14,Scorching Flames,Shadow Shroud,27179.5,475 keys,5,misc,Level 1-100 Shroud,31473,2026-07-21T22:54:09,828.97,475.0,475.0,475.0,cosmetic,447.25193351982887,True
14,Scorching Flames,Propaniac,26893.4,470 keys,2,misc,Level 1-100 Hat,31296,2026-07-21T22:54:09,820.25,470.0,470.0,470.0,cosmetic,442.5440184301465,True
14,Scorching Flames,Lucky Shot,26607.3,465 keys,20,misc,Level 1-100 Helmet,701,2026-07-21T22:54:09,811.52,465.0,465.0,465.0,cosmetic,437.83610334046404,True
14,Scorching Flames,Tyrant's Helm,26321.2,460 keys,40,misc,Level 1-100 Helmet,99,2026-07-21T22:54:09,802.8,460.0,460.0,460.0,cosmetic,433.12818825078165,True
14,Scorching Flames,Bread Heads,25977.88,454 keys,6,misc,Level 1-100 Hat,31020,2026-07-21T22:54:09,792.33,454.0,454.0,454.0,cosmetic,427.47869014316274,True
14,Scorching Flames,Bare Necessities,25749.0,450 keys,6,misc,Level 1-100 Hat,31054,2026-07-21T22:54:09,785.34,450.0,450.0,450.0,cosmetic,423.7123580714168,True
14,Scorching Flames,Das Übersternmann,25749.0,450 keys,10,misc,Level 1-100 Hat,30097,2026-07-21T22:54:09,785.34,450.0,450.0,450.0,cosmetic,423.7123580714168,True
14,Scorching Flames,Jungle Wreath,25749.0,450 keys,3,misc,Level 1-100 Hat,30882,2026-07-21T22:54:09,785.34,450.0,450.0,450.0,cosmetic,423.7123580714168,True
14,Scorching Flames,Officer's Ushanka,25749.0,450 keys,18,misc,Level 1-100 Hat,96,2026-07-21T22:54:09,785.34,450.0,450.0,450.0,cosmetic,423.7123580714168,True
14,Scorching Flames,Candy Crown,24375.72,426 keys,2,misc,Level 1-100 Hat,31092,2026-07-21T22:54:09,743.46,426.0,426.0,426.0,cosmetic,401.11436564094123,True
14,Scorching Flames,Hellish Overlord,24032.4,420 keys,1,misc,Level 1-100 Helmet,31481,2026-07-21T22:54:09,732.99,420.0,420.0,420.0,cosmetic,395.4648675333224,True
14,Scorching Flames,Brotherhood of Arms,23917.96,410–426 keys,90,misc,Level 1-100 Hat,30066,2026-07-21T22:54:09,729.5,410.0,426.0,418.0,cosmetic,393.5817014974494,True
14,Scorching Flames,Starboard Crusader,23460.2,410 keys,6,misc,Level 1-100 Hat,30981,2026-07-21T22:54:09,715.54,410.0,410.0,410.0,cosmetic,386.04903735395754,True
14,Scorching Flames,Plumber's Cap,23002.44,402 keys,12,misc,Level 1-100 Hat,30846,2026-07-21T22:54:09,701.57,402.0,402.0,402.0,cosmetic,378.51637321046564,True
14,Scorching Flames,Trophy Belt,22888.0,350–450 keys,20,misc,Level 1-100 Hat,53,2026-07-21T22:54:09,698.08,350.0,450.0,400.0,cosmetic,376.6332071745927,True
14,Scorching Flames,Power Spike,21743.6,380 keys,3,misc,Level 1-100 Hair,31401,2026-07-21T22:54:09,663.18,380.0,380.0,380.0,cosmetic,357.80154681586305,True
14,Scorching Flames,Fortunate Son,20885.3,320–410 keys,24,misc,Level 1-100 Helmet,30636,2026-07-21T22:54:09,637.0,320.0,410.0,365.0,cosmetic,343.67780154681583,True
14,Scorching Flames,Herald's Helm,20885.3,354–376 keys,13,misc,Level 1-100 Helmet,30769,2026-07-21T22:54:09,637.0,354.0,376.0,365.0,cosmetic,343.67780154681583,True
14,Scorching Flames,Troublemaker's Tossle Cap,20885.3,350–380 keys,32,misc,Level 1-100 Hat,150,2026-07-21T22:54:09,637.0,350.0,380.0,365.0,cosmetic,343.67780154681583,True
14,Scorching Flames,El Jefe,20313.1,355 keys,14,misc,Level 10 Hat,539,2026-07-21T22:54:09,619.55,355.0,355.0,355.0,cosmetic,334.261971367451,True
14,Scorching Flames,Reggaelator,20313.1,345–365 keys,15,misc,Level 1-100 Hat,390,2026-07-21T22:54:09,619.55,345.0,365.0,355.0,cosmetic,334.261971367451,True
14,Scorching Flames,Tartan Tyrolean,20084.22,351 keys,6,misc,Level 1-100 Hat,30334,2026-07-21T22:54:09,612.57,351.0,351.0,351.0,cosmetic,330.49563929570513,True
14,Scorching Flames,Das Maddendoktor,20027.0,350 keys,19,misc,Level 1-100 Hair,30121,2026-07-21T22:54:09,610.82,350.0,350.0,350.0,cosmetic,329.5540562777686,True
14,Scorching Flames,Eliminator's Safeguard,20027.0,350 keys,10,misc,Level 1-100 Helmet,30369,2026-07-21T22:54:09,610.82,350.0,350.0,350.0,cosmetic,329.5540562777686,True
14,Scorching Flames,Flamboyant Flamenco,20027.0,350 keys,13,misc,Level 10 Hat,627,2026-07-21T22:54:09,610.82,350.0,350.0,350.0,cosmetic,329.5540562777686,True
14,Scorching Flames,Hat Chocolate,20027.0,350 keys,1,misc,Level 1-100 Hat,31259,2026-07-21T22:54:09,610.82,350.0,350.0,350.0,cosmetic,329.5540562777686,True
14,Scorching Flames,Hellmet,20027.0,350 keys,4,misc,Level 1-100 Helmet,30708,2026-07-21T22:54:09,610.82,350.0,350.0,350.0,cosmetic,329.5540562777686,True
14,Scorching Flames,Hunter in Darkness,20027.0,350 keys,8,misc,Level 1-100 Hat,30877,2026-07-21T22:54:09,610.82,350.0,350.0,350.0,cosmetic,329.5540562777686,True
14,Scorching Flames,Seared Sorcerer,20027.0,350 keys,10,misc,Level 1-100 Hat,31143,2026-07-21T22:54:09,610.82,350.0,350.0,350.0,cosmetic,329.5540562777686,True
14,Scorching Flames,Spook Specs,20027.0,350 keys,17,misc,Level 1-100 Hat,30390,2026-07-21T22:54:09,610.82,350.0,350.0,350.0,cosmetic,329.5540562777686,True
14,Scorching Flames,Towering Patch of Pumpkins,20027.0,350 keys,1,misc,Level 1-100 Hat,31210,2026-07-21T22:54:09,610.82,350.0,350.0,350.0,cosmetic,329.5540562777686,True
14,Scorching Flames,Rotation Sensation,19740.9,345 keys,37,misc,Level 1-100 Hat,30623,2026-07-21T22:54:09,602.1,345.0,345.0,345.0,cosmetic,324.8461411880862,True
14,Scorching Flames,Fancy Fedora,19454.8,340 keys,21,misc,Level 1-100 Hat,55,2026-07-21T22:54:09,593.37,340.0,340.0,340.0,cosmetic,320.1382260984038,True
14,Scorching Flames,All Hallows' Hatte,19397.58,339 keys,3,misc,Level 1-100 Hat,31152,2026-07-21T22:54:09,591.63,339.0,339.0,339.0,cosmetic,319.19664308046737,True
14,Scorching Flames,Glasgow Great Helm,18596.5,325 keys,13,misc,Level 1-100 Helmet,30082,2026-07-21T22:54:09,567.19,325.0,325.0,325.0,cosmetic,306.01448082935656,True
14,Scorching Flames,Samur-Eye,18596.5,300–350 keys,17,misc,Level 1-100 Helmet,359,2026-07-21T22:54:09,567.19,300.0,350.0,325.0,cosmetic,306.01448082935656,True
14,Scorching Flames,Swagman's Swatter,18596.5,325 keys,13,misc,Level 10 Hat,626,2026-07-21T22:54:09,567.19,325.0,325.0,325.0,cosmetic,306.01448082935656,True
14,Scorching Flames,Prince Tavish's Crown,18567.89,316–333 keys,43,misc,Level 1-100 Hat,342,2026-07-21T22:54:09,566.32,316.0,333.0,324.5,cosmetic,305.5436893203883,True
14,Scorching Flames,Bomber's Bucket Hat,18310.4,320 keys,14,misc,Level 1-100 Hat,30547,2026-07-21T22:54:09,558.47,320.0,320.0,320.0,cosmetic,301.30656573967417,True
14,Scorching Flames,Company Man,18310.4,320 keys,11,misc,Level 10 Hat,523,2026-07-21T22:54:09,558.47,320.0,320.0,320.0,cosmetic,301.30656573967417,True
14,Scorching Flames,Misfortune Fedora,18310.4,320 keys,1,misc,Level 1-100 Hat,31136,2026-07-21T22:54:09,558.47,320.0,320.0,320.0,cosmetic,301.30656573967417,True
14,Scorching Flames,Das Gutenkutteharen,17738.2,310 keys,13,misc,Level 1-100 Hair,30127,2026-07-21T22:54:09,541.02,310.0,310.0,310.0,cosmetic,291.89073556030934,True
14,Scorching Flames,Your Worst Nightmare,17738.2,310 keys,17,misc,Level 10 Hair,600,2026-07-21T22:54:09,541.02,310.0,310.0,310.0,cosmetic,291.89073556030934,True
14,Scorching Flames,Backwards Ballcap,17166.0,300 keys,23,misc,Level 10 Hat,617,2026-07-21T22:54:09,523.56,300.0,300.0,300.0,cosmetic,282.4749053809445,True
14,Scorching Flames,Cosa Nostra Cap,17166.0,300 keys,19,misc,Level 1-100 Hat,459,2026-07-21T22:54:09,523.56,300.0,300.0,300.0,cosmetic,282.4749053809445,True
14,Scorching Flames,Dapper Dickens,17166.0,300 keys,4,misc,Level 1-100 Hat,31417,2026-07-21T22:54:09,523.56,300.0,300.0,300.0,cosmetic,282.4749053809445,True
14,Scorching Flames,Demoman's Fro,17166.0,300 keys,25,misc,Level 1-100 Hair,47,2026-07-21T22:54:09,523.56,300.0,300.0,300.0,cosmetic,282.4749053809445,True
14,Scorching Flames,Frag Proof Fragger,17166.0,300 keys,15,misc,Level 1-100 Helmet,30979,2026-07-21T22:54:09,523.56,300.0,300.0,300.0,cosmetic,282.4749053809445,True
14,Scorching Flames,Old Man Frost,17166.0,300 keys,1,misc,Level 1-100 Hat,30589,2026-07-21T22:54:09,523.56,300.0,300.0,300.0,cosmetic,282.4749053809445,True
14,Scorching Flames,Smissmas Saxton,17166.0,300 keys,4,misc,Level 1-100 Hat,31089,2026-07-21T22:54:09,523.56,300.0,300.0,300.0,cosmetic,282.4749053809445,True
14,Scorching Flames,Texas Ten Gallon,17166.0,300 keys,46,misc,Level 1-100 Hat,94,2026-07-21T22:54:09,523.56,300.0,300.0,300.0,cosmetic,282.4749053809445,True
14,Scorching Flames,Dr's Dapper Topper,16879.9,295 keys,24,misc,Level 1-100 Hat,252,2026-07-21T22:54:09,514.84,295.0,295.0,295.0,cosmetic,277.7669902912621,True
14,Scorching Flames,Sergeant's Drill Hat,16879.9,290–300 keys,36,misc,Level 1-100 Hat,183,2026-07-21T22:54:09,514.84,290.0,300.0,295.0,cosmetic,277.7669902912621,True
14,Scorching Flames,Brigade Helm,16593.8,290 keys,36,misc,Level 1-100 Helmet,105,2026-07-21T22:54:09,506.11,290.0,290.0,290.0,cosmetic,273.0590752015797,True
14,Scorching Flames,Jolly Jester,16593.8,290 keys,2,misc,Level 1-100 Hat,31243,2026-07-21T22:54:09,506.11,290.0,290.0,290.0,cosmetic,273.0590752015797,True
14,Scorching Flames,Brothers in Blues,16307.7,285 keys,11,misc,Level 1-100 Hat,31356,2026-07-21T22:54:09,497.38,285.0,285.0,285.0,cosmetic,268.35116011189734,True
14,Scorching Flames,Law,16307.7,240–330 keys,56,misc,Level 1-100 Hat,30362,2026-07-21T22:54:09,497.38,240.0,330.0,285.0,cosmetic,268.35116011189734,True
14,Scorching Flames,Hat with No Name,16164.65,275–290 keys,40,misc,Level 10 Hat,631,2026-07-21T22:54:09,493.02,275.0,290.0,282.5,cosmetic,265.9972025670561,True
14,Scorching Flames,Infernal Impaler,16021.6,280 keys,7,misc,Level 13 Headgear,575,2026-07-21T22:54:09,488.66,280.0,280.0,280.0,cosmetic,263.6432450222149,True
14,Scorching Flames,Tyrantium Helmet,15849.94,277 keys,14,misc,Level 1-100 Helmet,30014,2026-07-21T22:54:09,483.42,277.0,277.0,277.0,cosmetic,260.81849596840544,True
14,Scorching Flames,Black Watch,15735.5,275 keys,7,misc,Level 1-100 Hat,30105,2026-07-21T22:54:09,479.93,275.0,275.0,275.0,cosmetic,258.9353299325325,True
14,Scorching Flames,Frontier Djustice,15735.5,275 keys,12,misc,Level 1-100 Hat,30421,2026-07-21T22:54:09,479.93,275.0,275.0,275.0,cosmetic,258.9353299325325,True
14,Scorching Flames,Prehistoric Pullover,15735.5,275 keys,8,misc,Level 1-100 Hood,30704,2026-07-21T22:54:09,479.93,275.0,275.0,275.0,cosmetic,258.9353299325325,True
14,Scorching Flames,Vintage Tyrolean,15735.5,275 keys,35,misc,Level 1-100 Hat,101,2026-07-21T22:54:09,479.93,275.0,275.0,275.0,cosmetic,258.9353299325325,True
14,Scorching Flames,Cranial Carcharodon,15449.4,270 keys,7,misc,Level 1-100 Hat,30800,2026-07-21T22:54:09,471.21,270.0,270.0,270.0,cosmetic,254.22741484285007,True
14,Scorching Flames,Stainless Pot,15449.4,260–280 keys,33,misc,Level 1-100 Hat,98,2026-07-21T22:54:09,471.21,260.0,280.0,270.0,cosmetic,254.22741484285007,True
14,Scorching Flames,Wraith Wrap,15449.4,270 keys,13,misc,Level 1-100 Apparel,937,2026-07-21T22:54:09,471.21,270.0,270.0,270.0,cosmetic,254.22741484285007,True
14,Scorching Flames,Starlight Sorcerer,15163.3,260–270 keys,9,misc,Level 1-100 Hat,31294,2026-07-21T22:54:09,462.48,260.0,270.0,265.0,cosmetic,249.51949975316765,True
14,Scorching Flames,Scot Bonnet,14877.2,260 keys,2,misc,Level 1-100 Hat,30604,2026-07-21T22:54:09,453.75,260.0,260.0,260.0,cosmetic,244.81158466348526,True
14,Scorching Flames,Salty Dog,14591.1,250–260 keys,48,misc,Level 10 Hat,611,2026-07-21T22:54:09,445.03,250.0,260.0,255.0,cosmetic,240.10366957380285,True
14,Scorching Flames,White Russian,14419.44,252 keys,3,misc,Level 1-100 Hair,30644,2026-07-21T22:54:09,439.79,252.0,252.0,252.0,cosmetic,237.27892051999342,True
14,Scorching Flames,Chieftain's Challenge,14305.0,250 keys,32,misc,Level 1-100 Hat,250,2026-07-21T22:54:09,436.3,250.0,250.0,250.0,cosmetic,235.39575448412043,True
14,Scorching Flames,Colonel Kringle,14305.0,250 keys,3,misc,Level 1-100 Hat,31325,2026-07-21T22:54:09,436.3,250.0,250.0,250.0,cosmetic,235.39575448412043,True
14,Scorching Flames,Furious Fukaamigasa,14305.0,230–270 keys,14,misc,Level 1-100 Hat,395,2026-07-21T22:54:09,436.3,230.0,270.0,250.0,cosmetic,235.39575448412043,True
14,Scorching Flames,Pomade Prince,14305.0,250 keys,13,misc,Level 1-100 Hair,30428,2026-07-21T22:54:09,436.3,250.0,250.0,250.0,cosmetic,235.39575448412043,True
14,Scorching Flames,Pestering Jester,14247.78,249 keys,1,misc,Level 1-100 Hat,30811,2026-07-21T22:54:09,434.56,249.0,249.0,249.0,cosmetic,234.45417146618396,True
14,Scorching Flames,Winter Wrap Up,14247.78,249 keys,10,misc,Level 1-100 Hat,31094,2026-07-21T22:54:09,434.56,249.0,249.0,249.0,cosmetic,234.45417146618396,True
14,Scorching Flames,Well-Rounded Rifleman,13904.46,217–269 keys,54,misc,Level 1-100 Hat,30067,2026-07-21T22:54:09,424.09,217.0,269.0,243.0,cosmetic,228.80467335856505,True
14,Scorching Flames,Head Warmer,13790.02,241 keys,15,misc,Level 1-100 Hat,644,2026-07-21T22:54:09,420.6,241.0,241.0,241.0,cosmetic,226.92150732269212,True
14,Scorching Flames,Cold Killer,13732.8,240 keys,19,misc,Level 1-100 Hat,981,2026-07-21T22:54:09,418.85,240.0,240.0,240.0,cosmetic,225.9799243047556,True
14,Scorching Flames,Rebel Rouser,13732.8,240 keys,13,misc,Level 1-100 Hat,30120,2026-07-21T22:54:09,418.85,240.0,240.0,240.0,cosmetic,225.9799243047556,True
14,Scorching Flames,Ye Olde Baker Boy,13732.8,240 keys,37,misc,Level 1-100 Hat,107,2026-07-21T22:54:09,418.85,240.0,240.0,240.0,cosmetic,225.9799243047556,True
14,Scorching Flames,Siberian Facehugger,13561.14,237 keys,8,misc,Level 1-100 Hat,30588,2026-07-21T22:54:09,413.61,237.0,237.0,237.0,cosmetic,223.15517525094617,True
14,Scorching Flames,Nunhood,13418.09,200–269 keys,15,misc,Level 1-100 Hat,30311,2026-07-21T22:54:09,409.25,200.0,269.0,234.5,cosmetic,220.80121770610498,True
14,Scorching Flames,Honcho's Headgear,13303.65,210–255 keys,19,misc,Level 1-100 Hat,391,2026-07-21T22:54:09,405.76,210.0,255.0,232.5,cosmetic,218.91805167023202,True
14,Scorching Flames,Hat Outta Hell,13160.6,230 keys,26,misc,Level 1-100 Hat,31216,2026-07-21T22:54:09,401.4,230.0,230.0,230.0,cosmetic,216.56409412539082,True
14,Scorching Flames,Tough Stuff Muffs,12988.94,227 keys,36,misc,Level 1-100 Hat,984,2026-07-21T22:54:09,396.16,227.0,227.0,227.0,cosmetic,213.73934507158137,True
14,Scorching Flames,Vive la France,12874.5,225 keys,30,misc,Level 1-100 Hat,30422,2026-07-21T22:54:09,392.67,225.0,225.0,225.0,cosmetic,211.8561790357084,True
14,Scorching Flames,Soviet Gentleman,12588.4,220 keys,6,misc,Level 1-100 Hat,821,2026-07-21T22:54:09,383.95,220.0,220.0,220.0,cosmetic,207.148263946026,True
14,Scorching Flames,Tundra Top,12588.4,190–250 keys,146,misc,Level 1-100 Hat,30976,2026-07-21T22:54:09,383.95,190.0,250.0,220.0,cosmetic,207.148263946026,True
14,Scorching Flames,Burning Question,12445.35,210–225 keys,18,misc,Level 1-100 Hat,30987,2026-07-21T22:54:09,379.58,210.0,225.0,217.5,cosmetic,204.7943064011848,True
14,Scorching Flames,Federal Casemaker,12416.74,215–219 keys,45,misc,Level 1-100 Hat,30119,2026-07-21T22:54:09,378.71,215.0,219.0,217.0,cosmetic,204.32351489221654,True
14,Scorching Flames,Armored Authority,12245.08,214 keys,20,misc,Level 1-100 Helmet,445,2026-07-21T22:54:09,373.47,214.0,214.0,214.0,cosmetic,201.4987658384071,True
14,Scorching Flames,Buccaneer's Bicorne,12016.2,210 keys,16,misc,Level 10 Hat,607,2026-07-21T22:54:09,366.49,210.0,210.0,210.0,cosmetic,197.7324337666612,True
14,Scorching Flames,Charmer's Chapeau,12016.2,210 keys,24,misc,Level 1-100 Hat,397,2026-07-21T22:54:09,366.49,210.0,210.0,210.0,cosmetic,197.7324337666612,True
14,Scorching Flames,Desert Marauder,12016.2,210 keys,17,misc,Level 1-100 Hat,400,2026-07-21T22:54:09,366.49,210.0,210.0,210.0,cosmetic,197.7324337666612,True
14,Scorching Flames,Gentleman's Ushanka,12016.2,210 keys,13,misc,Level 1-100 Hat,778,2026-07-21T22:54:09,366.49,210.0,210.0,210.0,cosmetic,197.7324337666612,True
14,Scorching Flames,Hound Dog,12016.2,210 keys,28,misc,Level 1-100 Hair,145,2026-07-21T22:54:09,366.49,210.0,210.0,210.0,cosmetic,197.7324337666612,True
14,Scorching Flames,Industrial Festivizer,12016.2,210 keys,37,misc,Level 1-100 Hat,338,2026-07-21T22:54:09,366.49,210.0,210.0,210.0,cosmetic,197.7324337666612,True
14,Scorching Flames,Razor Cut,12016.2,210 keys,11,misc,Level 1-100 Hat,30393,2026-07-21T22:54:09,366.49,210.0,210.0,210.0,cosmetic,197.7324337666612,True
14,Scorching Flames,Shadow of Doubt,12016.2,210 keys,4,misc,Level 1-100 Hat,31543,2026-07-21T22:54:09,366.49,210.0,210.0,210.0,cosmetic,197.7324337666612,True
14,Scorching Flames,Détective Noir,11758.71,200–211 keys,36,misc,Level 1-100 Hat,319,2026-07-21T22:54:09,358.64,200.0,211.0,205.5,cosmetic,193.49531018594698,True
14,Scorching Flames,Danger,11730.1,200–210 keys,10,misc,Level 1-100 Apparel,30420,2026-07-21T22:54:09,357.77,200.0,210.0,205.0,cosmetic,193.02451867697877,True
14,Scorching Flames,Horrific Headsplitter,11730.1,205 keys,8,misc,Level 31 Hat,291,2026-07-21T22:54:09,357.77,205.0,205.0,205.0,cosmetic,193.02451867697877,True
14,Scorching Flames,Nasty Norsemann,11730.1,205 keys,4,misc,Level 1-100 Helmet,30810,2026-07-21T22:54:09,357.77,205.0,205.0,205.0,cosmetic,193.02451867697877,True
14,Scorching Flames,A Well Wrapped Hat,11672.88,204 keys,4,misc,Level 1-100 Hat,30746,2026-07-21T22:54:09,356.02,204.0,204.0,204.0,cosmetic,192.08293565904228,True
14,Scorching Flames,Punk's Pomp,11558.44,202 keys,44,misc,Level 1-100 Hair,30993,2026-07-21T22:54:09,352.53,202.0,202.0,202.0,cosmetic,190.19976962316932,True
14,Scorching Flames,Jumper's Jeepcap,11501.22,201 keys,18,misc,Level 1-100 Hat,417,2026-07-21T22:54:09,350.79,201.0,201.0,201.0,cosmetic,189.25818660523282,True
14,Scorching Flames,Flamehawk,11444.0,200 keys,8,misc,Level 1-100 Hair,31107,2026-07-21T22:54:09,349.04,200.0,200.0,200.0,cosmetic,188.31660358729636,True
14,Scorching Flames,Grimm Hatte,11444.0,200 keys,26,misc,Level 1-100 Hat,383,2026-07-21T22:54:09,349.04,200.0,200.0,200.0,cosmetic,188.31660358729636,True
14,Scorching Flames,Sophisticated Smoker,11444.0,200 keys,44,misc,Level 1-100 Hat,31106,2026-07-21T22:54:09,349.04,200.0,200.0,200.0,cosmetic,188.31660358729636,True
14,Scorching Flames,Voodoo Vizier,11329.56,198 keys,5,misc,Level 1-100 Hat,31072,2026-07-21T22:54:09,345.55,198.0,198.0,198.0,cosmetic,186.4334375514234,True
14,Scorching Flames,Cotton Head,11300.95,175–220 keys,92,misc,Level 1-100 Hat,30175,2026-07-21T22:54:09,344.68,175.0,220.0,197.5,cosmetic,185.96264604245516,True
14,Scorching Flames,Batter's Helmet,11272.34,197 keys,21,misc,Level 1-100 Helmet,52,2026-07-21T22:54:09,343.81,197.0,197.0,197.0,cosmetic,185.4918545334869,True
14,Scorching Flames,Belgian Detective,11157.9,195 keys,19,misc,Level 1-100 Hat,30128,2026-07-21T22:54:09,340.32,195.0,195.0,195.0,cosmetic,183.60868849761394,True
14,Scorching Flames,Das Naggenvatcher,11157.9,195 keys,11,misc,Level 1-100 Hat,30109,2026-07-21T22:54:09,340.32,195.0,195.0,195.0,cosmetic,183.60868849761394,True
14,Scorching Flames,Merc's Mohawk,11157.9,190–200 keys,86,misc,Level 1-100 Hair,30413,2026-07-21T22:54:09,340.32,190.0,200.0,195.0,cosmetic,183.60868849761394,True
14,Scorching Flames,Surgeon's Stahlhelm,11157.9,195 keys,14,misc,Level 10 Helmet,616,2026-07-21T22:54:09,340.32,195.0,195.0,195.0,cosmetic,183.60868849761394,True
14,Scorching Flames,Executioner,10871.8,190 keys,88,misc,Level 1-100 Hat,921,2026-07-21T22:54:09,331.59,190.0,190.0,190.0,cosmetic,178.90077340793152,True
14,Scorching Flames,Familiar Fez,10871.8,180–200 keys,21,misc,Level 1-100 Hat,223,2026-07-21T22:54:09,331.59,180.0,200.0,190.0,cosmetic,178.90077340793152,True
14,Scorching Flames,Glengarry Bonnet,10871.8,190 keys,26,misc,Level 1-100 Hat,100,2026-07-21T22:54:09,331.59,190.0,190.0,190.0,cosmetic,178.90077340793152,True
14,Scorching Flames,Teutonic Toque,10871.8,190 keys,10,misc,Level 1-100 Hat,30351,2026-07-21T22:54:09,331.59,190.0,190.0,190.0,cosmetic,178.90077340793152,True
14,Scorching Flames,Thirst Blood,10871.8,190 keys,44,misc,Level 1-100 Hair,30479,2026-07-21T22:54:09,331.59,190.0,190.0,190.0,cosmetic,178.90077340793152,True
14,Scorching Flames,Liquidator's Lid,10814.58,189 keys,21,misc,Level 1-100 Hat,779,2026-07-21T22:54:09,329.84,189.0,189.0,189.0,cosmetic,177.95919038999506,True
14,Scorching Flames,Plaid Lad,10642.92,186 keys,8,misc,Level 1-100 Hat,31341,2026-07-21T22:54:09,324.61,186.0,186.0,186.0,cosmetic,175.1344413361856,True
14,Scorching Flames,A Hat to Kill For,10614.31,167–204 keys,18,misc,Level 1-100 Hat,30753,2026-07-21T22:54:09,323.74,167.0,204.0,185.5,cosmetic,174.66364982721737,True
14,Scorching Flames,Flipped Trilby,10614.31,171–200 keys,41,misc,Level 1-100 Hat,324,2026-07-21T22:54:09,323.74,171.0,200.0,185.5,cosmetic,174.66364982721737,True
14,Scorching Flames,Crit Cloak,10585.7,185 keys,8,misc,Level 1-100 Hood,30899,2026-07-21T22:54:09,322.86,185.0,185.0,185.0,cosmetic,174.19285831824914,True
14,Scorching Flames,Slo-Poke,10585.7,185 keys,11,misc,Level 1-100 Hat,30314,2026-07-21T22:54:09,322.86,185.0,185.0,185.0,cosmetic,174.19285831824914,True
14,Scorching Flames,Millennial Mercenary,10528.48,168–200 keys,3,misc,Level 1-100 Hair,31023,2026-07-21T22:54:09,321.12,168.0,200.0,184.0,cosmetic,173.25127530031264,True
14,Scorching Flames,Modest Pile of Hat,10385.43,160–203 keys,59,misc,Level 1-100 Hat,139,2026-07-21T22:54:09,316.76,160.0,203.0,181.5,cosmetic,170.89731775547145,True
14,Scorching Flames,Big Topper,10299.6,180 keys,2,misc,Level 1-100 Hat,30798,2026-07-21T22:54:09,314.14,180.0,180.0,180.0,cosmetic,169.48494322856672,True
14,Scorching Flames,Feathered Fiend,10299.6,180 keys,6,misc,Level 1-100 Headgear,30903,2026-07-21T22:54:09,314.14,180.0,180.0,180.0,cosmetic,169.48494322856672,True
14,Scorching Flames,Wrap-a-Khamon,10299.6,180 keys,2,misc,Level 1-100 Hat,31132,2026-07-21T22:54:09,314.14,180.0,180.0,180.0,cosmetic,169.48494322856672,True
14,Scorching Flames,Boxcar Bomber,10270.99,169–190 keys,42,misc,Level 1-100 Hat,30546,2026-07-21T22:54:09,313.27,169.0,190.0,179.5,cosmetic,169.0141517195985,True
14,Scorching Flames,Chill Chullo,10242.38,173–185 keys,13,misc,Level 1-100 Hat,30748,2026-07-21T22:54:09,312.39,173.0,185.0,179.0,cosmetic,168.54336021063023,True
14,Scorching Flames,Heer's Helmet,10242.38,166–192 keys,14,misc,Level 1-100 Helmet,30378,2026-07-21T22:54:09,312.39,166.0,192.0,179.0,cosmetic,168.54336021063023,True
14,Scorching Flames,Professional's Panama,10242.38,142–216 keys,26,misc,Level 1-100 Hat,109,2026-07-21T22:54:09,312.39,142.0,216.0,179.0,cosmetic,168.54336021063023,True
14,Scorching Flames,Napper's Respite,10127.94,169–185 keys,23,misc,Level 1-100 Hat,248,2026-07-21T22:54:09,308.9,169.0,185.0,177.0,cosmetic,166.6601941747573,True
14,Scorching Flames,Alakablamicon,10013.5,175 keys,6,misc,Level 1-100 Hat,31215,2026-07-21T22:54:09,305.41,175.0,175.0,175.0,cosmetic,164.7770281388843,True
14,Scorching Flames,Blast Defense,10013.5,175 keys,86,misc,Level 1-100 Headgear,30863,2026-07-21T22:54:09,305.41,175.0,175.0,175.0,cosmetic,164.7770281388843,True
14,Scorching Flames,Defiant Spartan,10013.5,174–176 keys,59,misc,Level 1-100 Helmet,340,2026-07-21T22:54:09,305.41,174.0,176.0,175.0,cosmetic,164.7770281388843,True
14,Scorching Flames,Greased Lightning,10013.5,175 keys,11,misc,Level 1-100 Hair,30078,2026-07-21T22:54:09,305.41,175.0,175.0,175.0,cosmetic,164.7770281388843,True
14,Scorching Flames,Shellmet,10013.5,175 keys,23,misc,Level 1-100 Helmet,30897,2026-07-21T22:54:09,305.41,175.0,175.0,175.0,cosmetic,164.7770281388843,True
14,Scorching Flames,Hat of Cards,9841.84,172 keys,14,misc,Level 1-100 Hat,825,2026-07-21T22:54:09,300.18,172.0,172.0,172.0,cosmetic,161.95227908507488,True
14,Scorching Flames,Scotsman's Stove Pipe,9841.84,172 keys,40,misc,Level 1-100 Hat,120,2026-07-21T22:54:09,300.18,172.0,172.0,172.0,cosmetic,161.95227908507488,True
14,Scorching Flames,Battle Boonie,9727.4,170 keys,14,misc,Level 1-100 Hat,30907,2026-07-21T22:54:09,296.69,170.0,170.0,170.0,cosmetic,160.0691130492019,True
14,Scorching Flames,Berliner's Bucket Helm,9727.4,170 keys,18,misc,Level 1-100 Helmet,303,2026-07-21T22:54:09,296.69,170.0,170.0,170.0,cosmetic,160.0691130492019,True
14,Scorching Flames,Brain Bucket,9727.4,170 keys,23,misc,Level 1-100 Hat,434,2026-07-21T22:54:09,296.69,170.0,170.0,170.0,cosmetic,160.0691130492019,True
14,Scorching Flames,Screamin' Eagle,9727.4,170 keys,8,misc,Level 1-100 Hat,30548,2026-07-21T22:54:09,296.69,170.0,170.0,170.0,cosmetic,160.0691130492019,True
14,Scorching Flames,Front Runner,9612.96,168 keys,38,misc,Level 1-100 Hat,760,2026-07-21T22:54:09,293.2,168.0,168.0,168.0,cosmetic,158.18594701332893,True
14,Scorching Flames,Condor Cap,9584.35,155–180 keys,12,misc,Level 1-100 Hat,30553,2026-07-21T22:54:09,292.32,155.0,180.0,167.5,cosmetic,157.7151555043607,True
14,Scorching Flames,Nuke,9584.35,140–195 keys,21,misc,Level 1-100 Hair,30885,2026-07-21T22:54:09,292.32,140.0,195.0,167.5,cosmetic,157.7151555043607,True
14,Scorching Flames,Dread Hiding Hood,9555.74,167 keys,7,misc,Level 1-100 Hood,1095,2026-07-21T22:54:09,291.45,167.0,167.0,167.0,cosmetic,157.24436399539246,True
14,Scorching Flames,Galvanized Gibus,9555.74,167 keys,110,misc,Level 1-100 Hat,30003,2026-07-21T22:54:09,291.45,167.0,167.0,167.0,cosmetic,157.24436399539246,True
14,Scorching Flames,A Rather Festive Tree,9441.3,165 keys,44,misc,Level 1-100 Hat,341,2026-07-21T22:54:09,287.96,165.0,165.0,165.0,cosmetic,155.36119795951947,True
14,Scorching Flames,Coldsnap Cap,9441.3,160–170 keys,41,misc,Level 1-100 Hat,30542,2026-07-21T22:54:09,287.96,160.0,170.0,165.0,cosmetic,155.36119795951947,True
14,Scorching Flames,Data Mining Light,9441.3,165 keys,15,misc,Level 1-100 Helmet,30051,2026-07-21T22:54:09,287.96,165.0,165.0,165.0,cosmetic,155.36119795951947,True
14,Scorching Flames,Tartan Spartan,9441.3,165 keys,8,misc,Level 1-100 Helmet,30106,2026-07-21T22:54:09,287.96,165.0,165.0,165.0,cosmetic,155.36119795951947,True
14,Scorching Flames,Tam O' Shanter,9384.08,164 keys,12,misc,Level 1-100 Hat,480,2026-07-21T22:54:09,286.21,164.0,164.0,164.0,cosmetic,154.419614941583,True
14,Scorching Flames,One-Man Army,9269.64,162 keys,13,misc,Level 10 Hair,601,2026-07-21T22:54:09,282.72,162.0,162.0,162.0,cosmetic,152.53644890571005,True
14,Scorching Flames,Attendant,9155.2,160 keys,23,misc,Level 1-100 Hat,213,2026-07-21T22:54:09,279.23,160.0,160.0,160.0,cosmetic,150.65328286983708,True
14,Scorching Flames,Coldfront Commander,9155.2,160 keys,13,misc,Level 1-100 Hat,30939,2026-07-21T22:54:09,279.23,160.0,160.0,160.0,cosmetic,150.65328286983708,True
14,Scorching Flames,Geisha Boy,9155.2,160 keys,17,misc,Level 1-100 Hair,363,2026-07-21T22:54:09,279.23,160.0,160.0,160.0,cosmetic,150.65328286983708,True
14,Scorching Flames,Hottie's Hoodie,9155.2,160 keys,16,misc,Level 1-100 Hood,377,2026-07-21T22:54:09,279.23,160.0,160.0,160.0,cosmetic,150.65328286983708,True
14,Scorching Flames,Vintage Merryweather,9155.2,120–200 keys,32,misc,Level 1-100 Helmet,182,2026-07-21T22:54:09,279.23,120.0,200.0,160.0,cosmetic,150.65328286983708,True
14,Scorching Flames,Virus Doctor,9155.2,160 keys,14,misc,Level 1-100 Hat,30043,2026-07-21T22:54:09,279.23,160.0,160.0,160.0,cosmetic,150.65328286983708,True
14,Scorching Flames,Dancing Doe,9040.76,158 keys,62,misc,Level 1-100 Bandana,31045,2026-07-21T22:54:09,275.74,158.0,158.0,158.0,cosmetic,148.77011683396412,True
14,Scorching Flames,Bonk Helm,9012.15,140–175 keys,42,misc,Level 1-100 Helmet,106,2026-07-21T22:54:09,274.87,140.0,175.0,157.5,cosmetic,148.29932532499586,True
14,Scorching Flames,Bear Necessities,8869.1,155 keys,8,misc,Level 1-100 Spirit Animal,30122,2026-07-21T22:54:09,270.51,155.0,155.0,155.0,cosmetic,145.94536778015467,True
14,Scorching Flames,Bunsen Brave,8869.1,155 keys,9,misc,Level 1-100 Hat,30054,2026-07-21T22:54:09,270.51,155.0,155.0,155.0,cosmetic,145.94536778015467,True
14,Scorching Flames,Pyro's Beanie,8869.1,155 keys,18,misc,Level 1-100 Hat,51,2026-07-21T22:54:09,270.51,155.0,155.0,155.0,cosmetic,145.94536778015467,True
14,Scorching Flames,Racc Mann,8869.1,155 keys,8,misc,Level 1-100 Mask,31071,2026-07-21T22:54:09,270.51,155.0,155.0,155.0,cosmetic,145.94536778015467,True
14,Scorching Flames,Reindoonibeanie,8869.1,155 keys,32,misc,Level 1-100 Hat,31171,2026-07-21T22:54:09,270.51,155.0,155.0,155.0,cosmetic,145.94536778015467,True
14,Scorching Flames,Soldier's Slope Scopers,8754.66,153 keys,11,misc,Level 1-100 Hat,980,2026-07-21T22:54:09,267.02,153.0,153.0,153.0,cosmetic,144.0622017442817,True
14,Scorching Flames,Lumbercap,8726.05,150–155 keys,13,misc,Level 1-100 Hat,31326,2026-07-21T22:54:09,266.14,150.0,155.0,152.5,cosmetic,143.59141023531345,True
14,Scorching Flames,Classy Capper,8697.44,148–156 keys,38,misc,Level 1-100 Hat,30893,2026-07-21T22:54:09,265.27,148.0,156.0,152.0,cosmetic,143.12061872634524,True
14,Scorching Flames,Brown Bomber,8611.61,150–151 keys,112,misc,Level 1-100 Hat,671,2026-07-21T22:54:09,262.65,150.0,151.0,150.5,cosmetic,141.70824419944051,True
14,Scorching Flames,Blizzard Bonnet,8583.0,150 keys,5,misc,Level 1-100 Hat,31589,2026-07-21T22:54:09,261.78,150.0,150.0,150.0,cosmetic,141.23745269047225,True
14,Scorching Flames,Grenadier's Softcap,8583.0,150 keys,26,misc,Level 1-100 Hat,227,2026-07-21T22:54:09,261.78,150.0,150.0,150.0,cosmetic,141.23745269047225,True
14,Scorching Flames,Runner's Warm-Up,8583.0,150 keys,7,misc,Level 1-100 Hat,30332,2026-07-21T22:54:09,261.78,150.0,150.0,150.0,cosmetic,141.23745269047225,True
14,Scorching Flames,Smissmas Sorcerer,8583.0,150 keys,3,misc,Level 1-100 Hat,31166,2026-07-21T22:54:09,261.78,150.0,150.0,150.0,cosmetic,141.23745269047225,True
14,Scorching Flames,Vaudeville Visor,8583.0,120–180 keys,22,misc,Level 1-100 Helmet,31461,2026-07-21T22:54:09,261.78,120.0,180.0,150.0,cosmetic,141.23745269047225,True
14,Scorching Flames,Wet Works,8583.0,150 keys,11,misc,Level 1-100 Hat,30135,2026-07-21T22:54:09,261.78,150.0,150.0,150.0,cosmetic,141.23745269047225,True
14,Scorching Flames,Winter Woodsman,8583.0,150 keys,76,misc,Level 1-100 Hat,30549,2026-07-21T22:54:09,261.78,150.0,150.0,150.0,cosmetic,141.23745269047225,True
14,Scorching Flames,Sultan's Ceremonial,8525.78,149 keys,19,misc,Level 1-100 Hat,403,2026-07-21T22:54:09,260.04,149.0,149.0,149.0,cosmetic,140.2958696725358,True
14,Scorching Flames,B'aaarrgh-n-Bicorne,8468.56,148 keys,2,misc,Level 1-100 Hat,30718,2026-07-21T22:54:09,258.29,148.0,148.0,148.0,cosmetic,139.3542866545993,True
14,Scorching Flames,Voodoo JuJu (Slight Return),8468.56,148 keys,7,misc,Level 1-100 Hat,935,2026-07-21T22:54:09,258.29,148.0,148.0,148.0,cosmetic,139.3542866545993,True
14,Scorching Flames,Hermes,8439.95,140–155 keys,17,misc,Level 10 Hat,633,2026-07-21T22:54:09,257.42,140.0,155.0,147.5,cosmetic,138.88349514563106,True
14,Scorching Flames,Thousand-Yard Stare,8439.95,115–180 keys,35,misc,Level 1-100 Hat,31200,2026-07-21T22:54:09,257.42,115.0,180.0,147.5,cosmetic,138.88349514563106,True
14,Scorching Flames,Fleet Commander,8382.73,133–160 keys,10,misc,Level 1-100 Hat,31469,2026-07-21T22:54:09,255.67,133.0,160.0,146.5,cosmetic,137.94191212769456,True
14,Scorching Flames,Breach and Bomb,8296.9,145 keys,16,misc,Level 1-100 Hat,31113,2026-07-21T22:54:09,253.06,145.0,145.0,145.0,cosmetic,136.52953760078984,True
14,Scorching Flames,Brimmed Bootlegger,8296.9,145 keys,15,misc,Level 1-100 Hat,31366,2026-07-21T22:54:09,253.06,145.0,145.0,145.0,cosmetic,136.52953760078984,True
14,Scorching Flames,Caribou Companion,8296.9,145 keys,46,misc,Level 1-100 Hat,30974,2026-07-21T22:54:09,253.06,145.0,145.0,145.0,cosmetic,136.52953760078984,True
14,Scorching Flames,Feathered Foe,8296.9,145 keys,4,misc,Level 1-100 Hat,31559,2026-07-21T22:54:09,253.06,145.0,145.0,145.0,cosmetic,136.52953760078984,True
14,Scorching Flames,Ground Control,8296.9,145 keys,21,misc,Level 1-100 Hat,30338,2026-07-21T22:54:09,253.06,145.0,145.0,145.0,cosmetic,136.52953760078984,True
14,Scorching Flames,Hustler's Hallmark,8296.9,130–160 keys,32,misc,Level 1-100 Hat,146,2026-07-21T22:54:09,253.06,130.0,160.0,145.0,cosmetic,136.52953760078984,True
14,Scorching Flames,Pirate Bandana,8296.9,145 keys,21,misc,Level 1-100 Hat,30180,2026-07-21T22:54:09,253.06,145.0,145.0,145.0,cosmetic,136.52953760078984,True
14,Scorching Flames,Safe'n'Sound,8296.9,145 keys,33,misc,Level 1-100 Hat,178,2026-07-21T22:54:09,253.06,145.0,145.0,145.0,cosmetic,136.52953760078984,True
14,Scorching Flames,Wanderer's Wool,8296.9,145 keys,15,misc,Level 1-100 Hat,31419,2026-07-21T22:54:09,253.06,145.0,145.0,145.0,cosmetic,136.52953760078984,True
14,Scorching Flames,Field Practice,8211.07,142–145 keys,80,misc,Level 1-100 Headgear,30862,2026-07-21T22:54:09,250.44,142.0,145.0,143.5,cosmetic,135.11716307388514,True
14,Scorching Flames,Woolen Warmer,8182.46,143 keys,11,misc,Level 1-100 Hat,30833,2026-07-21T22:54:09,249.57,143.0,143.0,143.0,cosmetic,134.6463715649169,True
14,Scorching Flames,Fed-Fightin' Fedora,8125.24,142 keys,13,misc,Level 1-100 Hat,780,2026-07-21T22:54:09,247.82,142.0,142.0,142.0,cosmetic,133.7047885469804,True
14,Scorching Flames,Allbrero,8010.8,140 keys,10,misc,Level 1-100 Hat,30429,2026-07-21T22:54:09,244.33,140.0,140.0,140.0,cosmetic,131.82162251110745,True
14,Scorching Flames,Cloud Crasher,8010.8,140 keys,38,misc,Level 1-100 Helmet,30071,2026-07-21T22:54:09,244.33,140.0,140.0,140.0,cosmetic,131.82162251110745,True
14,Scorching Flames,Headhunter's Brim,8010.8,140 keys,8,misc,Level 1-100 Hat,31313,2026-07-21T22:54:09,244.33,140.0,140.0,140.0,cosmetic,131.82162251110745,True
14,Scorching Flames,Hollowed Helm,8010.8,140 keys,12,misc,Level 1-100 Hat,31128,2026-07-21T22:54:09,244.33,140.0,140.0,140.0,cosmetic,131.82162251110745,True
14,Scorching Flames,Horror Shawl,8010.8,140 keys,13,misc,Level 1-100 Hat,31304,2026-07-21T22:54:09,244.33,140.0,140.0,140.0,cosmetic,131.82162251110745,True
14,Scorching Flames,Provisions Cap,7953.58,139 keys,4,misc,Level 1-100 Hat,31097,2026-07-21T22:54:09,242.58,139.0,139.0,139.0,cosmetic,130.88003949317095,True
14,Scorching Flames,Burning Beanie,7839.14,137 keys,9,misc,Level 1-100 Hat,30936,2026-07-21T22:54:09,239.09,137.0,137.0,137.0,cosmetic,128.996873457298,True
14,Scorching Flames,Checkered Past,7724.7,135 keys,5,misc,Level 1-100 Hat,31503,2026-07-21T22:54:09,235.6,135.0,135.0,135.0,cosmetic,127.11370742142503,True
14,Scorching Flames,Crocleather Slouch,7724.7,115–155 keys,15,misc,Level 1-100 Hat,344,2026-07-21T22:54:09,235.6,115.0,155.0,135.0,cosmetic,127.11370742142503,True
14,Scorching Flames,El Fiestibrero,7724.7,135 keys,10,misc,Level 1-100 Hat,31241,2026-07-21T22:54:09,235.6,135.0,135.0,135.0,cosmetic,127.11370742142503,True
14,Scorching Flames,Frickin' Sweet Ninja Hood,7724.7,135 keys,24,misc,Level 1-100 Hood,30394,2026-07-21T22:54:09,235.6,135.0,135.0,135.0,cosmetic,127.11370742142503,True
14,Scorching Flames,Whoopee Cap,7581.65,120–145 keys,32,misc,Level 1-100 Hat,174,2026-07-21T22:54:09,231.24,120.0,145.0,132.5,cosmetic,124.75974987658383,True
14,Scorching Flames,Triboniophorus Tyrannus,7524.43,127–136 keys,32,misc,Level 1-100 Mascot,151,2026-07-21T22:54:09,229.5,127.0,136.0,131.5,cosmetic,123.81816685864736,True
14,Scorching Flames,Caribbean Conqueror,7495.82,131 keys,17,misc,Level 1-100 Hat,30116,2026-07-21T22:54:09,228.62,131.0,131.0,131.0,cosmetic,123.34737534967911,True
14,Scorching Flames,Tipped Lid,7495.82,122–140 keys,92,misc,Level 1-100 Hat,30425,2026-07-21T22:54:09,228.62,122.0,140.0,131.0,cosmetic,123.34737534967911,True
14,Scorching Flames,Berlin Brain Bowl,7438.6,130 keys,38,misc,Level 1-100 Headgear,30755,2026-07-21T22:54:09,226.88,130.0,130.0,130.0,cosmetic,122.40579233174263,True
14,Scorching Flames,Deep Cover Operator,7438.6,130 keys,70,misc,Level 1-100 Hat,30375,2026-07-21T22:54:09,226.88,130.0,130.0,130.0,cosmetic,122.40579233174263,True
14,Scorching Flames,Lord Cockswain's Pith Helmet,7438.6,130 keys,19,misc,Level 1-100 Headgear,439,2026-07-21T22:54:09,226.88,130.0,130.0,130.0,cosmetic,122.40579233174263,True
14,Scorching Flames,Private Eye,7438.6,120–140 keys,15,misc,Level 1-100 Hat,388,2026-07-21T22:54:09,226.88,120.0,140.0,130.0,cosmetic,122.40579233174263,True
14,Scorching Flames,Ze Goggles,7438.6,110–150 keys,28,misc,Level 1-100 Glasses,177,2026-07-21T22:54:09,226.88,110.0,150.0,130.0,cosmetic,122.40579233174263,True
14,Scorching Flames,Sheriff's Stetson,7324.16,128 keys,8,misc,Level 1-100 Hat,30634,2026-07-21T22:54:09,223.39,128.0,128.0,128.0,cosmetic,120.52262629586967,True
14,Scorching Flames,Otolaryngologist's Mirror,7295.55,125–130 keys,34,misc,Level 1-100 Hat,104,2026-07-21T22:54:09,222.51,125.0,130.0,127.5,cosmetic,120.05183478690142,True
14,Scorching Flames,Dustbowl Devil,7238.33,103–150 keys,9,misc,Level 1-100 Hat,31297,2026-07-21T22:54:09,220.77,103.0,150.0,126.5,cosmetic,119.11025176896494,True
14,Scorching Flames,Buck's Brim,7152.5,125 keys,5,misc,Level 1-100 Hat,31514,2026-07-21T22:54:09,218.15,125.0,125.0,125.0,cosmetic,117.69787724206022,True
14,Scorching Flames,California Cap,7152.5,125 keys,22,misc,Level 1-100 Hat,31117,2026-07-21T22:54:09,218.15,125.0,125.0,125.0,cosmetic,117.69787724206022,True
14,Scorching Flames,Lawnmaker,7152.5,125 keys,15,misc,Level 1-100 Hat,31272,2026-07-21T22:54:09,218.15,125.0,125.0,125.0,cosmetic,117.69787724206022,True
14,Scorching Flames,Nightbane Brim,7152.5,100–150 keys,10,misc,Level 1-100 Hat,31308,2026-07-21T22:54:09,218.15,100.0,150.0,125.0,cosmetic,117.69787724206022,True
14,Scorching Flames,Pithy Professional,7152.5,120–130 keys,52,misc,Level 1-100 Hat,30915,2026-07-21T22:54:09,218.15,120.0,130.0,125.0,cosmetic,117.69787724206022,True
14,Scorching Flames,Stout Shako,7152.5,125 keys,21,misc,Level 1-100 Hat,251,2026-07-21T22:54:09,218.15,125.0,125.0,125.0,cosmetic,117.69787724206022,True
14,Scorching Flames,Bubble Pipe,7123.89,120–129 keys,9,misc,Level 1-100 Helmet,597,2026-07-21T22:54:09,217.28,120.0,129.0,124.5,cosmetic,117.22708573309198,True
14,Scorching Flames,Commonwealth Commando,7038.06,123 keys,20,misc,Level 1-100 Hat,31459,2026-07-21T22:54:09,214.66,123.0,123.0,123.0,cosmetic,115.81471120618727,True
14,Scorching Flames,Hotrod,6980.84,122 keys,25,misc,Level 1-100 Mask,148,2026-07-21T22:54:09,212.92,122.0,122.0,122.0,cosmetic,114.87312818825077,True
14,Scorching Flames,Football Helmet,6952.23,121–122 keys,17,misc,Level 1-100 Helmet,49,2026-07-21T22:54:09,212.04,121.0,122.0,121.5,cosmetic,114.40233667928253,True
14,Scorching Flames,Gnome Dome,6952.23,103–140 keys,13,misc,Level 1-100 Hat,31242,2026-07-21T22:54:09,212.04,103.0,140.0,121.5,cosmetic,114.40233667928253,True
14,Scorching Flames,Antarctic Eyewear,6895.01,120–121 keys,150,misc,Level 1-100 Apparel,30977,2026-07-21T22:54:09,210.3,120.0,121.0,120.5,cosmetic,113.46075366134606,True
14,Scorching Flames,Big Country,6866.4,120 keys,13,misc,Level 1-100 Hair,382,2026-07-21T22:54:09,209.43,120.0,120.0,120.0,cosmetic,112.9899621523778,True
14,Scorching Flames,Bumble Beenie,6866.4,120 keys,29,misc,Level 1-100 Hat,31085,2026-07-21T22:54:09,209.43,120.0,120.0,120.0,cosmetic,112.9899621523778,True
14,Scorching Flames,Cleaner's Cap,6866.4,120 keys,6,misc,Level 1-100 Hat,31376,2026-07-21T22:54:09,209.43,120.0,120.0,120.0,cosmetic,112.9899621523778,True
14,Scorching Flames,Dark Falkirk Helm,6866.4,120 keys,68,misc,Level 1-100 Helmet,30357,2026-07-21T22:54:09,209.43,120.0,120.0,120.0,cosmetic,112.9899621523778,True
14,Scorching Flames,Frenchman's Beret,6866.4,120 keys,32,misc,Level 1-100 Hat,180,2026-07-21T22:54:09,209.43,120.0,120.0,120.0,cosmetic,112.9899621523778,True
14,Scorching Flames,Fruit Shoot,6866.4,120 keys,28,misc,Level 1-100 Hat,759,2026-07-21T22:54:09,209.43,120.0,120.0,120.0,cosmetic,112.9899621523778,True
14,Scorching Flames,Heavy Duty Rag,6866.4,100–140 keys,29,misc,Level 1-100 Bandana,185,2026-07-21T22:54:09,209.43,100.0,140.0,120.0,cosmetic,112.9899621523778,True
14,Scorching Flames,Panisher,6866.4,120 keys,5,misc,Level 1-100 Dented Pan,31199,2026-07-21T22:54:09,209.43,120.0,120.0,120.0,cosmetic,112.9899621523778,True
14,Scorching Flames,Powdered Practitioner,6866.4,120 keys,39,misc,Level 1-100 Hat,30069,2026-07-21T22:54:09,209.43,120.0,120.0,120.0,cosmetic,112.9899621523778,True
14,Scorching Flames,Waxy Wayfinder,6866.4,120 keys,13,misc,Level 1-100 Hat,753,2026-07-21T22:54:09,209.43,120.0,120.0,120.0,cosmetic,112.9899621523778,True
14,Scorching Flames,Wide-Brimmed Bandito,6866.4,120 keys,8,misc,Level 1-100 Hat,30805,2026-07-21T22:54:09,209.43,120.0,120.0,120.0,cosmetic,112.9899621523778,True
14,Scorching Flames,Baron von Havenaplane,6809.18,119 keys,12,misc,Level 1-100 Hat,30136,2026-07-21T22:54:09,207.68,119.0,119.0,119.0,cosmetic,112.04837913444133,True
14,Scorching Flames,Crustaceous Cowl,6809.18,119 keys,9,misc,Level 1-100 Hat,31194,2026-07-21T22:54:09,207.68,119.0,119.0,119.0,cosmetic,112.04837913444133,True
14,Scorching Flames,Wavefinder,6809.18,119 keys,2,misc,Level 1-100 Headgear,31148,2026-07-21T22:54:09,207.68,119.0,119.0,119.0,cosmetic,112.04837913444133,True
14,Scorching Flames,Brass Bucket,6580.3,115 keys,56,misc,Level 1-100 Helmet,30969,2026-07-21T22:54:09,200.7,115.0,115.0,115.0,cosmetic,108.28204706269541,True
14,Scorching Flames,Dragonborn Helmet,6580.3,115 keys,17,misc,Level 10 Helmet,517,2026-07-21T22:54:09,200.7,115.0,115.0,115.0,cosmetic,108.28204706269541,True
14,Scorching Flames,Pardner's Pompadour,6580.3,115 keys,12,misc,Level 1-100 Hair,30099,2026-07-21T22:54:09,200.7,115.0,115.0,115.0,cosmetic,108.28204706269541,True
14,Scorching Flames,Partizan,6580.3,115 keys,13,misc,Level 1-100 Hat,31329,2026-07-21T22:54:09,200.7,115.0,115.0,115.0,cosmetic,108.28204706269541,True
14,Scorching Flames,Rimmed Raincatcher,6580.3,115 keys,22,misc,Level 1-100 Hat,216,2026-07-21T22:54:09,200.7,115.0,115.0,115.0,cosmetic,108.28204706269541,True
14,Scorching Flames,Smoking Skid Lid,6580.3,115 keys,10,misc,Level 1-100 Hat,30399,2026-07-21T22:54:09,200.7,115.0,115.0,115.0,cosmetic,108.28204706269541,True
14,Scorching Flames,Tavish DeGroot Experience,6580.3,115 keys,15,misc,Level 10 Hat,604,2026-07-21T22:54:09,200.7,115.0,115.0,115.0,cosmetic,108.28204706269541,True
14,Scorching Flames,A Handsome Handy Thing,6523.08,114 keys,9,misc,Level 1-100 Handsome Hand,31129,2026-07-21T22:54:09,198.95,114.0,114.0,114.0,cosmetic,107.34046404475892,True
14,Scorching Flames,Universal Translator,6523.08,110–118 keys,76,misc,Level 1-100 Hat,30658,2026-07-21T22:54:09,198.95,110.0,118.0,114.0,cosmetic,107.34046404475892,True
14,Scorching Flames,Milkman,6465.86,113 keys,22,misc,Level 1-100 Hat,219,2026-07-21T22:54:09,197.21,113.0,113.0,113.0,cosmetic,106.39888102682244,True
14,Scorching Flames,Minnesota Slick,6437.25,90–135 keys,7,misc,Level 1-100 Hair,30315,2026-07-21T22:54:09,196.34,90.0,135.0,112.5,cosmetic,105.9280895178542,True
14,Scorching Flames,Beanie the All-Gnawing,6351.42,111 keys,68,misc,Level 1-100 Hat,31212,2026-07-21T22:54:09,193.72,111.0,111.0,111.0,cosmetic,104.51571499094948,True
14,Scorching Flames,Burning Bandana,6294.2,110 keys,11,misc,Level 1-100 Bandana,30091,2026-07-21T22:54:09,191.97,110.0,110.0,110.0,cosmetic,103.574131973013,True
14,Scorching Flames,Firewall Helmet,6294.2,110 keys,10,misc,Level 1-100 Helmet,30038,2026-07-21T22:54:09,191.97,110.0,110.0,110.0,cosmetic,103.574131973013,True
14,Scorching Flames,Full Metal Drill Hat,6294.2,110 keys,18,misc,Level 1-100 Hat,30026,2026-07-21T22:54:09,191.97,110.0,110.0,110.0,cosmetic,103.574131973013,True
14,Scorching Flames,Giftcrafter,6294.2,100–120 keys,20,misc,Level 1-100 Hat,31246,2026-07-21T22:54:09,191.97,100.0,120.0,110.0,cosmetic,103.574131973013,True
14,Scorching Flames,Hive Minder,6294.2,110 keys,15,misc,Level 1-100 Hat,30093,2026-07-21T22:54:09,191.97,110.0,110.0,110.0,cosmetic,103.574131973013,True
14,Scorching Flames,Noble Amassment of Hats,6294.2,110 keys,63,misc,Level 1-100 Hat,137,2026-07-21T22:54:09,191.97,110.0,110.0,110.0,cosmetic,103.574131973013,True
14,Scorching Flames,Outta Sight,6294.2,110 keys,16,misc,Level 1-100 Hat,30628,2026-07-21T22:54:09,191.97,110.0,110.0,110.0,cosmetic,103.574131973013,True
14,Scorching Flames,Reel Fly Hat,6294.2,110 keys,27,misc,Level 1-100 Hat,31186,2026-07-21T22:54:09,191.97,110.0,110.0,110.0,cosmetic,103.574131973013,True
14,Scorching Flames,Tippler's Tricorne,6236.98,108–110 keys,30,misc,Level 1-100 Hat,179,2026-07-21T22:54:09,190.23,108.0,110.0,109.0,cosmetic,102.6325489550765,True
14,Scorching Flames,Peacenik's Ponytail,6179.76,108 keys,13,misc,Level 1-100 Hair,30406,2026-07-21T22:54:09,188.48,108.0,108.0,108.0,cosmetic,101.69096593714004,True
14,Scorching Flames,Engineer's Cap,6151.15,90–125 keys,27,misc,Level 1-100 Hat,95,2026-07-21T22:54:09,187.61,90.0,125.0,107.5,cosmetic,101.22017442817179,True
14,Scorching Flames,Sinner's Shade,6151.15,105–110 keys,46,misc,Level 1-100 Hat,30959,2026-07-21T22:54:09,187.61,105.0,110.0,107.5,cosmetic,101.22017442817179,True
14,Scorching Flames,Surgeon's Shako,6151.15,98–117 keys,2,misc,Level 1-100 Hat,30596,2026-07-21T22:54:09,187.61,98.0,117.0,107.5,cosmetic,101.22017442817179,True
14,Scorching Flames,Ol' Reliable,6036.71,102–109 keys,6,misc,Level 1-100 Helmet,31345,2026-07-21T22:54:09,184.12,102.0,109.0,105.5,cosmetic,99.33700839229883,True
14,Scorching Flames,Bolted Bicorne,6008.1,105 keys,17,misc,Level 1-100 Hat,30034,2026-07-21T22:54:09,183.25,105.0,105.0,105.0,cosmetic,98.8662168833306,True
14,Scorching Flames,More Gun Marshal,6008.1,105 keys,12,misc,Level 1-100 Hat,31298,2026-07-21T22:54:09,183.25,105.0,105.0,105.0,cosmetic,98.8662168833306,True
14,Scorching Flames,Murderer's Motif,6008.1,105 keys,12,misc,Level 1-100 Hat,31016,2026-07-21T22:54:09,183.25,105.0,105.0,105.0,cosmetic,98.8662168833306,True
14,Scorching Flames,Oktoberfester,6008.1,105 keys,38,misc,Level 1-100 Hat,31344,2026-07-21T22:54:09,183.25,105.0,105.0,105.0,cosmetic,98.8662168833306,True
14,Scorching Flames,SandMann's Brush,6008.1,105 keys,4,misc,Level 1-100 Hat,31178,2026-07-21T22:54:09,183.25,105.0,105.0,105.0,cosmetic,98.8662168833306,True
14,Scorching Flames,Snowcapped,6008.1,105 keys,29,misc,Level 1-100 Hat,31028,2026-07-21T22:54:09,183.25,105.0,105.0,105.0,cosmetic,98.8662168833306,True
14,Scorching Flames,Neckwear Headwear,5979.49,89–120 keys,96,misc,Level 1-100 Hat,30307,2026-07-21T22:54:09,182.37,89.0,120.0,104.5,cosmetic,98.39542537436235,True
14,Scorching Flames,Combustible Kabuto,5865.05,100–105 keys,11,misc,Level 1-100 Hat,30418,2026-07-21T22:54:09,178.88,100.0,105.0,102.5,cosmetic,96.51225933848939,True
14,Scorching Flames,Strigoi Stare,5836.44,102 keys,4,misc,Level 1-100 Hat,31482,2026-07-21T22:54:09,178.01,102.0,102.0,102.0,cosmetic,96.04146782952114,True
14,Scorching Flames,Metal Slug,5779.22,101 keys,12,misc,Level 1-100 Hat,30028,2026-07-21T22:54:09,176.27,101.0,101.0,101.0,cosmetic,95.09988481158466,True
14,Scorching Flames,Sole Mate,5779.22,101 keys,13,misc,Level 1-100 Hat,30355,2026-07-21T22:54:09,176.27,101.0,101.0,101.0,cosmetic,95.09988481158466,True
14,Scorching Flames,Bone Dome,5722.0,100 keys,19,misc,Level 1-100 Helmet,30162,2026-07-21T22:54:09,174.52,100.0,100.0,100.0,cosmetic,94.15830179364818,True
14,Scorching Flames,Brim of Fire,5722.0,100 keys,56,misc,Level 1-100 Hat,31185,2026-07-21T22:54:09,174.52,100.0,100.0,100.0,cosmetic,94.15830179364818,True
14,Scorching Flames,Medic's Mountain Cap,5722.0,100 keys,22,misc,Level 1-100 Hat,381,2026-07-21T22:54:09,174.52,100.0,100.0,100.0,cosmetic,94.15830179364818,True
14,Scorching Flames,Mooshanka,5722.0,100 keys,16,misc,Level 1-100 Hat,31255,2026-07-21T22:54:09,174.52,100.0,100.0,100.0,cosmetic,94.15830179364818,True
14,Scorching Flames,Soda Cap,5722.0,100 keys,1,misc,Level 1-100 Hat,31265,2026-07-21T22:54:09,174.52,100.0,100.0,100.0,cosmetic,94.15830179364818,True
14,Scorching Flames,Texas Tin-Gallon,5722.0,100 keys,12,misc,Level 1-100 Hat,30044,2026-07-21T22:54:09,174.52,100.0,100.0,100.0,cosmetic,94.15830179364818,True
14,Scorching Flames,Valley Forge,5722.0,100 keys,12,misc,Level 1-100 Hat,30114,2026-07-21T22:54:09,174.52,100.0,100.0,100.0,cosmetic,94.15830179364818,True
14,Scorching Flames,Ludicrously Lunatic Lunon Fedora,5664.78,84–114 keys,22,misc,Level 1-100 Hat,31383,2026-07-21T22:54:09,172.78,84.0,114.0,99.0,cosmetic,93.2167187757117,True
14,Scorching Flames,Magistrate's Mullet,5664.78,99 keys,28,misc,Level 1-100 Hair,147,2026-07-21T22:54:09,172.78,99.0,99.0,99.0,cosmetic,93.2167187757117,True
14,Scorching Flames,Slick Cut,5664.78,99 keys,18,misc,Level 1-100 Hair,30187,2026-07-21T22:54:09,172.78,99.0,99.0,99.0,cosmetic,93.2167187757117,True
14,Scorching Flames,Stormin' Norman,5664.78,99 keys,10,misc,Level 1-100 Helmet,30112,2026-07-21T22:54:09,172.78,99.0,99.0,99.0,cosmetic,93.2167187757117,True
14,Scorching Flames,Old Guadalajara,5578.95,90–105 keys,30,misc,Level 1-100 Hat,247,2026-07-21T22:54:09,170.16,90.0,105.0,97.5,cosmetic,91.80434424880697,True
14,Scorching Flames,Globetrotter,5550.34,83–111 keys,6,misc,Level 1-100 Snow Globe,31090,2026-07-21T22:54:09,169.29,83.0,111.0,97.0,cosmetic,91.33355273983874,True
14,Scorching Flames,Impact Impaler,5550.34,83–111 keys,12,misc,Level 1-100 Helmet,31432,2026-07-21T22:54:09,169.29,83.0,111.0,97.0,cosmetic,91.33355273983874,True
14,Scorching Flames,Skullbrero,5550.34,97 keys,6,misc,Level 1-100 Hat,31066,2026-07-21T22:54:09,169.29,97.0,97.0,97.0,cosmetic,91.33355273983874,True
14,Scorching Flames,Brim-Full of Bullets,5435.9,95 keys,28,misc,Level 1-100 Hat,30173,2026-07-21T22:54:09,165.79,95.0,95.0,95.0,cosmetic,89.45038670396576,True
14,Scorching Flames,Bullet Buzz,5435.9,95 keys,15,misc,Level 1-100 Hair,30344,2026-07-21T22:54:09,165.79,95.0,95.0,95.0,cosmetic,89.45038670396576,True
14,Scorching Flames,Buzz Kill,5435.9,95 keys,1,misc,Level 1-100 Hair,31562,2026-07-21T22:54:09,165.79,95.0,95.0,95.0,cosmetic,89.45038670396576,True
14,Scorching Flames,Citizen Cane,5435.9,95 keys,31,misc,Level 1-100 Hat,31091,2026-07-21T22:54:09,165.79,95.0,95.0,95.0,cosmetic,89.45038670396576,True
14,Scorching Flames,Covert Covers,5435.9,95 keys,18,misc,Level 1-100 Hat,31428,2026-07-21T22:54:09,165.79,95.0,95.0,95.0,cosmetic,89.45038670396576,True
14,Scorching Flames,Climbing Commander,5407.29,90–99 keys,64,misc,Level 1-100 Hood,31025,2026-07-21T22:54:09,164.92,90.0,99.0,94.5,cosmetic,88.97959519499753,True
14,Scorching Flames,Frigid Fashion,5378.68,94 keys,13,misc,Level 1-100 Hat,31421,2026-07-21T22:54:09,164.05,94.0,94.0,94.0,cosmetic,88.5088036860293,True
14,Scorching Flames,L'homme Burglerre,5321.46,93 keys,48,misc,Level 1-100 Hat,30182,2026-07-21T22:54:09,162.3,93.0,93.0,93.0,cosmetic,87.5672206680928,True
14,Scorching Flames,Spooky Head-Bouncers,5292.85,80–105 keys,68,misc,Level 1-100 Hat,31209,2026-07-21T22:54:09,161.43,80.0,105.0,92.5,cosmetic,87.09642915912457,True
14,Scorching Flames,Harmburg,5264.24,78–106 keys,11,misc,Level 1-100 Hat,30123,2026-07-21T22:54:09,160.56,78.0,106.0,92.0,cosmetic,86.62563765015632,True
14,Scorching Flames,Timeless Topper,5264.24,92 keys,11,misc,Level 1-100 Hat,30035,2026-07-21T22:54:09,160.56,92.0,92.0,92.0,cosmetic,86.62563765015632,True
14,Scorching Flames,Katyusha,5207.02,91 keys,10,misc,Level 1-100 Hat,30094,2026-07-21T22:54:09,158.81,91.0,91.0,91.0,cosmetic,85.68405463221985,True
14,Scorching Flames,Shoestring Santa,5178.41,81–100 keys,18,misc,Level 1-100 Hat,31169,2026-07-21T22:54:09,157.94,81.0,100.0,90.5,cosmetic,85.2132631232516,True
14,Scorching Flames,Bomb Beanie,5149.8,90 keys,12,misc,Level 1-100 Hat,30823,2026-07-21T22:54:09,157.07,90.0,90.0,90.0,cosmetic,84.74247161428336,True
14,Scorching Flames,Capo's Capper,5149.8,90 keys,15,misc,Level 1-100 Hat,427,2026-07-21T22:54:09,157.07,90.0,90.0,90.0,cosmetic,84.74247161428336,True
14,Scorching Flames,Death Racer's Helmet,5149.8,90 keys,2,misc,Level 1-100 Helmet,30686,2026-07-21T22:54:09,157.07,90.0,90.0,90.0,cosmetic,84.74247161428336,True
14,Scorching Flames,Employee of the Mmmph,5149.8,90 keys,10,misc,Level 1-100 Hat,30416,2026-07-21T22:54:09,157.07,90.0,90.0,90.0,cosmetic,84.74247161428336,True
14,Scorching Flames,Heat Shield,5149.8,90 keys,8,misc,Level 1-100 Shield,31549,2026-07-21T22:54:09,157.07,90.0,90.0,90.0,cosmetic,84.74247161428336,True
14,Scorching Flames,Helmet without a Home,5149.8,90 keys,18,misc,Level 1-100 Helmet,732,2026-07-21T22:54:09,157.07,90.0,90.0,90.0,cosmetic,84.74247161428336,True
14,Scorching Flames,King Cardbeard,5149.8,90 keys,14,misc,Level 1-100 Hat,31130,2026-07-21T22:54:09,157.07,90.0,90.0,90.0,cosmetic,84.74247161428336,True
14,Scorching Flames,Modest Metal Pile of Scrap,5149.8,90 keys,48,misc,Level 1-100 Hat,30001,2026-07-21T22:54:09,157.07,90.0,90.0,90.0,cosmetic,84.74247161428336,True
14,Scorching Flames,Professor's Peculiarity,5149.8,90 keys,11,misc,Level 1-100 Hair,384,2026-07-21T22:54:09,157.07,90.0,90.0,90.0,cosmetic,84.74247161428336,True
14,Scorching Flames,Twisted Topper,5149.8,90 keys,30,misc,Level 1-100 Hat,31211,2026-07-21T22:54:09,157.07,90.0,90.0,90.0,cosmetic,84.74247161428336,True
14,Scorching Flames,Vampire Vanquisher,5149.8,90 keys,36,misc,Level 1-100 Hat,31003,2026-07-21T22:54:09,157.07,90.0,90.0,90.0,cosmetic,84.74247161428336,True
14,Scorching Flames,Big Chief,5092.58,89 keys,14,misc,Level 1-100 Hat,309,2026-07-21T22:54:09,155.32,89.0,89.0,89.0,cosmetic,83.80088859634688,True
14,Scorching Flames,Dapper Noel,5092.58,78–100 keys,22,misc,Level 1-100 Hat,31494,2026-07-21T22:54:09,155.32,78.0,100.0,89.0,cosmetic,83.80088859634688,True
14,Scorching Flames,Warhood,5092.58,89 keys,78,misc,Level 1-100 Hood,30866,2026-07-21T22:54:09,155.32,89.0,89.0,89.0,cosmetic,83.80088859634688,True
14,Scorching Flames,Fire Fighter,5035.36,85–91 keys,32,misc,Level 1-100 Hair,31108,2026-07-21T22:54:09,153.58,85.0,91.0,88.0,cosmetic,82.85930557841039,True
14,Scorching Flames,Gentleman's Gatsby,5035.36,73–103 keys,36,misc,Level 1-100 Hat,184,2026-07-21T22:54:09,153.58,73.0,103.0,88.0,cosmetic,82.85930557841039,True
14,Scorching Flames,Little Buddy,5006.75,75–100 keys,11,misc,Level 10 Hat,612,2026-07-21T22:54:09,152.71,75.0,100.0,87.5,cosmetic,82.38851406944215,True
14,Scorching Flames,Aviator Assassin,4920.92,86 keys,18,misc,Level 1-100 Hat,30404,2026-07-21T22:54:09,150.09,86.0,86.0,86.0,cosmetic,80.97613954253744,True
14,Scorching Flames,Cozy Catchers,4920.92,86 keys,20,misc,Level 1-100 Hat,31250,2026-07-21T22:54:09,150.09,86.0,86.0,86.0,cosmetic,80.97613954253744,True
14,Scorching Flames,Mann of Reason,4920.92,86 keys,15,misc,Level 1-100 Hat,30318,2026-07-21T22:54:09,150.09,86.0,86.0,86.0,cosmetic,80.97613954253744,True
14,Scorching Flames,Strikeout,4920.92,86 keys,12,misc,Level 1-100 Helmet,31480,2026-07-21T22:54:09,150.09,86.0,86.0,86.0,cosmetic,80.97613954253744,True
14,Scorching Flames,Birdcage,4863.7,85 keys,16,misc,Level 10 Hat,615,2026-07-21T22:54:09,148.34,85.0,85.0,85.0,cosmetic,80.03455652460094,True
14,Scorching Flames,Calamitous Cauldron,4863.7,85 keys,10,misc,Level 1-100 Cauldron,31146,2026-07-21T22:54:09,148.34,85.0,85.0,85.0,cosmetic,80.03455652460094,True
14,Scorching Flames,Cool Capuchon,4863.7,85 keys,23,misc,Level 1-100 Hood,31029,2026-07-21T22:54:09,148.34,85.0,85.0,85.0,cosmetic,80.03455652460094,True
14,Scorching Flames,Head Hedge,4863.7,85 keys,57,misc,Level 1-100 Helmet,30978,2026-07-21T22:54:09,148.34,85.0,85.0,85.0,cosmetic,80.03455652460094,True
14,Scorching Flames,Hot Spaniel,4863.7,85 keys,24,misc,Level 1-100 Hat,31497,2026-07-21T22:54:09,148.34,85.0,85.0,85.0,cosmetic,80.03455652460094,True
14,Scorching Flames,Nanobalaclava,4863.7,85 keys,18,misc,Level 10 Hat,521,2026-07-21T22:54:09,148.34,85.0,85.0,85.0,cosmetic,80.03455652460094,True
14,Scorching Flames,Pom-Pommed Provocateur,4863.7,85 keys,10,misc,Level 1-100 Mask,30072,2026-07-21T22:54:09,148.34,85.0,85.0,85.0,cosmetic,80.03455652460094,True
14,Scorching Flames,Sober Stuntman,4863.7,85 keys,42,misc,Level 1-100 Helmet,255,2026-07-21T22:54:09,148.34,85.0,85.0,85.0,cosmetic,80.03455652460094,True
14,Scorching Flames,Squatter's Right,4863.7,85 keys,8,misc,Level 1-100 Hat,31267,2026-07-21T22:54:09,148.34,85.0,85.0,85.0,cosmetic,80.03455652460094,True
14,Scorching Flames,Virtual Reality Headset,4863.7,80–90 keys,17,misc,Level 10 Headset,628,2026-07-21T22:54:09,148.34,80.0,90.0,85.0,cosmetic,80.03455652460094,True
14,Scorching Flames,Human Cannonball,4835.09,84–85 keys,49,misc,Level 1-100 Helmet,817,2026-07-21T22:54:09,147.47,84.0,85.0,84.5,cosmetic,79.56376501563271,True
14,Scorching Flames,Napoleon Complex,4806.48,84 keys,14,misc,Level 1-100 Hat,30360,2026-07-21T22:54:09,146.6,84.0,84.0,84.0,cosmetic,79.09297350666446,True
14,Scorching Flames,Prussian Pickelhaube,4777.87,77–90 keys,17,misc,Level 1-100 Helmet,50,2026-07-21T22:54:09,145.73,77.0,90.0,83.5,cosmetic,78.62218199769623,True
14,Scorching Flames,Phononaut,4749.26,83 keys,6,misc,Level 1-100 Hat,30647,2026-07-21T22:54:09,144.85,83.0,83.0,83.0,cosmetic,78.15139048872798,True
14,Scorching Flames,German Gonzila,4606.21,77–84 keys,40,misc,Level 1-100 Hat,323,2026-07-21T22:54:09,140.49,77.0,84.0,80.5,cosmetic,75.79743294388679,True
14,Scorching Flames,Bat Hat,4577.6,80 keys,28,misc,Level 1-100 Hat,31058,2026-07-21T22:54:09,139.62,80.0,80.0,80.0,cosmetic,75.32664143491854,True
14,Scorching Flames,L'Inspecteur,4577.6,80 keys,11,misc,Level 10 Hat,622,2026-07-21T22:54:09,139.62,80.0,80.0,80.0,cosmetic,75.32664143491854,True
14,Scorching Flames,Mighty Mitre,4577.6,75–85 keys,72,misc,Level 1-100 Hat,31034,2026-07-21T22:54:09,139.62,75.0,85.0,80.0,cosmetic,75.32664143491854,True
14,Scorching Flames,Monsieur Grenouille,4577.6,80 keys,10,misc,Level 1-100 Mascot,31280,2026-07-21T22:54:09,139.62,80.0,80.0,80.0,cosmetic,75.32664143491854,True
14,Scorching Flames,Respectless Rubber Glove,4520.38,79 keys,39,misc,Level 1-100 Hat,102,2026-07-21T22:54:09,137.87,79.0,79.0,79.0,cosmetic,74.38505841698206,True
14,Scorching Flames,Sammy Cap,4520.38,79 keys,8,misc,Level 1-100 Hat,30374,2026-07-21T22:54:09,137.87,79.0,79.0,79.0,cosmetic,74.38505841698206,True
14,Scorching Flames,Scout Shako,4520.38,79 keys,24,misc,Level 1-100 Hat,30326,2026-07-21T22:54:09,137.87,79.0,79.0,79.0,cosmetic,74.38505841698206,True
14,Scorching Flames,Witch Doctor,4463.16,78 keys,17,misc,Level 1-100 Hat,31475,2026-07-21T22:54:09,136.13,78.0,78.0,78.0,cosmetic,73.44347539904558,True
14,Scorching Flames,Tsarboosh,4434.55,75–80 keys,20,misc,Level 1-100 Hat,30081,2026-07-21T22:54:09,135.25,75.0,80.0,77.5,cosmetic,72.97268389007733,True
14,Scorching Flames,Highway Star,4405.94,77 keys,16,misc,Level 1-100 Bandana,31010,2026-07-21T22:54:09,134.38,77.0,77.0,77.0,cosmetic,72.50189238110909,True
14,Scorching Flames,Mannhattan Protect,4405.94,77 keys,7,misc,Level 1-100 Hat,31484,2026-07-21T22:54:09,134.38,77.0,77.0,77.0,cosmetic,72.50189238110909,True
14,Scorching Flames,Scotch Bonnet,4405.94,77 keys,19,misc,Level 1-100 Headgear,306,2026-07-21T22:54:09,134.38,77.0,77.0,77.0,cosmetic,72.50189238110909,True
14,Scorching Flames,Yule Hog,4377.33,72–81 keys,29,misc,Level 1-100 Pork Product,31087,2026-07-21T22:54:09,133.51,72.0,81.0,76.5,cosmetic,72.03110087214085,True
14,Scorching Flames,Towering Pillar of Hats,4348.72,70–82 keys,146,misc,Level 1-100 Hat,135,2026-07-21T22:54:09,132.64,70.0,82.0,76.0,cosmetic,71.56030936317262,True
14,Scorching Flames,Bottle Cap,4291.5,75 keys,24,misc,Level 1-100 Hat,31042,2026-07-21T22:54:09,130.89,75.0,75.0,75.0,cosmetic,70.61872634523613,True
14,Scorching Flames,Daring Dell,4291.5,75 keys,11,misc,Level 1-100 Helmet,31445,2026-07-21T22:54:09,130.89,75.0,75.0,75.0,cosmetic,70.61872634523613,True
14,Scorching Flames,Dead Cone,4291.5,75 keys,12,misc,Level 1-100 Hat,435,2026-07-21T22:54:09,130.89,75.0,75.0,75.0,cosmetic,70.61872634523613,True
14,Scorching Flames,Hawaiian Hunter,4291.5,70–80 keys,98,misc,Level 1-100 Hat,31271,2026-07-21T22:54:09,130.89,70.0,80.0,75.0,cosmetic,70.61872634523613,True
14,Scorching Flames,Pyro's Boron Beanie,4291.5,75 keys,11,misc,Level 1-100 Hat,30040,2026-07-21T22:54:09,130.89,75.0,75.0,75.0,cosmetic,70.61872634523613,True
14,Scorching Flames,Semi-Tame Trapper's Hat,4291.5,75 keys,4,misc,Level 1-100 Mascot,31147,2026-07-21T22:54:09,130.89,75.0,75.0,75.0,cosmetic,70.61872634523613,True
14,Scorching Flames,Sky High Fly Guy,4291.5,75 keys,118,misc,Level 1-100 Hat,30984,2026-07-21T22:54:09,130.89,75.0,75.0,75.0,cosmetic,70.61872634523613,True
14,Scorching Flames,Toy Tailor,4291.5,75 keys,4,misc,Level 1-100 Hat,30327,2026-07-21T22:54:09,130.89,75.0,75.0,75.0,cosmetic,70.61872634523613,True
14,Scorching Flames,Puffy Polar Cap,4262.89,72–77 keys,32,misc,Level 1-100 Hat,30958,2026-07-21T22:54:09,130.02,72.0,77.0,74.5,cosmetic,70.1479348362679,True
14,Scorching Flames,Tough Guy's Toque,4262.89,72–77 keys,24,misc,Level 1-100 Hat,97,2026-07-21T22:54:09,130.02,72.0,77.0,74.5,cosmetic,70.1479348362679,True
14,Scorching Flames,Kiss King,4234.28,60–88 keys,82,misc,Level 1-100 Hat,30313,2026-07-21T22:54:09,129.15,60.0,88.0,74.0,cosmetic,69.67714332729965,True
14,Scorching Flames,Convict Cap,4177.06,73 keys,22,misc,Level 1-100 Hat,31080,2026-07-21T22:54:09,127.4,73.0,73.0,73.0,cosmetic,68.73556030936318,True
14,Scorching Flames,Counterfeit Billycock,4177.06,65–81 keys,14,misc,Level 10 Hat,602,2026-07-21T22:54:09,127.4,65.0,81.0,73.0,cosmetic,68.73556030936318,True
14,Scorching Flames,Stately Steel Toe,4177.06,60–86 keys,19,misc,Level 1-100 Hat,481,2026-07-21T22:54:09,127.4,60.0,86.0,73.0,cosmetic,68.73556030936318,True
14,Scorching Flames,Base Metal Billycock,4119.84,72 keys,10,misc,Level 1-100 Hat,30007,2026-07-21T22:54:09,125.66,72.0,72.0,72.0,cosmetic,67.79397729142669,True
14,Scorching Flames,Hazard Headgear,4119.84,72 keys,8,misc,Level 1-100 Hat,31115,2026-07-21T22:54:09,125.66,72.0,72.0,72.0,cosmetic,67.79397729142669,True
14,Scorching Flames,Hot Dogger,4119.84,64–80 keys,53,misc,Level 10 Hat,614,2026-07-21T22:54:09,125.66,64.0,80.0,72.0,cosmetic,67.79397729142669,True
14,Scorching Flames,Bloke's Bucket Hat,4062.62,67–75 keys,29,misc,Level 1-100 Hat,181,2026-07-21T22:54:09,123.91,67.0,75.0,71.0,cosmetic,66.8523942734902,True
14,Scorching Flames,Larrikin Robin,4062.62,71 keys,35,misc,Level 1-100 Hat,314,2026-07-21T22:54:09,123.91,71.0,71.0,71.0,cosmetic,66.8523942734902,True
14,Scorching Flames,Jolly Jingler,4005.4,70 keys,20,misc,Level 1-100 Hat,31165,2026-07-21T22:54:09,122.16,70.0,70.0,70.0,cosmetic,65.91081125555372,True
14,Scorching Flames,Ye Oiled Baker Boy,3976.79,64–75 keys,30,misc,Level 1-100 Hat,30019,2026-07-21T22:54:09,121.29,64.0,75.0,69.5,cosmetic,65.44001974658548,True
14,Scorching Flames,Nightcap,3948.18,69 keys,18,misc,Level 1-100 Hat,31422,2026-07-21T22:54:09,120.42,69.0,69.0,69.0,cosmetic,64.96922823761724,True
14,Scorching Flames,Connoisseur's Cap,3919.57,64–73 keys,18,misc,Level 1-100 Hat,394,2026-07-21T22:54:09,119.55,64.0,73.0,68.5,cosmetic,64.498436728649,True
14,Scorching Flames,Bonk Leadwear,3862.35,59–76 keys,15,misc,Level 1-100 Helmet,30030,2026-07-21T22:54:09,117.8,59.0,76.0,67.5,cosmetic,63.55685371071252,True
14,Scorching Flames,Backbreaker's Skullcracker,3833.74,67 keys,19,misc,Level 1-100 Helmet,31038,2026-07-21T22:54:09,116.93,67.0,67.0,67.0,cosmetic,63.08606220174428,True
14,Scorching Flames,Throttlehead,3833.74,64–70 keys,116,misc,Level 1-100 Hat,31282,2026-07-21T22:54:09,116.93,64.0,70.0,67.0,cosmetic,63.08606220174428,True
14,Scorching Flames,Wing Mann,3833.74,67 keys,6,misc,Level 1-100 Hat,30809,2026-07-21T22:54:09,116.93,67.0,67.0,67.0,cosmetic,63.08606220174428,True
14,Scorching Flames,Soft Hard Hat,3776.52,66 keys,16,misc,Level 1-100 Hat,31331,2026-07-21T22:54:09,115.18,66.0,66.0,66.0,cosmetic,62.144479183807796,True
14,Scorching Flames,Broadband Bonnet,3719.3,60–70 keys,12,misc,Level 1-100 Hat,30029,2026-07-21T22:54:09,113.44,60.0,70.0,65.0,cosmetic,61.202896165871316,True
14,Scorching Flames,Coupe D'isaster,3719.3,65 keys,49,misc,Level 1-100 Hair,330,2026-07-21T22:54:09,113.44,65.0,65.0,65.0,cosmetic,61.202896165871316,True
14,Scorching Flames,Madame Dixie,3719.3,65 keys,29,misc,Level 1-100 Hat,321,2026-07-21T22:54:09,113.44,65.0,65.0,65.0,cosmetic,61.202896165871316,True
14,Scorching Flames,Second-Head Headwear,3719.3,65 keys,7,misc,Level 1-100 Hat,31214,2026-07-21T22:54:09,113.44,65.0,65.0,65.0,cosmetic,61.202896165871316,True
14,Scorching Flames,Trencher's Topper,3719.3,65 keys,16,misc,Level 1-100 Helmet,30336,2026-07-21T22:54:09,113.44,65.0,65.0,65.0,cosmetic,61.202896165871316,True
14,Scorching Flames,Balkans Brute,3662.08,64 keys,22,misc,Level 1-100 Hat,31434,2026-07-21T22:54:09,111.69,64.0,64.0,64.0,cosmetic,60.261313147934835,True
14,Scorching Flames,Commando Elite,3662.08,64 keys,33,misc,Level 1-100 Helmet,30912,2026-07-21T22:54:09,111.69,64.0,64.0,64.0,cosmetic,60.261313147934835,True
14,Scorching Flames,Conquistador,3662.08,64 keys,11,misc,Level 1-100 Helmet,721,2026-07-21T22:54:09,111.69,64.0,64.0,64.0,cosmetic,60.261313147934835,True
14,Scorching Flames,Firestalker,3662.08,64 keys,18,misc,Level 1-100 Hat,31359,2026-07-21T22:54:09,111.69,64.0,64.0,64.0,cosmetic,60.261313147934835,True
14,Scorching Flames,Handyman's Handle,3662.08,64 keys,30,misc,Level 1-100 Hat,253,2026-07-21T22:54:09,111.69,64.0,64.0,64.0,cosmetic,60.261313147934835,True
14,Scorching Flames,Platinum Pickelhaube,3662.08,64 keys,10,misc,Level 1-100 Helmet,30042,2026-07-21T22:54:09,111.69,64.0,64.0,64.0,cosmetic,60.261313147934835,True
14,Scorching Flames,Trash Man,3662.08,64 keys,12,misc,Level 1-100 Hat,30346,2026-07-21T22:54:09,111.69,64.0,64.0,64.0,cosmetic,60.261313147934835,True
14,Scorching Flames,Pampered Pyro,3604.86,63 keys,15,misc,Level 1-100 Towel,30139,2026-07-21T22:54:09,109.95,63.0,63.0,63.0,cosmetic,59.319730129998355,True
14,Scorching Flames,Polar Bear,3604.86,63 keys,58,misc,Level 1-100 Hat,30964,2026-07-21T22:54:09,109.95,63.0,63.0,63.0,cosmetic,59.319730129998355,True
14,Scorching Flames,FR-0,3547.64,60–64 keys,15,misc,Level 1-100 Hat,30016,2026-07-21T22:54:09,108.2,60.0,64.0,62.0,cosmetic,58.37814711206187,True
14,Scorching Flames,Fried Batter,3547.64,62 keys,52,misc,Level 1-100 Hat,31197,2026-07-21T22:54:09,108.2,62.0,62.0,62.0,cosmetic,58.37814711206187,True
14,Scorching Flames,Bolted Birdcage,3519.03,60–63 keys,9,misc,Level 1-100 Hat,30057,2026-07-21T22:54:09,107.33,60.0,63.0,61.5,cosmetic,57.907355603093634,True
14,Scorching Flames,Blast Bowl,3490.42,61 keys,21,misc,Level 1-100 Helmet,31371,2026-07-21T22:54:09,106.46,61.0,61.0,61.0,cosmetic,57.43656409412539,True
14,Scorching Flames,Crimbo Cap,3490.42,61 keys,19,misc,Level 1-100 Hat,31505,2026-07-21T22:54:09,106.46,61.0,61.0,61.0,cosmetic,57.43656409412539,True
14,Scorching Flames,Noble Nickel Amassment of Hats,3490.42,57–65 keys,90,misc,Level 1-100 Hat,30006,2026-07-21T22:54:09,106.46,57.0,65.0,61.0,cosmetic,57.43656409412539,True
14,Scorching Flames,Titanium Tyrolean,3461.81,56–65 keys,12,misc,Level 1-100 Hat,30045,2026-07-21T22:54:09,105.59,56.0,65.0,60.5,cosmetic,56.96577258515715,True
14,Scorching Flames,Arctic Mole,3433.2,56–64 keys,17,misc,Level 1-100 Hat,31333,2026-07-21T22:54:09,104.71,56.0,64.0,60.0,cosmetic,56.4949810761889,True
14,Scorching Flames,Buckaroo's Hat,3433.2,60 keys,35,misc,Level 1-100 Hat,322,2026-07-21T22:54:09,104.71,60.0,60.0,60.0,cosmetic,56.4949810761889,True
14,Scorching Flames,El Mostacho,3433.2,60 keys,33,misc,Level 1-100 Hat,31074,2026-07-21T22:54:09,104.71,60.0,60.0,60.0,cosmetic,56.4949810761889,True
14,Scorching Flames,Electric Escorter,3433.2,60 keys,14,misc,Level 1-100 Hat,30025,2026-07-21T22:54:09,104.71,60.0,60.0,60.0,cosmetic,56.4949810761889,True
14,Scorching Flames,Halogen Head Lamp,3433.2,60 keys,13,misc,Level 1-100 Hat,30041,2026-07-21T22:54:09,104.71,60.0,60.0,60.0,cosmetic,56.4949810761889,True
14,Scorching Flames,Misdirector,3433.2,60 keys,3,misc,Level 1-100 Hat,31566,2026-07-21T22:54:09,104.71,60.0,60.0,60.0,cosmetic,56.4949810761889,True
14,Scorching Flames,Prancer's Pride,3433.2,60 keys,24,misc,Level 1-100 Hat,318,2026-07-21T22:54:09,104.71,60.0,60.0,60.0,cosmetic,56.4949810761889,True
14,Scorching Flames,Pugilist's Protector,3433.2,60 keys,26,misc,Level 1-100 Headgear,246,2026-07-21T22:54:09,104.71,60.0,60.0,60.0,cosmetic,56.4949810761889,True
14,Scorching Flames,Roaming Roman,3433.2,60 keys,48,misc,Level 1-100 Hat,31198,2026-07-21T22:54:09,104.71,60.0,60.0,60.0,cosmetic,56.4949810761889,True
14,Scorching Flames,Crack Pot,3375.98,59 keys,29,misc,Level 1-100 Flower Pot,31024,2026-07-21T22:54:09,102.97,59.0,59.0,59.0,cosmetic,55.55339805825243,True
14,Scorching Flames,Hunk of Monk,3375.98,59 keys,3,misc,Level 1-100 Hair,31525,2026-07-21T22:54:09,102.97,59.0,59.0,59.0,cosmetic,55.55339805825243,True
14,Scorching Flames,Barnstormer,3318.76,58 keys,9,misc,Level 1-100 Hat,988,2026-07-21T22:54:09,101.22,58.0,58.0,58.0,cosmetic,54.611815040315946,True
14,Scorching Flames,Backbiter's Billycock,3261.54,54–60 keys,29,misc,Level 1-100 Hat,108,2026-07-21T22:54:09,99.48,54.0,60.0,57.0,cosmetic,53.67023202237946,True
14,Scorching Flames,Thunder Dome,3261.54,50–64 keys,17,misc,Level 1-100 Helmet,31391,2026-07-21T22:54:09,99.48,50.0,64.0,57.0,cosmetic,53.67023202237946,True
14,Scorching Flames,Wild Brim Slouch,3261.54,57 keys,36,misc,Level 1-100 Hat,31192,2026-07-21T22:54:09,99.48,57.0,57.0,57.0,cosmetic,53.67023202237946,True
14,Scorching Flames,Aimframe,3232.93,48–65 keys,16,misc,Level 1-100 Helmet,31458,2026-07-21T22:54:09,98.6,48.0,65.0,56.5,cosmetic,53.19944051341122,True
14,Scorching Flames,Towering Titanium Pillar of Hats,3232.93,53–60 keys,68,misc,Level 1-100 Hat,30008,2026-07-21T22:54:09,98.6,53.0,60.0,56.5,cosmetic,53.19944051341122,True
14,Scorching Flames,Splitting Headache,3204.32,56 keys,12,misc,Level 1-100 Headache,31390,2026-07-21T22:54:09,97.73,56.0,56.0,56.0,cosmetic,52.72864900444298,True
14,Scorching Flames,Copper's Hard Top,3147.1,55 keys,23,misc,Level 1-100 Helmet,478,2026-07-21T22:54:09,95.99,55.0,55.0,55.0,cosmetic,51.7870659865065,True
14,Scorching Flames,Dread Knot,3147.1,55 keys,20,misc,Level 1-100 Hair,358,2026-07-21T22:54:09,95.99,55.0,55.0,55.0,cosmetic,51.7870659865065,True
14,Scorching Flames,Plug-In Prospector,3147.1,55 keys,11,misc,Level 1-100 Hat,30031,2026-07-21T22:54:09,95.99,55.0,55.0,55.0,cosmetic,51.7870659865065,True
14,Scorching Flames,Trucker's Topper,3147.1,50–60 keys,52,misc,Level 1-100 Hat,30930,2026-07-21T22:54:09,95.99,50.0,60.0,55.0,cosmetic,51.7870659865065,True
14,Scorching Flames,Frostbite Bonnet,3089.88,54 keys,3,misc,Level 1-100 Hat,31337,2026-07-21T22:54:09,94.24,54.0,54.0,54.0,cosmetic,50.84548296857002,True
14,Scorching Flames,Letch's LED,3089.88,54 keys,15,misc,Level 1-100 Hat,30002,2026-07-21T22:54:09,94.24,54.0,54.0,54.0,cosmetic,50.84548296857002,True
14,Scorching Flames,Bootleg Base Metal Billycock,3032.66,53 keys,11,misc,Level 1-100 Hat,30047,2026-07-21T22:54:09,92.5,53.0,53.0,53.0,cosmetic,49.90389995063353,True
14,Scorching Flames,Crabe de Chapeau,3032.66,53 keys,19,misc,Level 1-100 Hat,31109,2026-07-21T22:54:09,92.5,53.0,53.0,53.0,cosmetic,49.90389995063353,True
14,Scorching Flames,Snack Stack,3032.66,51–55 keys,30,misc,Level 1-100 Snack,31190,2026-07-21T22:54:09,92.5,51.0,55.0,53.0,cosmetic,49.90389995063353,True
14,Scorching Flames,Magnificent Mongolian,2975.44,49–55 keys,43,misc,Level 1-100 Hat,313,2026-07-21T22:54:09,90.75,49.0,55.0,52.0,cosmetic,48.96231693269705,True
14,Scorching Flames,Ol' Snaggletooth,2975.44,52 keys,16,misc,Level 1-100 Hat,229,2026-07-21T22:54:09,90.75,52.0,52.0,52.0,cosmetic,48.96231693269705,True
14,Scorching Flames,Toy Soldier,2975.44,52 keys,88,misc,Level 1-100 Hat,30316,2026-07-21T22:54:09,90.75,52.0,52.0,52.0,cosmetic,48.96231693269705,True
14,Scorching Flames,Big Elfin Deal,2946.83,50–53 keys,21,misc,Level 1-100 Hat,652,2026-07-21T22:54:09,89.88,50.0,53.0,51.5,cosmetic,48.49152542372881,True
14,Scorching Flames,Smokey Sombrero,2946.83,50–53 keys,7,misc,Level 1-100 Hat,30682,2026-07-21T22:54:09,89.88,50.0,53.0,51.5,cosmetic,48.49152542372881,True
14,Scorching Flames,Undercover Brolly,2946.83,48–55 keys,48,misc,Level 1-100 Hat,31262,2026-07-21T22:54:09,89.88,48.0,55.0,51.5,cosmetic,48.49152542372881,True
14,Scorching Flames,Elf Care Provider,2918.22,51 keys,18,misc,Level 1-100 Hat,31176,2026-07-21T22:54:09,89.01,51.0,51.0,51.0,cosmetic,48.02073391476057,True
14,Scorching Flames,Firearm Protector,2918.22,42–60 keys,23,misc,Level 1-100 Hat,31310,2026-07-21T22:54:09,89.01,42.0,60.0,51.0,cosmetic,48.02073391476057,True
14,Scorching Flames,Shutterbug,2918.22,51 keys,21,misc,Level 1-100 Hat,31048,2026-07-21T22:54:09,89.01,51.0,51.0,51.0,cosmetic,48.02073391476057,True
14,Scorching Flames,Bombard Brigadier,2861.0,50 keys,11,misc,Level 1-100 Hat,31309,2026-07-21T22:54:09,87.26,50.0,50.0,50.0,cosmetic,47.07915089682409,True
14,Scorching Flames,Cadaver's Cranium,2861.0,50 keys,10,misc,Level 31 Hat,290,2026-07-21T22:54:09,87.26,50.0,50.0,50.0,cosmetic,47.07915089682409,True
14,Scorching Flames,Janissary Ketche,2861.0,50 keys,22,misc,Level 1-100 Hat,437,2026-07-21T22:54:09,87.26,50.0,50.0,50.0,cosmetic,47.07915089682409,True
14,Scorching Flames,Tungsten Toque,2861.0,50 keys,9,misc,Level 1-100 Hat,30049,2026-07-21T22:54:09,87.26,50.0,50.0,50.0,cosmetic,47.07915089682409,True
14,Scorching Flames,Physician's Protector,2803.78,43–55 keys,7,misc,Level 1-100 Helmet,30625,2026-07-21T22:54:09,85.52,43.0,55.0,49.0,cosmetic,46.13756787888761,True
14,Scorching Flames,Blitzen Bowl,2775.17,44–53 keys,9,misc,Level 1-100 Hat,31175,2026-07-21T22:54:09,84.64,44.0,53.0,48.5,cosmetic,45.66677636991937,True
14,Scorching Flames,Epilogue Locks,2746.56,41–55 keys,74,misc,Level 1-100 Hair,31593,2026-07-21T22:54:09,83.77,41.0,55.0,48.0,cosmetic,45.19598486095112,True
14,Scorching Flames,Bot Dogger,2689.34,47 keys,86,misc,Level 1-100 Hat,30018,2026-07-21T22:54:09,82.02,47.0,47.0,47.0,cosmetic,44.25440184301465,True
14,Scorching Flames,Mann-O-War,2632.12,46 keys,34,misc,Level 1-100 Hat,31008,2026-07-21T22:54:09,80.28,46.0,46.0,46.0,cosmetic,43.31281882507816,True
14,Scorching Flames,Brain Interface,2574.9,43–47 keys,22,misc,Level 1-100 Cosmetic Augmentation,31049,2026-07-21T22:54:09,78.53,43.0,47.0,45.0,cosmetic,42.37123580714168,True
14,Scorching Flames,Pure Tin Capotain,2574.9,45 keys,14,misc,Level 1-100 Hat,30021,2026-07-21T22:54:09,78.53,45.0,45.0,45.0,cosmetic,42.37123580714168,True
14,Scorching Flames,Western Wear,2574.9,45 keys,20,misc,Level 1-100 Hat,379,2026-07-21T22:54:09,78.53,45.0,45.0,45.0,cosmetic,42.37123580714168,True
14,Scorching Flames,Plumber's Pipe,2517.68,44 keys,10,misc,Level 1-100 Hat,30022,2026-07-21T22:54:09,76.79,44.0,44.0,44.0,cosmetic,41.42965278920519,True
14,Scorching Flames,Hephaistos' Handcraft,2460.46,40–46 keys,11,misc,Level 1-100 Helmet,31000,2026-07-21T22:54:09,75.04,40.0,46.0,43.0,cosmetic,40.48806977126872,True
14,Scorching Flames,Telefragger Toque,2460.46,43 keys,10,misc,Level 1-100 Hat,31098,2026-07-21T22:54:09,75.04,43.0,43.0,43.0,cosmetic,40.48806977126872,True
14,Scorching Flames,Carouser's Capotain,2403.24,42 keys,30,misc,Level 1-100 Hat,259,2026-07-21T22:54:09,73.3,42.0,42.0,42.0,cosmetic,39.54648675333223,True
14,Scorching Flames,Missing Piece,2403.24,40–44 keys,29,misc,Level 1-100 Hat,31101,2026-07-21T22:54:09,73.3,40.0,44.0,42.0,cosmetic,39.54648675333223,True
14,Scorching Flames,Airdog,2374.63,40–43 keys,84,misc,Level 1-100 Helmet,30767,2026-07-21T22:54:09,72.43,40.0,43.0,41.5,cosmetic,39.07569524436399,True
14,Scorching Flames,A Head Full of Hot Air,2346.02,40–42 keys,30,misc,Level 1-100 Hat,30662,2026-07-21T22:54:09,71.55,40.0,42.0,41.0,cosmetic,38.60490373539575,True
14,Scorching Flames,Outdoorsman,2317.41,33–48 keys,15,misc,Level 10 Hat,603,2026-07-21T22:54:09,70.68,33.0,48.0,40.5,cosmetic,38.13411222642751,True
14,Scorching Flames,Tank Top,2317.41,32–49 keys,18,misc,Level 1-100 Helmet,31002,2026-07-21T22:54:09,70.68,32.0,49.0,40.5,cosmetic,38.13411222642751,True
14,Scorching Flames,Cattleman's Kettle,2288.8,40 keys,10,misc,Level 1-100 Helmet,31523,2026-07-21T22:54:09,69.81,40.0,40.0,40.0,cosmetic,37.66332071745927,True
14,Scorching Flames,Gym Rat,2288.8,40 keys,8,misc,Level 10 Hair,613,2026-07-21T22:54:09,69.81,40.0,40.0,40.0,cosmetic,37.66332071745927,True
14,Scorching Flames,Respectless Robo-Glove,2288.8,40 keys,11,misc,Level 1-100 Hat,30039,2026-07-21T22:54:09,69.81,40.0,40.0,40.0,cosmetic,37.66332071745927,True
14,Scorching Flames,Shooter's Tin Topi,2288.8,40 keys,9,misc,Level 1-100 Hat,30005,2026-07-21T22:54:09,69.81,40.0,40.0,40.0,cosmetic,37.66332071745927,True
14,Scorching Flames,Steel Shako,2260.19,39–40 keys,16,misc,Level 1-100 Hat,30017,2026-07-21T22:54:09,68.94,39.0,40.0,39.5,cosmetic,37.19252920849103,True
14,Scorching Flames,Spiky Viking,2202.97,37–40 keys,64,misc,Level 1-100 Helmet,31100,2026-07-21T22:54:09,67.19,37.0,40.0,38.5,cosmetic,36.250946190554544,True
14,Scorching Flames,Fat Man's Field Cap,2174.36,35–41 keys,48,misc,Level 1-100 Hat,30911,2026-07-21T22:54:09,66.32,35.0,41.0,38.0,cosmetic,35.78015468158631,True
14,Scorching Flames,Killing Tree,2174.36,38 keys,13,misc,Level 1-100 Hat,31181,2026-07-21T22:54:09,66.32,38.0,38.0,38.0,cosmetic,35.78015468158631,True
14,Scorching Flames,Elf Defense,2117.14,37 keys,9,misc,Level 1-100 Hat,31256,2026-07-21T22:54:09,64.57,37.0,37.0,37.0,cosmetic,34.83857166364982,True
14,Scorching Flames,Ol' Geezer,2088.53,36–37 keys,17,misc,Level 1-100 Hat,399,2026-07-21T22:54:09,63.7,36.0,37.0,36.5,cosmetic,34.36778015468159,True
14,Scorching Flames,Cyborg Stunt Helmet,2059.92,31–41 keys,14,misc,Level 1-100 Helmet,30024,2026-07-21T22:54:09,62.83,31.0,41.0,36.0,cosmetic,33.89698864571334,True
14,Scorching Flames,Head of Defense,2059.92,36 keys,19,misc,Level 1-100 Hat,31114,2026-07-21T22:54:09,62.83,36.0,36.0,36.0,cosmetic,33.89698864571334,True
14,Scorching Flames,Hetman's Headpiece,2031.31,33–38 keys,17,misc,Level 1-100 Hat,436,2026-07-21T22:54:09,61.95,33.0,38.0,35.5,cosmetic,33.4261971367451,True
14,Scorching Flames,Melted Mop,2031.31,34–37 keys,23,misc,Level 1-100 Ice Cream Cone,31041,2026-07-21T22:54:09,61.95,34.0,37.0,35.5,cosmetic,33.4261971367451,True
14,Scorching Flames,Doctor's Sack,2002.7,31–39 keys,15,misc,Level 1-100 Hat,398,2026-07-21T22:54:09,61.08,31.0,39.0,35.0,cosmetic,32.95540562777686,True
14,Scorching Flames,Train of Thought,2002.7,30–40 keys,3,misc,Level 1-100 Hat,31254,2026-07-21T22:54:09,61.08,30.0,40.0,35.0,cosmetic,32.95540562777686,True
14,Scorching Flames,Elf Esteem,1945.48,34 keys,128,misc,Level 1-100 Hat,30836,2026-07-21T22:54:09,59.34,34.0,34.0,34.0,cosmetic,32.01382260984038,True
14,Scorching Flames,Strontium Stove Pipe,1945.48,34 keys,8,misc,Level 1-100 Hat,30037,2026-07-21T22:54:09,59.34,34.0,34.0,34.0,cosmetic,32.01382260984038,True
14,Scorching Flames,Bombing Run,1888.26,32–34 keys,31,misc,Level 1-100 Helmet,249,2026-07-21T22:54:09,57.59,32.0,34.0,33.0,cosmetic,31.072239591903898,True
14,Scorching Flames,Festive Cover-Up,1888.26,33 keys,9,misc,Level 1-100 Hat,31257,2026-07-21T22:54:09,57.59,33.0,33.0,33.0,cosmetic,31.072239591903898,True
14,Scorching Flames,Brain-Warming Wear,1859.65,32–33 keys,106,misc,Level 1-100 Hat,30827,2026-07-21T22:54:09,56.72,32.0,33.0,32.5,cosmetic,30.601448082935658,True
14,Scorching Flames,Bulb Bonnet,1859.65,30–35 keys,22,misc,Level 1-100 Hat,31335,2026-07-21T22:54:09,56.72,30.0,35.0,32.5,cosmetic,30.601448082935658,True
14,Scorching Flames,Shooter's Sola Topi,1859.65,30–35 keys,36,misc,Level 1-100 Helmet,158,2026-07-21T22:54:09,56.72,30.0,35.0,32.5,cosmetic,30.601448082935658,True
14,Scorching Flames,Bazaar Bauble,1630.77,27–30 keys,38,misc,Level 1-100 Hat,31112,2026-07-21T22:54:09,49.74,27.0,30.0,28.5,cosmetic,26.83511601118973,True
14,Scorching Flames,Glow from Below,1630.77,28–29 keys,4,misc,Level 1-100 Fish,31149,2026-07-21T22:54:09,49.74,28.0,29.0,28.5,cosmetic,26.83511601118973,True
14,Scorching Flames,Gridiron Guardian,1544.94,27 keys,18,misc,Level 1-100 Helmet,30013,2026-07-21T22:54:09,47.12,27.0,27.0,27.0,cosmetic,25.42274148428501,True
14,Scorching Flames,Archer's Sterling,1459.11,22–29 keys,20,misc,Level 1-100 Helmet,30874,2026-07-21T22:54:09,44.5,22.0,29.0,25.5,cosmetic,24.010366957380285,True
14,Scorching Flames,Hard Counter,1316.06,21–25 keys,31,misc,Level 1-100 Hat,254,2026-07-21T22:54:09,40.14,21.0,25.0,23.0,cosmetic,21.65640941253908,True
14,Scorching Flames,Balloonihoodie,,,1,misc,Level 1-100 Hood,30928,2026-07-21T22:54:09,,,,,cosmetic,,False
14,Scorching Flames,Dumb Bell,,,3,misc,Level 1-100 Bell,31035,2026-07-21T22:54:09,,,,,cosmetic,,False
14,Scorching Flames,Fur-Lined Fighter,,,11,misc,Level 1-100 Hat,30545,2026-07-21T22:54:09,,,,,cosmetic,,False
14,Scorching Flames,Pyromancer's Hood,,,1,misc,Level 1-100 Hood,30580,2026-07-21T22:54:09,,,,,cosmetic,,False
14,Scorching Flames,Reindoonihorns,,,2,misc,Level 1-100 Hat,31249,2026-07-21T22:54:09,,,,,cosmetic,,False
96,Voltaic Hat Protector,Corona Australis,160216.0,2800 keys,2,misc,Level 1-100 Cosmetic Augmentation,30648,2026-07-21T22:54:09,4886.59,2800.0,2800.0,2800.0,cosmetic,2636.432450222149,True
96,Voltaic Hat Protector,Sucker Slug,57220.0,1000 keys,4,misc,Level 1-100 Hat,30653,2026-07-21T22:54:09,1745.21,1000.0,1000.0,1000.0,cosmetic,941.5830179364817,True
96,Voltaic Hat Protector,Captain Space Mann,46920.4,760–880 keys,18,misc,Level 1-100 Helmet,30646,2026-07-21T22:54:09,1431.07,760.0,880.0,820.0,cosmetic,772.0980747079151,True
96,Voltaic Hat Protector,Phononaut,1888.26,33 keys,92,misc,Level 1-100 Hat,30647,2026-07-21T22:54:09,57.59,33.0,33.0,33.0,cosmetic,31.072239591903898,True
96,Voltaic Hat Protector,Universal Translator,1173.01,19–22 keys,486,misc,Level 1-100 Hat,30658,2026-07-21T22:54:09,35.78,19.0,22.0,20.5,cosmetic,19.302451867697876,True
96,Voltaic Hat Protector,A Head Full of Hot Air,486.37,8–9 keys,175,misc,Level 1-100 Hat,30662,2026-07-21T22:54:09,14.83,8.0,9.0,8.5,cosmetic,8.003455652460095,True
75,Chiroptera Venenata,Bonk Boy,354764.0,6200 keys,1,misc,Level 1-100 Mask,451,2026-07-21T22:54:09,10820.3,6200.0,6200.0,6200.0,cosmetic,5837.814711206187,True
75,Chiroptera Venenata,War Pig,351903.0,6150 keys,2,misc,Level 1-100 Headgear,829,2026-07-21T22:54:09,10733.04,6150.0,6150.0,6150.0,cosmetic,5790.735560309363,True
75,Chiroptera Venenata,Pyromancer's Mask,243185.0,3650–4850 keys,3,misc,Level 1-100 Mask,316,2026-07-21T22:54:09,7417.14,3650.0,4850.0,4250.0,cosmetic,4001.7278262300474,True
75,Chiroptera Venenata,Brainiac Hairpiece,194548.0,3400 keys,1,misc,Level 1-100 Facial Hair,590,2026-07-21T22:54:09,5933.71,3400.0,3400.0,3400.0,cosmetic,3201.382260984038,True
75,Chiroptera Venenata,Cotton Head,185965.0,3250 keys,3,misc,Level 1-100 Hat,30175,2026-07-21T22:54:09,5671.93,3250.0,3250.0,3250.0,cosmetic,3060.144808293566,True
75,Chiroptera Venenata,Well-Rounded Rifleman,171660.0,3000 keys,1,misc,Level 1-100 Hat,30067,2026-07-21T22:54:09,5235.63,3000.0,3000.0,3000.0,cosmetic,2824.7490538094453,True
75,Chiroptera Venenata,Tough Stuff Muffs,131606.0,2300 keys,1,misc,Level 1-100 Hat,984,2026-07-21T22:54:09,4013.98,2300.0,2300.0,2300.0,cosmetic,2165.640941253908,True
75,Chiroptera Venenata,Brown Bomber,123023.0,2150 keys,1,misc,Level 1-100 Hat,671,2026-07-21T22:54:09,3752.2,2150.0,2150.0,2150.0,cosmetic,2024.4034885634358,True
75,Chiroptera Venenata,Flamboyant Flamenco,105857.0,1850 keys,3,misc,Level 10 Hat,627,2026-07-21T22:54:09,3228.64,1850.0,1850.0,1850.0,cosmetic,1741.9285831824914,True
75,Chiroptera Venenata,Conjurer's Cowl,95843.5,1675 keys,3,misc,Level 1-100 Hood,465,2026-07-21T22:54:09,2923.23,1675.0,1675.0,1675.0,cosmetic,1577.151555043607,True
75,Chiroptera Venenata,Large Luchador,91552.0,1600 keys,3,misc,Level 1-100 Mask,380,2026-07-21T22:54:09,2792.34,1600.0,1600.0,1600.0,cosmetic,1506.5328286983708,True
75,Chiroptera Venenata,Killer's Kabuto,90836.75,1500–1675 keys,4,misc,Level 1-100 Helmet,152,2026-07-21T22:54:09,2770.52,1500.0,1675.0,1587.5,cosmetic,1494.7630409741648,True
75,Chiroptera Venenata,Rotation Sensation,85830.0,1500 keys,3,misc,Level 1-100 Hat,30623,2026-07-21T22:54:09,2617.82,1500.0,1500.0,1500.0,cosmetic,1412.3745269047226,True
75,Chiroptera Venenata,Company Man,80108.0,1400 keys,2,misc,Level 10 Hat,523,2026-07-21T22:54:09,2443.29,1400.0,1400.0,1400.0,cosmetic,1318.2162251110744,True
75,Chiroptera Venenata,Dragonborn Helmet,80108.0,1400 keys,1,misc,Level 10 Helmet,517,2026-07-21T22:54:09,2443.29,1400.0,1400.0,1400.0,cosmetic,1318.2162251110744,True
75,Chiroptera Venenata,Flipped Trilby,77247.0,1350 keys,1,misc,Level 1-100 Hat,324,2026-07-21T22:54:09,2356.03,1350.0,1350.0,1350.0,cosmetic,1271.1370742142503,True
75,Chiroptera Venenata,Chieftain's Challenge,71525.0,1250 keys,1,misc,Level 1-100 Hat,250,2026-07-21T22:54:09,2181.51,1250.0,1250.0,1250.0,cosmetic,1176.9787724206021,True
75,Chiroptera Venenata,Crone's Dome,71525.0,1250 keys,0,misc,Level 1-100 Hat,920,2026-07-21T22:54:09,2181.51,1250.0,1250.0,1250.0,cosmetic,1176.9787724206021,True
75,Chiroptera Venenata,Soldier's Slope Scopers,71525.0,1250 keys,3,misc,Level 1-100 Hat,980,2026-07-21T22:54:09,2181.51,1250.0,1250.0,1250.0,cosmetic,1176.9787724206021,True
75,Chiroptera Venenata,Charmer's Chapeau,68664.0,1200 keys,3,misc,Level 1-100 Hat,397,2026-07-21T22:54:09,2094.25,1200.0,1200.0,1200.0,cosmetic,1129.899621523778,True
75,Chiroptera Venenata,Classy Capper,68664.0,1200 keys,4,misc,Level 1-100 Hat,30893,2026-07-21T22:54:09,2094.25,1200.0,1200.0,1200.0,cosmetic,1129.899621523778,True
75,Chiroptera Venenata,Tyrant's Helm,68664.0,1200 keys,4,misc,Level 1-100 Helmet,99,2026-07-21T22:54:09,2094.25,1200.0,1200.0,1200.0,cosmetic,1129.899621523778,True
75,Chiroptera Venenata,Furious Fukaamigasa,65803.0,1150 keys,3,misc,Level 1-100 Hat,395,2026-07-21T22:54:09,2006.99,1150.0,1150.0,1150.0,cosmetic,1082.820470626954,True
75,Chiroptera Venenata,Troublemaker's Tossle Cap,65803.0,1150 keys,2,misc,Level 1-100 Hat,150,2026-07-21T22:54:09,2006.99,1150.0,1150.0,1150.0,cosmetic,1082.820470626954,True
75,Chiroptera Venenata,Napper's Respite,62942.0,1100 keys,3,misc,Level 1-100 Hat,248,2026-07-21T22:54:09,1919.73,1100.0,1100.0,1100.0,cosmetic,1035.74131973013,True
75,Chiroptera Venenata,Modest Pile of Hat,61797.6,1080 keys,2,misc,Level 1-100 Hat,139,2026-07-21T22:54:09,1884.83,1080.0,1080.0,1080.0,cosmetic,1016.9096593714003,True
75,Chiroptera Venenata,Your Worst Nightmare,60653.2,1060 keys,3,misc,Level 10 Hair,600,2026-07-21T22:54:09,1849.92,1060.0,1060.0,1060.0,cosmetic,998.0779990126706,True
75,Chiroptera Venenata,Backbiter's Billycock,60081.0,1050 keys,1,misc,Level 1-100 Hat,108,2026-07-21T22:54:09,1832.47,1050.0,1050.0,1050.0,cosmetic,988.6621688333058,True
75,Chiroptera Venenata,Front Runner,60081.0,1050 keys,2,misc,Level 1-100 Hat,760,2026-07-21T22:54:09,1832.47,1050.0,1050.0,1050.0,cosmetic,988.6621688333058,True
75,Chiroptera Venenata,Master's Yellow Belt,57220.0,1000 keys,2,misc,Level 1-100 Hat,110,2026-07-21T22:54:09,1745.21,1000.0,1000.0,1000.0,cosmetic,941.5830179364817,True
75,Chiroptera Venenata,Nasty Norsemann,57220.0,1000 keys,1,misc,Level 1-100 Helmet,30810,2026-07-21T22:54:09,1745.21,1000.0,1000.0,1000.0,cosmetic,941.5830179364817,True
75,Chiroptera Venenata,Team Captain,57220.0,1000 keys,1,misc,Level 1-100 Hat,378,2026-07-21T22:54:09,1745.21,1000.0,1000.0,1000.0,cosmetic,941.5830179364817,True
75,Chiroptera Venenata,Towering Titanium Pillar of Hats,57220.0,1000 keys,1,misc,Level 1-100 Hat,30008,2026-07-21T22:54:09,1745.21,1000.0,1000.0,1000.0,cosmetic,941.5830179364817,True
75,Chiroptera Venenata,Milkman,54931.2,960 keys,1,misc,Level 1-100 Hat,219,2026-07-21T22:54:09,1675.4,960.0,960.0,960.0,cosmetic,903.9196972190224,True
75,Chiroptera Venenata,Texas Ten Gallon,51784.1,905 keys,2,misc,Level 1-100 Hat,94,2026-07-21T22:54:09,1579.42,905.0,905.0,905.0,cosmetic,852.132631232516,True
75,Chiroptera Venenata,Honcho's Headgear,50811.36,888 keys,2,misc,Level 1-100 Hat,391,2026-07-21T22:54:09,1549.75,888.0,888.0,888.0,cosmetic,836.1257199275958,True
75,Chiroptera Venenata,Anger,49352.25,825–900 keys,2,misc,Level 10 Hood,518,2026-07-21T22:54:09,1505.24,825.0,900.0,862.5,cosmetic,812.1153529702156,True
75,Chiroptera Venenata,Familiar Fez,48637.0,850 keys,3,misc,Level 1-100 Hat,223,2026-07-21T22:54:09,1483.43,850.0,850.0,850.0,cosmetic,800.3455652460095,True
75,Chiroptera Venenata,Bone Dome,46348.2,810 keys,2,misc,Level 1-100 Helmet,30162,2026-07-21T22:54:09,1413.62,810.0,810.0,810.0,cosmetic,762.6822445285502,True
75,Chiroptera Venenata,Hunter in Darkness,45776.0,800 keys,0,misc,Level 1-100 Hat,30877,2026-07-21T22:54:09,1396.17,800.0,800.0,800.0,cosmetic,753.2664143491854,True
75,Chiroptera Venenata,Liquidator's Lid,44631.6,780 keys,5,misc,Level 1-100 Hat,779,2026-07-21T22:54:09,1361.26,780.0,780.0,780.0,cosmetic,734.4347539904558,True
75,Chiroptera Venenata,Data Mining Light,41141.18,719 keys,1,misc,Level 1-100 Helmet,30051,2026-07-21T22:54:09,1254.81,719.0,719.0,719.0,cosmetic,676.9981898963304,True
75,Chiroptera Venenata,Baron von Havenaplane,40054.0,700 keys,3,misc,Level 1-100 Hat,30136,2026-07-21T22:54:09,1221.65,700.0,700.0,700.0,cosmetic,659.1081125555372,True
75,Chiroptera Venenata,Powdered Practitioner,40054.0,700 keys,2,misc,Level 1-100 Hat,30069,2026-07-21T22:54:09,1221.65,700.0,700.0,700.0,cosmetic,659.1081125555372,True
75,Chiroptera Venenata,Pure Tin Capotain,40054.0,700 keys,1,misc,Level 1-100 Hat,30021,2026-07-21T22:54:09,1221.65,700.0,700.0,700.0,cosmetic,659.1081125555372,True
75,Chiroptera Venenata,Safe'n'Sound,40054.0,700 keys,2,misc,Level 1-100 Hat,178,2026-07-21T22:54:09,1221.65,700.0,700.0,700.0,cosmetic,659.1081125555372,True
75,Chiroptera Venenata,Copper's Hard Top,38623.5,675 keys,2,misc,Level 1-100 Helmet,478,2026-07-21T22:54:09,1178.02,675.0,675.0,675.0,cosmetic,635.5685371071252,True
75,Chiroptera Venenata,Grenadier's Softcap,38623.5,675 keys,2,misc,Level 1-100 Hat,227,2026-07-21T22:54:09,1178.02,675.0,675.0,675.0,cosmetic,635.5685371071252,True
75,Chiroptera Venenata,Harmburg,38623.5,675 keys,2,misc,Level 1-100 Hat,30123,2026-07-21T22:54:09,1178.02,675.0,675.0,675.0,cosmetic,635.5685371071252,True
75,Chiroptera Venenata,Smokey Sombrero,38051.3,665 keys,2,misc,Level 1-100 Hat,30682,2026-07-21T22:54:09,1160.56,665.0,665.0,665.0,cosmetic,626.1527069277604,True
75,Chiroptera Venenata,Bolted Bicorne,37965.47,550–777 keys,2,misc,Level 1-100 Hat,30034,2026-07-21T22:54:09,1157.95,550.0,777.0,663.5,cosmetic,624.7403324008557,True
75,Chiroptera Venenata,Détective Noir,37908.25,525–800 keys,1,misc,Level 1-100 Hat,319,2026-07-21T22:54:09,1156.2,525.0,800.0,662.5,cosmetic,623.7987493829191,True
75,Chiroptera Venenata,Hat with No Name,37193.0,650 keys,2,misc,Level 10 Hat,631,2026-07-21T22:54:09,1134.39,650.0,650.0,650.0,cosmetic,612.0289616587131,True
75,Chiroptera Venenata,Pirate Bandana,37193.0,650 keys,2,misc,Level 1-100 Hat,30180,2026-07-21T22:54:09,1134.39,650.0,650.0,650.0,cosmetic,612.0289616587131,True
75,Chiroptera Venenata,Reggaelator,37193.0,650 keys,1,misc,Level 1-100 Hat,390,2026-07-21T22:54:09,1134.39,650.0,650.0,650.0,cosmetic,612.0289616587131,True
75,Chiroptera Venenata,Head Warmer,36048.6,630 keys,1,misc,Level 1-100 Hat,644,2026-07-21T22:54:09,1099.48,630.0,630.0,630.0,cosmetic,593.1973012999835,True
75,Chiroptera Venenata,Triboniophorus Tyrannus,35762.5,625 keys,3,misc,Level 1-100 Mascot,151,2026-07-21T22:54:09,1090.76,625.0,625.0,625.0,cosmetic,588.4893862103011,True
75,Chiroptera Venenata,Slick Cut,35476.4,620 keys,4,misc,Level 1-100 Hair,30187,2026-07-21T22:54:09,1082.03,620.0,620.0,620.0,cosmetic,583.7814711206187,True
75,Chiroptera Venenata,Caribbean Conqueror,34332.0,600 keys,3,misc,Level 1-100 Hat,30116,2026-07-21T22:54:09,1047.13,600.0,600.0,600.0,cosmetic,564.949810761889,True
75,Chiroptera Venenata,Frenchman's Beret,34332.0,600 keys,2,misc,Level 1-100 Hat,180,2026-07-21T22:54:09,1047.13,600.0,600.0,600.0,cosmetic,564.949810761889,True
75,Chiroptera Venenata,Private Eye,33616.75,525–650 keys,3,misc,Level 1-100 Hat,388,2026-07-21T22:54:09,1025.31,525.0,650.0,587.5,cosmetic,553.180023037683,True
75,Chiroptera Venenata,Gentleman's Ushanka,32901.5,575 keys,3,misc,Level 1-100 Hat,778,2026-07-21T22:54:09,1003.5,575.0,575.0,575.0,cosmetic,541.410235313477,True
75,Chiroptera Venenata,Vintage Merryweather,32615.4,570 keys,3,misc,Level 1-100 Helmet,182,2026-07-21T22:54:09,994.77,570.0,570.0,570.0,cosmetic,536.7023202237947,True
75,Chiroptera Venenata,Virtual Reality Headset,32043.2,560 keys,2,misc,Level 10 Headset,628,2026-07-21T22:54:09,977.32,560.0,560.0,560.0,cosmetic,527.2864900444298,True
75,Chiroptera Venenata,Law,31471.0,500–600 keys,1,misc,Level 1-100 Hat,30362,2026-07-21T22:54:09,959.87,500.0,600.0,550.0,cosmetic,517.870659865065,True
75,Chiroptera Venenata,Otolaryngologist's Mirror,31471.0,550 keys,3,misc,Level 1-100 Hat,104,2026-07-21T22:54:09,959.87,550.0,550.0,550.0,cosmetic,517.870659865065,True
75,Chiroptera Venenata,Texas Tin-Gallon,31471.0,550 keys,2,misc,Level 1-100 Hat,30044,2026-07-21T22:54:09,959.87,550.0,550.0,550.0,cosmetic,517.870659865065,True
75,Chiroptera Venenata,Greased Lightning,30040.5,525 keys,1,misc,Level 1-100 Hair,30078,2026-07-21T22:54:09,916.24,525.0,525.0,525.0,cosmetic,494.3310844166529,True
75,Chiroptera Venenata,Western Wear,29754.4,520 keys,4,misc,Level 1-100 Hat,379,2026-07-21T22:54:09,907.51,520.0,520.0,520.0,cosmetic,489.6231693269705,True
75,Chiroptera Venenata,Gentleman's Gatsby,29325.25,475–550 keys,4,misc,Level 1-100 Hat,184,2026-07-21T22:54:09,894.42,475.0,550.0,512.5,cosmetic,482.5612966924469,True
75,Chiroptera Venenata,Bolted Birdcage,29010.54,507 keys,2,misc,Level 1-100 Hat,30057,2026-07-21T22:54:09,884.82,507.0,507.0,507.0,cosmetic,477.3825900937963,True
75,Chiroptera Venenata,Bonk Helm,28610.0,500 keys,2,misc,Level 1-100 Helmet,106,2026-07-21T22:54:09,872.61,500.0,500.0,500.0,cosmetic,470.79150896824086,True
75,Chiroptera Venenata,Bonk Leadwear,28610.0,450–550 keys,2,misc,Level 1-100 Helmet,30030,2026-07-21T22:54:09,872.61,450.0,550.0,500.0,cosmetic,470.79150896824086,True
75,Chiroptera Venenata,Jumper's Jeepcap,28610.0,500 keys,2,misc,Level 1-100 Hat,417,2026-07-21T22:54:09,872.61,500.0,500.0,500.0,cosmetic,470.79150896824086,True
75,Chiroptera Venenata,Surgeon's Stahlhelm,28610.0,500 keys,1,misc,Level 10 Helmet,616,2026-07-21T22:54:09,872.61,500.0,500.0,500.0,cosmetic,470.79150896824086,True
75,Chiroptera Venenata,Tartan Spartan,28610.0,500 keys,2,misc,Level 1-100 Helmet,30106,2026-07-21T22:54:09,872.61,500.0,500.0,500.0,cosmetic,470.79150896824086,True
75,Chiroptera Venenata,Virus Doctor,28610.0,500 keys,2,misc,Level 1-100 Hat,30043,2026-07-21T22:54:09,872.61,500.0,500.0,500.0,cosmetic,470.79150896824086,True
75,Chiroptera Venenata,Hot Dogger,27465.6,395–565 keys,3,misc,Level 10 Hat,614,2026-07-21T22:54:09,837.7,395.0,565.0,480.0,cosmetic,451.9598486095112,True
75,Chiroptera Venenata,Physician's Protector,27408.38,479 keys,2,misc,Level 1-100 Helmet,30625,2026-07-21T22:54:09,835.96,479.0,479.0,479.0,cosmetic,451.0182655915748,True
75,Chiroptera Venenata,Bloke's Bucket Hat,27322.55,390–565 keys,2,misc,Level 1-100 Hat,181,2026-07-21T22:54:09,833.34,390.0,565.0,477.5,cosmetic,449.60589106467,True
75,Chiroptera Venenata,Halogen Head Lamp,27179.5,475 keys,1,misc,Level 1-100 Hat,30041,2026-07-21T22:54:09,828.97,475.0,475.0,475.0,cosmetic,447.25193351982887,True
75,Chiroptera Venenata,Exquisite Rack,26664.52,466 keys,1,misc,Level 1-100 Cosmetic Item,339,2026-07-21T22:54:09,813.27,466.0,466.0,466.0,cosmetic,438.7776863584005,True
75,Chiroptera Venenata,Bunsen Brave,26321.2,460 keys,4,misc,Level 1-100 Hat,30054,2026-07-21T22:54:09,802.8,460.0,460.0,460.0,cosmetic,433.12818825078165,True
75,Chiroptera Venenata,Magnificent Mongolian,26321.2,460 keys,3,misc,Level 1-100 Hat,313,2026-07-21T22:54:09,802.8,460.0,460.0,460.0,cosmetic,433.12818825078165,True
75,Chiroptera Venenata,Scotch Bonnet,25749.0,450 keys,2,misc,Level 1-100 Headgear,306,2026-07-21T22:54:09,785.34,450.0,450.0,450.0,cosmetic,423.7123580714168,True
75,Chiroptera Venenata,Tam O' Shanter,24604.6,430 keys,2,misc,Level 1-100 Hat,480,2026-07-21T22:54:09,750.44,430.0,430.0,430.0,cosmetic,404.88069771268715,True
75,Chiroptera Venenata,Gridiron Guardian,24261.28,424 keys,3,misc,Level 1-100 Helmet,30013,2026-07-21T22:54:09,739.97,424.0,424.0,424.0,cosmetic,399.23119960506824,True
75,Chiroptera Venenata,Gym Rat,23746.3,415 keys,4,misc,Level 10 Hair,613,2026-07-21T22:54:09,724.26,415.0,415.0,415.0,cosmetic,390.75695244363993,True
75,Chiroptera Venenata,Conquistador,23174.1,370–440 keys,2,misc,Level 1-100 Helmet,721,2026-07-21T22:54:09,706.81,370.0,440.0,405.0,cosmetic,381.3411222642751,True
75,Chiroptera Venenata,Chill Chullo,22888.0,400 keys,0,misc,Level 1-100 Hat,30748,2026-07-21T22:54:09,698.08,400.0,400.0,400.0,cosmetic,376.6332071745927,True
75,Chiroptera Venenata,Stainless Pot,22888.0,400 keys,1,misc,Level 1-100 Hat,98,2026-07-21T22:54:09,698.08,400.0,400.0,400.0,cosmetic,376.6332071745927,True
75,Chiroptera Venenata,Commando Elite,22601.9,395 keys,2,misc,Level 1-100 Helmet,30912,2026-07-21T22:54:09,689.36,395.0,395.0,395.0,cosmetic,371.9252920849103,True
75,Chiroptera Venenata,Hound Dog,22029.7,385 keys,1,misc,Level 1-100 Hair,145,2026-07-21T22:54:09,671.91,385.0,385.0,385.0,cosmetic,362.5094619055455,True
75,Chiroptera Venenata,Strontium Stove Pipe,21743.6,355–405 keys,5,misc,Level 1-100 Hat,30037,2026-07-21T22:54:09,663.18,355.0,405.0,380.0,cosmetic,357.80154681586305,True
75,Chiroptera Venenata,Outdoorsman,21171.4,370 keys,1,misc,Level 10 Hat,603,2026-07-21T22:54:09,645.73,370.0,370.0,370.0,cosmetic,348.3857166364983,True
75,Chiroptera Venenata,Rimmed Raincatcher,21171.4,370 keys,1,misc,Level 1-100 Hat,216,2026-07-21T22:54:09,645.73,370.0,370.0,370.0,cosmetic,348.3857166364983,True
75,Chiroptera Venenata,Respectless Robo-Glove,20770.86,363 keys,3,misc,Level 1-100 Hat,30039,2026-07-21T22:54:09,633.51,363.0,363.0,363.0,cosmetic,341.7946355109429,True
75,Chiroptera Venenata,Big Chief,20599.2,320–400 keys,2,misc,Level 1-100 Hat,309,2026-07-21T22:54:09,628.28,320.0,400.0,360.0,cosmetic,338.96988645713344,True
75,Chiroptera Venenata,Base Metal Billycock,20027.0,350 keys,2,misc,Level 1-100 Hat,30007,2026-07-21T22:54:09,610.82,350.0,350.0,350.0,cosmetic,329.5540562777686,True
75,Chiroptera Venenata,Big Elfin Deal,20027.0,350 keys,1,misc,Level 1-100 Hat,652,2026-07-21T22:54:09,610.82,350.0,350.0,350.0,cosmetic,329.5540562777686,True
75,Chiroptera Venenata,Plug-In Prospector,20027.0,350 keys,2,misc,Level 1-100 Hat,30031,2026-07-21T22:54:09,610.82,350.0,350.0,350.0,cosmetic,329.5540562777686,True
75,Chiroptera Venenata,Galvanized Gibus,19454.8,340 keys,2,misc,Level 1-100 Hat,30003,2026-07-21T22:54:09,593.37,340.0,340.0,340.0,cosmetic,320.1382260984038,True
75,Chiroptera Venenata,Scotsman's Stove Pipe,19454.8,340 keys,1,misc,Level 1-100 Hat,120,2026-07-21T22:54:09,593.37,340.0,340.0,340.0,cosmetic,320.1382260984038,True
75,Chiroptera Venenata,Brain Bucket,19168.7,335 keys,3,misc,Level 1-100 Hat,434,2026-07-21T22:54:09,584.65,335.0,335.0,335.0,cosmetic,315.4303110087214,True
75,Chiroptera Venenata,Belgian Detective,18310.4,320 keys,1,misc,Level 1-100 Hat,30128,2026-07-21T22:54:09,558.47,320.0,320.0,320.0,cosmetic,301.30656573967417,True
75,Chiroptera Venenata,Respectless Rubber Glove,17938.47,268–359 keys,3,misc,Level 1-100 Hat,102,2026-07-21T22:54:09,547.12,268.0,359.0,313.5,cosmetic,295.18627612308705,True
75,Chiroptera Venenata,Cloud Crasher,17166.0,300 keys,1,misc,Level 1-100 Helmet,30071,2026-07-21T22:54:09,523.56,300.0,300.0,300.0,cosmetic,282.4749053809445,True
75,Chiroptera Venenata,Hard Counter,17166.0,300 keys,2,misc,Level 1-100 Hat,254,2026-07-21T22:54:09,523.56,300.0,300.0,300.0,cosmetic,282.4749053809445,True
75,Chiroptera Venenata,Prancer's Pride,17166.0,300 keys,1,misc,Level 1-100 Hat,318,2026-07-21T22:54:09,523.56,300.0,300.0,300.0,cosmetic,282.4749053809445,True
75,Chiroptera Venenata,Industrial Festivizer,16593.8,290 keys,2,misc,Level 1-100 Hat,338,2026-07-21T22:54:09,506.11,290.0,290.0,290.0,cosmetic,273.0590752015797,True
75,Chiroptera Venenata,El Jefe,16021.6,280 keys,2,misc,Level 10 Hat,539,2026-07-21T22:54:09,488.66,280.0,280.0,280.0,cosmetic,263.6432450222149,True
75,Chiroptera Venenata,Shellmet,15735.5,275 keys,2,misc,Level 1-100 Helmet,30897,2026-07-21T22:54:09,479.93,275.0,275.0,275.0,cosmetic,258.9353299325325,True
75,Chiroptera Venenata,Dark Falkirk Helm,14877.2,260 keys,2,misc,Level 1-100 Helmet,30357,2026-07-21T22:54:09,453.75,260.0,260.0,260.0,cosmetic,244.81158466348526,True
75,Chiroptera Venenata,Electric Escorter,14619.71,250–261 keys,2,misc,Level 1-100 Hat,30025,2026-07-21T22:54:09,445.9,250.0,261.0,255.5,cosmetic,240.57446108277108,True
75,Chiroptera Venenata,Bombing Run,14305.0,250 keys,3,misc,Level 1-100 Helmet,249,2026-07-21T22:54:09,436.3,250.0,250.0,250.0,cosmetic,235.39575448412043,True
75,Chiroptera Venenata,Bot Dogger,14305.0,250 keys,3,misc,Level 1-100 Hat,30018,2026-07-21T22:54:09,436.3,250.0,250.0,250.0,cosmetic,235.39575448412043,True
75,Chiroptera Venenata,Letch's LED,14305.0,170–330 keys,3,misc,Level 1-100 Hat,30002,2026-07-21T22:54:09,436.3,170.0,330.0,250.0,cosmetic,235.39575448412043,True
75,Chiroptera Venenata,Prince Tavish's Crown,14018.9,245 keys,1,misc,Level 1-100 Hat,342,2026-07-21T22:54:09,427.58,245.0,245.0,245.0,cosmetic,230.68783939443802,True
75,Chiroptera Venenata,Timeless Topper,13732.8,240 keys,1,misc,Level 1-100 Hat,30035,2026-07-21T22:54:09,418.85,240.0,240.0,240.0,cosmetic,225.9799243047556,True
75,Chiroptera Venenata,Doctor's Sack,13217.82,231 keys,1,misc,Level 1-100 Hat,398,2026-07-21T22:54:09,403.14,231.0,231.0,231.0,cosmetic,217.5056771433273,True
75,Chiroptera Venenata,Le Party Phantom,13160.6,230 keys,1,misc,Level 1-100 Mask,337,2026-07-21T22:54:09,401.4,230.0,230.0,230.0,cosmetic,216.56409412539082,True
75,Chiroptera Venenata,Deep Cover Operator,12874.5,225 keys,1,misc,Level 1-100 Hat,30375,2026-07-21T22:54:09,392.67,225.0,225.0,225.0,cosmetic,211.8561790357084,True
75,Chiroptera Venenata,Counterfeit Billycock,12588.4,220 keys,2,misc,Level 10 Hat,602,2026-07-21T22:54:09,383.95,220.0,220.0,220.0,cosmetic,207.148263946026,True
75,Chiroptera Venenata,Ol' Snaggletooth,12588.4,220 keys,1,misc,Level 1-100 Hat,229,2026-07-21T22:54:09,383.95,220.0,220.0,220.0,cosmetic,207.148263946026,True
75,Chiroptera Venenata,Bootleg Base Metal Billycock,12416.74,217 keys,1,misc,Level 1-100 Hat,30047,2026-07-21T22:54:09,378.71,217.0,217.0,217.0,cosmetic,204.32351489221654,True
75,Chiroptera Venenata,Vintage Tyrolean,11444.0,200 keys,1,misc,Level 1-100 Hat,101,2026-07-21T22:54:09,349.04,200.0,200.0,200.0,cosmetic,188.31660358729636,True
75,Chiroptera Venenata,Glasgow Great Helm,10814.58,189 keys,4,misc,Level 1-100 Helmet,30082,2026-07-21T22:54:09,329.84,189.0,189.0,189.0,cosmetic,177.95919038999506,True
75,Chiroptera Venenata,Das Gutenkutteharen,10070.72,176 keys,1,misc,Level 1-100 Hair,30127,2026-07-21T22:54:09,307.16,176.0,176.0,176.0,cosmetic,165.71861115682077,True
75,Chiroptera Venenata,Pom-Pommed Provocateur,9727.4,170 keys,2,misc,Level 1-100 Mask,30072,2026-07-21T22:54:09,296.69,170.0,170.0,170.0,cosmetic,160.0691130492019,True
75,Chiroptera Venenata,Firewall Helmet,8525.78,149 keys,1,misc,Level 1-100 Helmet,30038,2026-07-21T22:54:09,260.04,149.0,149.0,149.0,cosmetic,140.2958696725358,True
75,Chiroptera Venenata,Little Buddy,8296.9,140–150 keys,3,misc,Level 10 Hat,612,2026-07-21T22:54:09,253.06,140.0,150.0,145.0,cosmetic,136.52953760078984,True
75,Chiroptera Venenata,A Rather Festive Tree,7867.75,115–160 keys,2,misc,Level 1-100 Hat,341,2026-07-21T22:54:09,239.97,115.0,160.0,137.5,cosmetic,129.46766496626626,True
75,Chiroptera Venenata,Pithy Professional,7667.48,134 keys,2,misc,Level 1-100 Hat,30915,2026-07-21T22:54:09,233.86,134.0,134.0,134.0,cosmetic,126.17212440348855,True
75,Chiroptera Venenata,Soviet Gentleman,7009.45,90–155 keys,1,misc,Level 1-100 Hat,821,2026-07-21T22:54:09,213.79,90.0,155.0,122.5,cosmetic,115.34391969721901,True
75,Chiroptera Venenata,Hotrod,6866.4,120 keys,2,misc,Level 1-100 Mask,148,2026-07-21T22:54:09,209.43,120.0,120.0,120.0,cosmetic,112.9899621523778,True
75,Chiroptera Venenata,Old Guadalajara,6866.4,120 keys,1,misc,Level 1-100 Hat,247,2026-07-21T22:54:09,209.43,120.0,120.0,120.0,cosmetic,112.9899621523778,True
75,Chiroptera Venenata,Voodoo JuJu (Slight Return),6694.74,102–132 keys,2,misc,Level 1-100 Hat,935,2026-07-21T22:54:09,204.19,102.0,132.0,117.0,cosmetic,110.16521309856836,True
75,Chiroptera Venenata,L'homme Burglerre,6408.64,112 keys,2,misc,Level 1-100 Hat,30182,2026-07-21T22:54:09,195.46,112.0,112.0,112.0,cosmetic,105.45729800888596,True
75,Chiroptera Venenata,Big Country,6294.2,80–140 keys,1,misc,Level 1-100 Hair,382,2026-07-21T22:54:09,191.97,80.0,140.0,110.0,cosmetic,103.574131973013,True
75,Chiroptera Venenata,Hat of Cards,6294.2,95–125 keys,1,misc,Level 1-100 Hat,825,2026-07-21T22:54:09,191.97,95.0,125.0,110.0,cosmetic,103.574131973013,True
75,Chiroptera Venenata,Outta Sight,6151.15,105–110 keys,1,misc,Level 1-100 Hat,30628,2026-07-21T22:54:09,187.61,105.0,110.0,107.5,cosmetic,101.22017442817179,True
75,Chiroptera Venenata,Noble Nickel Amassment of Hats,5578.95,80–115 keys,1,misc,Level 1-100 Hat,30006,2026-07-21T22:54:09,170.16,80.0,115.0,97.5,cosmetic,91.80434424880697,True
75,Chiroptera Venenata,Bear Necessities,5321.46,93 keys,1,misc,Level 1-100 Spirit Animal,30122,2026-07-21T22:54:09,162.3,93.0,93.0,93.0,cosmetic,87.5672206680928,True
75,Chiroptera Venenata,Fat Man's Field Cap,5149.8,90 keys,4,misc,Level 1-100 Hat,30911,2026-07-21T22:54:09,157.07,90.0,90.0,90.0,cosmetic,84.74247161428336,True
75,Chiroptera Venenata,Titanium Tyrolean,4920.92,86 keys,2,misc,Level 1-100 Hat,30045,2026-07-21T22:54:09,150.09,86.0,86.0,86.0,cosmetic,80.97613954253744,True
75,Chiroptera Venenata,Capo's Capper,4863.7,85 keys,2,misc,Level 1-100 Hat,427,2026-07-21T22:54:09,148.34,85.0,85.0,85.0,cosmetic,80.03455652460094,True
75,Chiroptera Venenata,Runner's Warm-Up,4577.6,80 keys,1,misc,Level 1-100 Hat,30332,2026-07-21T22:54:09,139.62,80.0,80.0,80.0,cosmetic,75.32664143491854,True
75,Chiroptera Venenata,Geisha Boy,4548.99,75–84 keys,2,misc,Level 1-100 Hair,363,2026-07-21T22:54:09,138.74,75.0,84.0,79.5,cosmetic,74.8558499259503,True
75,Chiroptera Venenata,Professor's Peculiarity,4291.5,75 keys,1,misc,Level 1-100 Hair,384,2026-07-21T22:54:09,130.89,75.0,75.0,75.0,cosmetic,70.61872634523613,True
75,Chiroptera Venenata,Lord Cockswain's Pith Helmet,4005.4,70 keys,2,misc,Level 1-100 Headgear,439,2026-07-21T22:54:09,122.16,70.0,70.0,70.0,cosmetic,65.91081125555372,True
75,Chiroptera Venenata,Defiant Spartan,3976.79,65–74 keys,2,misc,Level 1-100 Helmet,340,2026-07-21T22:54:09,121.29,65.0,74.0,69.5,cosmetic,65.44001974658548,True
75,Chiroptera Venenata,Shooter's Tin Topi,3433.2,60 keys,2,misc,Level 1-100 Hat,30005,2026-07-21T22:54:09,104.71,60.0,60.0,60.0,cosmetic,56.4949810761889,True
75,Chiroptera Venenata,Tungsten Toque,3404.59,50–69 keys,3,misc,Level 1-100 Hat,30049,2026-07-21T22:54:09,103.84,50.0,69.0,59.5,cosmetic,56.02418956722067,True
75,Chiroptera Venenata,Armored Authority,3375.98,59 keys,2,misc,Level 1-100 Helmet,445,2026-07-21T22:54:09,102.97,59.0,59.0,59.0,cosmetic,55.55339805825243,True
75,Chiroptera Venenata,Hermes,3175.71,53–58 keys,1,misc,Level 10 Hat,633,2026-07-21T22:54:09,96.86,53.0,58.0,55.5,cosmetic,52.25785749547474,True
75,Chiroptera Venenata,Tough Guy's Toque,3147.1,50–60 keys,3,misc,Level 1-100 Hat,97,2026-07-21T22:54:09,95.99,50.0,60.0,55.0,cosmetic,51.7870659865065,True
75,Chiroptera Venenata,Dead Cone,2574.9,45 keys,1,misc,Level 1-100 Hat,435,2026-07-21T22:54:09,78.53,45.0,45.0,45.0,cosmetic,42.37123580714168,True
75,Chiroptera Venenata,Hetman's Headpiece,2460.46,43 keys,2,misc,Level 1-100 Hat,436,2026-07-21T22:54:09,75.04,43.0,43.0,43.0,cosmetic,40.48806977126872,True
75,Chiroptera Venenata,One-Man Army,2403.24,40–44 keys,1,misc,Level 10 Hair,601,2026-07-21T22:54:09,73.3,40.0,44.0,42.0,cosmetic,39.54648675333223,True
75,Chiroptera Venenata,Stately Steel Toe,2346.02,41 keys,1,misc,Level 1-100 Hat,481,2026-07-21T22:54:09,71.55,41.0,41.0,41.0,cosmetic,38.60490373539575,True
75,Chiroptera Venenata,Madame Dixie,2174.36,38 keys,2,misc,Level 1-100 Hat,321,2026-07-21T22:54:09,66.32,38.0,38.0,38.0,cosmetic,35.78015468158631,True
75,Chiroptera Venenata,Plumber's Pipe,2059.92,36 keys,2,misc,Level 1-100 Hat,30022,2026-07-21T22:54:09,62.83,36.0,36.0,36.0,cosmetic,33.89698864571334,True
75,Chiroptera Venenata,Dread Knot,1373.28,22–26 keys,2,misc,Level 1-100 Hair,358,2026-07-21T22:54:09,41.89,22.0,26.0,24.0,cosmetic,22.59799243047556,True
44,Misty Skull,Crone's Dome,190714.26,3333 keys,1,misc,Level 1-100 Hat,920,2026-07-21T22:54:09,5816.78,3333.0,3333.0,3333.0,cosmetic,3138.2961987822937,True
44,Misty Skull,Coffin Kit,177382.0,3100 keys,1,misc,Level 1-100 Backpack,938,2026-07-21T22:54:09,5410.15,3100.0,3100.0,3100.0,cosmetic,2918.9073556030935,True
44,Misty Skull,Exquisite Rack,171660.0,3000 keys,1,misc,Level 1-100 Cosmetic Item,339,2026-07-21T22:54:09,5235.63,3000.0,3000.0,3000.0,cosmetic,2824.7490538094453,True
44,Misty Skull,Soldier's Stash,125884.0,2200 keys,1,misc,Level 1-100 Cosmetic Item,54,2026-07-21T22:54:09,3839.46,2200.0,2200.0,2200.0,cosmetic,2071.48263946026,True
44,Misty Skull,Nasty Norsemann,120162.0,2100 keys,3,misc,Level 1-100 Helmet,30810,2026-07-21T22:54:09,3664.94,2100.0,2100.0,2100.0,cosmetic,1977.3243376666117,True
44,Misty Skull,Master's Yellow Belt,98418.4,1640–1800 keys,7,misc,Level 1-100 Hat,110,2026-07-21T22:54:09,3001.76,1640.0,1800.0,1720.0,cosmetic,1619.5227908507486,True
44,Misty Skull,Grimm Hatte,88691.0,1550 keys,5,misc,Level 1-100 Hat,383,2026-07-21T22:54:09,2705.08,1550.0,1550.0,1550.0,cosmetic,1459.4536778015467,True
44,Misty Skull,Samur-Eye,82969.0,1450 keys,2,misc,Level 1-100 Helmet,359,2026-07-21T22:54:09,2530.55,1450.0,1450.0,1450.0,cosmetic,1365.2953760078985,True
44,Misty Skull,Merc's Mohawk,77247.0,1350 keys,1,misc,Level 1-100 Hair,30413,2026-07-21T22:54:09,2356.03,1350.0,1350.0,1350.0,cosmetic,1271.1370742142503,True
44,Misty Skull,Crown of the Old Kingdom,74386.0,1300 keys,1,misc,Level 1-100 Hat,30567,2026-07-21T22:54:09,2268.77,1300.0,1300.0,1300.0,cosmetic,1224.0579233174262,True
44,Misty Skull,Jungle Wreath,72955.5,1050–1500 keys,2,misc,Level 1-100 Hat,30882,2026-07-21T22:54:09,2225.14,1050.0,1500.0,1275.0,cosmetic,1200.5183478690142,True
44,Misty Skull,Killer Exclusive,71525.0,1250 keys,2,misc,Level 10 Hat,538,2026-07-21T22:54:09,2181.51,1250.0,1250.0,1250.0,cosmetic,1176.9787724206021,True
44,Misty Skull,Bonk Boy,68664.0,1200 keys,5,misc,Level 1-100 Mask,451,2026-07-21T22:54:09,2094.25,1200.0,1200.0,1200.0,cosmetic,1129.899621523778,True
44,Misty Skull,Anger,62942.0,1100 keys,2,misc,Level 10 Hood,518,2026-07-21T22:54:09,1919.73,1100.0,1100.0,1100.0,cosmetic,1035.74131973013,True
44,Misty Skull,Large Luchador,62255.36,1088 keys,1,misc,Level 1-100 Mask,380,2026-07-21T22:54:09,1898.79,1088.0,1088.0,1088.0,cosmetic,1024.4423235148922,True
44,Misty Skull,Duck Billed Hatypus,60081.0,1050 keys,1,misc,Level 1-100 Hat,30700,2026-07-21T22:54:09,1832.47,1050.0,1050.0,1050.0,cosmetic,988.6621688333058,True
44,Misty Skull,Pyromancer's Mask,60081.0,1050 keys,5,misc,Level 1-100 Mask,316,2026-07-21T22:54:09,1832.47,1050.0,1050.0,1050.0,cosmetic,988.6621688333058,True
44,Misty Skull,Polar Pullover,57220.0,1000 keys,1,misc,Level 1-100 Hat,30329,2026-07-21T22:54:09,1745.21,1000.0,1000.0,1000.0,cosmetic,941.5830179364817,True
44,Misty Skull,Villain's Veil,57220.0,1000 keys,2,misc,Level 1-100 Bandana,393,2026-07-21T22:54:09,1745.21,1000.0,1000.0,1000.0,cosmetic,941.5830179364817,True
44,Misty Skull,Le Party Phantom,55789.5,975 keys,2,misc,Level 1-100 Mask,337,2026-07-21T22:54:09,1701.58,975.0,975.0,975.0,cosmetic,918.0434424880697,True
44,Misty Skull,Company Man,54359.0,950 keys,5,misc,Level 10 Hat,523,2026-07-21T22:54:09,1657.95,950.0,950.0,950.0,cosmetic,894.5038670396577,True
44,Misty Skull,Demoman's Fro,54359.0,950 keys,1,misc,Level 1-100 Hair,47,2026-07-21T22:54:09,1657.95,950.0,950.0,950.0,cosmetic,894.5038670396577,True
44,Misty Skull,Pestering Jester,53786.8,940 keys,1,misc,Level 1-100 Hat,30811,2026-07-21T22:54:09,1640.5,940.0,940.0,940.0,cosmetic,885.088036860293,True
44,Misty Skull,Charmer's Chapeau,52413.52,916 keys,3,misc,Level 1-100 Hat,397,2026-07-21T22:54:09,1598.61,916.0,916.0,916.0,cosmetic,862.4900444298172,True
44,Misty Skull,El Jefe,51498.0,900 keys,2,misc,Level 10 Hat,539,2026-07-21T22:54:09,1570.69,900.0,900.0,900.0,cosmetic,847.4247161428336,True
44,Misty Skull,Sergeant's Drill Hat,50067.5,875 keys,4,misc,Level 1-100 Hat,183,2026-07-21T22:54:09,1527.06,875.0,875.0,875.0,cosmetic,823.8851406944216,True
44,Misty Skull,Team Captain,47861.31147541,787.24–885.65 keys,1,misc,Level 1-100 Hat,378,2026-07-21T22:54:09,,787.24,885.65,836.4449999999999,cosmetic,787.5812321114037,True
44,Misty Skull,Flipped Trilby,46348.2,810 keys,5,misc,Level 1-100 Hat,324,2026-07-21T22:54:09,1413.62,810.0,810.0,810.0,cosmetic,762.6822445285502,True
44,Misty Skull,Nuke,45203.8,790 keys,4,misc,Level 1-100 Hair,30885,2026-07-21T22:54:09,1378.72,790.0,790.0,790.0,cosmetic,743.8505841698206,True
44,Misty Skull,Executioner,42915.0,750 keys,4,misc,Level 1-100 Hat,921,2026-07-21T22:54:09,1308.91,750.0,750.0,750.0,cosmetic,706.1872634523613,True
44,Misty Skull,Your Worst Nightmare,42915.0,750 keys,4,misc,Level 10 Hair,600,2026-07-21T22:54:09,1308.91,750.0,750.0,750.0,cosmetic,706.1872634523613,True
44,Misty Skull,Desert Marauder,41484.5,725 keys,3,misc,Level 1-100 Hat,400,2026-07-21T22:54:09,1265.28,725.0,725.0,725.0,cosmetic,682.6476880039493,True
44,Misty Skull,Shellmet,40054.0,700 keys,2,misc,Level 1-100 Helmet,30897,2026-07-21T22:54:09,1221.65,700.0,700.0,700.0,cosmetic,659.1081125555372,True
44,Misty Skull,Scotsman's Stove Pipe,39481.8,690 keys,3,misc,Level 1-100 Hat,120,2026-07-21T22:54:09,1204.19,690.0,690.0,690.0,cosmetic,649.6922823761724,True
44,Misty Skull,Law,39367.36,688 keys,1,misc,Level 1-100 Hat,30362,2026-07-21T22:54:09,1200.7,688.0,688.0,688.0,cosmetic,647.8091163402995,True
44,Misty Skull,Brown Bomber,37479.1,655 keys,2,misc,Level 1-100 Hat,671,2026-07-21T22:54:09,1143.11,655.0,655.0,655.0,cosmetic,616.7368767483955,True
44,Misty Skull,Backbiter's Billycock,37193.0,650 keys,4,misc,Level 1-100 Hat,108,2026-07-21T22:54:09,1134.39,650.0,650.0,650.0,cosmetic,612.0289616587131,True
44,Misty Skull,Blast Defense,37193.0,650 keys,0,misc,Level 1-100 Headgear,30863,2026-07-21T22:54:09,1134.39,650.0,650.0,650.0,cosmetic,612.0289616587131,True
44,Misty Skull,Reggaelator,37193.0,650 keys,1,misc,Level 1-100 Hat,390,2026-07-21T22:54:09,1134.39,650.0,650.0,650.0,cosmetic,612.0289616587131,True
44,Misty Skull,Surgeon's Stahlhelm,36906.9,590–700 keys,2,misc,Level 10 Helmet,616,2026-07-21T22:54:09,1125.66,590.0,700.0,645.0,cosmetic,607.3210465690307,True
44,Misty Skull,Whoopee Cap,35476.4,620 keys,4,misc,Level 1-100 Hat,174,2026-07-21T22:54:09,1082.03,620.0,620.0,620.0,cosmetic,583.7814711206187,True
44,Misty Skull,Armored Authority,34904.2,610 keys,6,misc,Level 1-100 Helmet,445,2026-07-21T22:54:09,1064.58,610.0,610.0,610.0,cosmetic,574.3656409412538,True
44,Misty Skull,Tam O' Shanter,34904.2,610 keys,6,misc,Level 1-100 Hat,480,2026-07-21T22:54:09,1064.58,610.0,610.0,610.0,cosmetic,574.3656409412538,True
44,Misty Skull,Tyrant's Helm,34618.1,605 keys,2,misc,Level 1-100 Helmet,99,2026-07-21T22:54:09,1055.85,605.0,605.0,605.0,cosmetic,569.6577258515714,True
44,Misty Skull,Backwards Ballcap,34332.0,600 keys,4,misc,Level 10 Hat,617,2026-07-21T22:54:09,1047.13,600.0,600.0,600.0,cosmetic,564.949810761889,True
44,Misty Skull,Cosa Nostra Cap,34332.0,600 keys,4,misc,Level 1-100 Hat,459,2026-07-21T22:54:09,1047.13,600.0,600.0,600.0,cosmetic,564.949810761889,True
44,Misty Skull,Dr's Dapper Topper,34332.0,600 keys,2,misc,Level 1-100 Hat,252,2026-07-21T22:54:09,1047.13,600.0,600.0,600.0,cosmetic,564.949810761889,True
44,Misty Skull,Gentleman's Gatsby,33187.6,555–605 keys,4,misc,Level 1-100 Hat,184,2026-07-21T22:54:09,1012.22,555.0,605.0,580.0,cosmetic,546.1181504031593,True
44,Misty Skull,Private Eye,31614.05,435–670 keys,2,misc,Level 1-100 Hat,388,2026-07-21T22:54:09,964.23,435.0,670.0,552.5,cosmetic,520.2246174099062,True
44,Misty Skull,A Rather Festive Tree,31471.0,550 keys,2,misc,Level 1-100 Hat,341,2026-07-21T22:54:09,959.87,550.0,550.0,550.0,cosmetic,517.870659865065,True
44,Misty Skull,Brain Bucket,30040.5,525 keys,1,misc,Level 1-100 Hat,434,2026-07-21T22:54:09,916.24,525.0,525.0,525.0,cosmetic,494.3310844166529,True
44,Misty Skull,Noble Amassment of Hats,30040.5,525 keys,2,misc,Level 1-100 Hat,137,2026-07-21T22:54:09,916.24,525.0,525.0,525.0,cosmetic,494.3310844166529,True
44,Misty Skull,Swagman's Swatter,29754.4,520 keys,4,misc,Level 10 Hat,626,2026-07-21T22:54:09,907.51,520.0,520.0,520.0,cosmetic,489.6231693269705,True
44,Misty Skull,Texas Ten Gallon,29067.76,482–534 keys,3,misc,Level 1-100 Hat,94,2026-07-21T22:54:09,886.57,482.0,534.0,508.0,cosmetic,478.3241731117327,True
44,Misty Skull,Dragonborn Helmet,28610.0,500 keys,3,misc,Level 10 Helmet,517,2026-07-21T22:54:09,872.61,500.0,500.0,500.0,cosmetic,470.79150896824086,True
44,Misty Skull,Liquidator's Lid,28610.0,500 keys,5,misc,Level 1-100 Hat,779,2026-07-21T22:54:09,872.61,500.0,500.0,500.0,cosmetic,470.79150896824086,True
44,Misty Skull,Ze Goggles,28610.0,500 keys,3,misc,Level 1-100 Glasses,177,2026-07-21T22:54:09,872.61,500.0,500.0,500.0,cosmetic,470.79150896824086,True
44,Misty Skull,Bonk Helm,27751.7,485 keys,2,misc,Level 1-100 Helmet,106,2026-07-21T22:54:09,846.43,485.0,485.0,485.0,cosmetic,456.66776369919364,True
44,Misty Skull,Pyro's Beanie,27465.6,480 keys,2,misc,Level 1-100 Hat,51,2026-07-21T22:54:09,837.7,480.0,480.0,480.0,cosmetic,451.9598486095112,True
44,Misty Skull,Furious Fukaamigasa,27179.5,450–500 keys,1,misc,Level 1-100 Hat,395,2026-07-21T22:54:09,828.97,450.0,500.0,475.0,cosmetic,447.25193351982887,True
44,Misty Skull,Human Cannonball,26607.3,380–550 keys,5,misc,Level 1-100 Helmet,817,2026-07-21T22:54:09,811.52,380.0,550.0,465.0,cosmetic,437.83610334046404,True
44,Misty Skull,Burning Bandana,25749.0,450 keys,2,misc,Level 1-100 Bandana,30091,2026-07-21T22:54:09,785.34,450.0,450.0,450.0,cosmetic,423.7123580714168,True
44,Misty Skull,Larrikin Robin,25749.0,450 keys,1,misc,Level 1-100 Hat,314,2026-07-21T22:54:09,785.34,450.0,450.0,450.0,cosmetic,423.7123580714168,True
44,Misty Skull,Professor's Peculiarity,25749.0,450 keys,1,misc,Level 1-100 Hair,384,2026-07-21T22:54:09,785.34,450.0,450.0,450.0,cosmetic,423.7123580714168,True
44,Misty Skull,Virtual Reality Headset,25176.8,440 keys,6,misc,Level 10 Headset,628,2026-07-21T22:54:09,767.89,440.0,440.0,440.0,cosmetic,414.296527892052,True
44,Misty Skull,Gym Rat,24890.7,435 keys,3,misc,Level 10 Hair,613,2026-07-21T22:54:09,759.17,435.0,435.0,435.0,cosmetic,409.5886128023696,True
44,Misty Skull,Lord Cockswain's Pith Helmet,24032.4,420 keys,2,misc,Level 1-100 Headgear,439,2026-07-21T22:54:09,732.99,420.0,420.0,420.0,cosmetic,395.4648675333224,True
44,Misty Skull,Strontium Stove Pipe,23917.96,418 keys,1,misc,Level 1-100 Hat,30037,2026-07-21T22:54:09,729.5,418.0,418.0,418.0,cosmetic,393.5817014974494,True
44,Misty Skull,Blighted Beak,23689.08,414 keys,5,misc,Level 1-100 Mask,315,2026-07-21T22:54:09,722.52,414.0,414.0,414.0,cosmetic,389.81536942570347,True
44,Misty Skull,Otolaryngologist's Mirror,23460.2,410 keys,2,misc,Level 1-100 Hat,104,2026-07-21T22:54:09,715.54,410.0,410.0,410.0,cosmetic,386.04903735395754,True
44,Misty Skull,Stainless Pot,23460.2,410 keys,3,misc,Level 1-100 Hat,98,2026-07-21T22:54:09,715.54,410.0,410.0,410.0,cosmetic,386.04903735395754,True
44,Misty Skull,Fancy Fedora,22888.0,400 keys,2,misc,Level 1-100 Hat,55,2026-07-21T22:54:09,698.08,400.0,400.0,400.0,cosmetic,376.6332071745927,True
44,Misty Skull,Jumper's Jeepcap,22888.0,400 keys,3,misc,Level 1-100 Hat,417,2026-07-21T22:54:09,698.08,400.0,400.0,400.0,cosmetic,376.6332071745927,True
44,Misty Skull,Lucky Shot,22888.0,400 keys,1,misc,Level 1-100 Helmet,701,2026-07-21T22:54:09,698.08,400.0,400.0,400.0,cosmetic,376.6332071745927,True
44,Misty Skull,Prancer's Pride,22888.0,400 keys,4,misc,Level 1-100 Hat,318,2026-07-21T22:54:09,698.08,400.0,400.0,400.0,cosmetic,376.6332071745927,True
44,Misty Skull,Scotch Bonnet,22888.0,400 keys,2,misc,Level 1-100 Headgear,306,2026-07-21T22:54:09,698.08,400.0,400.0,400.0,cosmetic,376.6332071745927,True
44,Misty Skull,Brainiac Hairpiece,22744.95,345–450 keys,1,misc,Level 1-100 Facial Hair,590,2026-07-21T22:54:09,693.72,345.0,450.0,397.5,cosmetic,374.2792496297515,True
44,Misty Skull,Wraith Wrap,22458.032786885,375.62–409.35 keys,1,misc,Level 1-100 Apparel,937,2026-07-21T22:54:09,,375.62,409.35,392.485,cosmetic,369.5578868995392,True
44,Misty Skull,Bolted Birdcage,22315.8,390 keys,2,misc,Level 1-100 Hat,30057,2026-07-21T22:54:09,680.63,390.0,390.0,390.0,cosmetic,367.2173769952279,True
44,Misty Skull,Hound Dog,22315.8,390 keys,5,misc,Level 1-100 Hair,145,2026-07-21T22:54:09,680.63,390.0,390.0,390.0,cosmetic,367.2173769952279,True
44,Misty Skull,Elf Esteem,21743.6,380 keys,0,misc,Level 1-100 Hat,30836,2026-07-21T22:54:09,663.18,380.0,380.0,380.0,cosmetic,357.80154681586305,True
44,Misty Skull,Buccaneer's Bicorne,21171.4,370 keys,3,misc,Level 10 Hat,607,2026-07-21T22:54:09,645.73,370.0,370.0,370.0,cosmetic,348.3857166364983,True
44,Misty Skull,Grenadier's Softcap,21171.4,370 keys,3,misc,Level 1-100 Hat,227,2026-07-21T22:54:09,645.73,370.0,370.0,370.0,cosmetic,348.3857166364983,True
44,Misty Skull,Big Chief,20599.2,360 keys,4,misc,Level 1-100 Hat,309,2026-07-21T22:54:09,628.28,360.0,360.0,360.0,cosmetic,338.96988645713344,True
44,Misty Skull,Horrific Headsplitter,20599.2,360 keys,1,misc,Level 31 Hat,291,2026-07-21T22:54:09,628.28,360.0,360.0,360.0,cosmetic,338.96988645713344,True
44,Misty Skull,Tavish DeGroot Experience,20599.2,360 keys,6,misc,Level 10 Hat,604,2026-07-21T22:54:09,628.28,360.0,360.0,360.0,cosmetic,338.96988645713344,True
44,Misty Skull,Troublemaker's Tossle Cap,20599.2,330–390 keys,5,misc,Level 1-100 Hat,150,2026-07-21T22:54:09,628.28,330.0,390.0,360.0,cosmetic,338.96988645713344,True
44,Misty Skull,Football Helmet,20313.1,350–360 keys,6,misc,Level 1-100 Helmet,49,2026-07-21T22:54:09,619.55,350.0,360.0,355.0,cosmetic,334.261971367451,True
44,Misty Skull,Cyborg Stunt Helmet,20027.0,350 keys,1,misc,Level 1-100 Helmet,30024,2026-07-21T22:54:09,610.82,350.0,350.0,350.0,cosmetic,329.5540562777686,True
44,Misty Skull,Das Übersternmann,20027.0,350 keys,0,misc,Level 1-100 Hat,30097,2026-07-21T22:54:09,610.82,350.0,350.0,350.0,cosmetic,329.5540562777686,True
44,Misty Skull,Stormin' Norman,20027.0,350 keys,1,misc,Level 1-100 Helmet,30112,2026-07-21T22:54:09,610.82,350.0,350.0,350.0,cosmetic,329.5540562777686,True
44,Misty Skull,Sultan's Ceremonial,19740.9,345 keys,4,misc,Level 1-100 Hat,403,2026-07-21T22:54:09,602.1,345.0,345.0,345.0,cosmetic,324.8461411880862,True
44,Misty Skull,One-Man Army,19454.8,340 keys,5,misc,Level 10 Hair,601,2026-07-21T22:54:09,593.37,340.0,340.0,340.0,cosmetic,320.1382260984038,True
44,Misty Skull,Tartan Tyrolean,19025.65,300–365 keys,0,misc,Level 1-100 Hat,30334,2026-07-21T22:54:09,580.28,300.0,365.0,332.5,cosmetic,313.0763534638802,True
44,Misty Skull,Birdcage,18882.6,330 keys,6,misc,Level 10 Hat,615,2026-07-21T22:54:09,575.92,330.0,330.0,330.0,cosmetic,310.72239591903895,True
44,Misty Skull,Gentleman's Ushanka,18882.6,330 keys,1,misc,Level 1-100 Hat,778,2026-07-21T22:54:09,575.92,330.0,330.0,330.0,cosmetic,310.72239591903895,True
44,Misty Skull,Medic's Mountain Cap,18310.4,290–350 keys,7,misc,Level 1-100 Hat,381,2026-07-21T22:54:09,558.47,290.0,350.0,320.0,cosmetic,301.30656573967417,True
44,Misty Skull,Trophy Belt,18310.4,320 keys,1,misc,Level 1-100 Hat,53,2026-07-21T22:54:09,558.47,320.0,320.0,320.0,cosmetic,301.30656573967417,True
44,Misty Skull,Détective Noir,18024.3,315 keys,3,misc,Level 1-100 Hat,319,2026-07-21T22:54:09,549.74,315.0,315.0,315.0,cosmetic,296.5986506499917,True
44,Misty Skull,Stout Shako,17566.54,307 keys,5,misc,Level 1-100 Hat,251,2026-07-21T22:54:09,535.78,307.0,307.0,307.0,cosmetic,289.06598650649994,True
44,Misty Skull,Janissary Ketche,17452.1,305 keys,3,misc,Level 1-100 Hat,437,2026-07-21T22:54:09,532.29,305.0,305.0,305.0,cosmetic,287.1828204706269,True
44,Misty Skull,B'aaarrgh-n-Bicorne,17166.0,300 keys,1,misc,Level 1-100 Hat,30718,2026-07-21T22:54:09,523.56,300.0,300.0,300.0,cosmetic,282.4749053809445,True
44,Misty Skull,Berliner's Bucket Helm,17166.0,300 keys,1,misc,Level 1-100 Helmet,303,2026-07-21T22:54:09,523.56,300.0,300.0,300.0,cosmetic,282.4749053809445,True
44,Misty Skull,Bubble Pipe,17166.0,300 keys,2,misc,Level 1-100 Helmet,597,2026-07-21T22:54:09,523.56,300.0,300.0,300.0,cosmetic,282.4749053809445,True
44,Misty Skull,Firewall Helmet,17166.0,300 keys,1,misc,Level 1-100 Helmet,30038,2026-07-21T22:54:09,523.56,300.0,300.0,300.0,cosmetic,282.4749053809445,True
44,Misty Skull,Gilded Guard,17166.0,300 keys,1,misc,Level 1-100 Helmet,1093,2026-07-21T22:54:09,523.56,300.0,300.0,300.0,cosmetic,282.4749053809445,True
44,Misty Skull,Stately Steel Toe,17166.0,300 keys,3,misc,Level 1-100 Hat,481,2026-07-21T22:54:09,523.56,300.0,300.0,300.0,cosmetic,282.4749053809445,True
44,Misty Skull,Waxy Wayfinder,17166.0,300 keys,1,misc,Level 1-100 Hat,753,2026-07-21T22:54:09,523.56,300.0,300.0,300.0,cosmetic,282.4749053809445,True
44,Misty Skull,Wet Works,17166.0,300 keys,1,misc,Level 1-100 Hat,30135,2026-07-21T22:54:09,523.56,300.0,300.0,300.0,cosmetic,282.4749053809445,True
44,Misty Skull,Handyman's Handle,16879.9,295 keys,4,misc,Level 1-100 Hat,253,2026-07-21T22:54:09,514.84,295.0,295.0,295.0,cosmetic,277.7669902912621,True
44,Misty Skull,Hermes,16593.8,290 keys,3,misc,Level 10 Hat,633,2026-07-21T22:54:09,506.11,290.0,290.0,290.0,cosmetic,273.0590752015797,True
44,Misty Skull,Dread Hiding Hood,16021.6,280 keys,1,misc,Level 1-100 Hood,1095,2026-07-21T22:54:09,488.66,280.0,280.0,280.0,cosmetic,263.6432450222149,True
44,Misty Skull,Frenchman's Beret,16021.6,280 keys,2,misc,Level 1-100 Hat,180,2026-07-21T22:54:09,488.66,280.0,280.0,280.0,cosmetic,263.6432450222149,True
44,Misty Skull,Old Guadalajara,16021.6,280 keys,4,misc,Level 1-100 Hat,247,2026-07-21T22:54:09,488.66,280.0,280.0,280.0,cosmetic,263.6432450222149,True
44,Misty Skull,Woolen Warmer,15792.72,276 keys,0,misc,Level 1-100 Hat,30833,2026-07-21T22:54:09,481.68,276.0,276.0,276.0,cosmetic,259.876912950469,True
44,Misty Skull,Killer's Kabuto,15735.5,275 keys,1,misc,Level 1-100 Helmet,152,2026-07-21T22:54:09,479.93,275.0,275.0,275.0,cosmetic,258.9353299325325,True
44,Misty Skull,Pampered Pyro,15449.4,270 keys,1,misc,Level 1-100 Towel,30139,2026-07-21T22:54:09,471.21,270.0,270.0,270.0,cosmetic,254.22741484285007,True
44,Misty Skull,Hard Counter,15334.96,268 keys,3,misc,Level 1-100 Hat,254,2026-07-21T22:54:09,467.72,268.0,268.0,268.0,cosmetic,252.3442488069771,True
44,Misty Skull,Brain-Warming Wear,15163.3,265 keys,0,misc,Level 1-100 Hat,30827,2026-07-21T22:54:09,462.48,265.0,265.0,265.0,cosmetic,249.51949975316765,True
44,Misty Skull,Attendant,14305.0,250 keys,6,misc,Level 1-100 Hat,213,2026-07-21T22:54:09,436.3,250.0,250.0,250.0,cosmetic,235.39575448412043,True
44,Misty Skull,Western Wear,13732.8,240 keys,3,misc,Level 1-100 Hat,379,2026-07-21T22:54:09,418.85,240.0,240.0,240.0,cosmetic,225.9799243047556,True
44,Misty Skull,Tough Guy's Toque,13589.75,225–250 keys,6,misc,Level 1-100 Hat,97,2026-07-21T22:54:09,414.49,225.0,250.0,237.5,cosmetic,223.62596675991443,True
44,Misty Skull,Defiant Spartan,13446.7,235 keys,2,misc,Level 1-100 Helmet,340,2026-07-21T22:54:09,410.12,235.0,235.0,235.0,cosmetic,221.27200921507324,True
44,Misty Skull,Engineer's Cap,13446.7,235 keys,1,misc,Level 1-100 Hat,95,2026-07-21T22:54:09,410.12,235.0,235.0,235.0,cosmetic,221.27200921507324,True
44,Misty Skull,Fed-Fightin' Fedora,13217.82,170–292 keys,2,misc,Level 1-100 Hat,780,2026-07-21T22:54:09,403.14,170.0,292.0,231.0,cosmetic,217.5056771433273,True
44,Misty Skull,Dread Knot,13160.6,215–245 keys,3,misc,Level 1-100 Hair,358,2026-07-21T22:54:09,401.4,215.0,245.0,230.0,cosmetic,216.56409412539082,True
44,Misty Skull,Magnificent Mongolian,12874.5,225 keys,2,misc,Level 1-100 Hat,313,2026-07-21T22:54:09,392.67,225.0,225.0,225.0,cosmetic,211.8561790357084,True
44,Misty Skull,Warhood,12588.4,195–245 keys,0,misc,Level 1-100 Hood,30866,2026-07-21T22:54:09,383.95,195.0,245.0,220.0,cosmetic,207.148263946026,True
44,Misty Skull,Pencil Pusher,12302.3,215 keys,2,misc,Level 10 Hair,605,2026-07-21T22:54:09,375.22,215.0,215.0,215.0,cosmetic,202.44034885634358,True
44,Misty Skull,Doctor's Sack,12245.08,214 keys,2,misc,Level 1-100 Hat,398,2026-07-21T22:54:09,373.47,214.0,214.0,214.0,cosmetic,201.4987658384071,True
44,Misty Skull,Hetman's Headpiece,12016.2,210 keys,2,misc,Level 1-100 Hat,436,2026-07-21T22:54:09,366.49,210.0,210.0,210.0,cosmetic,197.7324337666612,True
44,Misty Skull,Brigade Helm,11630.655737705,180.68–225.85 keys,1,misc,Level 1-100 Helmet,105,2026-07-21T22:54:09,,180.68,225.85,203.265,cosmetic,191.38811482154023,True
44,Misty Skull,Big Elfin Deal,11444.0,200 keys,3,misc,Level 1-100 Hat,652,2026-07-21T22:54:09,349.04,200.0,200.0,200.0,cosmetic,188.31660358729636,True
44,Misty Skull,Mining Light,11444.0,200 keys,1,misc,Level 1-100 Cosmetic Item,48,2026-07-21T22:54:09,349.04,200.0,200.0,200.0,cosmetic,188.31660358729636,True
44,Misty Skull,Respectless Rubber Glove,11444.0,200 keys,2,misc,Level 1-100 Hat,102,2026-07-21T22:54:09,349.04,200.0,200.0,200.0,cosmetic,188.31660358729636,True
44,Misty Skull,Fruit Shoot,10871.8,190 keys,2,misc,Level 1-100 Hat,759,2026-07-21T22:54:09,331.59,190.0,190.0,190.0,cosmetic,178.90077340793152,True
44,Misty Skull,L'Inspecteur,10871.8,190 keys,5,misc,Level 10 Hat,622,2026-07-21T22:54:09,331.59,190.0,190.0,190.0,cosmetic,178.90077340793152,True
44,Misty Skull,Aztec Aggressor,10356.82,181 keys,1,misc,Level 1-100 Headgear,30914,2026-07-21T22:54:09,315.88,181.0,181.0,181.0,cosmetic,170.4265262465032,True
44,Misty Skull,Towering Titanium Pillar of Hats,10299.6,180 keys,1,misc,Level 1-100 Hat,30008,2026-07-21T22:54:09,314.14,180.0,180.0,180.0,cosmetic,169.48494322856672,True
44,Misty Skull,Allbrero,10013.5,175 keys,1,misc,Level 1-100 Hat,30429,2026-07-21T22:54:09,305.41,175.0,175.0,175.0,cosmetic,164.7770281388843,True
44,Misty Skull,Bloke's Bucket Hat,10013.5,175 keys,3,misc,Level 1-100 Hat,181,2026-07-21T22:54:09,305.41,175.0,175.0,175.0,cosmetic,164.7770281388843,True
44,Misty Skull,Head Warmer,9298.25,160–165 keys,1,misc,Level 1-100 Hat,644,2026-07-21T22:54:09,283.6,160.0,165.0,162.5,cosmetic,153.00724041467828,True
44,Misty Skull,Safe'n'Sound,9269.64,162 keys,4,misc,Level 1-100 Hat,178,2026-07-21T22:54:09,282.72,162.0,162.0,162.0,cosmetic,152.53644890571005,True
44,Misty Skull,Combustible Kabuto,9155.2,160 keys,1,misc,Level 1-100 Hat,30418,2026-07-21T22:54:09,279.23,160.0,160.0,160.0,cosmetic,150.65328286983708,True
44,Misty Skull,Towering Pillar of Hats,9155.2,160 keys,2,misc,Level 1-100 Hat,135,2026-07-21T22:54:09,279.23,160.0,160.0,160.0,cosmetic,150.65328286983708,True
44,Misty Skull,Honcho's Headgear,9040.76,158 keys,5,misc,Level 1-100 Hat,391,2026-07-21T22:54:09,275.74,158.0,158.0,158.0,cosmetic,148.77011683396412,True
44,Misty Skull,Officer's Ushanka,8583.0,150 keys,1,misc,Level 1-100 Hat,96,2026-07-21T22:54:09,261.78,150.0,150.0,150.0,cosmetic,141.23745269047225,True
44,Misty Skull,Nanobalaclava,8296.9,145 keys,3,misc,Level 10 Hat,521,2026-07-21T22:54:09,253.06,145.0,145.0,145.0,cosmetic,136.52953760078984,True
44,Misty Skull,Glengarry Bonnet,8010.4918032787,129.23–150.76 keys,0,misc,Level 1-100 Hat,100,2026-07-21T22:54:09,,129.23,150.76,139.995,cosmetic,131.81655098368768,True
44,Misty Skull,Batter's Helmet,7531.9672131148,123.27–139.99 keys,2,misc,Level 1-100 Helmet,52,2026-07-21T22:54:09,,123.27,139.99,131.63,cosmetic,123.94219537789698,True
44,Misty Skull,Hottie's Hoodie,7467.21,111–150 keys,2,misc,Level 1-100 Hood,377,2026-07-21T22:54:09,227.75,111.0,150.0,130.5,cosmetic,122.87658384071086,True
44,Misty Skull,Big Country,7292.6229508197,116.83–138.07 keys,0,misc,Level 1-100 Hair,382,2026-07-21T22:54:09,,116.83,138.07,127.44999999999999,cosmetic,120.00366876451703,True
44,Misty Skull,Vintage Merryweather,7186.8852459016,120.95–130.25 keys,2,misc,Level 1-100 Helmet,182,2026-07-21T22:54:09,,120.95,130.25,125.6,cosmetic,118.2637032401119,True
44,Misty Skull,Napper's Respite,7152.5,125 keys,3,misc,Level 1-100 Hat,248,2026-07-21T22:54:09,218.15,125.0,125.0,125.0,cosmetic,117.69787724206022,True
44,Misty Skull,Heavy Duty Rag,7007.868852459,122.47 keys,2,misc,Level 1-100 Bandana,185,2026-07-21T22:54:09,,122.47,122.47,122.47,cosmetic,115.31790114298173,True
44,Misty Skull,Wing Mann,6980.84,122 keys,1,misc,Level 1-100 Hat,30809,2026-07-21T22:54:09,212.92,122.0,122.0,122.0,cosmetic,114.87312818825077,True
44,Misty Skull,Modest Metal Pile of Scrap,6866.4,120 keys,1,misc,Level 1-100 Hat,30001,2026-07-21T22:54:09,209.43,120.0,120.0,120.0,cosmetic,112.9899621523778,True
44,Misty Skull,Capo's Capper,6580.3,115 keys,3,misc,Level 1-100 Hat,427,2026-07-21T22:54:09,200.7,115.0,115.0,115.0,cosmetic,108.28204706269541,True
44,Misty Skull,Fortunate Son,6580.3,115 keys,1,misc,Level 1-100 Helmet,30636,2026-07-21T22:54:09,200.7,115.0,115.0,115.0,cosmetic,108.28204706269541,True
44,Misty Skull,Battle Boonie,6437.25,90–135 keys,1,misc,Level 1-100 Hat,30907,2026-07-21T22:54:09,196.34,90.0,135.0,112.5,cosmetic,105.9280895178542,True
44,Misty Skull,Caribbean Conqueror,6294.2,110 keys,2,misc,Level 1-100 Hat,30116,2026-07-21T22:54:09,191.97,110.0,110.0,110.0,cosmetic,103.574131973013,True
44,Misty Skull,Hustler's Hallmark,6294.2,110 keys,2,misc,Level 1-100 Hat,146,2026-07-21T22:54:09,191.97,110.0,110.0,110.0,cosmetic,103.574131973013,True
44,Misty Skull,Powdered Practitioner,6294.2,110 keys,1,misc,Level 1-100 Hat,30069,2026-07-21T22:54:09,191.97,110.0,110.0,110.0,cosmetic,103.574131973013,True
44,Misty Skull,Connoisseur's Cap,5950.88,89–119 keys,3,misc,Level 1-100 Hat,394,2026-07-21T22:54:09,181.5,89.0,119.0,104.0,cosmetic,97.9246338653941,True
44,Misty Skull,Chieftain's Challenge,5722.0,100 keys,1,misc,Level 1-100 Hat,250,2026-07-21T22:54:09,174.52,100.0,100.0,100.0,cosmetic,94.15830179364818,True
44,Misty Skull,Sober Stuntman,5722.0,100 keys,2,misc,Level 1-100 Helmet,255,2026-07-21T22:54:09,174.52,100.0,100.0,100.0,cosmetic,94.15830179364818,True
44,Misty Skull,Classy Capper,5550.34,77–117 keys,0,misc,Level 1-100 Hat,30893,2026-07-21T22:54:09,169.29,77.0,117.0,97.0,cosmetic,91.33355273983874,True
44,Misty Skull,Hot Dogger,5550.34,97 keys,4,misc,Level 10 Hat,614,2026-07-21T22:54:09,169.29,97.0,97.0,97.0,cosmetic,91.33355273983874,True
44,Misty Skull,Front Runner,5493.12,92–100 keys,1,misc,Level 1-100 Hat,760,2026-07-21T22:54:09,167.54,92.0,100.0,96.0,cosmetic,90.39196972190224,True
44,Misty Skull,Professional's Panama,5435.9,95 keys,5,misc,Level 1-100 Hat,109,2026-07-21T22:54:09,165.79,95.0,95.0,95.0,cosmetic,89.45038670396576,True
44,Misty Skull,Geisha Boy,5310.1639344262,92.8 keys,1,misc,Level 1-100 Hair,363,2026-07-21T22:54:09,,92.8,92.8,92.8,cosmetic,87.38133839766661,True
44,Misty Skull,Vintage Tyrolean,5149.8,90 keys,2,misc,Level 1-100 Hat,101,2026-07-21T22:54:09,157.07,90.0,90.0,90.0,cosmetic,84.74247161428336,True
44,Misty Skull,Virus Doctor,5149.8,90 keys,1,misc,Level 1-100 Hat,30043,2026-07-21T22:54:09,157.07,90.0,90.0,90.0,cosmetic,84.74247161428336,True
44,Misty Skull,Crocleather Slouch,4577.6,80 keys,1,misc,Level 1-100 Hat,344,2026-07-21T22:54:09,139.62,80.0,80.0,80.0,cosmetic,75.32664143491854,True
44,Misty Skull,Fat Man's Field Cap,4577.6,80 keys,2,misc,Level 1-100 Hat,30911,2026-07-21T22:54:09,139.62,80.0,80.0,80.0,cosmetic,75.32664143491854,True
44,Misty Skull,Industrial Festivizer,4348.72,76 keys,2,misc,Level 1-100 Hat,338,2026-07-21T22:54:09,132.64,76.0,76.0,76.0,cosmetic,71.56030936317262,True
44,Misty Skull,Timeless Topper,4291.5,75 keys,1,misc,Level 1-100 Hat,30035,2026-07-21T22:54:09,130.89,75.0,75.0,75.0,cosmetic,70.61872634523613,True
44,Misty Skull,Pugilist's Protector,4163.7704918033,59–86.53 keys,1,misc,Level 1-100 Headgear,246,2026-07-21T22:54:09,,59.0,86.53,72.765,cosmetic,68.51687496796609,True
44,Misty Skull,Bombing Run,4005.4,70 keys,2,misc,Level 1-100 Helmet,249,2026-07-21T22:54:09,122.16,70.0,70.0,70.0,cosmetic,65.91081125555372,True
44,Misty Skull,Bunsen Brave,4005.4,70 keys,1,misc,Level 1-100 Hat,30054,2026-07-21T22:54:09,122.16,70.0,70.0,70.0,cosmetic,65.91081125555372,True
44,Misty Skull,Prussian Pickelhaube,4005.4,70 keys,2,misc,Level 1-100 Helmet,50,2026-07-21T22:54:09,122.16,70.0,70.0,70.0,cosmetic,65.91081125555372,True
44,Misty Skull,Outdoorsman,3948.18,69 keys,2,misc,Level 10 Hat,603,2026-07-21T22:54:09,120.42,69.0,69.0,69.0,cosmetic,64.96922823761724,True
44,Misty Skull,Helmet without a Home,3890.96,68 keys,2,misc,Level 1-100 Helmet,732,2026-07-21T22:54:09,118.67,68.0,68.0,68.0,cosmetic,64.02764521968076,True
44,Misty Skull,Tippler's Tricorne,3719.3,65 keys,3,misc,Level 1-100 Hat,179,2026-07-21T22:54:09,113.44,65.0,65.0,65.0,cosmetic,61.202896165871316,True
44,Misty Skull,Shooter's Sola Topi,3659.0163934426,59.68–68.21 keys,2,misc,Level 1-100 Helmet,158,2026-07-21T22:54:09,,59.68,68.21,63.94499999999999,cosmetic,60.21090000728319,True
44,Misty Skull,Counterfeit Billycock,3604.86,56–70 keys,3,misc,Level 10 Hat,602,2026-07-21T22:54:09,109.95,56.0,70.0,63.0,cosmetic,59.319730129998355,True
44,Misty Skull,Little Buddy,3586.5573770492,52.23–73.13 keys,1,misc,Level 10 Hat,612,2026-07-21T22:54:09,,52.23,73.13,62.67999999999999,cosmetic,59.01855153939773,True
44,Misty Skull,German Gonzila,3318.76,52–64 keys,2,misc,Level 1-100 Hat,323,2026-07-21T22:54:09,101.22,52.0,64.0,58.0,cosmetic,54.611815040315946,True
44,Misty Skull,Familiar Fez,3061.27,48–59 keys,3,misc,Level 1-100 Hat,223,2026-07-21T22:54:09,93.37,48.0,59.0,53.5,cosmetic,50.37469145960178,True
44,Misty Skull,Pardner's Pompadour,3032.66,53 keys,1,misc,Level 1-100 Hair,30099,2026-07-21T22:54:09,92.5,53.0,53.0,53.0,cosmetic,49.90389995063353,True
44,Misty Skull,Hotrod,2918.22,51 keys,1,misc,Level 1-100 Mask,148,2026-07-21T22:54:09,89.01,51.0,51.0,51.0,cosmetic,48.02073391476057,True
44,Misty Skull,Rimmed Raincatcher,2861.0,50 keys,2,misc,Level 1-100 Hat,216,2026-07-21T22:54:09,87.26,50.0,50.0,50.0,cosmetic,47.07915089682409,True
44,Misty Skull,Copper's Hard Top,2603.51,41–50 keys,1,misc,Level 1-100 Helmet,478,2026-07-21T22:54:09,79.41,41.0,50.0,45.5,cosmetic,42.84202731610993,True
44,Misty Skull,Conquistador,2288.8,40 keys,3,misc,Level 1-100 Helmet,721,2026-07-21T22:54:09,69.81,40.0,40.0,40.0,cosmetic,37.66332071745927,True
44,Misty Skull,Carouser's Capotain,2117.14,35–39 keys,4,misc,Level 1-100 Hat,259,2026-07-21T22:54:09,64.57,35.0,39.0,37.0,cosmetic,34.83857166364982,True
44,Misty Skull,Dead Cone,2117.14,36–38 keys,2,misc,Level 1-100 Hat,435,2026-07-21T22:54:09,64.57,36.0,38.0,37.0,cosmetic,34.83857166364982,True
44,Misty Skull,Buckaroo's Hat,1716.6,30 keys,3,misc,Level 1-100 Hat,322,2026-07-21T22:54:09,52.36,30.0,30.0,30.0,cosmetic,28.24749053809445,True
44,Misty Skull,Prehistoric Pullover,,,1,misc,Level 1-100 Hood,30704,2026-07-21T22:54:09,,,,,cosmetic,,False
116,The Dark Doorway,Blast Defense,220297.0,3850 keys,0,misc,Level 1-100 Headgear,30863,2026-07-21T22:54:09,6719.06,3850.0,3850.0,3850.0,cosmetic,3625.0946190554546,True
116,The Dark Doorway,Lucky Cat Hat,160216.0,2800 keys,6,misc,Level 1-100 Hat,30998,2026-07-21T22:54:09,4886.59,2800.0,2800.0,2800.0,cosmetic,2636.432450222149,True
116,The Dark Doorway,Head Prize,137328.0,2400 keys,2,misc,Level 1-100 Hat,30838,2026-07-21T22:54:09,4188.5,2400.0,2400.0,2400.0,cosmetic,2259.799243047556,True
116,The Dark Doorway,Rotation Sensation,107688.04,1882 keys,0,misc,Level 1-100 Hat,30623,2026-07-21T22:54:09,3284.49,1882.0,1882.0,1882.0,cosmetic,1772.0592397564585,True
116,The Dark Doorway,Aztec Warrior,105857.0,1850 keys,1,misc,Level 1-100 Headgear,30879,2026-07-21T22:54:09,3228.64,1850.0,1850.0,1850.0,cosmetic,1741.9285831824914,True
116,The Dark Doorway,Caribou Companion,85830.0,1500 keys,0,misc,Level 1-100 Hat,30974,2026-07-21T22:54:09,2617.82,1500.0,1500.0,1500.0,cosmetic,1412.3745269047226,True
116,The Dark Doorway,Patriot Peak,82969.0,1450 keys,10,misc,Level 1-100 Hat,30743,2026-07-21T22:54:09,2530.55,1450.0,1450.0,1450.0,cosmetic,1365.2953760078985,True
116,The Dark Doorway,Starboard Crusader,76388.7,1335 keys,1,misc,Level 1-100 Hat,30981,2026-07-21T22:54:09,2329.86,1335.0,1335.0,1335.0,cosmetic,1257.013328945203,True
116,The Dark Doorway,Tundra Top,74386.0,1300 keys,6,misc,Level 1-100 Hat,30976,2026-07-21T22:54:09,2268.77,1300.0,1300.0,1300.0,cosmetic,1224.0579233174262,True
116,The Dark Doorway,Chill Chullo,65803.0,1150 keys,4,misc,Level 1-100 Hat,30748,2026-07-21T22:54:09,2006.99,1150.0,1150.0,1150.0,cosmetic,1082.820470626954,True
116,The Dark Doorway,Woolen Warmer,62942.0,1100 keys,0,misc,Level 1-100 Hat,30833,2026-07-21T22:54:09,1919.73,1100.0,1100.0,1100.0,cosmetic,1035.74131973013,True
116,The Dark Doorway,Shellmet,51498.0,900 keys,0,misc,Level 1-100 Helmet,30897,2026-07-21T22:54:09,1570.69,900.0,900.0,900.0,cosmetic,847.4247161428336,True
116,The Dark Doorway,Field Practice,42915.0,750 keys,0,misc,Level 1-100 Headgear,30862,2026-07-21T22:54:09,1308.91,750.0,750.0,750.0,cosmetic,706.1872634523613,True
116,The Dark Doorway,A Well Wrapped Hat,28610.0,500 keys,1,misc,Level 1-100 Hat,30746,2026-07-21T22:54:09,872.61,500.0,500.0,500.0,cosmetic,470.79150896824086,True
116,The Dark Doorway,Bomb Beanie,28610.0,500 keys,0,misc,Level 1-100 Hat,30823,2026-07-21T22:54:09,872.61,500.0,500.0,500.0,cosmetic,470.79150896824086,True
116,The Dark Doorway,Coldfront Commander,28610.0,500 keys,1,misc,Level 1-100 Hat,30939,2026-07-21T22:54:09,872.61,500.0,500.0,500.0,cosmetic,470.79150896824086,True
116,The Dark Doorway,A Hat to Kill For,26035.1,455 keys,0,misc,Level 1-100 Hat,30753,2026-07-21T22:54:09,794.07,455.0,455.0,455.0,cosmetic,428.4202731610992,True
116,The Dark Doorway,Berlin Brain Bowl,19454.8,330–350 keys,10,misc,Level 1-100 Headgear,30755,2026-07-21T22:54:09,593.37,330.0,350.0,340.0,cosmetic,320.1382260984038,True
116,The Dark Doorway,Cranial Carcharodon,17738.2,310 keys,3,misc,Level 1-100 Hat,30800,2026-07-21T22:54:09,541.02,310.0,310.0,310.0,cosmetic,291.89073556030934,True
116,The Dark Doorway,Sinner's Shade,17166.0,300 keys,0,misc,Level 1-100 Hat,30959,2026-07-21T22:54:09,523.56,300.0,300.0,300.0,cosmetic,282.4749053809445,True
116,The Dark Doorway,Commando Elite,16307.7,285 keys,1,misc,Level 1-100 Helmet,30912,2026-07-21T22:54:09,497.38,285.0,285.0,285.0,cosmetic,268.35116011189734,True
116,The Dark Doorway,Defragmenting Hard Hat 17%,15163.3,265 keys,11,misc,Level 1-100 Helmet,31011,2026-07-21T22:54:09,462.48,265.0,265.0,265.0,cosmetic,249.51949975316765,True
116,The Dark Doorway,Pithy Professional,14018.9,245 keys,2,misc,Level 1-100 Hat,30915,2026-07-21T22:54:09,427.58,245.0,245.0,245.0,cosmetic,230.68783939443802,True
116,The Dark Doorway,Universal Translator,13160.6,230 keys,3,misc,Level 1-100 Hat,30658,2026-07-21T22:54:09,401.4,230.0,230.0,230.0,cosmetic,216.56409412539082,True
116,The Dark Doorway,Nuke,12016.2,210 keys,0,misc,Level 1-100 Hair,30885,2026-07-21T22:54:09,366.49,210.0,210.0,210.0,cosmetic,197.7324337666612,True
116,The Dark Doorway,Antarctic Eyewear,10871.8,190 keys,5,misc,Level 1-100 Apparel,30977,2026-07-21T22:54:09,331.59,190.0,190.0,190.0,cosmetic,178.90077340793152,True
116,The Dark Doorway,Archer's Sterling,10871.8,190 keys,0,misc,Level 1-100 Helmet,30874,2026-07-21T22:54:09,331.59,190.0,190.0,190.0,cosmetic,178.90077340793152,True
116,The Dark Doorway,Polar Bear,10585.7,185 keys,2,misc,Level 1-100 Hat,30964,2026-07-21T22:54:09,322.86,185.0,185.0,185.0,cosmetic,174.19285831824914,True
116,The Dark Doorway,Mo'Horn,10013.5,175 keys,1,misc,Level 1-100 Hat,30812,2026-07-21T22:54:09,305.41,175.0,175.0,175.0,cosmetic,164.7770281388843,True
116,The Dark Doorway,Warhood,9956.28,174 keys,0,misc,Level 1-100 Hood,30866,2026-07-21T22:54:09,303.67,174.0,174.0,174.0,cosmetic,163.83544512094784,True
116,The Dark Doorway,Brass Bucket,9441.3,165 keys,2,misc,Level 1-100 Helmet,30969,2026-07-21T22:54:09,287.96,165.0,165.0,165.0,cosmetic,155.36119795951947,True
116,The Dark Doorway,Battle Boonie,8583.0,150 keys,1,misc,Level 1-100 Hat,30907,2026-07-21T22:54:09,261.78,150.0,150.0,150.0,cosmetic,141.23745269047225,True
116,The Dark Doorway,Head Hedge,6637.52,116 keys,0,misc,Level 1-100 Helmet,30978,2026-07-21T22:54:09,202.44,116.0,116.0,116.0,cosmetic,109.22363008063189,True
116,The Dark Doorway,Brain-Warming Wear,6608.91,106–125 keys,0,misc,Level 1-100 Hat,30827,2026-07-21T22:54:09,201.57,106.0,125.0,115.5,cosmetic,108.75283857166364,True
116,The Dark Doorway,Vampire Vanquisher,5607.56,95–101 keys,102,misc,Level 1-100 Hat,31003,2026-07-21T22:54:09,171.03,95.0,101.0,98.0,cosmetic,92.27513575777522,True
116,The Dark Doorway,Wing Mann,4978.14,76–98 keys,1,misc,Level 1-100 Hat,30809,2026-07-21T22:54:09,151.83,76.0,98.0,87.0,cosmetic,81.91772256047392,True
116,The Dark Doorway,Elf Esteem,4863.7,85 keys,0,misc,Level 1-100 Hat,30836,2026-07-21T22:54:09,148.34,85.0,85.0,85.0,cosmetic,80.03455652460094,True
116,The Dark Doorway,Sky High Fly Guy,4005.4,70 keys,0,misc,Level 1-100 Hat,30984,2026-07-21T22:54:09,122.16,70.0,70.0,70.0,cosmetic,65.91081125555372,True
116,The Dark Doorway,Highway Star,3547.64,59–65 keys,104,misc,Level 1-100 Bandana,31010,2026-07-21T22:54:09,108.2,59.0,65.0,62.0,cosmetic,58.37814711206187,True
116,The Dark Doorway,Hephaistos' Handcraft,3375.98,59 keys,39,misc,Level 1-100 Helmet,31000,2026-07-21T22:54:09,102.97,59.0,59.0,59.0,cosmetic,55.55339805825243,True
116,The Dark Doorway,Fat Man's Field Cap,2975.44,52 keys,0,misc,Level 1-100 Hat,30911,2026-07-21T22:54:09,90.75,52.0,52.0,52.0,cosmetic,48.96231693269705,True
116,The Dark Doorway,Murderer's Motif,2803.78,44–54 keys,78,misc,Level 1-100 Hat,31016,2026-07-21T22:54:09,85.52,44.0,54.0,49.0,cosmetic,46.13756787888761,True
116,The Dark Doorway,Tank Top,2803.78,48–50 keys,39,misc,Level 1-100 Helmet,31002,2026-07-21T22:54:09,85.52,48.0,50.0,49.0,cosmetic,46.13756787888761,True
116,The Dark Doorway,Mann-O-War,2174.36,36–40 keys,90,misc,Level 1-100 Hat,31008,2026-07-21T22:54:09,66.32,36.0,40.0,38.0,cosmetic,35.78015468158631,True
116,The Dark Doorway,Punk's Pomp,,,1,misc,Level 1-100 Hair,30993,2026-07-21T22:54:09,,,,,cosmetic,,False
115,The Eldritch Opening,Frag Proof Fragger,137328.0,2400 keys,1,misc,Level 1-100 Helmet,30979,2026-07-21T22:54:09,4188.5,2400.0,2400.0,2400.0,cosmetic,2259.799243047556,True
115,The Eldritch Opening,Lucky Cat Hat,125884.0,2200 keys,4,misc,Level 1-100 Hat,30998,2026-07-21T22:54:09,3839.46,2200.0,2200.0,2200.0,cosmetic,2071.48263946026,True
115,The Eldritch Opening,Cat's Pajamas,111579.0,1950 keys,2,misc,Level 1-100 Hood,30937,2026-07-21T22:54:09,3403.16,1950.0,1950.0,1950.0,cosmetic,1836.0868849761393,True
115,The Eldritch Opening,Burning Question,91552.0,1600 keys,1,misc,Level 1-100 Hat,30987,2026-07-21T22:54:09,2792.34,1600.0,1600.0,1600.0,cosmetic,1506.5328286983708,True
115,The Eldritch Opening,Patriot Peak,88691.0,1550 keys,0,misc,Level 1-100 Hat,30743,2026-07-21T22:54:09,2705.08,1550.0,1550.0,1550.0,cosmetic,1459.4536778015467,True
115,The Eldritch Opening,Caribou Companion,71525.0,1250 keys,0,misc,Level 1-100 Hat,30974,2026-07-21T22:54:09,2181.51,1250.0,1250.0,1250.0,cosmetic,1176.9787724206021,True
115,The Eldritch Opening,Hellmet,60081.0,1050 keys,3,misc,Level 1-100 Helmet,30708,2026-07-21T22:54:09,1832.47,1050.0,1050.0,1050.0,cosmetic,988.6621688333058,True
115,The Eldritch Opening,Classy Capper,55503.4,970 keys,2,misc,Level 1-100 Hat,30893,2026-07-21T22:54:09,1692.85,970.0,970.0,970.0,cosmetic,913.3355273983873,True
115,The Eldritch Opening,Tundra Top,49495.3,865 keys,0,misc,Level 1-100 Hat,30976,2026-07-21T22:54:09,1509.61,865.0,865.0,865.0,cosmetic,814.4693105150568,True
115,The Eldritch Opening,Field Practice,42915.0,750 keys,5,misc,Level 1-100 Headgear,30862,2026-07-21T22:54:09,1308.91,750.0,750.0,750.0,cosmetic,706.1872634523613,True
115,The Eldritch Opening,Universal Translator,37765.2,660 keys,5,misc,Level 1-100 Hat,30658,2026-07-21T22:54:09,1151.84,660.0,660.0,660.0,cosmetic,621.4447918380779,True
115,The Eldritch Opening,Rotation Sensation,32329.3,565 keys,2,misc,Level 1-100 Hat,30623,2026-07-21T22:54:09,986.04,565.0,565.0,565.0,cosmetic,531.9944051341122,True
115,The Eldritch Opening,A Hat to Kill For,28610.0,500 keys,5,misc,Level 1-100 Hat,30753,2026-07-21T22:54:09,872.61,500.0,500.0,500.0,cosmetic,470.79150896824086,True
115,The Eldritch Opening,A Well Wrapped Hat,28037.8,490 keys,2,misc,Level 1-100 Hat,30746,2026-07-21T22:54:09,855.15,490.0,490.0,490.0,cosmetic,461.37567878887603,True
115,The Eldritch Opening,Woolen Warmer,26035.1,455 keys,0,misc,Level 1-100 Hat,30833,2026-07-21T22:54:09,794.07,455.0,455.0,455.0,cosmetic,428.4202731610992,True
115,The Eldritch Opening,Berlin Brain Bowl,25176.8,440 keys,5,misc,Level 1-100 Headgear,30755,2026-07-21T22:54:09,767.89,440.0,440.0,440.0,cosmetic,414.296527892052,True
115,The Eldritch Opening,Sinner's Shade,25176.8,440 keys,2,misc,Level 1-100 Hat,30959,2026-07-21T22:54:09,767.89,440.0,440.0,440.0,cosmetic,414.296527892052,True
115,The Eldritch Opening,Brass Bucket,23746.3,415 keys,2,misc,Level 1-100 Helmet,30969,2026-07-21T22:54:09,724.26,415.0,415.0,415.0,cosmetic,390.75695244363993,True
115,The Eldritch Opening,Battle Boonie,20656.42,361 keys,4,misc,Level 1-100 Hat,30907,2026-07-21T22:54:09,630.02,361.0,361.0,361.0,cosmetic,339.9114694750699,True
115,The Eldritch Opening,Antarctic Eyewear,18882.6,330 keys,6,misc,Level 1-100 Apparel,30977,2026-07-21T22:54:09,575.92,330.0,330.0,330.0,cosmetic,310.72239591903895,True
115,The Eldritch Opening,Nuke,16879.9,295 keys,2,misc,Level 1-100 Hair,30885,2026-07-21T22:54:09,514.84,295.0,295.0,295.0,cosmetic,277.7669902912621,True
115,The Eldritch Opening,Trucker's Topper,16593.8,220–360 keys,3,misc,Level 1-100 Hat,30930,2026-07-21T22:54:09,506.11,220.0,360.0,290.0,cosmetic,273.0590752015797,True
115,The Eldritch Opening,Shellmet,14305.0,250 keys,0,misc,Level 1-100 Helmet,30897,2026-07-21T22:54:09,436.3,250.0,250.0,250.0,cosmetic,235.39575448412043,True
115,The Eldritch Opening,Defragmenting Hard Hat 17%,11444.0,200 keys,7,misc,Level 1-100 Helmet,31011,2026-07-21T22:54:09,349.04,200.0,200.0,200.0,cosmetic,188.31660358729636,True
115,The Eldritch Opening,Blast Defense,8583.0,150 keys,0,misc,Level 1-100 Headgear,30863,2026-07-21T22:54:09,261.78,150.0,150.0,150.0,cosmetic,141.23745269047225,True
115,The Eldritch Opening,Smokey Sombrero,8296.9,145 keys,3,misc,Level 1-100 Hat,30682,2026-07-21T22:54:09,253.06,145.0,145.0,145.0,cosmetic,136.52953760078984,True
115,The Eldritch Opening,Sky High Fly Guy,6809.18,119 keys,5,misc,Level 1-100 Hat,30984,2026-07-21T22:54:09,207.68,119.0,119.0,119.0,cosmetic,112.04837913444133,True
115,The Eldritch Opening,Fat Man's Field Cap,6580.3,115 keys,0,misc,Level 1-100 Hat,30911,2026-07-21T22:54:09,200.7,115.0,115.0,115.0,cosmetic,108.28204706269541,True
115,The Eldritch Opening,Wing Mann,5722.0,100 keys,10,misc,Level 1-100 Hat,30809,2026-07-21T22:54:09,174.52,100.0,100.0,100.0,cosmetic,94.15830179364818,True
115,The Eldritch Opening,Brain-Warming Wear,5607.56,98 keys,0,misc,Level 1-100 Hat,30827,2026-07-21T22:54:09,171.03,98.0,98.0,98.0,cosmetic,92.27513575777522,True
115,The Eldritch Opening,Vampire Vanquisher,5149.8,90 keys,92,misc,Level 1-100 Hat,31003,2026-07-21T22:54:09,157.07,90.0,90.0,90.0,cosmetic,84.74247161428336,True
115,The Eldritch Opening,Murderer's Motif,4835.09,80–89 keys,122,misc,Level 1-100 Hat,31016,2026-07-21T22:54:09,147.47,80.0,89.0,84.5,cosmetic,79.56376501563271,True
115,The Eldritch Opening,Polar Bear,4749.26,80–86 keys,3,misc,Level 1-100 Hat,30964,2026-07-21T22:54:09,144.85,80.0,86.0,83.0,cosmetic,78.15139048872798,True
115,The Eldritch Opening,Elf Esteem,4005.4,70 keys,0,misc,Level 1-100 Hat,30836,2026-07-21T22:54:09,122.16,70.0,70.0,70.0,cosmetic,65.91081125555372,True
115,The Eldritch Opening,Puffy Polar Cap,3461.81,55–66 keys,2,misc,Level 1-100 Hat,30958,2026-07-21T22:54:09,105.59,55.0,66.0,60.5,cosmetic,56.96577258515715,True
115,The Eldritch Opening,Highway Star,3089.88,49–59 keys,108,misc,Level 1-100 Bandana,31010,2026-07-21T22:54:09,94.24,49.0,59.0,54.0,cosmetic,50.84548296857002,True
115,The Eldritch Opening,Hephaistos' Handcraft,2632.12,45–47 keys,104,misc,Level 1-100 Helmet,31000,2026-07-21T22:54:09,80.28,45.0,47.0,46.0,cosmetic,43.31281882507816,True
115,The Eldritch Opening,Mann-O-War,2002.7,35 keys,108,misc,Level 1-100 Hat,31008,2026-07-21T22:54:09,61.08,35.0,35.0,35.0,cosmetic,32.95540562777686,True
115,The Eldritch Opening,Tank Top,1659.38,29 keys,102,misc,Level 1-100 Helmet,31002,2026-07-21T22:54:09,50.61,29.0,29.0,29.0,cosmetic,27.305907520157973,True
115,The Eldritch Opening,Coldfront Commander,,,1,misc,Level 1-100 Hat,30939,2026-07-21T22:54:09,,,,,cosmetic,,False
93,Subatomic,Corona Australis,97274.0,1700 keys,8,misc,Level 1-100 Cosmetic Augmentation,30648,2026-07-21T22:54:09,2966.86,1700.0,1700.0,1700.0,cosmetic,1600.691130492019,True
93,Subatomic,Captain Space Mann,71525.0,1250 keys,14,misc,Level 1-100 Helmet,30646,2026-07-21T22:54:09,2181.51,1250.0,1250.0,1250.0,cosmetic,1176.9787724206021,True
93,Subatomic,Sucker Slug,15449.4,270 keys,3,misc,Level 1-100 Hat,30653,2026-07-21T22:54:09,471.21,270.0,270.0,270.0,cosmetic,254.22741484285007,True
93,Subatomic,Universal Translator,1373.28,21–27 keys,480,misc,Level 1-100 Hat,30658,2026-07-21T22:54:09,41.89,21.0,27.0,24.0,cosmetic,22.59799243047556,True
93,Subatomic,Phononaut,1173.01,20–21 keys,74,misc,Level 1-100 Hat,30647,2026-07-21T22:54:09,35.78,20.0,21.0,20.5,cosmetic,19.302451867697876,True
93,Subatomic,A Head Full of Hot Air,486.37,7–10 keys,428,misc,Level 1-100 Hat,30662,2026-07-21T22:54:09,14.83,7.0,10.0,8.5,cosmetic,8.003455652460095,True
114,Galactic Gateway,Lucky Cat Hat,160216.0,2800 keys,3,misc,Level 1-100 Hat,30998,2026-07-21T22:54:09,4886.59,2800.0,2800.0,2800.0,cosmetic,2636.432450222149,True
114,Galactic Gateway,Patriot Peak,91552.0,1600 keys,5,misc,Level 1-100 Hat,30743,2026-07-21T22:54:09,2792.34,1600.0,1600.0,1600.0,cosmetic,1506.5328286983708,True
114,Galactic Gateway,Tundra Top,74386.0,1300 keys,0,misc,Level 1-100 Hat,30976,2026-07-21T22:54:09,2268.77,1300.0,1300.0,1300.0,cosmetic,1224.0579233174262,True
114,Galactic Gateway,Woolen Warmer,68664.0,1200 keys,2,misc,Level 1-100 Hat,30833,2026-07-21T22:54:09,2094.25,1200.0,1200.0,1200.0,cosmetic,1129.899621523778,True
114,Galactic Gateway,Outta Sight,57220.0,1000 keys,1,misc,Level 1-100 Hat,30628,2026-07-21T22:54:09,1745.21,1000.0,1000.0,1000.0,cosmetic,941.5830179364817,True
114,Galactic Gateway,Antarctic Eyewear,51211.9,895 keys,0,misc,Level 1-100 Apparel,30977,2026-07-21T22:54:09,1561.96,895.0,895.0,895.0,cosmetic,842.7168010531512,True
114,Galactic Gateway,Cranial Carcharodon,48637.0,850 keys,4,misc,Level 1-100 Hat,30800,2026-07-21T22:54:09,1483.43,850.0,850.0,850.0,cosmetic,800.3455652460095,True
114,Galactic Gateway,Pithy Professional,47778.7,835 keys,2,misc,Level 1-100 Hat,30915,2026-07-21T22:54:09,1457.25,835.0,835.0,835.0,cosmetic,786.2218199769623,True
114,Galactic Gateway,Universal Translator,45032.14,787 keys,6,misc,Level 1-100 Hat,30658,2026-07-21T22:54:09,1373.48,787.0,787.0,787.0,cosmetic,741.0258351160112,True
114,Galactic Gateway,Caribou Companion,40683.42,711 keys,0,misc,Level 1-100 Hat,30974,2026-07-21T22:54:09,1240.84,711.0,711.0,711.0,cosmetic,669.4655257528385,True
114,Galactic Gateway,Prehistoric Pullover,37193.0,650 keys,3,misc,Level 1-100 Hood,30704,2026-07-21T22:54:09,1134.39,650.0,650.0,650.0,cosmetic,612.0289616587131,True
114,Galactic Gateway,Starboard Crusader,37193.0,650 keys,2,misc,Level 1-100 Hat,30981,2026-07-21T22:54:09,1134.39,650.0,650.0,650.0,cosmetic,612.0289616587131,True
114,Galactic Gateway,Rotation Sensation,34332.0,600 keys,3,misc,Level 1-100 Hat,30623,2026-07-21T22:54:09,1047.13,600.0,600.0,600.0,cosmetic,564.949810761889,True
114,Galactic Gateway,Battle Boonie,30898.8,540 keys,3,misc,Level 1-100 Hat,30907,2026-07-21T22:54:09,942.41,540.0,540.0,540.0,cosmetic,508.45482968570013,True
114,Galactic Gateway,Chill Chullo,29697.18,519 keys,0,misc,Level 1-100 Hat,30748,2026-07-21T22:54:09,905.76,519.0,519.0,519.0,cosmetic,488.68158630903406,True
114,Galactic Gateway,Nuke,25749.0,450 keys,0,misc,Level 1-100 Hair,30885,2026-07-21T22:54:09,785.34,450.0,450.0,450.0,cosmetic,423.7123580714168,True
114,Galactic Gateway,A Hat to Kill For,25176.8,440 keys,0,misc,Level 1-100 Hat,30753,2026-07-21T22:54:09,767.89,440.0,440.0,440.0,cosmetic,414.296527892052,True
114,Galactic Gateway,Wide-Brimmed Bandito,21457.5,375 keys,3,misc,Level 1-100 Hat,30805,2026-07-21T22:54:09,654.45,375.0,375.0,375.0,cosmetic,353.09363172618066,True
114,Galactic Gateway,Sinner's Shade,20027.0,350 keys,2,misc,Level 1-100 Hat,30959,2026-07-21T22:54:09,610.82,350.0,350.0,350.0,cosmetic,329.5540562777686,True
114,Galactic Gateway,Defragmenting Hard Hat 17%,19454.8,310–370 keys,8,misc,Level 1-100 Helmet,31011,2026-07-21T22:54:09,593.37,310.0,370.0,340.0,cosmetic,320.1382260984038,True
114,Galactic Gateway,Warhood,18310.4,320 keys,0,misc,Level 1-100 Hood,30866,2026-07-21T22:54:09,558.47,320.0,320.0,320.0,cosmetic,301.30656573967417,True
114,Galactic Gateway,Head Hedge,16021.6,280 keys,5,misc,Level 1-100 Helmet,30978,2026-07-21T22:54:09,488.66,280.0,280.0,280.0,cosmetic,263.6432450222149,True
114,Galactic Gateway,Fat Man's Field Cap,14305.0,250 keys,2,misc,Level 1-100 Hat,30911,2026-07-21T22:54:09,436.3,250.0,250.0,250.0,cosmetic,235.39575448412043,True
114,Galactic Gateway,Trucker's Topper,11243.73,173–220 keys,4,misc,Level 1-100 Hat,30930,2026-07-21T22:54:09,342.93,173.0,220.0,196.5,cosmetic,185.02106302451867,True
114,Galactic Gateway,Burning Question,9899.06,173 keys,1,misc,Level 1-100 Hat,30987,2026-07-21T22:54:09,301.92,173.0,173.0,173.0,cosmetic,162.89386210301134,True
114,Galactic Gateway,Berlin Brain Bowl,8182.46,143 keys,0,misc,Level 1-100 Headgear,30755,2026-07-21T22:54:09,249.57,143.0,143.0,143.0,cosmetic,134.6463715649169,True
114,Galactic Gateway,Brain-Warming Wear,8010.8,140 keys,0,misc,Level 1-100 Hat,30827,2026-07-21T22:54:09,244.33,140.0,140.0,140.0,cosmetic,131.82162251110745,True
114,Galactic Gateway,Polar Bear,7438.6,130 keys,0,misc,Level 1-100 Hat,30964,2026-07-21T22:54:09,226.88,130.0,130.0,130.0,cosmetic,122.40579233174263,True
114,Galactic Gateway,Puffy Polar Cap,6694.74,117 keys,0,misc,Level 1-100 Hat,30958,2026-07-21T22:54:09,204.19,117.0,117.0,117.0,cosmetic,110.16521309856836,True
114,Galactic Gateway,Airdog,5435.9,90–100 keys,0,misc,Level 1-100 Helmet,30767,2026-07-21T22:54:09,165.79,90.0,100.0,95.0,cosmetic,89.45038670396576,True
114,Galactic Gateway,Murderer's Motif,4692.04,61–103 keys,49,misc,Level 1-100 Hat,31016,2026-07-21T22:54:09,143.11,61.0,103.0,82.0,cosmetic,77.2098074707915,True
114,Galactic Gateway,Elf Esteem,4577.6,80 keys,0,misc,Level 1-100 Hat,30836,2026-07-21T22:54:09,139.62,80.0,80.0,80.0,cosmetic,75.32664143491854,True
114,Galactic Gateway,Vampire Vanquisher,4434.55,74–81 keys,100,misc,Level 1-100 Hat,31003,2026-07-21T22:54:09,135.25,74.0,81.0,77.5,cosmetic,72.97268389007733,True
114,Galactic Gateway,Archer's Sterling,3719.3,65 keys,3,misc,Level 1-100 Helmet,30874,2026-07-21T22:54:09,113.44,65.0,65.0,65.0,cosmetic,61.202896165871316,True
114,Galactic Gateway,Highway Star,3576.25,62–63 keys,56,misc,Level 1-100 Bandana,31010,2026-07-21T22:54:09,109.08,62.0,63.0,62.5,cosmetic,58.84893862103011,True
114,Galactic Gateway,Hephaistos' Handcraft,3490.42,54–68 keys,96,misc,Level 1-100 Helmet,31000,2026-07-21T22:54:09,106.46,54.0,68.0,61.0,cosmetic,57.43656409412539,True
114,Galactic Gateway,Tank Top,2861.0,50 keys,42,misc,Level 1-100 Helmet,31002,2026-07-21T22:54:09,87.26,50.0,50.0,50.0,cosmetic,47.07915089682409,True
114,Galactic Gateway,Sky High Fly Guy,2574.9,45 keys,8,misc,Level 1-100 Hat,30984,2026-07-21T22:54:09,78.53,45.0,45.0,45.0,cosmetic,42.37123580714168,True
114,Galactic Gateway,Mann-O-War,2145.75,36–39 keys,54,misc,Level 1-100 Hat,31008,2026-07-21T22:54:09,65.45,36.0,39.0,37.5,cosmetic,35.30936317261806,True
