effect_id,effect_name,item_name,bp_price_ref,bp_price_keys,bp_price_all,exist,slot,summary,defindex
99,Nebula,Captain Space Mann,706667,10000–14700 keys,"706,667.00 ref, $21553.34",30,misc,Level 1-100 Helmet,30646
99,Nebula,Corona Australis,177382,3100 keys,"177,382.00 ref, $5410.15",4,misc,Level 1-100 Cosmetic Augmentation,30648
99,Nebula,Universal Translator,29754.4,480–560 keys,"29,754.40 ref, $907.51",538,misc,Level 1-100 Hat,30658
99,Nebula,Phononaut,21772.21,361–400 keys,"21,772.21 ref, $664.05",100,misc,Level 1-100 Hat,30647
99,Nebula,A Head Full of Hot Air,6608.91,109–122 keys,"6,608.91 ref, $201.57",506,misc,Level 1-100 Hat,30662
74,Spellbound,Antlers,938408,16400 keys,"938,408.00 ref, $28621.44",2,misc,Level 1-100 Cosmetic Item,993
74,Spellbound,Virtual Viewfinder,791066.5,12000–15650 keys,"791,066.50 ref, $24127.53",1,misc,Level 1-100 Headset,30140
74,Spellbound,Hong Kong Cone,786775,13750 keys,"786,775.00 ref, $23996.64",1,misc,Level 1-100 Hat,30177
74,Spellbound,Soldered Sensei,746721,13050 keys,"746,721.00 ref, $22774.99",6,misc,Level 1-100 Hat,30004
74,Spellbound,Patriot Peak,660891,11550 keys,"660,891.00 ref, $20157.18",0,misc,Level 1-100 Hat,30743
74,Spellbound,Crone's Dome,492092,8600 keys,"492,092.00 ref, $15008.81",2,misc,Level 1-100 Hat,920
74,Spellbound,War Pig,443455,7750 keys,"443,455.00 ref, $13525.38",5,misc,Level 1-100 Headgear,829
74,Spellbound,Chieftain's Challenge,329015,5750 keys,"329,015.00 ref, $10034.96",1,misc,Level 1-100 Hat,250
74,Spellbound,Pencil Pusher,314710,5500 keys,"314,710.00 ref, $9598.66",2,misc,Level 10 Hair,605
74,Spellbound,Salty Dog,311849,5450 keys,"311,849.00 ref, $9511.39",2,misc,Level 10 Hat,611
74,Spellbound,Polar Pullover,293424.16,5128 keys,"293,424.16 ref, $8949.44",0,misc,Level 1-100 Hat,30329
74,Spellbound,Minnesota Slick,287244.4,5020 keys,"287,244.40 ref, $8760.95",0,misc,Level 1-100 Hair,30315
74,Spellbound,Das Übersternmann,283239,4950 keys,"283,239.00 ref, $8638.79",1,misc,Level 1-100 Hat,30097
74,Spellbound,Prehistoric Pullover,247476.5,4325 keys,"247,476.50 ref, $7548.03",1,misc,Level 1-100 Hood,30704
74,Spellbound,Chill Chullo,244329.4,4270 keys,"244,329.40 ref, $7452.05",0,misc,Level 1-100 Hat,30748
74,Spellbound,Outta Sight,237463,4150 keys,"237,463.00 ref, $7242.62",1,misc,Level 1-100 Hat,30628
74,Spellbound,Burning Bandana,226019,3950 keys,"226,019.00 ref, $6893.58",2,misc,Level 1-100 Bandana,30091
74,Spellbound,Familiar Fez,220297,3850 keys,"220,297.00 ref, $6719.06",1,misc,Level 1-100 Hat,223
74,Spellbound,Backwards Ballcap,210283.5,3675 keys,"210,283.50 ref, $6413.65",5,misc,Level 10 Hat,617
74,Spellbound,Tough Stuff Muffs,204561.5,3100–4050 keys,"204,561.50 ref, $6239.13",4,misc,Level 1-100 Hat,984
74,Spellbound,Killer Exclusive,188826,3300 keys,"188,826.00 ref, $5759.19",1,misc,Level 10 Hat,538
74,Spellbound,Cosa Nostra Cap,183104,3200 keys,"183,104.00 ref, $5584.67",1,misc,Level 1-100 Hat,459
74,Spellbound,Honcho's Headgear,180243,3150 keys,"180,243.00 ref, $5497.41",2,misc,Level 1-100 Hat,391
74,Spellbound,Shooter's Sola Topi,143050,2500 keys,"143,050.00 ref, $4363.02",2,misc,Level 1-100 Helmet,158
74,Spellbound,Your Worst Nightmare,128745,1800–2700 keys,"128,745.00 ref, $3926.72",2,misc,Level 10 Hair,600
74,Spellbound,Head Warmer,125884,2200 keys,"125,884.00 ref, $3839.46",2,misc,Level 1-100 Hat,644
74,Spellbound,Glengarry Bonnet,123023,2150 keys,"123,023.00 ref, $3752.20",2,misc,Level 1-100 Hat,100
74,Spellbound,Hustler's Hallmark,117301,2050 keys,"117,301.00 ref, $3577.68",1,misc,Level 1-100 Hat,146
74,Spellbound,A Rather Festive Tree,114440,2000 keys,"114,440.00 ref, $3490.42",2,misc,Level 1-100 Hat,341
74,Spellbound,Galvanized Gibus,114440,2000 keys,"114,440.00 ref, $3490.42",3,misc,Level 1-100 Hat,30003
74,Spellbound,Horrific Headsplitter,114440,2000 keys,"114,440.00 ref, $3490.42",3,misc,Level 31 Hat,291
74,Spellbound,Sergeant's Drill Hat,114440,1800–2200 keys,"114,440.00 ref, $3490.42",4,misc,Level 1-100 Hat,183
74,Spellbound,Swagman's Swatter,114440,2000 keys,"114,440.00 ref, $3490.42",2,misc,Level 10 Hat,626
74,Spellbound,Greased Lightning,108718,1900 keys,"108,718.00 ref, $3315.90",2,misc,Level 1-100 Hair,30078
74,Spellbound,Milkman,108718,1900 keys,"108,718.00 ref, $3315.90",2,misc,Level 1-100 Hat,219
74,Spellbound,Towering Pillar of Hats,108718,1900 keys,"108,718.00 ref, $3315.90",3,misc,Level 1-100 Hat,135
74,Spellbound,Wet Works,108718,1900 keys,"108,718.00 ref, $3315.90",2,misc,Level 1-100 Hat,30135
74,Spellbound,Reggaelator,102996,1800 keys,"102,996.00 ref, $3141.38",1,misc,Level 1-100 Hat,390
74,Spellbound,Nuke,100135,1750 keys,"100,135.00 ref, $3054.12",0,misc,Level 1-100 Hair,30885
74,Spellbound,Platinum Pickelhaube,100135,1750 keys,"100,135.00 ref, $3054.12",2,misc,Level 1-100 Helmet,30042
74,Spellbound,Détective Noir,98704.5,1725 keys,"98,704.50 ref, $3010.49",2,misc,Level 1-100 Hat,319
74,Spellbound,Stout Shako,95843.5,1400–1950 keys,"95,843.50 ref, $2923.23",2,misc,Level 1-100 Hat,251
74,Spellbound,Front Runner,94413,1650 keys,"94,413.00 ref, $2879.60",2,misc,Level 1-100 Hat,760
74,Spellbound,Full Metal Drill Hat,94413,1650 keys,"94,413.00 ref, $2879.60",3,misc,Level 1-100 Hat,30026
74,Spellbound,Shellmet,94413,1650 keys,"94,413.00 ref, $2879.60",0,misc,Level 1-100 Helmet,30897
74,Spellbound,Modest Metal Pile of Scrap,88691,1300–1800 keys,"88,691.00 ref, $2705.08",1,misc,Level 1-100 Hat,30001
74,Spellbound,Das Naggenvatcher,86974.4,1520 keys,"86,974.40 ref, $2652.72",2,misc,Level 1-100 Hat,30109
74,Spellbound,Baron von Havenaplane,85830,1500 keys,"85,830.00 ref, $2617.82",3,misc,Level 1-100 Hat,30136
74,Spellbound,Doctor's Sack,85830,1500 keys,"85,830.00 ref, $2617.82",2,misc,Level 1-100 Hat,398
74,Spellbound,Modest Pile of Hat,85830,1500 keys,"85,830.00 ref, $2617.82",1,misc,Level 1-100 Hat,139
74,Spellbound,Triboniophorus Tyrannus,85830,1500 keys,"85,830.00 ref, $2617.82",1,misc,Level 1-100 Mascot,151
74,Spellbound,Cotton Head,82969,1450 keys,"82,969.00 ref, $2530.55",2,misc,Level 1-100 Hat,30175
74,Spellbound,Prince Tavish's Crown,80108,1400 keys,"80,108.00 ref, $2443.29",2,misc,Level 1-100 Hat,342
74,Spellbound,Brown Bomber,77247,1300–1400 keys,"77,247.00 ref, $2356.03",1,misc,Level 1-100 Hat,671
74,Spellbound,Harmburg,77247,1350 keys,"77,247.00 ref, $2356.03",3,misc,Level 1-100 Hat,30123
74,Spellbound,Whoopee Cap,77247,1350 keys,"77,247.00 ref, $2356.03",2,misc,Level 1-100 Hat,174
74,Spellbound,Ol' Geezer,74386,1300 keys,"74,386.00 ref, $2268.77",2,misc,Level 1-100 Hat,399
74,Spellbound,Strontium Stove Pipe,74386,1300 keys,"74,386.00 ref, $2268.77",2,misc,Level 1-100 Hat,30037
74,Spellbound,Ye Oiled Baker Boy,74386,1300 keys,"74,386.00 ref, $2268.77",3,misc,Level 1-100 Hat,30019
74,Spellbound,Das Maddendoktor,71525,1250 keys,"71,525.00 ref, $2181.51",2,misc,Level 1-100 Hair,30121
74,Spellbound,Tartan Spartan,70952.8,1240 keys,"70,952.80 ref, $2164.06",2,misc,Level 1-100 Helmet,30106
74,Spellbound,Data Mining Light,68664,1200 keys,"68,664.00 ref, $2094.25",1,misc,Level 1-100 Helmet,30051
74,Spellbound,FR-0,68664,1200 keys,"68,664.00 ref, $2094.25",1,misc,Level 1-100 Hat,30016
74,Spellbound,Jumper's Jeepcap,68664,1200 keys,"68,664.00 ref, $2094.25",1,misc,Level 1-100 Hat,417
74,Spellbound,Madame Dixie,68664,1200 keys,"68,664.00 ref, $2094.25",2,misc,Level 1-100 Hat,321
74,Spellbound,Barnstormer,65803,1150 keys,"65,803.00 ref, $2006.99",2,misc,Level 1-100 Hat,988
74,Spellbound,Dragonborn Helmet,62942,1100 keys,"62,942.00 ref, $1919.73",3,misc,Level 10 Helmet,517
74,Spellbound,L'homme Burglerre,62942,1100 keys,"62,942.00 ref, $1919.73",3,misc,Level 1-100 Hat,30182
74,Spellbound,Prancer's Pride,62942,1100 keys,"62,942.00 ref, $1919.73",2,misc,Level 1-100 Hat,318
74,Spellbound,Respectless Rubber Glove,62942,1100 keys,"62,942.00 ref, $1919.73",4,misc,Level 1-100 Hat,102
74,Spellbound,Tartan Tyrolean,62942,1100 keys,"62,942.00 ref, $1919.73",1,misc,Level 1-100 Hat,30334
74,Spellbound,Cold Killer,58364.4,1020 keys,"58,364.40 ref, $1780.11",4,misc,Level 1-100 Hat,981
74,Spellbound,Law,57849.42,1011 keys,"57,849.42 ref, $1764.41",2,misc,Level 1-100 Hat,30362
74,Spellbound,Blast Defense,57220,1000 keys,"57,220.00 ref, $1745.21",0,misc,Level 1-100 Headgear,30863
74,Spellbound,Bone Dome,57220,1000 keys,"57,220.00 ref, $1745.21",4,misc,Level 1-100 Helmet,30162
74,Spellbound,Hermes,57220,1000 keys,"57,220.00 ref, $1745.21",2,misc,Level 10 Hat,633
74,Spellbound,Scotch Bonnet,57220,1000 keys,"57,220.00 ref, $1745.21",1,misc,Level 1-100 Headgear,306
74,Spellbound,Gentleman's Gatsby,54359,950 keys,"54,359.00 ref, $1657.95",1,misc,Level 1-100 Hat,184
74,Spellbound,Tavish DeGroot Experience,53786.8,940 keys,"53,786.80 ref, $1640.50",5,misc,Level 10 Hat,604
74,Spellbound,Executioner,53214.6,860–1000 keys,"53,214.60 ref, $1623.05",2,misc,Level 1-100 Hat,921
74,Spellbound,Letch's LED,52642.4,920 keys,"52,642.40 ref, $1605.59",4,misc,Level 1-100 Hat,30002
74,Spellbound,Blighted Beak,51498,900 keys,"51,498.00 ref, $1570.69",1,misc,Level 1-100 Mask,315
74,Spellbound,Halogen Head Lamp,51498,900 keys,"51,498.00 ref, $1570.69",1,misc,Level 1-100 Hat,30041
74,Spellbound,Belgian Detective,48637,850 keys,"48,637.00 ref, $1483.43",1,misc,Level 1-100 Hat,30128
74,Spellbound,Bonk Leadwear,48637,850 keys,"48,637.00 ref, $1483.43",2,misc,Level 1-100 Helmet,30030
74,Spellbound,L'Inspecteur,48637,850 keys,"48,637.00 ref, $1483.43",1,misc,Level 10 Hat,622
74,Spellbound,Tippler's Tricorne,48637,850 keys,"48,637.00 ref, $1483.43",3,misc,Level 1-100 Hat,179
74,Spellbound,Medic's Mountain Cap,47492.6,830 keys,"47,492.60 ref, $1448.52",1,misc,Level 1-100 Hat,381
74,Spellbound,Katyusha,46920.4,820 keys,"46,920.40 ref, $1431.07",2,misc,Level 1-100 Hat,30094
74,Spellbound,One-Man Army,46348.2,810 keys,"46,348.20 ref, $1413.62",2,misc,Level 10 Hair,601
74,Spellbound,Birdcage,45776,800 keys,"45,776.00 ref, $1396.17",2,misc,Level 10 Hat,615
74,Spellbound,Hard Counter,45776,800 keys,"45,776.00 ref, $1396.17",2,misc,Level 1-100 Hat,254
74,Spellbound,Pampered Pyro,45776,800 keys,"45,776.00 ref, $1396.17",3,misc,Level 1-100 Towel,30139
74,Spellbound,Stately Steel Toe,45203.8,790 keys,"45,203.80 ref, $1378.72",1,misc,Level 1-100 Hat,481
74,Spellbound,Hound Dog,43658.86,763 keys,"43,658.86 ref, $1331.60",3,misc,Level 1-100 Hair,145
74,Spellbound,Conquistador,43487.2,760 keys,"43,487.20 ref, $1326.36",4,misc,Level 1-100 Helmet,721
74,Spellbound,Hottie's Hoodie,43487.2,760 keys,"43,487.20 ref, $1326.36",2,misc,Level 1-100 Hood,377
74,Spellbound,Gridiron Guardian,42915,750 keys,"42,915.00 ref, $1308.91",2,misc,Level 1-100 Helmet,30013
74,Spellbound,Nanobalaclava,42628.9,640–850 keys,"42,628.90 ref, $1300.18",4,misc,Level 10 Hat,521
74,Spellbound,Fruit Shoot,40054,700 keys,"40,054.00 ref, $1221.65",1,misc,Level 1-100 Hat,759
74,Spellbound,Wraith Wrap,39767.9,695 keys,"39,767.90 ref, $1212.92",1,misc,Level 1-100 Apparel,937
74,Spellbound,Pirate Bandana,38623.5,675 keys,"38,623.50 ref, $1178.02",2,misc,Level 1-100 Hat,30180
74,Spellbound,Magnificent Mongolian,37765.2,660 keys,"37,765.20 ref, $1151.84",3,misc,Level 1-100 Hat,313
74,Spellbound,Slick Cut,37193,650 keys,"37,193.00 ref, $1134.39",4,misc,Level 1-100 Hair,30187
74,Spellbound,Copper's Hard Top,37135.78,649 keys,"37,135.78 ref, $1132.64",1,misc,Level 1-100 Helmet,478
74,Spellbound,Carouser's Capotain,34332,600 keys,"34,332.00 ref, $1047.13",2,misc,Level 1-100 Hat,259
74,Spellbound,Dr's Dapper Topper,34332,600 keys,"34,332.00 ref, $1047.13",1,misc,Level 1-100 Hat,252
74,Spellbound,Flamboyant Flamenco,34332,600 keys,"34,332.00 ref, $1047.13",2,misc,Level 10 Hat,627
74,Spellbound,Shooter's Tin Topi,34045.9,595 keys,"34,045.90 ref, $1038.40",3,misc,Level 1-100 Hat,30005
74,Spellbound,Furious Fukaamigasa,31471,550 keys,"31,471.00 ref, $959.87",2,misc,Level 1-100 Hat,395
74,Spellbound,Janissary Ketche,31471,550 keys,"31,471.00 ref, $959.87",1,misc,Level 1-100 Hat,437
74,Spellbound,Anger,31184.9,545 keys,"31,184.90 ref, $951.14",0,misc,Level 10 Hood,518
74,Spellbound,Hot Dogger,30898.8,540 keys,"30,898.80 ref, $942.41",2,misc,Level 10 Hat,614
74,Spellbound,Pugilist's Protector,30612.7,535 keys,"30,612.70 ref, $933.69",1,misc,Level 1-100 Headgear,246
74,Spellbound,Das Gutenkutteharen,28610,500 keys,"28,610.00 ref, $872.61",1,misc,Level 1-100 Hair,30127
74,Spellbound,Feathered Fiend,28610,500 keys,"28,610.00 ref, $872.61",1,misc,Level 1-100 Headgear,30903
74,Spellbound,Brim-Full of Bullets,27465.6,480 keys,"27,465.60 ref, $837.70",3,misc,Level 1-100 Hat,30173
74,Spellbound,Bot Dogger,26321.2,460 keys,"26,321.20 ref, $802.80",3,misc,Level 1-100 Hat,30018
74,Spellbound,Bombing Run,25176.8,440 keys,"25,176.80 ref, $767.89",3,misc,Level 1-100 Helmet,249
74,Spellbound,Electric Escorter,24604.6,430 keys,"24,604.60 ref, $750.44",3,misc,Level 1-100 Hat,30025
74,Spellbound,Kiss King,24604.6,430 keys,"24,604.60 ref, $750.44",1,misc,Level 1-100 Hat,30313
74,Spellbound,Bunsen Brave,22888,400 keys,"22,888.00 ref, $698.08",2,misc,Level 1-100 Hat,30054
74,Spellbound,Master's Yellow Belt,22888,400 keys,"22,888.00 ref, $698.08",3,misc,Level 1-100 Hat,110
74,Spellbound,Powdered Practitioner,22029.7,385 keys,"22,029.70 ref, $671.91",1,misc,Level 1-100 Hat,30069
74,Spellbound,Berliner's Bucket Helm,20027,350 keys,"20,027.00 ref, $610.82",1,misc,Level 1-100 Helmet,303
74,Spellbound,Bootleg Base Metal Billycock,18882.6,330 keys,"18,882.60 ref, $575.92",2,misc,Level 1-100 Hat,30047
74,Spellbound,Ol' Snaggletooth,17537.93,267–346 keys,"17,537.93 ref, $534.91",1,misc,Level 1-100 Hat,229
74,Spellbound,Berlin Brain Bowl,17166,300 keys,"17,166.00 ref, $523.56",0,misc,Level 1-100 Headgear,30755
74,Spellbound,Charmer's Chapeau,17166,300 keys,"17,166.00 ref, $523.56",3,misc,Level 1-100 Hat,397
74,Spellbound,Field Practice,17166,300 keys,"17,166.00 ref, $523.56",0,misc,Level 1-100 Headgear,30862
74,Spellbound,Gentleman's Ushanka,17166,300 keys,"17,166.00 ref, $523.56",2,misc,Level 1-100 Hat,778
74,Spellbound,Defiant Spartan,16593.8,290 keys,"16,593.80 ref, $506.11",0,misc,Level 1-100 Helmet,340
74,Spellbound,El Jefe,16450.75,275–300 keys,"16,450.75 ref, $501.75",2,misc,Level 10 Hat,539
74,Spellbound,Bear Necessities,16021.6,280 keys,"16,021.60 ref, $488.66",1,misc,Level 1-100 Spirit Animal,30122
74,Spellbound,Rotation Sensation,16021.6,280 keys,"16,021.60 ref, $488.66",0,misc,Level 1-100 Hat,30623
74,Spellbound,Valley Forge,15964.38,279 keys,"15,964.38 ref, $486.91",2,misc,Level 1-100 Hat,30114
74,Spellbound,Human Cannonball,15449.4,270 keys,"15,449.40 ref, $471.21",1,misc,Level 1-100 Helmet,817
74,Spellbound,Black Watch,13732.8,240 keys,"13,732.80 ref, $418.85",0,misc,Level 1-100 Hat,30105
74,Spellbound,Killer's Kabuto,13618.36,238 keys,"13,618.36 ref, $415.36",1,misc,Level 1-100 Helmet,152
74,Spellbound,Hive Minder,13446.7,235 keys,"13,446.70 ref, $410.12",2,misc,Level 1-100 Hat,30093
74,Spellbound,Conjurer's Cowl,13389.48,234 keys,"13,389.48 ref, $408.38",1,misc,Level 1-100 Hood,465
74,Spellbound,Bolted Birdcage,13160.6,230 keys,"13,160.60 ref, $401.40",2,misc,Level 1-100 Hat,30057
74,Spellbound,Texas Tin-Gallon,12588.4,220 keys,"12,588.40 ref, $383.95",3,misc,Level 1-100 Hat,30044
74,Spellbound,Classy Capper,12302.3,215 keys,"12,302.30 ref, $375.22",0,misc,Level 1-100 Hat,30893
74,Spellbound,Tyrantium Helmet,12302.3,200–230 keys,"12,302.30 ref, $375.22",2,misc,Level 1-100 Helmet,30014
74,Spellbound,Smokey Sombrero,11444,200 keys,"11,444.00 ref, $349.04",1,misc,Level 1-100 Hat,30682
74,Spellbound,Noble Nickel Amassment of Hats,10013.5,175 keys,"10,013.50 ref, $305.41",1,misc,Level 1-100 Hat,30006
74,Spellbound,Tyrant's Helm,9612.96,168 keys,"9,612.96 ref, $293.20",1,misc,Level 1-100 Helmet,99
74,Spellbound,Tungsten Toque,9441.3,165 keys,"9,441.30 ref, $287.96",1,misc,Level 1-100 Hat,30049
74,Spellbound,Ye Olde Baker Boy,9441.3,160–170 keys,"9,441.30 ref, $287.96",1,misc,Level 1-100 Hat,107
74,Spellbound,Frenchman's Beret,8583,150 keys,"8,583.00 ref, $261.78",2,misc,Level 1-100 Hat,180
74,Spellbound,Geisha Boy,8583,150 keys,"8,583.00 ref, $261.78",2,misc,Level 1-100 Hair,363
74,Spellbound,Voodoo JuJu (Slight Return),8010.8,140 keys,"8,010.80 ref, $244.33",1,misc,Level 1-100 Hat,935
74,Spellbound,Soldier's Slope Scopers,7696.09,125–144 keys,"7,696.09 ref, $234.73",1,misc,Level 1-100 Hat,980
74,Spellbound,Firewall Helmet,7438.6,130 keys,"7,438.60 ref, $226.88",2,misc,Level 1-100 Helmet,30038
74,Spellbound,Lord Cockswain's Pith Helmet,7324.16,128 keys,"7,324.16 ref, $223.39",2,misc,Level 1-100 Headgear,439
74,Spellbound,Pom-Pommed Provocateur,7209.72,108–144 keys,"7,209.72 ref, $219.90",1,misc,Level 1-100 Mask,30072
74,Spellbound,Attendant,6980.84,122 keys,"6,980.84 ref, $212.92",1,misc,Level 1-100 Hat,213
74,Spellbound,Cyborg Stunt Helmet,6923.62,121 keys,"6,923.62 ref, $211.17",1,misc,Level 1-100 Helmet,30024
74,Spellbound,Engineer's Cap,6866.4,120 keys,"6,866.40 ref, $209.43",3,misc,Level 1-100 Hat,95
74,Spellbound,Glasgow Great Helm,6866.4,120 keys,"6,866.40 ref, $209.43",2,misc,Level 1-100 Helmet,30082
74,Spellbound,Private Eye,6866.4,120 keys,"6,866.40 ref, $209.43",1,misc,Level 1-100 Hat,388
74,Spellbound,Respectless Robo-Glove,6694.74,117 keys,"6,694.74 ref, $204.19",1,misc,Level 1-100 Hat,30039
74,Spellbound,Handyman's Handle,6380.03,100–123 keys,"6,380.03 ref, $194.59",2,misc,Level 1-100 Hat,253
74,Spellbound,Bullet Buzz,5722,100 keys,"5,722.00 ref, $174.52",1,misc,Level 1-100 Hair,30344
74,Spellbound,Buccaneer's Bicorne,5435.9,95 keys,"5,435.90 ref, $165.79",1,misc,Level 10 Hat,607
74,Spellbound,Officer's Ushanka,5435.9,95 keys,"5,435.90 ref, $165.79",1,misc,Level 1-100 Hat,96
74,Spellbound,Battle Boonie,4863.7,85 keys,"4,863.70 ref, $148.34",1,misc,Level 1-100 Hat,30907
74,Spellbound,Stainless Pot,4577.6,80 keys,"4,577.60 ref, $139.62",1,misc,Level 1-100 Hat,98
74,Spellbound,Otolaryngologist's Mirror,4520.38,79 keys,"4,520.38 ref, $137.87",2,misc,Level 1-100 Hat,104
74,Spellbound,Pardner's Pompadour,4405.94,77 keys,"4,405.94 ref, $134.38",3,misc,Level 1-100 Hair,30099
74,Spellbound,Liquidator's Lid,3719.3,63–67 keys,"3,719.30 ref, $113.44",1,misc,Level 1-100 Hat,779
74,Spellbound,Virus Doctor,3719.3,65 keys,"3,719.30 ref, $113.44",1,misc,Level 1-100 Hat,30043
74,Spellbound,Sober Stuntman,3547.64,58–66 keys,"3,547.64 ref, $108.20",2,misc,Level 1-100 Helmet,255
74,Spellbound,Plumber's Pipe,3118.49,50–59 keys,"3,118.49 ref, $95.11",1,misc,Level 1-100 Hat,30022
74,Spellbound,Timeless Topper,2546.29,43–46 keys,"2,546.29 ref, $77.66",1,misc,Level 1-100 Hat,30035
74,Spellbound,Plug-In Prospector,2517.68,41–47 keys,"2,517.68 ref, $76.79",2,misc,Level 1-100 Hat,30031
74,Spellbound,Cranial Carcharodon,0,,,1,misc,Level 1-100 Hat,30800
76,Poisoned Shadows,Antlers,1018516,17800 keys,"1,018,516.00 ref, $31064.74",4,misc,Level 1-100 Cosmetic Item,993
76,Poisoned Shadows,Whirly Warrior,489231,8550 keys,"489,231.00 ref, $14921.55",1,misc,Level 1-100 Helmet,30118
76,Poisoned Shadows,Blighted Beak,444599.4,7770 keys,"444,599.40 ref, $13560.28",4,misc,Level 1-100 Mask,315
76,Poisoned Shadows,Patriot Peak,434872,7600 keys,"434,872.00 ref, $13263.60",0,misc,Level 1-100 Hat,30743
76,Poisoned Shadows,Hong Kong Cone,383374,6700 keys,"383,374.00 ref, $11692.91",3,misc,Level 1-100 Hat,30177
76,Poisoned Shadows,Pyromancer's Mask,360486,6300 keys,"360,486.00 ref, $10994.82",3,misc,Level 1-100 Mask,316
76,Poisoned Shadows,Brotherhood of Arms,297544,5200 keys,"297,544.00 ref, $9075.09",4,misc,Level 1-100 Hat,30066
76,Poisoned Shadows,Hustler's Hallmark,281808.5,4925 keys,"281,808.50 ref, $8595.16",1,misc,Level 1-100 Hat,146
76,Poisoned Shadows,Salty Dog,274656,4800 keys,"274,656.00 ref, $8377.01",3,misc,Level 10 Hat,611
76,Poisoned Shadows,Cold Killer,228880,4000 keys,"228,880.00 ref, $6980.84",2,misc,Level 1-100 Hat,981
76,Poisoned Shadows,Large Luchador,228880,4000 keys,"228,880.00 ref, $6980.84",2,misc,Level 1-100 Mask,380
76,Poisoned Shadows,Tyrant's Helm,200270,3500 keys,"200,270.00 ref, $6108.23",1,misc,Level 1-100 Helmet,99
76,Poisoned Shadows,Flipped Trilby,197409,3450 keys,"197,409.00 ref, $6020.97",2,misc,Level 1-100 Hat,324
76,Poisoned Shadows,Blast Defense,188826,3300 keys,"188,826.00 ref, $5759.19",0,misc,Level 1-100 Headgear,30863
76,Poisoned Shadows,A Rather Festive Tree,177095.9,3095 keys,"177,095.90 ref, $5401.42",1,misc,Level 1-100 Hat,341
76,Poisoned Shadows,Spook Specs,148772,2600 keys,"148,772.00 ref, $4537.55",1,misc,Level 1-100 Hat,30390
76,Poisoned Shadows,Armored Authority,114440,2000 keys,"114,440.00 ref, $3490.42",1,misc,Level 1-100 Helmet,445
76,Poisoned Shadows,Pomade Prince,114440,2000 keys,"114,440.00 ref, $3490.42",0,misc,Level 1-100 Hair,30428
76,Poisoned Shadows,Soldier's Slope Scopers,114440,2000 keys,"114,440.00 ref, $3490.42",3,misc,Level 1-100 Hat,980
76,Poisoned Shadows,Feathered Fiend,105857,1850 keys,"105,857.00 ref, $3228.64",1,misc,Level 1-100 Headgear,30903
76,Poisoned Shadows,Officer's Ushanka,92982.5,1625 keys,"92,982.50 ref, $2835.97",3,misc,Level 1-100 Hat,96
76,Poisoned Shadows,Liquidator's Lid,91552,1600 keys,"91,552.00 ref, $2792.34",1,misc,Level 1-100 Hat,779
76,Poisoned Shadows,Universal Translator,91552,1600 keys,"91,552.00 ref, $2792.34",0,misc,Level 1-100 Hat,30658
76,Poisoned Shadows,Reggaelator,90693.7,1585 keys,"90,693.70 ref, $2766.16",2,misc,Level 1-100 Hat,390
76,Poisoned Shadows,Vintage Merryweather,88691,1550 keys,"88,691.00 ref, $2705.08",1,misc,Level 1-100 Helmet,182
76,Poisoned Shadows,Cosa Nostra Cap,85830,1500 keys,"85,830.00 ref, $2617.82",4,misc,Level 1-100 Hat,459
76,Poisoned Shadows,Data Mining Light,85830,1500 keys,"85,830.00 ref, $2617.82",3,misc,Level 1-100 Helmet,30051
76,Poisoned Shadows,Master's Yellow Belt,85830,1500 keys,"85,830.00 ref, $2617.82",2,misc,Level 1-100 Hat,110
76,Poisoned Shadows,Triboniophorus Tyrannus,85830,1500 keys,"85,830.00 ref, $2617.82",2,misc,Level 1-100 Mascot,151
76,Poisoned Shadows,Brim-Full of Bullets,82969,1450 keys,"82,969.00 ref, $2530.55",1,misc,Level 1-100 Hat,30173
76,Poisoned Shadows,Anger,81252.4,990–1850 keys,"81,252.40 ref, $2478.20",4,misc,Level 10 Hood,518
76,Poisoned Shadows,Medic's Mountain Cap,81252.4,1420 keys,"81,252.40 ref, $2478.20",2,misc,Level 1-100 Hat,381
76,Poisoned Shadows,Gentleman's Gatsby,80108,1400 keys,"80,108.00 ref, $2443.29",4,misc,Level 1-100 Hat,184
76,Poisoned Shadows,Scotch Bonnet,80108,1400 keys,"80,108.00 ref, $2443.29",1,misc,Level 1-100 Headgear,306
76,Poisoned Shadows,Towering Pillar of Hats,80108,1400 keys,"80,108.00 ref, $2443.29",3,misc,Level 1-100 Hat,135
76,Poisoned Shadows,Wet Works,78677.5,1375 keys,"78,677.50 ref, $2399.66",2,misc,Level 1-100 Hat,30135
76,Poisoned Shadows,Executioner,77533.1,1355 keys,"77,533.10 ref, $2364.76",6,misc,Level 1-100 Hat,921
76,Poisoned Shadows,Powdered Practitioner,77247,1350 keys,"77,247.00 ref, $2356.03",1,misc,Level 1-100 Hat,30069
76,Poisoned Shadows,Backwards Ballcap,74386,1300 keys,"74,386.00 ref, $2268.77",2,misc,Level 10 Hat,617
76,Poisoned Shadows,Killer Exclusive,74386,1300 keys,"74,386.00 ref, $2268.77",1,misc,Level 10 Hat,538
76,Poisoned Shadows,Noble Amassment of Hats,74386,1300 keys,"74,386.00 ref, $2268.77",3,misc,Level 1-100 Hat,137
76,Poisoned Shadows,Conjurer's Cowl,71525,1250 keys,"71,525.00 ref, $2181.51",4,misc,Level 1-100 Hood,465
76,Poisoned Shadows,Virtual Reality Headset,68664,1200 keys,"68,664.00 ref, $2094.25",1,misc,Level 10 Headset,628
76,Poisoned Shadows,Détective Noir,65803,1150 keys,"65,803.00 ref, $2006.99",1,misc,Level 1-100 Hat,319
76,Poisoned Shadows,Shooter's Sola Topi,64372.5,1100–1150 keys,"64,372.50 ref, $1963.36",1,misc,Level 1-100 Helmet,158
76,Poisoned Shadows,Prince Tavish's Crown,62942,1100 keys,"62,942.00 ref, $1919.73",3,misc,Level 1-100 Hat,342
76,Poisoned Shadows,Stout Shako,62942,1100 keys,"62,942.00 ref, $1919.73",2,misc,Level 1-100 Hat,251
76,Poisoned Shadows,Tyrantium Helmet,62942,1100 keys,"62,942.00 ref, $1919.73",1,misc,Level 1-100 Helmet,30014
76,Poisoned Shadows,Brainiac Hairpiece,61854.82,1081 keys,"61,854.82 ref, $1886.57",1,misc,Level 1-100 Facial Hair,590
76,Poisoned Shadows,Desert Marauder,60081,1050 keys,"60,081.00 ref, $1832.47",2,misc,Level 1-100 Hat,400
76,Poisoned Shadows,Mask of the Shaman,60081,1050 keys,"60,081.00 ref, $1832.47",1,misc,Level 10 Mask,514
76,Poisoned Shadows,L'Inspecteur,57220,1000 keys,"57,220.00 ref, $1745.21",3,misc,Level 10 Hat,622
76,Poisoned Shadows,Shooter's Tin Topi,57220,1000 keys,"57,220.00 ref, $1745.21",2,misc,Level 1-100 Hat,30005
76,Poisoned Shadows,Bot Dogger,55503.4,970 keys,"55,503.40 ref, $1692.85",3,misc,Level 1-100 Hat,30018
76,Poisoned Shadows,Outta Sight,55360.35,835–1100 keys,"55,360.35 ref, $1688.49",1,misc,Level 1-100 Hat,30628
76,Poisoned Shadows,Modest Pile of Hat,53786.8,940 keys,"53,786.80 ref, $1640.50",1,misc,Level 1-100 Hat,139
76,Poisoned Shadows,Safe'n'Sound,52928.5,925 keys,"52,928.50 ref, $1614.32",2,misc,Level 1-100 Hat,178
76,Poisoned Shadows,One-Man Army,49323.64,862 keys,"49,323.64 ref, $1504.37",0,misc,Level 10 Hair,601
76,Poisoned Shadows,Old Guadalajara,48637,850 keys,"48,637.00 ref, $1483.43",3,misc,Level 1-100 Hat,247
76,Poisoned Shadows,Swagman's Swatter,47206.5,825 keys,"47,206.50 ref, $1439.80",4,misc,Level 10 Hat,626
76,Poisoned Shadows,Tough Guy's Toque,47206.5,825 keys,"47,206.50 ref, $1439.80",2,misc,Level 1-100 Hat,97
76,Poisoned Shadows,Carouser's Capotain,45776,800 keys,"45,776.00 ref, $1396.17",2,misc,Level 1-100 Hat,259
76,Poisoned Shadows,Das Gutenkutteharen,45776,800 keys,"45,776.00 ref, $1396.17",4,misc,Level 1-100 Hair,30127
76,Poisoned Shadows,Das Übersternmann,45776,800 keys,"45,776.00 ref, $1396.17",3,misc,Level 1-100 Hat,30097
76,Poisoned Shadows,Outdoorsman,45776,800 keys,"45,776.00 ref, $1396.17",3,misc,Level 10 Hat,603
76,Poisoned Shadows,Teutonic Toque,45776,800 keys,"45,776.00 ref, $1396.17",1,misc,Level 1-100 Hat,30351
76,Poisoned Shadows,Dr's Dapper Topper,43029.44,752 keys,"43,029.44 ref, $1312.40",4,misc,Level 1-100 Hat,252
76,Poisoned Shadows,Brigade Helm,42915,750 keys,"42,915.00 ref, $1308.91",2,misc,Level 1-100 Helmet,105
76,Poisoned Shadows,Ye Oiled Baker Boy,40054,700 keys,"40,054.00 ref, $1221.65",2,misc,Level 1-100 Hat,30019
76,Poisoned Shadows,Base Metal Billycock,39596.24,692 keys,"39,596.24 ref, $1207.69",4,misc,Level 1-100 Hat,30007
76,Poisoned Shadows,Steel Shako,39195.7,610–760 keys,"39,195.70 ref, $1195.47",2,misc,Level 1-100 Hat,30017
76,Poisoned Shadows,Buckaroo's Hat,38909.6,680 keys,"38,909.60 ref, $1186.74",3,misc,Level 1-100 Hat,322
76,Poisoned Shadows,Whoopee Cap,38909.6,680 keys,"38,909.60 ref, $1186.74",1,misc,Level 1-100 Hat,174
76,Poisoned Shadows,Metal Slug,37650.76,658 keys,"37,650.76 ref, $1148.35",2,misc,Level 1-100 Hat,30028
76,Poisoned Shadows,Little Buddy,37193,650 keys,"37,193.00 ref, $1134.39",2,misc,Level 10 Hat,612
76,Poisoned Shadows,Valley Forge,35762.5,625 keys,"35,762.50 ref, $1090.76",1,misc,Level 1-100 Hat,30114
76,Poisoned Shadows,Fat Man's Field Cap,35476.4,620 keys,"35,476.40 ref, $1082.03",2,misc,Level 1-100 Hat,30911
76,Poisoned Shadows,Birdcage,34904.2,610 keys,"34,904.20 ref, $1064.58",2,misc,Level 10 Hat,615
76,Poisoned Shadows,Black Watch,34332,600 keys,"34,332.00 ref, $1047.13",3,misc,Level 1-100 Hat,30105
76,Poisoned Shadows,Sober Stuntman,34332,600 keys,"34,332.00 ref, $1047.13",3,misc,Level 1-100 Helmet,255
76,Poisoned Shadows,Hat with No Name,34045.9,540–650 keys,"34,045.90 ref, $1038.40",1,misc,Level 10 Hat,631
76,Poisoned Shadows,Tough Stuff Muffs,33759.8,580–600 keys,"33,759.80 ref, $1029.67",1,misc,Level 1-100 Hat,984
76,Poisoned Shadows,Hottie's Hoodie,33473.7,500–670 keys,"33,473.70 ref, $1020.95",1,misc,Level 1-100 Hood,377
76,Poisoned Shadows,Tam O' Shanter,33187.6,580 keys,"33,187.60 ref, $1012.22",1,misc,Level 1-100 Hat,480
76,Poisoned Shadows,Modest Metal Pile of Scrap,32615.4,570 keys,"32,615.40 ref, $994.77",1,misc,Level 1-100 Hat,30001
76,Poisoned Shadows,Hive Minder,31471,550 keys,"31,471.00 ref, $959.87",2,misc,Level 1-100 Hat,30093
76,Poisoned Shadows,Charmer's Chapeau,30040.5,525 keys,"30,040.50 ref, $916.24",1,misc,Level 1-100 Hat,397
76,Poisoned Shadows,Counterfeit Billycock,30040.5,400–650 keys,"30,040.50 ref, $916.24",0,misc,Level 10 Hat,602
76,Poisoned Shadows,Harmburg,30040.5,500–550 keys,"30,040.50 ref, $916.24",4,misc,Level 1-100 Hat,30123
76,Poisoned Shadows,B'aaarrgh-n-Bicorne,29868.84,522 keys,"29,868.84 ref, $911.00",1,misc,Level 1-100 Hat,30718
76,Poisoned Shadows,Nunhood,28610,500 keys,"28,610.00 ref, $872.61",1,misc,Level 1-100 Hat,30311
76,Poisoned Shadows,Pencil Pusher,28610,500 keys,"28,610.00 ref, $872.61",1,misc,Level 10 Hair,605
76,Poisoned Shadows,Stainless Pot,28610,500 keys,"28,610.00 ref, $872.61",3,misc,Level 1-100 Hat,98
76,Poisoned Shadows,Big Country,28438.34,497 keys,"28,438.34 ref, $867.37",2,misc,Level 1-100 Hair,382
76,Poisoned Shadows,Professor's Peculiarity,28037.8,490 keys,"28,037.80 ref, $855.15",3,misc,Level 1-100 Hair,384
76,Poisoned Shadows,Exquisite Rack,26664.52,466 keys,"26,664.52 ref, $813.27",1,misc,Level 1-100 Cosmetic Item,339
76,Poisoned Shadows,Trencher's Topper,26321.2,460 keys,"26,321.20 ref, $802.80",1,misc,Level 1-100 Helmet,30336
76,Poisoned Shadows,Helmet without a Home,25749,450 keys,"25,749.00 ref, $785.34",2,misc,Level 1-100 Helmet,732
76,Poisoned Shadows,Respectless Robo-Glove,25749,450 keys,"25,749.00 ref, $785.34",3,misc,Level 1-100 Hat,30039
76,Poisoned Shadows,Buccaneer's Bicorne,25176.8,440 keys,"25,176.80 ref, $767.89",1,misc,Level 10 Hat,607
76,Poisoned Shadows,Horrific Headsplitter,25176.8,440 keys,"25,176.80 ref, $767.89",2,misc,Level 31 Hat,291
76,Poisoned Shadows,Strontium Stove Pipe,24890.7,435 keys,"24,890.70 ref, $759.17",1,misc,Level 1-100 Hat,30037
76,Poisoned Shadows,Bomber's Bucket Hat,24833.48,434 keys,"24,833.48 ref, $757.42",0,misc,Level 1-100 Hat,30547
76,Poisoned Shadows,Soviet Gentleman,23460.2,410 keys,"23,460.20 ref, $715.54",1,misc,Level 1-100 Hat,821
76,Poisoned Shadows,Samur-Eye,22888,400 keys,"22,888.00 ref, $698.08",2,misc,Level 1-100 Helmet,359
76,Poisoned Shadows,Virus Doctor,22888,400 keys,"22,888.00 ref, $698.08",3,misc,Level 1-100 Hat,30043
76,Poisoned Shadows,Hat of Cards,22172.75,350–425 keys,"22,172.75 ref, $676.27",2,misc,Level 1-100 Hat,825
76,Poisoned Shadows,Rebel Rouser,22029.7,385 keys,"22,029.70 ref, $671.91",1,misc,Level 1-100 Hat,30120
76,Poisoned Shadows,Barnstormer,21743.6,380 keys,"21,743.60 ref, $663.18",2,misc,Level 1-100 Hat,988
76,Poisoned Shadows,Texas Ten Gallon,21743.6,375–385 keys,"21,743.60 ref, $663.18",2,misc,Level 1-100 Hat,94
76,Poisoned Shadows,Brown Bomber,21561.639344262,322.99–430.65 keys,"21,561.64 ref, 376.82 keys",1,misc,Level 1-100 Hat,671
76,Poisoned Shadows,Nanobalaclava,21457.5,375 keys,"21,457.50 ref, $654.45",2,misc,Level 10 Hat,521
76,Poisoned Shadows,Big Elfin Deal,21171.4,370 keys,"21,171.40 ref, $645.73",4,misc,Level 1-100 Hat,652
76,Poisoned Shadows,Galvanized Gibus,20885.3,365 keys,"20,885.30 ref, $637.00",2,misc,Level 1-100 Hat,30003
76,Poisoned Shadows,Dragonborn Helmet,20027,350 keys,"20,027.00 ref, $610.82",3,misc,Level 10 Helmet,517
76,Poisoned Shadows,Glengarry Bonnet,19426.19,285–394 keys,"19,426.19 ref, $592.50",1,misc,Level 1-100 Hat,100
76,Poisoned Shadows,Front Runner,18596.5,305–345 keys,"18,596.50 ref, $567.19",1,misc,Level 1-100 Hat,760
76,Poisoned Shadows,Halogen Head Lamp,18596.5,325 keys,"18,596.50 ref, $567.19",1,misc,Level 1-100 Hat,30041
76,Poisoned Shadows,Electric Escorter,17738.2,310 keys,"17,738.20 ref, $541.02",3,misc,Level 1-100 Hat,30025
76,Poisoned Shadows,Voodoo JuJu (Slight Return),17309.05,280–325 keys,"17,309.05 ref, $527.93",3,misc,Level 1-100 Hat,935
76,Poisoned Shadows,Warhood,17166,300 keys,"17,166.00 ref, $523.56",0,misc,Level 1-100 Hood,30866
76,Poisoned Shadows,Industrial Festivizer,16021.6,230–330 keys,"16,021.60 ref, $488.66",2,misc,Level 1-100 Hat,338
76,Poisoned Shadows,Le Party Phantom,16021.6,280 keys,"16,021.60 ref, $488.66",1,misc,Level 1-100 Mask,337
76,Poisoned Shadows,Danger,15592.45,265–280 keys,"15,592.45 ref, $475.57",1,misc,Level 1-100 Apparel,30420
76,Poisoned Shadows,Das Hazmattenhatten,15163.3,265 keys,"15,163.30 ref, $462.48",0,misc,Level 1-100 Safety Apparatus,30095
76,Poisoned Shadows,Chieftain's Challenge,13160.6,230 keys,"13,160.60 ref, $401.40",1,misc,Level 1-100 Hat,250
76,Poisoned Shadows,Napper's Respite,12760.06,223 keys,"12,760.06 ref, $389.18",2,misc,Level 1-100 Hat,248
76,Poisoned Shadows,Kiss King,12702.84,222 keys,"12,702.84 ref, $387.44",1,misc,Level 1-100 Hat,30313
76,Poisoned Shadows,Bonk Boy,12073.42,211 keys,"12,073.42 ref, $368.24",2,misc,Level 1-100 Mask,451
76,Poisoned Shadows,Human Cannonball,11844.54,207 keys,"11,844.54 ref, $361.26",1,misc,Level 1-100 Helmet,817
76,Poisoned Shadows,Vintage Tyrolean,11444,200 keys,"11,444.00 ref, $349.04",3,misc,Level 1-100 Hat,101
76,Poisoned Shadows,Cyborg Stunt Helmet,11300.95,180–215 keys,"11,300.95 ref, $344.68",1,misc,Level 1-100 Helmet,30024
76,Poisoned Shadows,Flamboyant Flamenco,10585.7,185 keys,"10,585.70 ref, $322.86",2,misc,Level 10 Hat,627
76,Poisoned Shadows,Killer's Kabuto,10299.6,180 keys,"10,299.60 ref, $314.14",1,misc,Level 1-100 Helmet,152
76,Poisoned Shadows,Pyro's Boron Beanie,9870.45,170–175 keys,"9,870.45 ref, $301.05",2,misc,Level 1-100 Hat,30040
76,Poisoned Shadows,Furious Fukaamigasa,8811.88,154 keys,"8,811.88 ref, $268.76",2,misc,Level 1-100 Hat,395
76,Poisoned Shadows,Surgeon's Stahlhelm,8726.05,130–175 keys,"8,726.05 ref, $266.14",2,misc,Level 10 Helmet,616
76,Poisoned Shadows,Lucky Shot,8640.22,140–162 keys,"8,640.22 ref, $263.53",1,misc,Level 1-100 Helmet,701
76,Poisoned Shadows,Attendant,8583,150 keys,"8,583.00 ref, $261.78",2,misc,Level 1-100 Hat,213
76,Poisoned Shadows,Ze Goggles,8068.02,141 keys,"8,068.02 ref, $246.07",1,misc,Level 1-100 Glasses,177
76,Poisoned Shadows,Private Eye,7724.7,135 keys,"7,724.70 ref, $235.60",1,misc,Level 1-100 Hat,388
76,Poisoned Shadows,Pithy Professional,7667.48,134 keys,"7,667.48 ref, $233.86",0,misc,Level 1-100 Hat,30915
76,Poisoned Shadows,Hermes,6866.4,120 keys,"6,866.40 ref, $209.43",1,misc,Level 10 Hat,633
76,Poisoned Shadows,Slick Cut,6866.4,120 keys,"6,866.40 ref, $209.43",1,misc,Level 1-100 Hair,30187
76,Poisoned Shadows,Western Wear,6866.4,120 keys,"6,866.40 ref, $209.43",2,misc,Level 1-100 Hat,379
76,Poisoned Shadows,Firewall Helmet,6465.86,101–125 keys,"6,465.86 ref, $197.21",2,misc,Level 1-100 Helmet,30038
76,Poisoned Shadows,Brain Bucket,6294.2,110 keys,"6,294.20 ref, $191.97",1,misc,Level 1-100 Hat,434
76,Poisoned Shadows,Brain-Warming Wear,6179.76,91–125 keys,"6,179.76 ref, $188.48",0,misc,Level 1-100 Hat,30827
76,Poisoned Shadows,Bullet Buzz,5722,100 keys,"5,722.00 ref, $174.52",1,misc,Level 1-100 Hair,30344
76,Poisoned Shadows,Ol' Geezer,5722,100 keys,"5,722.00 ref, $174.52",1,misc,Level 1-100 Hat,399
76,Poisoned Shadows,Stormin' Norman,5292.85,80–105 keys,"5,292.85 ref, $161.43",4,misc,Level 1-100 Helmet,30112
76,Poisoned Shadows,Pom-Pommed Provocateur,5149.8,80–100 keys,"5,149.80 ref, $157.07",3,misc,Level 1-100 Mask,30072
76,Poisoned Shadows,Das Maddendoktor,4863.7,85 keys,"4,863.70 ref, $148.34",2,misc,Level 1-100 Hair,30121
76,Poisoned Shadows,Gridiron Guardian,4863.7,85 keys,"4,863.70 ref, $148.34",1,misc,Level 1-100 Helmet,30013
76,Poisoned Shadows,Hotrod,4863.7,85 keys,"4,863.70 ref, $148.34",1,misc,Level 1-100 Mask,148
76,Poisoned Shadows,Baron von Havenaplane,4806.48,84 keys,"4,806.48 ref, $146.60",1,misc,Level 1-100 Hat,30136
76,Poisoned Shadows,Hound Dog,4577.6,80 keys,"4,577.60 ref, $139.62",1,misc,Level 1-100 Hair,145
76,Poisoned Shadows,Sergeant's Drill Hat,4405.94,77 keys,"4,405.94 ref, $134.38",1,misc,Level 1-100 Hat,183
76,Poisoned Shadows,Ye Olde Baker Boy,4119.84,72 keys,"4,119.84 ref, $125.66",1,misc,Level 1-100 Hat,107
76,Poisoned Shadows,Katyusha,4005.4,70 keys,"4,005.40 ref, $122.16",1,misc,Level 1-100 Hat,30094
76,Poisoned Shadows,Gentleman's Ushanka,3776.52,66 keys,"3,776.52 ref, $115.18",1,misc,Level 1-100 Hat,778
76,Poisoned Shadows,Jumper's Jeepcap,3662.08,64 keys,"3,662.08 ref, $111.69",2,misc,Level 1-100 Hat,417
76,Poisoned Shadows,Hard Counter,3604.86,61–65 keys,"3,604.86 ref, $109.95",1,misc,Level 1-100 Hat,254
76,Poisoned Shadows,Backbiter's Billycock,3490.42,57–65 keys,"3,490.42 ref, $106.46",2,misc,Level 1-100 Hat,108
76,Poisoned Shadows,Bombing Run,3032.66,53 keys,"3,032.66 ref, $92.50",1,misc,Level 1-100 Helmet,249
76,Poisoned Shadows,Professional's Panama,2918.22,45–57 keys,"2,918.22 ref, $89.01",0,misc,Level 1-100 Hat,109
76,Poisoned Shadows,Bolted Birdcage,2803.78,49 keys,"2,803.78 ref, $85.52",2,misc,Level 1-100 Hat,30057
76,Poisoned Shadows,Magistrate's Mullet,2803.78,49 keys,"2,803.78 ref, $85.52",1,misc,Level 1-100 Hair,147
76,Poisoned Shadows,Ol' Snaggletooth,2775.17,47–50 keys,"2,775.17 ref, $84.64",2,misc,Level 1-100 Hat,229
76,Poisoned Shadows,Prancer's Pride,2746.56,48 keys,"2,746.56 ref, $83.77",2,misc,Level 1-100 Hat,318
76,Poisoned Shadows,Burning Bandana,2689.34,44–50 keys,"2,689.34 ref, $82.02",1,misc,Level 1-100 Bandana,30091
76,Poisoned Shadows,Pure Tin Capotain,2689.34,47 keys,"2,689.34 ref, $82.02",1,misc,Level 1-100 Hat,30021
76,Poisoned Shadows,Titanium Tyrolean,2632.12,46 keys,"2,632.12 ref, $80.28",1,misc,Level 1-100 Hat,30045
76,Poisoned Shadows,Coupe D'isaster,2346.02,40–42 keys,"2,346.02 ref, $71.55",2,misc,Level 1-100 Hair,330
76,Poisoned Shadows,Dead Cone,2059.92,30–42 keys,"2,059.92 ref, $62.83",1,misc,Level 1-100 Hat,435
76,Poisoned Shadows,Letch's LED,2059.92,36 keys,"2,059.92 ref, $62.83",1,misc,Level 1-100 Hat,30002
76,Poisoned Shadows,Waxy Wayfinder,2002.7,33–37 keys,"2,002.70 ref, $61.08",3,misc,Level 1-100 Hat,753
79,Darkblaze,Pyromancer's Mask,787919.4,13770 keys,"787,919.40 ref, $24031.54",1,misc,Level 1-100 Mask,316
79,Darkblaze,Killer Exclusive,632281,11050 keys,"632,281.00 ref, $19284.57",3,misc,Level 10 Hat,538
79,Darkblaze,Team Captain,629420,11000 keys,"629,420.00 ref, $19197.31",3,misc,Level 1-100 Hat,378
79,Darkblaze,Virtual Viewfinder,553603.5,9675 keys,"553,603.50 ref, $16884.91",1,misc,Level 1-100 Headset,30140
79,Darkblaze,Antlers,549312,9600 keys,"549,312.00 ref, $16754.02",1,misc,Level 1-100 Cosmetic Item,993
79,Darkblaze,Crone's Dome,421711.4,7370 keys,"421,711.40 ref, $12862.20",1,misc,Level 1-100 Hat,920
79,Darkblaze,Brown Bomber,320432,5600 keys,"320,432.00 ref, $9773.18",1,misc,Level 1-100 Hat,671
79,Darkblaze,Das Hazmattenhatten,320432,5600 keys,"320,432.00 ref, $9773.18",1,misc,Level 1-100 Safety Apparatus,30095
79,Darkblaze,Flipped Trilby,306127,5350 keys,"306,127.00 ref, $9336.87",1,misc,Level 1-100 Hat,324
79,Darkblaze,Brotherhood of Arms,292966.4,5120 keys,"292,966.40 ref, $8935.48",3,misc,Level 1-100 Hat,30066
79,Darkblaze,Pencil Pusher,280378,4900 keys,"280,378.00 ref, $8551.53",1,misc,Level 10 Hair,605
79,Darkblaze,Hat with No Name,264642.5,4625 keys,"264,642.50 ref, $8071.60",1,misc,Level 10 Hat,631
79,Darkblaze,Tough Stuff Muffs,258634.4,4520 keys,"258,634.40 ref, $7888.35",2,misc,Level 1-100 Hat,984
79,Darkblaze,Infernal Impaler,252912.4,4420 keys,"252,912.40 ref, $7713.83",1,misc,Level 13 Headgear,575
79,Darkblaze,Soldered Sensei,240324,4200 keys,"240,324.00 ref, $7329.88",4,misc,Level 1-100 Hat,30004
79,Darkblaze,Well-Rounded Rifleman,224588.5,3925 keys,"224,588.50 ref, $6849.95",3,misc,Level 1-100 Hat,30067
79,Darkblaze,A Rather Festive Tree,217436,3800 keys,"217,436.00 ref, $6631.80",2,misc,Level 1-100 Hat,341
79,Darkblaze,Troublemaker's Tossle Cap,213888.36,3738 keys,"213,888.36 ref, $6523.59",2,misc,Level 1-100 Hat,150
79,Darkblaze,Nunhood,197409,3450 keys,"197,409.00 ref, $6020.97",1,misc,Level 1-100 Hat,30311
79,Darkblaze,Tyrant's Helm,171660,3000 keys,"171,660.00 ref, $5235.63",2,misc,Level 1-100 Helmet,99
79,Darkblaze,Dark Falkirk Helm,167368.5,2925 keys,"167,368.50 ref, $5104.74",1,misc,Level 1-100 Helmet,30357
79,Darkblaze,Flamboyant Flamenco,143793.86,2513 keys,"143,793.86 ref, $4385.71",5,misc,Level 10 Hat,627
79,Darkblaze,Pithy Professional,143622.2,2510 keys,"143,622.20 ref, $4380.48",3,misc,Level 1-100 Hat,30915
79,Darkblaze,Texas Ten Gallon,131606,2300 keys,"131,606.00 ref, $4013.98",2,misc,Level 1-100 Hat,94
79,Darkblaze,Bonk Helm,128745,2250 keys,"128,745.00 ref, $3926.72",1,misc,Level 1-100 Helmet,106
79,Darkblaze,Modest Metal Pile of Scrap,125884,2200 keys,"125,884.00 ref, $3839.46",2,misc,Level 1-100 Hat,30001
79,Darkblaze,Heavy Duty Rag,120162,2100 keys,"120,162.00 ref, $3664.94",3,misc,Level 1-100 Bandana,185
79,Darkblaze,Brim-Full of Bullets,114440,2000 keys,"114,440.00 ref, $3490.42",5,misc,Level 1-100 Hat,30173
79,Darkblaze,Virus Doctor,114440,2000 keys,"114,440.00 ref, $3490.42",1,misc,Level 1-100 Hat,30043
79,Darkblaze,Triboniophorus Tyrannus,106429.2,1860 keys,"106,429.20 ref, $3246.09",2,misc,Level 1-100 Mascot,151
79,Darkblaze,Desert Marauder,104426.5,1825 keys,"104,426.50 ref, $3185.01",2,misc,Level 1-100 Hat,400
79,Darkblaze,Chieftain's Challenge,103568.2,1810 keys,"103,568.20 ref, $3158.83",2,misc,Level 1-100 Hat,250
79,Darkblaze,Backbiter's Billycock,102996,1800 keys,"102,996.00 ref, $3141.38",3,misc,Level 1-100 Hat,108
79,Darkblaze,Halogen Head Lamp,102996,1800 keys,"102,996.00 ref, $3141.38",1,misc,Level 1-100 Hat,30041
79,Darkblaze,Crocleather Slouch,100135,1750 keys,"100,135.00 ref, $3054.12",3,misc,Level 1-100 Hat,344
79,Darkblaze,Executioner,94413,1650 keys,"94,413.00 ref, $2879.60",2,misc,Level 1-100 Hat,921
79,Darkblaze,Whoopee Cap,94413,1650 keys,"94,413.00 ref, $2879.60",4,misc,Level 1-100 Hat,174
79,Darkblaze,Galvanized Gibus,92982.5,1450–1800 keys,"92,982.50 ref, $2835.97",4,misc,Level 1-100 Hat,30003
79,Darkblaze,Bear Necessities,91552,1600 keys,"91,552.00 ref, $2792.34",4,misc,Level 1-100 Spirit Animal,30122
79,Darkblaze,Full Metal Drill Hat,91552,1600 keys,"91,552.00 ref, $2792.34",1,misc,Level 1-100 Hat,30026
79,Darkblaze,Hound Dog,91552,1600 keys,"91,552.00 ref, $2792.34",1,misc,Level 1-100 Hair,145
79,Darkblaze,Noble Amassment of Hats,91552,1600 keys,"91,552.00 ref, $2792.34",2,misc,Level 1-100 Hat,137
79,Darkblaze,Surgeon's Stahlhelm,90121.5,1575 keys,"90,121.50 ref, $2748.71",1,misc,Level 10 Helmet,616
79,Darkblaze,Hard Counter,88691,1550 keys,"88,691.00 ref, $2705.08",2,misc,Level 1-100 Hat,254
79,Darkblaze,Grenadier's Softcap,85830,1500 keys,"85,830.00 ref, $2617.82",2,misc,Level 1-100 Hat,227
79,Darkblaze,Officer's Ushanka,85830,1500 keys,"85,830.00 ref, $2617.82",2,misc,Level 1-100 Hat,96
79,Darkblaze,Razor Cut,85830,1500 keys,"85,830.00 ref, $2617.82",1,misc,Level 1-100 Hat,30393
79,Darkblaze,Attendant,82969,1450 keys,"82,969.00 ref, $2530.55",1,misc,Level 1-100 Hat,213
79,Darkblaze,Hermes,80108,1400 keys,"80,108.00 ref, $2443.29",4,misc,Level 10 Hat,633
79,Darkblaze,Fruit Shoot,79535.8,1390 keys,"79,535.80 ref, $2425.84",2,misc,Level 1-100 Hat,759
79,Darkblaze,Cloud Crasher,77247,1350 keys,"77,247.00 ref, $2356.03",3,misc,Level 1-100 Helmet,30071
79,Darkblaze,One-Man Army,71525,1250 keys,"71,525.00 ref, $2181.51",2,misc,Level 10 Hair,601
79,Darkblaze,Professor's Peculiarity,71525,1250 keys,"71,525.00 ref, $2181.51",5,misc,Level 1-100 Hair,384
79,Darkblaze,Backwards Ballcap,68664,1200 keys,"68,664.00 ref, $2094.25",3,misc,Level 10 Hat,617
79,Darkblaze,Cyborg Stunt Helmet,68664,1200 keys,"68,664.00 ref, $2094.25",1,misc,Level 1-100 Helmet,30024
79,Darkblaze,Das Naggenvatcher,68664,1200 keys,"68,664.00 ref, $2094.25",5,misc,Level 1-100 Hat,30109
79,Darkblaze,Helmet without a Home,68664,1200 keys,"68,664.00 ref, $2094.25",2,misc,Level 1-100 Helmet,732
79,Darkblaze,Prince Tavish's Crown,68664,1200 keys,"68,664.00 ref, $2094.25",3,misc,Level 1-100 Hat,342
79,Darkblaze,Vintage Tyrolean,68377.9,1195 keys,"68,377.90 ref, $2085.53",1,misc,Level 1-100 Hat,101
79,Darkblaze,Caribbean Conqueror,63571.42,1111 keys,"63,571.42 ref, $1938.93",1,misc,Level 1-100 Hat,30116
79,Darkblaze,Buccaneer's Bicorne,62942,1100 keys,"62,942.00 ref, $1919.73",1,misc,Level 10 Hat,607
79,Darkblaze,Milkman,62942,1100 keys,"62,942.00 ref, $1919.73",1,misc,Level 1-100 Hat,219
79,Darkblaze,Soldier's Slope Scopers,62942,1100 keys,"62,942.00 ref, $1919.73",1,misc,Level 1-100 Hat,980
79,Darkblaze,Frenchman's Beret,60081,1000–1100 keys,"60,081.00 ref, $1832.47",2,misc,Level 1-100 Hat,180
79,Darkblaze,Anger,57220,1000 keys,"57,220.00 ref, $1745.21",2,misc,Level 10 Hood,518
79,Darkblaze,Bonk Leadwear,57220,1000 keys,"57,220.00 ref, $1745.21",2,misc,Level 1-100 Helmet,30030
79,Darkblaze,Doctor's Sack,57220,1000 keys,"57,220.00 ref, $1745.21",2,misc,Level 1-100 Hat,398
79,Darkblaze,Larrikin Robin,57220,1000 keys,"57,220.00 ref, $1745.21",6,misc,Level 1-100 Hat,314
79,Darkblaze,Pom-Pommed Provocateur,56361.7,985 keys,"56,361.70 ref, $1719.03",3,misc,Level 1-100 Mask,30072
79,Darkblaze,Bot Dogger,56075.6,980 keys,"56,075.60 ref, $1710.31",3,misc,Level 1-100 Hat,30018
79,Darkblaze,Hive Minder,55503.4,970 keys,"55,503.40 ref, $1692.85",2,misc,Level 1-100 Hat,30093
79,Darkblaze,Ol' Geezer,54359,950 keys,"54,359.00 ref, $1657.95",4,misc,Level 1-100 Hat,399
79,Darkblaze,Potassium Bonnet,54359,950 keys,"54,359.00 ref, $1657.95",1,misc,Level 1-100 Hat,30643
79,Darkblaze,Janissary Ketche,52356.3,915 keys,"52,356.30 ref, $1596.87",4,misc,Level 1-100 Hat,437
79,Darkblaze,Bombing Run,51498,900 keys,"51,498.00 ref, $1570.69",1,misc,Level 1-100 Helmet,249
79,Darkblaze,Familiar Fez,51498,750–1050 keys,"51,498.00 ref, $1570.69",2,misc,Level 1-100 Hat,223
79,Darkblaze,Reggaelator,51498,900 keys,"51,498.00 ref, $1570.69",2,misc,Level 1-100 Hat,390
79,Darkblaze,Le Party Phantom,50353.6,880 keys,"50,353.60 ref, $1535.78",1,misc,Level 1-100 Mask,337
79,Darkblaze,Private Eye,50353.6,880 keys,"50,353.60 ref, $1535.78",1,misc,Level 1-100 Hat,388
79,Darkblaze,Rimmed Raincatcher,48637,850 keys,"48,637.00 ref, $1483.43",3,misc,Level 1-100 Hat,216
79,Darkblaze,War Pig,48207.85,685–1000 keys,"48,207.85 ref, $1470.34",2,misc,Level 1-100 Headgear,829
79,Darkblaze,Valley Forge,46634.3,815 keys,"46,634.30 ref, $1422.35",1,misc,Level 1-100 Hat,30114
79,Darkblaze,Burning Bandana,45776,800 keys,"45,776.00 ref, $1396.17",1,misc,Level 1-100 Bandana,30091
79,Darkblaze,Little Buddy,45776,700–900 keys,"45,776.00 ref, $1396.17",1,misc,Level 10 Hat,612
79,Darkblaze,Capo's Capper,40626.2,710 keys,"40,626.20 ref, $1239.10",4,misc,Level 1-100 Hat,427
79,Darkblaze,Outdoorsman,40054,700 keys,"40,054.00 ref, $1221.65",2,misc,Level 10 Hat,603
79,Darkblaze,Rebel Rouser,40054,500–900 keys,"40,054.00 ref, $1221.65",1,misc,Level 1-100 Hat,30120
79,Darkblaze,Barnstormer,38337.4,670 keys,"38,337.40 ref, $1169.29",2,misc,Level 1-100 Hat,988
79,Darkblaze,Scotsman's Stove Pipe,37193,650 keys,"37,193.00 ref, $1134.39",1,misc,Level 1-100 Hat,120
79,Darkblaze,Killer's Kabuto,35361.96,618 keys,"35,361.96 ref, $1078.54",2,misc,Level 1-100 Helmet,152
79,Darkblaze,Blighted Beak,34332,600 keys,"34,332.00 ref, $1047.13",1,misc,Level 1-100 Mask,315
79,Darkblaze,Pampered Pyro,34332,600 keys,"34,332.00 ref, $1047.13",3,misc,Level 1-100 Towel,30139
79,Darkblaze,Frontier Djustice,33187.6,515–645 keys,"33,187.60 ref, $1012.22",1,misc,Level 1-100 Hat,30421
79,Darkblaze,Glasgow Great Helm,31471,550 keys,"31,471.00 ref, $959.87",5,misc,Level 1-100 Helmet,30082
79,Darkblaze,Hetman's Headpiece,31184.9,540–550 keys,"31,184.90 ref, $951.14",2,misc,Level 1-100 Hat,436
79,Darkblaze,Sober Stuntman,28610,500 keys,"28,610.00 ref, $872.61",2,misc,Level 1-100 Helmet,255
79,Darkblaze,Wraith Wrap,28610,500 keys,"28,610.00 ref, $872.61",2,misc,Level 1-100 Apparel,937
79,Darkblaze,Front Runner,28037.8,490 keys,"28,037.80 ref, $855.15",3,misc,Level 1-100 Hat,760
79,Darkblaze,Handyman's Handle,26893.4,470 keys,"26,893.40 ref, $820.25",2,misc,Level 1-100 Hat,253
79,Darkblaze,Das Maddendoktor,24604.6,430 keys,"24,604.60 ref, $750.44",2,misc,Level 1-100 Hair,30121
79,Darkblaze,Cosa Nostra Cap,24032.4,420 keys,"24,032.40 ref, $732.99",2,misc,Level 1-100 Hat,459
79,Darkblaze,Boxcar Bomber,23746.3,415 keys,"23,746.30 ref, $724.26",1,misc,Level 1-100 Hat,30546
79,Darkblaze,Black Watch,23460.2,390–430 keys,"23,460.20 ref, $715.54",1,misc,Level 1-100 Hat,30105
79,Darkblaze,Charmer's Chapeau,22888,400 keys,"22,888.00 ref, $698.08",2,misc,Level 1-100 Hat,397
79,Darkblaze,Horrific Headsplitter,22888,390–410 keys,"22,888.00 ref, $698.08",2,misc,Level 31 Hat,291
79,Darkblaze,Waxy Wayfinder,22172.75,350–425 keys,"22,172.75 ref, $676.27",5,misc,Level 1-100 Hat,753
79,Darkblaze,Stately Steel Toe,22029.7,385 keys,"22,029.70 ref, $671.91",3,misc,Level 1-100 Hat,481
79,Darkblaze,Big Chief,21457.5,350–400 keys,"21,457.50 ref, $654.45",2,misc,Level 1-100 Hat,309
79,Darkblaze,Hong Kong Cone,20599.2,360 keys,"20,599.20 ref, $628.28",0,misc,Level 1-100 Hat,30177
79,Darkblaze,Honcho's Headgear,20027,350 keys,"20,027.00 ref, $610.82",1,misc,Level 1-100 Hat,391
79,Darkblaze,Ze Goggles,18882.6,330 keys,"18,882.60 ref, $575.92",2,misc,Level 1-100 Glasses,177
79,Darkblaze,Pugilist's Protector,17881.25,285–340 keys,"17,881.25 ref, $545.38",2,misc,Level 1-100 Headgear,246
79,Darkblaze,Noble Nickel Amassment of Hats,16450.75,275–300 keys,"16,450.75 ref, $501.75",5,misc,Level 1-100 Hat,30006
79,Darkblaze,FR-0,16307.7,285 keys,"16,307.70 ref, $497.38",4,misc,Level 1-100 Hat,30016
79,Darkblaze,Pardner's Pompadour,14305,250 keys,"14,305.00 ref, $436.30",1,misc,Level 1-100 Hair,30099
79,Darkblaze,Base Metal Billycock,14247.78,249 keys,"14,247.78 ref, $434.56",2,misc,Level 1-100 Hat,30007
79,Darkblaze,Texas Tin-Gallon,13618.36,238 keys,"13,618.36 ref, $415.36",2,misc,Level 1-100 Hat,30044
79,Darkblaze,Soviet Gentleman,12588.4,220 keys,"12,588.40 ref, $383.95",2,misc,Level 1-100 Hat,821
79,Darkblaze,Glengarry Bonnet,11444,200 keys,"11,444.00 ref, $349.04",1,misc,Level 1-100 Hat,100
79,Darkblaze,Greased Lightning,10871.8,190 keys,"10,871.80 ref, $331.59",1,misc,Level 1-100 Hair,30078
79,Darkblaze,Timeless Topper,8869.1,155 keys,"8,869.10 ref, $270.51",1,misc,Level 1-100 Hat,30035
79,Darkblaze,Geisha Boy,8583,150 keys,"8,583.00 ref, $261.78",2,misc,Level 1-100 Hair,363
79,Darkblaze,Napper's Respite,8583,150 keys,"8,583.00 ref, $261.78",2,misc,Level 1-100 Hat,248
79,Darkblaze,Old Guadalajara,8583,150 keys,"8,583.00 ref, $261.78",2,misc,Level 1-100 Hat,247
79,Darkblaze,Magnificent Mongolian,7438.6,130 keys,"7,438.60 ref, $226.88",1,misc,Level 1-100 Hat,313
79,Darkblaze,Bootleg Base Metal Billycock,7152.5,125 keys,"7,152.50 ref, $218.15",2,misc,Level 1-100 Hat,30047
79,Darkblaze,Baron von Havenaplane,7038.06,123 keys,"7,038.06 ref, $214.66",3,misc,Level 1-100 Hat,30136
79,Darkblaze,Master's Yellow Belt,6866.4,120 keys,"6,866.40 ref, $209.43",1,misc,Level 1-100 Hat,110
79,Darkblaze,Strontium Stove Pipe,6723.35,90–145 keys,"6,723.35 ref, $205.06",2,misc,Level 1-100 Hat,30037
79,Darkblaze,Conjurer's Cowl,6523.08,114 keys,"6,523.08 ref, $198.95",2,misc,Level 1-100 Hood,465
79,Darkblaze,Gridiron Guardian,6122.54,107 keys,"6,122.54 ref, $186.74",3,misc,Level 1-100 Helmet,30013
79,Darkblaze,Das Gutenkutteharen,5950.88,92–116 keys,"5,950.88 ref, $181.50",1,misc,Level 1-100 Hair,30127
79,Darkblaze,Cadaver's Cranium,5865.05,95–110 keys,"5,865.05 ref, $178.88",2,misc,Level 31 Hat,290
79,Darkblaze,Towering Titanium Pillar of Hats,5435.9,95 keys,"5,435.90 ref, $165.79",3,misc,Level 1-100 Hat,30008
79,Darkblaze,Battle Boonie,5149.8,90 keys,"5,149.80 ref, $157.07",6,misc,Level 1-100 Hat,30907
79,Darkblaze,Scout Shako,5149.8,90 keys,"5,149.80 ref, $157.07",1,misc,Level 1-100 Hat,30326
79,Darkblaze,Your Worst Nightmare,5149.8,90 keys,"5,149.80 ref, $157.07",0,misc,Level 10 Hair,600
79,Darkblaze,Tyrantium Helmet,5121.19,76–103 keys,"5,121.19 ref, $156.20",3,misc,Level 1-100 Helmet,30014
79,Darkblaze,Medic's Mountain Cap,4577.6,80 keys,"4,577.60 ref, $139.62",1,misc,Level 1-100 Hat,381
79,Darkblaze,Nanobalaclava,4577.6,80 keys,"4,577.60 ref, $139.62",1,misc,Level 10 Hat,521
79,Darkblaze,Slick Cut,4577.6,80 keys,"4,577.60 ref, $139.62",1,misc,Level 1-100 Hair,30187
79,Darkblaze,Tavish DeGroot Experience,4577.6,80 keys,"4,577.60 ref, $139.62",2,misc,Level 10 Hat,604
79,Darkblaze,Bunsen Brave,4405.94,77 keys,"4,405.94 ref, $134.38",1,misc,Level 1-100 Hat,30054
79,Darkblaze,Human Cannonball,4405.94,68–86 keys,"4,405.94 ref, $134.38",1,misc,Level 1-100 Helmet,817
79,Darkblaze,Defiant Spartan,4291.5,75 keys,"4,291.50 ref, $130.89",1,misc,Level 1-100 Helmet,340
79,Darkblaze,Dragonborn Helmet,4291.5,70–80 keys,"4,291.50 ref, $130.89",2,misc,Level 10 Helmet,517
79,Darkblaze,Ye Olde Baker Boy,4205.67,62–85 keys,"4,205.67 ref, $128.27",1,misc,Level 1-100 Hat,107
79,Darkblaze,Runner's Warm-Up,3719.3,65 keys,"3,719.30 ref, $113.44",1,misc,Level 1-100 Hat,30332
79,Darkblaze,Steel Shako,3547.64,62 keys,"3,547.64 ref, $108.20",2,misc,Level 1-100 Hat,30017
79,Darkblaze,Tough Guy's Toque,3433.2,60 keys,"3,433.20 ref, $104.71",1,misc,Level 1-100 Hat,97
79,Darkblaze,Tungsten Toque,3433.2,60 keys,"3,433.20 ref, $104.71",1,misc,Level 1-100 Hat,30049
79,Darkblaze,Shooter's Sola Topi,2861,50 keys,"2,861.00 ref, $87.26",2,misc,Level 1-100 Helmet,158
79,Darkblaze,Madame Dixie,2746.56,48 keys,"2,746.56 ref, $83.77",2,misc,Level 1-100 Hat,321
79,Darkblaze,Buckaroo's Hat,2460.46,42–44 keys,"2,460.46 ref, $75.04",3,misc,Level 1-100 Hat,322
79,Darkblaze,Coupe D'isaster,2288.8,40 keys,"2,288.80 ref, $69.81",1,misc,Level 1-100 Hair,330
79,Darkblaze,Hot Dogger,2231.58,31–47 keys,"2,231.58 ref, $68.06",2,misc,Level 10 Hat,614
79,Darkblaze,Tippler's Tricorne,2202.97,37–40 keys,"2,202.97 ref, $67.19",1,misc,Level 1-100 Hat,179
79,Darkblaze,Prancer's Pride,2002.7,35 keys,"2,002.70 ref, $61.08",1,misc,Level 1-100 Hat,318
79,Darkblaze,Plumber's Pipe,1974.09,31–38 keys,"1,974.09 ref, $60.21",1,misc,Level 1-100 Hat,30022
79,Darkblaze,Pyro's Boron Beanie,1716.6,30 keys,"1,716.60 ref, $52.36",1,misc,Level 1-100 Hat,30040
79,Darkblaze,Sultan's Ceremonial,1659.38,28–30 keys,"1,659.38 ref, $50.61",1,misc,Level 1-100 Hat,403
79,Darkblaze,Ye Oiled Baker Boy,1430.5,25 keys,"1,430.50 ref, $43.63",1,misc,Level 1-100 Hat,30019
79,Darkblaze,Data Mining Light,1201.62,21 keys,"1,201.62 ref, $36.65",1,misc,Level 1-100 Helmet,30051
79,Darkblaze,A Head Full of Hot Air,0,,,1,misc,Level 1-100 Hat,30662
79,Darkblaze,Rotation Sensation,0,,,2,misc,Level 1-100 Hat,30623
81,Bonzo the All-Gnawing,Rotation Sensation,869744,15200 keys,"869,744.00 ref, $26527.19",0,misc,Level 1-100 Hat,30623
81,Bonzo the All-Gnawing,Team Captain,578436.98,10109 keys,"578,436.98 ref, $17642.33",3,misc,Level 1-100 Hat,378
81,Bonzo the All-Gnawing,Killer's Kabuto,543590,9500 keys,"543,590.00 ref, $16579.49",2,misc,Level 1-100 Helmet,152
81,Bonzo the All-Gnawing,Prehistoric Pullover,334737,5850 keys,"334,737.00 ref, $10209.48",2,misc,Level 1-100 Hood,30704
81,Bonzo the All-Gnawing,Fed-Fightin' Fedora,317571,5550 keys,"317,571.00 ref, $9685.92",1,misc,Level 1-100 Hat,780
81,Bonzo the All-Gnawing,Neckwear Headwear,307557.5,5375 keys,"307,557.50 ref, $9380.50",1,misc,Level 1-100 Hat,30307
81,Bonzo the All-Gnawing,Brainiac Hairpiece,286100,5000 keys,"286,100.00 ref, $8726.05",2,misc,Level 1-100 Facial Hair,590
81,Bonzo the All-Gnawing,Pithy Professional,286100,5000 keys,"286,100.00 ref, $8726.05",2,misc,Level 1-100 Hat,30915
81,Bonzo the All-Gnawing,Galvanized Gibus,268934,4700 keys,"268,934.00 ref, $8202.49",1,misc,Level 1-100 Hat,30003
81,Bonzo the All-Gnawing,Brotherhood of Arms,266073,4650 keys,"266,073.00 ref, $8115.23",1,misc,Level 1-100 Hat,30066
81,Bonzo the All-Gnawing,Dr's Dapper Topper,261781.5,4575 keys,"261,781.50 ref, $7984.34",2,misc,Level 1-100 Hat,252
81,Bonzo the All-Gnawing,Pencil Pusher,257490,4500 keys,"257,490.00 ref, $7853.44",2,misc,Level 10 Hair,605
81,Bonzo the All-Gnawing,Duck Billed Hatypus,240324,4200 keys,"240,324.00 ref, $7329.88",1,misc,Level 1-100 Hat,30700
81,Bonzo the All-Gnawing,Hunter in Darkness,228880,4000 keys,"228,880.00 ref, $6980.84",3,misc,Level 1-100 Hat,30877
81,Bonzo the All-Gnawing,Sergeant's Drill Hat,228880,4000 keys,"228,880.00 ref, $6980.84",1,misc,Level 1-100 Hat,183
81,Bonzo the All-Gnawing,Troublemaker's Tossle Cap,220297,3500–4200 keys,"220,297.00 ref, $6719.06",1,misc,Level 1-100 Hat,150
81,Bonzo the All-Gnawing,Polar Pullover,203131,3550 keys,"203,131.00 ref, $6195.50",1,misc,Level 1-100 Hat,30329
81,Bonzo the All-Gnawing,Wraith Wrap,193117.5,3375 keys,"193,117.50 ref, $5890.08",3,misc,Level 1-100 Apparel,937
81,Bonzo the All-Gnawing,Merc's Mohawk,181959.6,3180 keys,"181,959.60 ref, $5549.77",1,misc,Level 1-100 Hair,30413
81,Bonzo the All-Gnawing,Reggaelator,180243,3150 keys,"180,243.00 ref, $5497.41",2,misc,Level 1-100 Hat,390
81,Bonzo the All-Gnawing,Blighted Beak,165938,2900 keys,"165,938.00 ref, $5061.11",2,misc,Level 1-100 Mask,315
81,Bonzo the All-Gnawing,Your Worst Nightmare,160216,2800 keys,"160,216.00 ref, $4886.59",1,misc,Level 10 Hair,600
81,Bonzo the All-Gnawing,Danger,157355,2750 keys,"157,355.00 ref, $4799.33",1,misc,Level 1-100 Apparel,30420
81,Bonzo the All-Gnawing,Horrific Headsplitter,151633,2650 keys,"151,633.00 ref, $4624.81",1,misc,Level 31 Hat,291
81,Bonzo the All-Gnawing,Kiss King,143050,2500 keys,"143,050.00 ref, $4363.02",3,misc,Level 1-100 Hat,30313
81,Bonzo the All-Gnawing,Stainless Pot,143050,2500 keys,"143,050.00 ref, $4363.02",4,misc,Level 1-100 Hat,98
81,Bonzo the All-Gnawing,Field Practice,136183.6,2380 keys,"136,183.60 ref, $4153.60",0,misc,Level 1-100 Headgear,30862
81,Bonzo the All-Gnawing,Whoopee Cap,135039.2,2100–2620 keys,"135,039.20 ref, $4118.70",3,misc,Level 1-100 Hat,174
81,Bonzo the All-Gnawing,Defiant Spartan,133894.8,2340 keys,"133,894.80 ref, $4083.79",1,misc,Level 1-100 Helmet,340
81,Bonzo the All-Gnawing,Executioner,131606,1850–2750 keys,"131,606.00 ref, $4013.98",1,misc,Level 1-100 Hat,921
81,Bonzo the All-Gnawing,Liquidator's Lid,128029.75,2175–2300 keys,"128,029.75 ref, $3904.91",1,misc,Level 1-100 Hat,779
81,Bonzo the All-Gnawing,Fruit Shoot,126456.2,2120–2300 keys,"126,456.20 ref, $3856.91",1,misc,Level 1-100 Hat,759
81,Bonzo the All-Gnawing,Buckaroo's Hat,120162,2100 keys,"120,162.00 ref, $3664.94",2,misc,Level 1-100 Hat,322
81,Bonzo the All-Gnawing,Chieftain's Challenge,120162,2100 keys,"120,162.00 ref, $3664.94",1,misc,Level 1-100 Hat,250
81,Bonzo the All-Gnawing,Dread Hiding Hood,120162,2100 keys,"120,162.00 ref, $3664.94",3,misc,Level 1-100 Hood,1095
81,Bonzo the All-Gnawing,Flamboyant Flamenco,120162,2100 keys,"120,162.00 ref, $3664.94",2,misc,Level 10 Hat,627
81,Bonzo the All-Gnawing,Honcho's Headgear,120162,2100 keys,"120,162.00 ref, $3664.94",2,misc,Level 1-100 Hat,391
81,Bonzo the All-Gnawing,Slo-Poke,120162,2100 keys,"120,162.00 ref, $3664.94",1,misc,Level 1-100 Hat,30314
81,Bonzo the All-Gnawing,Vintage Merryweather,120162,2100 keys,"120,162.00 ref, $3664.94",1,misc,Level 1-100 Helmet,182
81,Bonzo the All-Gnawing,Détective Noir,119017.6,2080 keys,"119,017.60 ref, $3630.04",1,misc,Level 1-100 Hat,319
81,Bonzo the All-Gnawing,Buccaneer's Bicorne,117301,2050 keys,"117,301.00 ref, $3577.68",2,misc,Level 10 Hat,607
81,Bonzo the All-Gnawing,Das Übersternmann,114440,2000 keys,"114,440.00 ref, $3490.42",3,misc,Level 1-100 Hat,30097
81,Bonzo the All-Gnawing,Harmburg,114440,2000 keys,"114,440.00 ref, $3490.42",2,misc,Level 1-100 Hat,30123
81,Bonzo the All-Gnawing,Helmet without a Home,114440,2000 keys,"114,440.00 ref, $3490.42",1,misc,Level 1-100 Helmet,732
81,Bonzo the All-Gnawing,Safe'n'Sound,114440,2000 keys,"114,440.00 ref, $3490.42",2,misc,Level 1-100 Hat,178
81,Bonzo the All-Gnawing,Front Runner,112151.2,1520–2400 keys,"112,151.20 ref, $3420.61",2,misc,Level 1-100 Hat,760
81,Bonzo the All-Gnawing,Head Warmer,108718,1900 keys,"108,718.00 ref, $3315.90",1,misc,Level 1-100 Hat,644
81,Bonzo the All-Gnawing,Greased Lightning,107859.7,1885 keys,"107,859.70 ref, $3289.72",2,misc,Level 1-100 Hair,30078
81,Bonzo the All-Gnawing,Western Wear,100135,1750 keys,"100,135.00 ref, $3054.12",1,misc,Level 1-100 Hat,379
81,Bonzo the All-Gnawing,Allbrero,97274,1700 keys,"97,274.00 ref, $2966.86",1,misc,Level 1-100 Hat,30429
81,Bonzo the All-Gnawing,Tyrantium Helmet,97274,1700 keys,"97,274.00 ref, $2966.86",2,misc,Level 1-100 Helmet,30014
81,Bonzo the All-Gnawing,Caribbean Conqueror,94413,1650 keys,"94,413.00 ref, $2879.60",1,misc,Level 1-100 Hat,30116
81,Bonzo the All-Gnawing,Big Country,91552,1600 keys,"91,552.00 ref, $2792.34",1,misc,Level 1-100 Hair,382
81,Bonzo the All-Gnawing,Conquistador,91552,1600 keys,"91,552.00 ref, $2792.34",2,misc,Level 1-100 Helmet,721
81,Bonzo the All-Gnawing,Pomade Prince,91552,1600 keys,"91,552.00 ref, $2792.34",3,misc,Level 1-100 Hair,30428
81,Bonzo the All-Gnawing,Burning Bandana,85830,1500 keys,"85,830.00 ref, $2617.82",3,misc,Level 1-100 Bandana,30091
81,Bonzo the All-Gnawing,Familiar Fez,85830,1500 keys,"85,830.00 ref, $2617.82",1,misc,Level 1-100 Hat,223
81,Bonzo the All-Gnawing,Platinum Pickelhaube,85830,1500 keys,"85,830.00 ref, $2617.82",1,misc,Level 1-100 Helmet,30042
81,Bonzo the All-Gnawing,Triboniophorus Tyrannus,85830,1500 keys,"85,830.00 ref, $2617.82",4,misc,Level 1-100 Mascot,151
81,Bonzo the All-Gnawing,Armored Authority,85772.78,1499 keys,"85,772.78 ref, $2616.07",2,misc,Level 1-100 Helmet,445
81,Bonzo the All-Gnawing,Data Mining Light,80108,1400 keys,"80,108.00 ref, $2443.29",2,misc,Level 1-100 Helmet,30051
81,Bonzo the All-Gnawing,Glasgow Great Helm,80108,1400 keys,"80,108.00 ref, $2443.29",3,misc,Level 1-100 Helmet,30082
81,Bonzo the All-Gnawing,Sober Stuntman,77819.2,1360 keys,"77,819.20 ref, $2373.49",2,misc,Level 1-100 Helmet,255
81,Bonzo the All-Gnawing,Pampered Pyro,76102.6,1230–1430 keys,"76,102.60 ref, $2321.13",3,misc,Level 1-100 Towel,30139
81,Bonzo the All-Gnawing,Engineer's Cap,74386,1300 keys,"74,386.00 ref, $2268.77",4,misc,Level 1-100 Hat,95
81,Bonzo the All-Gnawing,Halogen Head Lamp,74386,1300 keys,"74,386.00 ref, $2268.77",1,misc,Level 1-100 Hat,30041
81,Bonzo the All-Gnawing,Heavy Duty Rag,74386,1300 keys,"74,386.00 ref, $2268.77",4,misc,Level 1-100 Bandana,185
81,Bonzo the All-Gnawing,Magnificent Mongolian,74386,1300 keys,"74,386.00 ref, $2268.77",1,misc,Level 1-100 Hat,313
81,Bonzo the All-Gnawing,Slick Cut,74386,1300 keys,"74,386.00 ref, $2268.77",2,misc,Level 1-100 Hair,30187
81,Bonzo the All-Gnawing,Virtual Viewfinder,74386,1300 keys,"74,386.00 ref, $2268.77",1,misc,Level 1-100 Headset,30140
81,Bonzo the All-Gnawing,Attendant,68664,900–1500 keys,"68,664.00 ref, $2094.25",3,misc,Level 1-100 Hat,213
81,Bonzo the All-Gnawing,Battle Boonie,68664,1200 keys,"68,664.00 ref, $2094.25",2,misc,Level 1-100 Hat,30907
81,Bonzo the All-Gnawing,Copper's Hard Top,68664,1200 keys,"68,664.00 ref, $2094.25",3,misc,Level 1-100 Helmet,478
81,Bonzo the All-Gnawing,Elf Esteem,68664,1200 keys,"68,664.00 ref, $2094.25",0,misc,Level 1-100 Hat,30836
81,Bonzo the All-Gnawing,Geisha Boy,68664,1200 keys,"68,664.00 ref, $2094.25",1,misc,Level 1-100 Hair,363
81,Bonzo the All-Gnawing,Scotch Bonnet,67805.7,1185 keys,"67,805.70 ref, $2068.07",1,misc,Level 1-100 Headgear,306
81,Bonzo the All-Gnawing,Gridiron Guardian,62942,1100 keys,"62,942.00 ref, $1919.73",1,misc,Level 1-100 Helmet,30013
81,Bonzo the All-Gnawing,Industrial Festivizer,62942,1100 keys,"62,942.00 ref, $1919.73",1,misc,Level 1-100 Hat,338
81,Bonzo the All-Gnawing,Otolaryngologist's Mirror,62942,1100 keys,"62,942.00 ref, $1919.73",2,misc,Level 1-100 Hat,104
81,Bonzo the All-Gnawing,Outta Sight,62942,1100 keys,"62,942.00 ref, $1919.73",1,misc,Level 1-100 Hat,30628
81,Bonzo the All-Gnawing,Hetman's Headpiece,61854.82,1081 keys,"61,854.82 ref, $1886.57",4,misc,Level 1-100 Hat,436
81,Bonzo the All-Gnawing,Big Chief,60081,1050 keys,"60,081.00 ref, $1832.47",3,misc,Level 1-100 Hat,309
81,Bonzo the All-Gnawing,Connoisseur's Cap,60081,1050 keys,"60,081.00 ref, $1832.47",2,misc,Level 1-100 Hat,394
81,Bonzo the All-Gnawing,Nanobalaclava,57220,1000 keys,"57,220.00 ref, $1745.21",2,misc,Level 10 Hat,521
81,Bonzo the All-Gnawing,Respectless Robo-Glove,57220,1000 keys,"57,220.00 ref, $1745.21",1,misc,Level 1-100 Hat,30039
81,Bonzo the All-Gnawing,Salty Dog,57220,1000 keys,"57,220.00 ref, $1745.21",2,misc,Level 10 Hat,611
81,Bonzo the All-Gnawing,Das Naggenvatcher,56876.68,994 keys,"56,876.68 ref, $1734.74",1,misc,Level 1-100 Hat,30109
81,Bonzo the All-Gnawing,Electric Escorter,54015.68,944 keys,"54,015.68 ref, $1647.48",1,misc,Level 1-100 Hat,30025
81,Bonzo the All-Gnawing,Hat of Cards,48637,850 keys,"48,637.00 ref, $1483.43",2,misc,Level 1-100 Hat,825
81,Bonzo the All-Gnawing,Sammy Cap,48637,850 keys,"48,637.00 ref, $1483.43",1,misc,Level 1-100 Hat,30374
81,Bonzo the All-Gnawing,Toy Tailor,48637,850 keys,"48,637.00 ref, $1483.43",3,misc,Level 1-100 Hat,30327
81,Bonzo the All-Gnawing,Federal Casemaker,45776,800 keys,"45,776.00 ref, $1396.17",1,misc,Level 1-100 Hat,30119
81,Bonzo the All-Gnawing,Pure Tin Capotain,42342.8,740 keys,"42,342.80 ref, $1291.46",1,misc,Level 1-100 Hat,30021
81,Bonzo the All-Gnawing,Das Maddendoktor,40054,700 keys,"40,054.00 ref, $1221.65",3,misc,Level 1-100 Hair,30121
81,Bonzo the All-Gnawing,Nuke,39481.8,690 keys,"39,481.80 ref, $1204.19",0,misc,Level 1-100 Hair,30885
81,Bonzo the All-Gnawing,Das Gutenkutteharen,37193,650 keys,"37,193.00 ref, $1134.39",0,misc,Level 1-100 Hair,30127
81,Bonzo the All-Gnawing,Frontier Djustice,37193,600–700 keys,"37,193.00 ref, $1134.39",1,misc,Level 1-100 Hat,30421
81,Bonzo the All-Gnawing,Gentleman's Gatsby,37193,650 keys,"37,193.00 ref, $1134.39",3,misc,Level 1-100 Hat,184
81,Bonzo the All-Gnawing,Spook Specs,37193,650 keys,"37,193.00 ref, $1134.39",2,misc,Level 1-100 Hat,30390
81,Bonzo the All-Gnawing,Hong Kong Cone,36048.6,630 keys,"36,048.60 ref, $1099.48",0,misc,Level 1-100 Hat,30177
81,Bonzo the All-Gnawing,Rimmed Raincatcher,35476.4,620 keys,"35,476.40 ref, $1082.03",1,misc,Level 1-100 Hat,216
81,Bonzo the All-Gnawing,Black Watch,34332,600 keys,"34,332.00 ref, $1047.13",3,misc,Level 1-100 Hat,30105
81,Bonzo the All-Gnawing,Feathered Fiend,34332,600 keys,"34,332.00 ref, $1047.13",1,misc,Level 1-100 Headgear,30903
81,Bonzo the All-Gnawing,Cotton Head,30040.5,500–550 keys,"30,040.50 ref, $916.24",3,misc,Level 1-100 Hat,30175
81,Bonzo the All-Gnawing,Classy Capper,28610,500 keys,"28,610.00 ref, $872.61",2,misc,Level 1-100 Hat,30893
81,Bonzo the All-Gnawing,Hustler's Hallmark,28610,500 keys,"28,610.00 ref, $872.61",1,misc,Level 1-100 Hat,146
81,Bonzo the All-Gnawing,Conjurer's Cowl,25749,450 keys,"25,749.00 ref, $785.34",1,misc,Level 1-100 Hood,465
81,Bonzo the All-Gnawing,Das Hazmattenhatten,25749,450 keys,"25,749.00 ref, $785.34",1,misc,Level 1-100 Safety Apparatus,30095
81,Bonzo the All-Gnawing,Larrikin Robin,25749,450 keys,"25,749.00 ref, $785.34",1,misc,Level 1-100 Hat,314
81,Bonzo the All-Gnawing,White Russian,25405.68,444 keys,"25,405.68 ref, $774.87",1,misc,Level 1-100 Hair,30644
81,Bonzo the All-Gnawing,Wide-Brimmed Bandito,25405.68,444 keys,"25,405.68 ref, $774.87",1,misc,Level 1-100 Hat,30805
81,Bonzo the All-Gnawing,Counterfeit Billycock,25176.8,440 keys,"25,176.80 ref, $767.89",1,misc,Level 10 Hat,602
81,Bonzo the All-Gnawing,Tyrant's Helm,25176.8,440 keys,"25,176.80 ref, $767.89",1,misc,Level 1-100 Helmet,99
81,Bonzo the All-Gnawing,Virtual Reality Headset,25033.75,435–440 keys,"25,033.75 ref, $763.53",2,misc,Level 10 Headset,628
81,Bonzo the All-Gnawing,Bonk Helm,24032.4,420 keys,"24,032.40 ref, $732.99",2,misc,Level 1-100 Helmet,106
81,Bonzo the All-Gnawing,Heer's Helmet,23746.3,275–555 keys,"23,746.30 ref, $724.26",2,misc,Level 1-100 Helmet,30378
81,Bonzo the All-Gnawing,Pyromancer's Mask,22888,400 keys,"22,888.00 ref, $698.08",1,misc,Level 1-100 Mask,316
81,Bonzo the All-Gnawing,Valley Forge,22888,400 keys,"22,888.00 ref, $698.08",2,misc,Level 1-100 Hat,30114
81,Bonzo the All-Gnawing,Gentleman's Ushanka,19454.8,340 keys,"19,454.80 ref, $593.37",1,misc,Level 1-100 Hat,778
81,Bonzo the All-Gnawing,Shooter's Tin Topi,19168.7,335 keys,"19,168.70 ref, $584.65",1,misc,Level 1-100 Hat,30005
81,Bonzo the All-Gnawing,L'homme Burglerre,18310.4,320 keys,"18,310.40 ref, $558.47",1,misc,Level 1-100 Hat,30182
81,Bonzo the All-Gnawing,Waxy Wayfinder,18195.96,300–336 keys,"18,195.96 ref, $554.98",2,misc,Level 1-100 Hat,753
81,Bonzo the All-Gnawing,Bonk Boy,17881.25,300–325 keys,"17,881.25 ref, $545.38",1,misc,Level 1-100 Mask,451
81,Bonzo the All-Gnawing,Bunsen Brave,17166,300 keys,"17,166.00 ref, $523.56",1,misc,Level 1-100 Hat,30054
81,Bonzo the All-Gnawing,Human Cannonball,17166,300 keys,"17,166.00 ref, $523.56",2,misc,Level 1-100 Helmet,817
81,Bonzo the All-Gnawing,Pirate Bandana,16879.9,295 keys,"16,879.90 ref, $514.84",2,misc,Level 1-100 Hat,30180
81,Bonzo the All-Gnawing,Bruce's Bonnet,16593.8,280–300 keys,"16,593.80 ref, $506.11",1,misc,Level 1-100 Headgear,30627
81,Bonzo the All-Gnawing,Desert Marauder,16307.7,285 keys,"16,307.70 ref, $497.38",1,misc,Level 1-100 Hat,400
81,Bonzo the All-Gnawing,Cold Killer,16021.6,280 keys,"16,021.60 ref, $488.66",1,misc,Level 1-100 Hat,981
81,Bonzo the All-Gnawing,Grenadier's Softcap,16021.6,280 keys,"16,021.60 ref, $488.66",1,misc,Level 1-100 Hat,227
81,Bonzo the All-Gnawing,Broadband Bonnet,14305,250 keys,"14,305.00 ref, $436.30",1,misc,Level 1-100 Hat,30029
81,Bonzo the All-Gnawing,Modest Metal Pile of Scrap,14305,250 keys,"14,305.00 ref, $436.30",1,misc,Level 1-100 Hat,30001
81,Bonzo the All-Gnawing,Trash Man,14305,250 keys,"14,305.00 ref, $436.30",2,misc,Level 1-100 Hat,30346
81,Bonzo the All-Gnawing,Sole Mate,13732.8,240 keys,"13,732.80 ref, $418.85",1,misc,Level 1-100 Hat,30355
81,Bonzo the All-Gnawing,Napoleon Complex,13160.6,230 keys,"13,160.60 ref, $401.40",1,misc,Level 1-100 Hat,30360
81,Bonzo the All-Gnawing,Aviator Assassin,12874.5,225 keys,"12,874.50 ref, $392.67",1,misc,Level 1-100 Hat,30404
81,Bonzo the All-Gnawing,Bonk Leadwear,12731.45,200–245 keys,"12,731.45 ref, $388.31",1,misc,Level 1-100 Helmet,30030
81,Bonzo the All-Gnawing,Tartan Spartan,12016.2,210 keys,"12,016.20 ref, $366.49",2,misc,Level 1-100 Helmet,30106
81,Bonzo the All-Gnawing,Nunhood,11873.15,185–230 keys,"11,873.15 ref, $362.13",1,misc,Level 1-100 Hat,30311
81,Bonzo the All-Gnawing,Bot Dogger,11444,200 keys,"11,444.00 ref, $349.04",2,misc,Level 1-100 Hat,30018
81,Bonzo the All-Gnawing,Cadaver's Cranium,11444,200 keys,"11,444.00 ref, $349.04",2,misc,Level 31 Hat,290
81,Bonzo the All-Gnawing,Towering Pillar of Hats,11444,200 keys,"11,444.00 ref, $349.04",1,misc,Level 1-100 Hat,135
81,Bonzo the All-Gnawing,Backbiter's Billycock,11157.9,170–220 keys,"11,157.90 ref, $340.32",2,misc,Level 1-100 Hat,108
81,Bonzo the All-Gnawing,Handyman's Handle,10585.7,180–190 keys,"10,585.70 ref, $322.86",1,misc,Level 1-100 Hat,253
81,Bonzo the All-Gnawing,Brown Bomber,10156.55,165–190 keys,"10,156.55 ref, $309.77",2,misc,Level 1-100 Hat,671
81,Bonzo the All-Gnawing,Texas Ten Gallon,9584.35,155–180 keys,"9,584.35 ref, $292.32",1,misc,Level 1-100 Hat,94
81,Bonzo the All-Gnawing,Private Eye,9155.2,160 keys,"9,155.20 ref, $279.23",2,misc,Level 1-100 Hat,388
81,Bonzo the All-Gnawing,Noble Amassment of Hats,8296.9,145 keys,"8,296.90 ref, $253.06",1,misc,Level 1-100 Hat,137
81,Bonzo the All-Gnawing,A Rather Festive Tree,8096.63,133–150 keys,"8,096.63 ref, $246.95",1,misc,Level 1-100 Hat,341
81,Bonzo the All-Gnawing,Blast Defense,8010.8,140 keys,"8,010.80 ref, $244.33",0,misc,Level 1-100 Headgear,30863
81,Bonzo the All-Gnawing,Hot Dogger,8010.8,140 keys,"8,010.80 ref, $244.33",1,misc,Level 10 Hat,614
81,Bonzo the All-Gnawing,Samur-Eye,8010.8,137–143 keys,"8,010.80 ref, $244.33",2,misc,Level 1-100 Helmet,359
81,Bonzo the All-Gnawing,Tartan Tyrolean,7467.21,123–138 keys,"7,467.21 ref, $227.75",2,misc,Level 1-100 Hat,30334
81,Bonzo the All-Gnawing,Gym Rat,7295.55,95–160 keys,"7,295.55 ref, $222.51",1,misc,Level 10 Hair,613
81,Bonzo the All-Gnawing,Brim-Full of Bullets,6866.4,120 keys,"6,866.40 ref, $209.43",1,misc,Level 1-100 Hat,30173
81,Bonzo the All-Gnawing,Smoking Skid Lid,6666.13,116–117 keys,"6,666.13 ref, $203.32",1,misc,Level 1-100 Hat,30399
81,Bonzo the All-Gnawing,Cloud Crasher,6523.08,98–130 keys,"6,523.08 ref, $198.95",1,misc,Level 1-100 Helmet,30071
81,Bonzo the All-Gnawing,L'Inspecteur,6122.54,107 keys,"6,122.54 ref, $186.74",1,misc,Level 10 Hat,622
81,Bonzo the All-Gnawing,Hotrod,5722,100 keys,"5,722.00 ref, $174.52",2,misc,Level 1-100 Mask,148
81,Bonzo the All-Gnawing,Infernal Impaler,5722,100 keys,"5,722.00 ref, $174.52",2,misc,Level 13 Headgear,575
81,Bonzo the All-Gnawing,Birdcage,5664.78,99 keys,"5,664.78 ref, $172.78",1,misc,Level 10 Hat,615
81,Bonzo the All-Gnawing,Bone Dome,5321.46,93 keys,"5,321.46 ref, $162.30",2,misc,Level 1-100 Helmet,30162
81,Bonzo the All-Gnawing,Hive Minder,5321.46,91–95 keys,"5,321.46 ref, $162.30",1,misc,Level 1-100 Hat,30093
81,Bonzo the All-Gnawing,One-Man Army,4005.4,70 keys,"4,005.40 ref, $122.16",1,misc,Level 10 Hair,601
81,Bonzo the All-Gnawing,Titanium Tyrolean,4005.4,70 keys,"4,005.40 ref, $122.16",2,misc,Level 1-100 Hat,30045
81,Bonzo the All-Gnawing,Noble Nickel Amassment of Hats,3805.13,65–68 keys,"3,805.13 ref, $116.06",3,misc,Level 1-100 Hat,30006
81,Bonzo the All-Gnawing,Officer's Ushanka,3776.52,66 keys,"3,776.52 ref, $115.18",2,misc,Level 1-100 Hat,96
81,Bonzo the All-Gnawing,Virus Doctor,3776.52,66 keys,"3,776.52 ref, $115.18",1,misc,Level 1-100 Hat,30043
81,Bonzo the All-Gnawing,Brain Bucket,3490.42,61 keys,"3,490.42 ref, $106.46",2,misc,Level 1-100 Hat,434
81,Bonzo the All-Gnawing,Stout Shako,3375.98,59 keys,"3,375.98 ref, $102.97",1,misc,Level 1-100 Hat,251
81,Bonzo the All-Gnawing,Old Guadalajara,3232.93,55–58 keys,"3,232.93 ref, $98.60",1,misc,Level 1-100 Hat,247
81,Bonzo the All-Gnawing,Pyro's Boron Beanie,3061.27,47–60 keys,"3,061.27 ref, $93.37",1,misc,Level 1-100 Hat,30040
81,Bonzo the All-Gnawing,Outdoorsman,2861,50 keys,"2,861.00 ref, $87.26",2,misc,Level 10 Hat,603
81,Bonzo the All-Gnawing,Madame Dixie,2689.34,47 keys,"2,689.34 ref, $82.02",1,misc,Level 1-100 Hat,321
81,Bonzo the All-Gnawing,Berliner's Bucket Helm,2603.51,41–50 keys,"2,603.51 ref, $79.41",1,misc,Level 1-100 Helmet,303
81,Bonzo the All-Gnawing,Ze Goggles,2603.51,41–50 keys,"2,603.51 ref, $79.41",2,misc,Level 1-100 Glasses,177
81,Bonzo the All-Gnawing,Metal Slug,2288.8,40 keys,"2,288.80 ref, $69.81",2,misc,Level 1-100 Hat,30028
81,Bonzo the All-Gnawing,FR-0,1945.48,34 keys,"1,945.48 ref, $59.34",1,misc,Level 1-100 Hat,30016
81,Bonzo the All-Gnawing,Timeless Topper,1773.82,31 keys,"1,773.82 ref, $54.10",1,misc,Level 1-100 Hat,30035
81,Bonzo the All-Gnawing,Bootleg Base Metal Billycock,1430.5,25 keys,"1,430.50 ref, $43.63",1,misc,Level 1-100 Hat,30047
73,Arcana,Virtual Viewfinder,1167288,20400 keys,"1,167,288.00 ref, $35602.28",2,misc,Level 1-100 Headset,30140
73,Arcana,Patriot Peak,660891,11550 keys,"660,891.00 ref, $20157.18",0,misc,Level 1-100 Hat,30743
73,Arcana,Crone's Dome,580783,10150 keys,"580,783.00 ref, $17713.88",1,misc,Level 1-100 Hat,920
73,Arcana,Tyrant's Helm,449177,7850 keys,"449,177.00 ref, $13699.90",1,misc,Level 1-100 Helmet,99
73,Arcana,Bonk Boy,360486,6300 keys,"360,486.00 ref, $10994.82",5,misc,Level 1-100 Mask,451
73,Arcana,Pencil Pusher,308988,5400 keys,"308,988.00 ref, $9424.13",2,misc,Level 10 Hair,605
73,Arcana,Das Übersternmann,286100,5000 keys,"286,100.00 ref, $8726.05",1,misc,Level 1-100 Hat,30097
73,Arcana,Soldered Sensei,283239,4950 keys,"283,239.00 ref, $8638.79",2,misc,Level 1-100 Hat,30004
73,Arcana,Brown Bomber,257490,4500 keys,"257,490.00 ref, $7853.44",3,misc,Level 1-100 Hat,671
73,Arcana,Rotation Sensation,240324,4200 keys,"240,324.00 ref, $7329.88",0,misc,Level 1-100 Hat,30623
73,Arcana,Well-Rounded Rifleman,237463,4150 keys,"237,463.00 ref, $7242.62",4,misc,Level 1-100 Hat,30067
73,Arcana,Salty Dog,214575,3750 keys,"214,575.00 ref, $6544.54",2,misc,Level 10 Hat,611
73,Arcana,Galvanized Gibus,203131,3550 keys,"203,131.00 ref, $6195.50",2,misc,Level 1-100 Hat,30003
73,Arcana,Flamboyant Flamenco,185965,3250 keys,"185,965.00 ref, $5671.93",2,misc,Level 10 Hat,627
73,Arcana,Merc's Mohawk,177382,3100 keys,"177,382.00 ref, $5410.15",1,misc,Level 1-100 Hair,30413
73,Arcana,Swagman's Swatter,168799,2950 keys,"168,799.00 ref, $5148.37",2,misc,Level 10 Hat,626
73,Arcana,Fortunate Son,160216,2800 keys,"160,216.00 ref, $4886.59",1,misc,Level 1-100 Helmet,30636
73,Arcana,Anger,154494,2650–2750 keys,"154,494.00 ref, $4712.07",2,misc,Level 10 Hood,518
73,Arcana,Towering Pillar of Hats,144480.5,2525 keys,"144,480.50 ref, $4406.66",3,misc,Level 1-100 Hat,135
73,Arcana,Killer Exclusive,143050,2500 keys,"143,050.00 ref, $4363.02",2,misc,Level 10 Hat,538
73,Arcana,Vintage Tyrolean,137328,2400 keys,"137,328.00 ref, $4188.50",2,misc,Level 1-100 Hat,101
73,Arcana,Wet Works,123023,2150 keys,"123,023.00 ref, $3752.20",3,misc,Level 1-100 Hat,30135
73,Arcana,Powdered Practitioner,121306.4,2120 keys,"121,306.40 ref, $3699.85",2,misc,Level 1-100 Hat,30069
73,Arcana,Cold Killer,120162,2100 keys,"120,162.00 ref, $3664.94",2,misc,Level 1-100 Hat,981
73,Arcana,Chieftain's Challenge,117301,1850–2250 keys,"117,301.00 ref, $3577.68",2,misc,Level 1-100 Hat,250
73,Arcana,Gentleman's Ushanka,114440,2000 keys,"114,440.00 ref, $3490.42",3,misc,Level 1-100 Hat,778
73,Arcana,Hat of Cards,114440,2000 keys,"114,440.00 ref, $3490.42",3,misc,Level 1-100 Hat,825
73,Arcana,Sergeant's Drill Hat,114440,2000 keys,"114,440.00 ref, $3490.42",1,misc,Level 1-100 Hat,183
73,Arcana,Desert Marauder,109805.18,1919 keys,"109,805.18 ref, $3349.06",4,misc,Level 1-100 Hat,400
73,Arcana,Executioner,108718,1900 keys,"108,718.00 ref, $3315.90",3,misc,Level 1-100 Hat,921
73,Arcana,Tyrantium Helmet,105857,1850 keys,"105,857.00 ref, $3228.64",2,misc,Level 1-100 Helmet,30014
73,Arcana,Battle Boonie,102996,1800 keys,"102,996.00 ref, $3141.38",1,misc,Level 1-100 Hat,30907
73,Arcana,Front Runner,102996,1800 keys,"102,996.00 ref, $3141.38",2,misc,Level 1-100 Hat,760
73,Arcana,Infernal Impaler,91552,1600 keys,"91,552.00 ref, $2792.34",1,misc,Level 13 Headgear,575
73,Arcana,Scotsman's Stove Pipe,87260.5,1350–1700 keys,"87,260.50 ref, $2661.45",2,misc,Level 1-100 Hat,120
73,Arcana,Honcho's Headgear,85830,1500 keys,"85,830.00 ref, $2617.82",1,misc,Level 1-100 Hat,391
73,Arcana,Safe'n'Sound,85830,1500 keys,"85,830.00 ref, $2617.82",1,misc,Level 1-100 Hat,178
73,Arcana,Shellmet,85830,1500 keys,"85,830.00 ref, $2617.82",2,misc,Level 1-100 Helmet,30897
73,Arcana,Larrikin Robin,82969,1450 keys,"82,969.00 ref, $2530.55",4,misc,Level 1-100 Hat,314
73,Arcana,Vintage Merryweather,82396.8,1440 keys,"82,396.80 ref, $2513.10",2,misc,Level 1-100 Helmet,182
73,Arcana,German Gonzila,81538.5,1425 keys,"81,538.50 ref, $2486.92",4,misc,Level 1-100 Hat,323
73,Arcana,Bonk Leadwear,80108,1400 keys,"80,108.00 ref, $2443.29",3,misc,Level 1-100 Helmet,30030
73,Arcana,Détective Noir,80108,1400 keys,"80,108.00 ref, $2443.29",2,misc,Level 1-100 Hat,319
73,Arcana,El Jefe,80108,1400 keys,"80,108.00 ref, $2443.29",1,misc,Level 10 Hat,539
73,Arcana,Pure Tin Capotain,77819.2,1360 keys,"77,819.20 ref, $2373.49",2,misc,Level 1-100 Hat,30021
73,Arcana,Lord Cockswain's Pith Helmet,74386,1300 keys,"74,386.00 ref, $2268.77",1,misc,Level 1-100 Headgear,439
73,Arcana,One-Man Army,74386,1300 keys,"74,386.00 ref, $2268.77",3,misc,Level 10 Hair,601
73,Arcana,Sultan's Ceremonial,74386,1300 keys,"74,386.00 ref, $2268.77",1,misc,Level 1-100 Hat,403
73,Arcana,Voodoo JuJu (Slight Return),73241.6,1280 keys,"73,241.60 ref, $2233.87",4,misc,Level 1-100 Hat,935
73,Arcana,Bombing Run,72097.2,1260 keys,"72,097.20 ref, $2198.96",1,misc,Level 1-100 Helmet,249
73,Arcana,Copper's Hard Top,71525,1250 keys,"71,525.00 ref, $2181.51",1,misc,Level 1-100 Helmet,478
73,Arcana,Firewall Helmet,71525,1250 keys,"71,525.00 ref, $2181.51",1,misc,Level 1-100 Helmet,30038
73,Arcana,Screamin' Eagle,71525,1250 keys,"71,525.00 ref, $2181.51",0,misc,Level 1-100 Hat,30548
73,Arcana,Horrific Headsplitter,68664,1200 keys,"68,664.00 ref, $2094.25",1,misc,Level 31 Hat,291
73,Arcana,Bot Dogger,67233.5,1000–1350 keys,"67,233.50 ref, $2050.62",2,misc,Level 1-100 Hat,30018
73,Arcana,Defiant Spartan,65803,1150 keys,"65,803.00 ref, $2006.99",3,misc,Level 1-100 Helmet,340
73,Arcana,Whoopee Cap,65803,1150 keys,"65,803.00 ref, $2006.99",3,misc,Level 1-100 Hat,174
73,Arcana,Bubble Pipe,63571.42,1111 keys,"63,571.42 ref, $1938.93",2,misc,Level 1-100 Helmet,597
73,Arcana,Fruit Shoot,62942,1000–1200 keys,"62,942.00 ref, $1919.73",4,misc,Level 1-100 Hat,759
73,Arcana,Modest Metal Pile of Scrap,62942,1100 keys,"62,942.00 ref, $1919.73",1,misc,Level 1-100 Hat,30001
73,Arcana,Bonk Helm,61282.62,1071 keys,"61,282.62 ref, $1869.12",6,misc,Level 1-100 Helmet,106
73,Arcana,Crocleather Slouch,60710.42,1061 keys,"60,710.42 ref, $1851.67",1,misc,Level 1-100 Hat,344
73,Arcana,Hustler's Hallmark,60081,800–1300 keys,"60,081.00 ref, $1832.47",2,misc,Level 1-100 Hat,146
73,Arcana,Rebel Rouser,60081,1050 keys,"60,081.00 ref, $1832.47",1,misc,Level 1-100 Hat,30120
73,Arcana,Whirly Warrior,60081,1050 keys,"60,081.00 ref, $1832.47",2,misc,Level 1-100 Helmet,30118
73,Arcana,Brainiac Hairpiece,57220,1000 keys,"57,220.00 ref, $1745.21",1,misc,Level 1-100 Facial Hair,590
73,Arcana,Hat with No Name,57220,1000 keys,"57,220.00 ref, $1745.21",2,misc,Level 10 Hat,631
73,Arcana,Letch's LED,57220,1000 keys,"57,220.00 ref, $1745.21",1,misc,Level 1-100 Hat,30002
73,Arcana,White Russian,57220,1000 keys,"57,220.00 ref, $1745.21",1,misc,Level 1-100 Hair,30644
73,Arcana,Your Worst Nightmare,57220,1000 keys,"57,220.00 ref, $1745.21",3,misc,Level 10 Hair,600
73,Arcana,Buckaroo's Hat,54931.2,960 keys,"54,931.20 ref, $1675.40",4,misc,Level 1-100 Hat,322
73,Arcana,Gym Rat,54359,950 keys,"54,359.00 ref, $1657.95",1,misc,Level 10 Hair,613
73,Arcana,Buccaneer's Bicorne,53214.6,930 keys,"53,214.60 ref, $1623.05",2,misc,Level 10 Hat,607
73,Arcana,Attendant,52070.2,820–1000 keys,"52,070.20 ref, $1588.14",2,misc,Level 1-100 Hat,213
73,Arcana,Company Man,52070.2,910 keys,"52,070.20 ref, $1588.14",3,misc,Level 10 Hat,523
73,Arcana,Backbiter's Billycock,51498,900 keys,"51,498.00 ref, $1570.69",2,misc,Level 1-100 Hat,108
73,Arcana,Backwards Ballcap,51498,900 keys,"51,498.00 ref, $1570.69",2,misc,Level 10 Hat,617
73,Arcana,Connoisseur's Cap,51498,900 keys,"51,498.00 ref, $1570.69",2,misc,Level 1-100 Hat,394
73,Arcana,Federal Casemaker,51498,900 keys,"51,498.00 ref, $1570.69",1,misc,Level 1-100 Hat,30119
73,Arcana,Slick Cut,51498,900 keys,"51,498.00 ref, $1570.69",2,misc,Level 1-100 Hair,30187
73,Arcana,Le Party Phantom,50353.6,880 keys,"50,353.60 ref, $1535.78",1,misc,Level 1-100 Mask,337
73,Arcana,FR-0,48637,850 keys,"48,637.00 ref, $1483.43",2,misc,Level 1-100 Hat,30016
73,Arcana,Outdoorsman,46920.4,820 keys,"46,920.40 ref, $1431.07",2,misc,Level 10 Hat,603
73,Arcana,Helmet without a Home,43487.2,760 keys,"43,487.20 ref, $1326.36",2,misc,Level 1-100 Helmet,732
73,Arcana,Ze Goggles,42915,750 keys,"42,915.00 ref, $1308.91",3,misc,Level 1-100 Glasses,177
73,Arcana,Bruce's Bonnet,41198.4,720 keys,"41,198.40 ref, $1256.55",0,misc,Level 1-100 Headgear,30627
73,Arcana,Big Chief,40054,700 keys,"40,054.00 ref, $1221.65",2,misc,Level 1-100 Hat,309
73,Arcana,Big Country,40054,700 keys,"40,054.00 ref, $1221.65",3,misc,Level 1-100 Hair,382
73,Arcana,Glengarry Bonnet,40054,700 keys,"40,054.00 ref, $1221.65",1,misc,Level 1-100 Hat,100
73,Arcana,Outta Sight,39767.9,695 keys,"39,767.90 ref, $1212.92",4,misc,Level 1-100 Hat,30628
73,Arcana,Tartan Spartan,38909.6,680 keys,"38,909.60 ref, $1186.74",2,misc,Level 1-100 Helmet,30106
73,Arcana,Hunter in Darkness,37765.2,620–700 keys,"37,765.20 ref, $1151.84",0,misc,Level 1-100 Hat,30877
73,Arcana,Magnificent Mongolian,37479.1,655 keys,"37,479.10 ref, $1143.11",1,misc,Level 1-100 Hat,313
73,Arcana,Little Buddy,35476.4,620 keys,"35,476.40 ref, $1082.03",1,misc,Level 10 Hat,612
73,Arcana,Tough Stuff Muffs,35476.4,620 keys,"35,476.40 ref, $1082.03",3,misc,Level 1-100 Hat,984
73,Arcana,A Rather Festive Tree,34332,600 keys,"34,332.00 ref, $1047.13",3,misc,Level 1-100 Hat,341
73,Arcana,Berliner's Bucket Helm,34332,600 keys,"34,332.00 ref, $1047.13",1,misc,Level 1-100 Helmet,303
73,Arcana,Cloud Crasher,34332,600 keys,"34,332.00 ref, $1047.13",3,misc,Level 1-100 Helmet,30071
73,Arcana,Scotch Bonnet,32901.5,575 keys,"32,901.50 ref, $1003.50",1,misc,Level 1-100 Headgear,306
73,Arcana,Team Captain,31757.1,555 keys,"31,757.10 ref, $968.59",3,misc,Level 1-100 Hat,378
73,Arcana,Archer's Sterling,31471,550 keys,"31,471.00 ref, $959.87",0,misc,Level 1-100 Helmet,30874
73,Arcana,Brain-Warming Wear,31471,550 keys,"31,471.00 ref, $959.87",0,misc,Level 1-100 Hat,30827
73,Arcana,Medic's Mountain Cap,31471,550 keys,"31,471.00 ref, $959.87",2,misc,Level 1-100 Hat,381
73,Arcana,Counterfeit Billycock,30898.8,540 keys,"30,898.80 ref, $942.41",1,misc,Level 10 Hat,602
73,Arcana,Hard Counter,30326.6,530 keys,"30,326.60 ref, $924.96",1,misc,Level 1-100 Hat,254
73,Arcana,Heavy Duty Rag,30326.6,530 keys,"30,326.60 ref, $924.96",3,misc,Level 1-100 Bandana,185
73,Arcana,Bolted Bicorne,29983.28,450–598 keys,"29,983.28 ref, $914.49",3,misc,Level 1-100 Hat,30034
73,Arcana,Bolted Birdcage,28610,500 keys,"28,610.00 ref, $872.61",1,misc,Level 1-100 Hat,30057
73,Arcana,Pirate Bandana,28610,500 keys,"28,610.00 ref, $872.61",2,misc,Level 1-100 Hat,30180
73,Arcana,Steel Shako,28610,500 keys,"28,610.00 ref, $872.61",1,misc,Level 1-100 Hat,30017
73,Arcana,Furious Fukaamigasa,28323.9,440–550 keys,"28,323.90 ref, $863.88",3,misc,Level 1-100 Hat,395
73,Arcana,Tam O' Shanter,28037.8,490 keys,"28,037.80 ref, $855.15",1,misc,Level 1-100 Hat,480
73,Arcana,Respectless Robo-Glove,25749,450 keys,"25,749.00 ref, $785.34",3,misc,Level 1-100 Hat,30039
73,Arcana,Stormin' Norman,25176.8,440 keys,"25,176.80 ref, $767.89",2,misc,Level 1-100 Helmet,30112
73,Arcana,Black Watch,25033.75,425–450 keys,"25,033.75 ref, $763.53",3,misc,Level 1-100 Hat,30105
73,Arcana,Troublemaker's Tossle Cap,23746.3,415 keys,"23,746.30 ref, $724.26",1,misc,Level 1-100 Hat,150
73,Arcana,Conjurer's Cowl,22888,400 keys,"22,888.00 ref, $698.08",1,misc,Level 1-100 Hood,465
73,Arcana,Feathered Fiend,22888,400 keys,"22,888.00 ref, $698.08",4,misc,Level 1-100 Headgear,30903
73,Arcana,Wing Mann,22888,400 keys,"22,888.00 ref, $698.08",1,misc,Level 1-100 Hat,30809
73,Arcana,Nanobalaclava,21171.4,370 keys,"21,171.40 ref, $645.73",1,misc,Level 10 Hat,521
73,Arcana,Engineer's Cap,20599.2,325–395 keys,"20,599.20 ref, $628.28",2,misc,Level 1-100 Hat,95
73,Arcana,Pithy Professional,20027,350 keys,"20,027.00 ref, $610.82",0,misc,Level 1-100 Hat,30915
73,Arcana,Pyro's Boron Beanie,20027,350 keys,"20,027.00 ref, $610.82",2,misc,Level 1-100 Hat,30040
73,Arcana,Pugilist's Protector,19740.9,315–375 keys,"19,740.90 ref, $602.10",2,misc,Level 1-100 Headgear,246
73,Arcana,Samur-Eye,18596.5,325 keys,"18,596.50 ref, $567.19",2,misc,Level 1-100 Helmet,359
73,Arcana,Titanium Tyrolean,18024.3,315 keys,"18,024.30 ref, $549.74",1,misc,Level 1-100 Hat,30045
73,Arcana,Das Naggenvatcher,17166,300 keys,"17,166.00 ref, $523.56",4,misc,Level 1-100 Hat,30109
73,Arcana,Physician's Protector,17166,300 keys,"17,166.00 ref, $523.56",2,misc,Level 1-100 Helmet,30625
73,Arcana,Rimmed Raincatcher,17166,300 keys,"17,166.00 ref, $523.56",1,misc,Level 1-100 Hat,216
73,Arcana,Timeless Topper,17166,300 keys,"17,166.00 ref, $523.56",3,misc,Level 1-100 Hat,30035
73,Arcana,Virtual Reality Headset,17166,300 keys,"17,166.00 ref, $523.56",2,misc,Level 10 Headset,628
73,Arcana,Elf Esteem,16593.8,250–330 keys,"16,593.80 ref, $506.11",0,misc,Level 1-100 Hat,30836
73,Arcana,Lucky Shot,15163.3,265 keys,"15,163.30 ref, $462.48",2,misc,Level 1-100 Helmet,701
73,Arcana,Tsarboosh,14305,250 keys,"14,305.00 ref, $436.30",1,misc,Level 1-100 Hat,30081
73,Arcana,Glasgow Great Helm,14104.73,238–255 keys,"14,104.73 ref, $430.19",2,misc,Level 1-100 Helmet,30082
73,Arcana,Western Wear,13732.8,240 keys,"13,732.80 ref, $418.85",2,misc,Level 1-100 Hat,379
73,Arcana,L'Inspecteur,13446.7,235 keys,"13,446.70 ref, $410.12",2,misc,Level 10 Hat,622
73,Arcana,Texas Tin-Gallon,13446.7,235 keys,"13,446.70 ref, $410.12",3,misc,Level 1-100 Hat,30044
73,Arcana,War Pig,12874.5,225 keys,"12,874.50 ref, $392.67",1,misc,Level 1-100 Headgear,829
73,Arcana,Noble Amassment of Hats,12588.4,220 keys,"12,588.40 ref, $383.95",1,misc,Level 1-100 Hat,137
73,Arcana,Ground Control,12016.2,210 keys,"12,016.20 ref, $366.49",1,misc,Level 1-100 Hat,30338
73,Arcana,Large Luchador,11444,200 keys,"11,444.00 ref, $349.04",3,misc,Level 1-100 Mask,380
73,Arcana,Platinum Pickelhaube,11157.9,195 keys,"11,157.90 ref, $340.32",2,misc,Level 1-100 Helmet,30042
73,Arcana,Greased Lightning,11014.85,175–210 keys,"11,014.85 ref, $335.95",1,misc,Level 1-100 Hair,30078
73,Arcana,Trencher's Topper,10986.24,192 keys,"10,986.24 ref, $335.08",0,misc,Level 1-100 Helmet,30336
73,Arcana,Officer's Ushanka,10871.8,190 keys,"10,871.80 ref, $331.59",1,misc,Level 1-100 Hat,96
73,Arcana,Familiar Fez,10728.75,175–200 keys,"10,728.75 ref, $327.23",2,misc,Level 1-100 Hat,223
73,Arcana,Cosa Nostra Cap,10299.6,160–200 keys,"10,299.60 ref, $314.14",1,misc,Level 1-100 Hat,459
73,Arcana,Master's Yellow Belt,10299.6,175–185 keys,"10,299.60 ref, $314.14",0,misc,Level 1-100 Hat,110
73,Arcana,Handyman's Handle,10013.5,175 keys,"10,013.50 ref, $305.41",1,misc,Level 1-100 Hat,253
73,Arcana,Shooter's Tin Topi,9326.86,163 keys,"9,326.86 ref, $284.47",1,misc,Level 1-100 Hat,30005
73,Arcana,Ye Oiled Baker Boy,9326.86,163 keys,"9,326.86 ref, $284.47",1,misc,Level 1-100 Hat,30019
73,Arcana,Grenadier's Softcap,9155.2,150–170 keys,"9,155.20 ref, $279.23",2,misc,Level 1-100 Hat,227
73,Arcana,Respectless Rubber Glove,9155.2,160 keys,"9,155.20 ref, $279.23",1,misc,Level 1-100 Hat,102
73,Arcana,Prancer's Pride,8811.88,154 keys,"8,811.88 ref, $268.76",3,misc,Level 1-100 Hat,318
73,Arcana,Birdcage,8583,150 keys,"8,583.00 ref, $261.78",4,misc,Level 10 Hat,615
73,Arcana,Geisha Boy,8583,150 keys,"8,583.00 ref, $261.78",1,misc,Level 1-100 Hair,363
73,Arcana,Valley Forge,8583,150 keys,"8,583.00 ref, $261.78",1,misc,Level 1-100 Hat,30114
73,Arcana,Base Metal Billycock,8125.24,142 keys,"8,125.24 ref, $247.82",1,misc,Level 1-100 Hat,30007
73,Arcana,Conquistador,7438.6,120–140 keys,"7,438.60 ref, $226.88",1,misc,Level 1-100 Helmet,721
73,Arcana,Texas Ten Gallon,6523.08,114 keys,"6,523.08 ref, $198.95",2,misc,Level 1-100 Hat,94
73,Arcana,Commando Elite,5664.78,99 keys,"5,664.78 ref, $172.78",6,misc,Level 1-100 Helmet,30912
73,Arcana,Madame Dixie,5550.34,79–115 keys,"5,550.34 ref, $169.29",3,misc,Level 1-100 Hat,321
73,Arcana,Liquidator's Lid,5149.8,80–100 keys,"5,149.80 ref, $157.07",1,misc,Level 1-100 Hat,779
73,Arcana,Waxy Wayfinder,5092.58,89 keys,"5,092.58 ref, $155.32",1,misc,Level 1-100 Hat,753
73,Arcana,Brim-Full of Bullets,4577.6,80 keys,"4,577.60 ref, $139.62",0,misc,Level 1-100 Hat,30173
73,Arcana,Gridiron Guardian,4577.6,80 keys,"4,577.60 ref, $139.62",0,misc,Level 1-100 Helmet,30013
73,Arcana,Professional's Panama,4548.99,76–83 keys,"4,548.99 ref, $138.74",1,misc,Level 1-100 Hat,109
73,Arcana,Soviet Gentleman,4348.72,76 keys,"4,348.72 ref, $132.64",1,misc,Level 1-100 Hat,821
73,Arcana,Virus Doctor,4148.45,70–75 keys,"4,148.45 ref, $126.53",1,misc,Level 1-100 Hat,30043
73,Arcana,Janissary Ketche,4062.62,71 keys,"4,062.62 ref, $123.91",1,misc,Level 1-100 Hat,437
73,Arcana,Pardner's Pompadour,4062.62,71 keys,"4,062.62 ref, $123.91",1,misc,Level 1-100 Hair,30099
73,Arcana,Dread Knot,3539.6721311475,53.33–70.39 keys,"3,539.67 ref, 61.86 keys",1,misc,Level 1-100 Hair,358
73,Arcana,Flipped Trilby,3147.1,55 keys,"3,147.10 ref, $95.99",1,misc,Level 1-100 Hat,324
73,Arcana,Plumber's Pipe,2460.46,30–56 keys,"2,460.46 ref, $75.04",2,misc,Level 1-100 Hat,30022
73,Arcana,Fat Man's Field Cap,0,,,1,misc,Level 1-100 Hat,30911
43,Knifestorm,Coffin Kit,607390.3,10615 keys,"607,390.30 ref, $18525.40",4,misc,Level 1-100 Backpack,938
43,Knifestorm,Charmer's Chapeau,400540,7000 keys,"400,540.00 ref, $12216.47",4,misc,Level 1-100 Hat,397
43,Knifestorm,Soldier's Stash,373360.5,6525 keys,"373,360.50 ref, $11387.50",3,misc,Level 1-100 Cosmetic Item,54
43,Knifestorm,Well-Rounded Rifleman,351903,6150 keys,"351,903.00 ref, $10733.04",0,misc,Level 1-100 Hat,30067
43,Knifestorm,Conjurer's Cowl,286100,5000 keys,"286,100.00 ref, $8726.05",1,misc,Level 1-100 Hood,465
43,Knifestorm,Killer's Kabuto,247476.5,4325 keys,"247,476.50 ref, $7548.03",2,misc,Level 1-100 Helmet,152
43,Knifestorm,Samur-Eye,246046,4300 keys,"246,046.00 ref, $7504.40",1,misc,Level 1-100 Helmet,359
43,Knifestorm,Le Party Phantom,240324,4200 keys,"240,324.00 ref, $7329.88",5,misc,Level 1-100 Mask,337
43,Knifestorm,Salty Dog,231741,4050 keys,"231,741.00 ref, $7068.10",3,misc,Level 10 Hat,611
43,Knifestorm,Dr's Dapper Topper,217436,3800 keys,"217,436.00 ref, $6631.80",3,misc,Level 1-100 Hat,252
43,Knifestorm,Officer's Ushanka,208853,3650 keys,"208,853.00 ref, $6370.02",3,misc,Level 1-100 Hat,96
43,Knifestorm,Your Worst Nightmare,200270,3500 keys,"200,270.00 ref, $6108.23",1,misc,Level 10 Hair,600
43,Knifestorm,Mining Light,191687,2700–4000 keys,"191,687.00 ref, $5846.45",6,misc,Level 1-100 Cosmetic Item,48
43,Knifestorm,Pencil Pusher,191687,3050–3650 keys,"191,687.00 ref, $5846.45",3,misc,Level 10 Hair,605
43,Knifestorm,Bomber's Bucket Hat,145911,2550 keys,"145,911.00 ref, $4450.29",1,misc,Level 1-100 Hat,30547
43,Knifestorm,Pithy Professional,143050,2500 keys,"143,050.00 ref, $4363.02",2,misc,Level 1-100 Hat,30915
43,Knifestorm,Prussian Pickelhaube,143050,2500 keys,"143,050.00 ref, $4363.02",1,misc,Level 1-100 Helmet,50
43,Knifestorm,L'Inspecteur,134467,2350 keys,"134,467.00 ref, $4101.24",2,misc,Level 10 Hat,622
43,Knifestorm,Scotsman's Stove Pipe,131606,2300 keys,"131,606.00 ref, $4013.98",2,misc,Level 1-100 Hat,120
43,Knifestorm,Blast Defense,130175.5,2050–2500 keys,"130,175.50 ref, $3970.35",0,misc,Level 1-100 Headgear,30863
43,Knifestorm,One-Man Army,120162,2100 keys,"120,162.00 ref, $3664.94",3,misc,Level 10 Hair,601
43,Knifestorm,Hat of Cards,117301,2050 keys,"117,301.00 ref, $3577.68",1,misc,Level 1-100 Hat,825
43,Knifestorm,Ye Olde Baker Boy,115727.45,1645–2400 keys,"115,727.45 ref, $3529.69",1,misc,Level 1-100 Hat,107
43,Knifestorm,Surgeon's Stahlhelm,111579,1950 keys,"111,579.00 ref, $3403.16",2,misc,Level 10 Helmet,616
43,Knifestorm,Tyrant's Helm,108718,1800–2000 keys,"108,718.00 ref, $3315.90",3,misc,Level 1-100 Helmet,99
43,Knifestorm,Honcho's Headgear,102996,1800 keys,"102,996.00 ref, $3141.38",2,misc,Level 1-100 Hat,391
43,Knifestorm,Sole Mate,102996,1800 keys,"102,996.00 ref, $3141.38",1,misc,Level 1-100 Hat,30355
43,Knifestorm,Magistrate's Mullet,101679.94,1777 keys,"101,679.94 ref, $3101.24",2,misc,Level 1-100 Hair,147
43,Knifestorm,Towering Pillar of Hats,100135,1750 keys,"100,135.00 ref, $3054.12",2,misc,Level 1-100 Hat,135
43,Knifestorm,A Rather Festive Tree,97274,1700 keys,"97,274.00 ref, $2966.86",2,misc,Level 1-100 Hat,341
43,Knifestorm,Grenadier's Softcap,88691,1550 keys,"88,691.00 ref, $2705.08",3,misc,Level 1-100 Hat,227
43,Knifestorm,Brim-Full of Bullets,85830,1500 keys,"85,830.00 ref, $2617.82",1,misc,Level 1-100 Hat,30173
43,Knifestorm,Private Eye,85830,1500 keys,"85,830.00 ref, $2617.82",2,misc,Level 1-100 Hat,388
43,Knifestorm,Texas Ten Gallon,85830,1500 keys,"85,830.00 ref, $2617.82",3,misc,Level 1-100 Hat,94
43,Knifestorm,Chieftain's Challenge,82969,1450 keys,"82,969.00 ref, $2530.55",1,misc,Level 1-100 Hat,250
43,Knifestorm,Armored Authority,80108,1400 keys,"80,108.00 ref, $2443.29",4,misc,Level 1-100 Helmet,445
43,Knifestorm,Demoman's Fro,80108,1400 keys,"80,108.00 ref, $2443.29",2,misc,Level 1-100 Hair,47
43,Knifestorm,Liquidator's Lid,80108,1400 keys,"80,108.00 ref, $2443.29",3,misc,Level 1-100 Hat,779
43,Knifestorm,Lord Cockswain's Pith Helmet,80108,1400 keys,"80,108.00 ref, $2443.29",2,misc,Level 1-100 Headgear,439
43,Knifestorm,Gentleman's Gatsby,77247,1350 keys,"77,247.00 ref, $2356.03",5,misc,Level 1-100 Hat,184
43,Knifestorm,Slick Cut,77247,1350 keys,"77,247.00 ref, $2356.03",1,misc,Level 1-100 Hair,30187
43,Knifestorm,Aviator Assassin,74386,1300 keys,"74,386.00 ref, $2268.77",1,misc,Level 1-100 Hat,30404
43,Knifestorm,Noble Amassment of Hats,74386,1300 keys,"74,386.00 ref, $2268.77",3,misc,Level 1-100 Hat,137
43,Knifestorm,Professional's Panama,74386,1300 keys,"74,386.00 ref, $2268.77",4,misc,Level 1-100 Hat,109
43,Knifestorm,Bone Dome,71525,1250 keys,"71,525.00 ref, $2181.51",2,misc,Level 1-100 Helmet,30162
43,Knifestorm,Capo's Capper,68664,1200 keys,"68,664.00 ref, $2094.25",1,misc,Level 1-100 Hat,427
43,Knifestorm,Firewall Helmet,67233.5,1175 keys,"67,233.50 ref, $2050.62",1,misc,Level 1-100 Helmet,30038
43,Knifestorm,Bonk Boy,65803,1150 keys,"65,803.00 ref, $2006.99",5,misc,Level 1-100 Mask,451
43,Knifestorm,Vintage Merryweather,65230.8,1140 keys,"65,230.80 ref, $1989.54",3,misc,Level 1-100 Helmet,182
43,Knifestorm,Bootleg Base Metal Billycock,62942,1100 keys,"62,942.00 ref, $1919.73",1,misc,Level 1-100 Hat,30047
43,Knifestorm,Brainiac Hairpiece,62942,1100 keys,"62,942.00 ref, $1919.73",3,misc,Level 1-100 Facial Hair,590
43,Knifestorm,Rotation Sensation,62942,1100 keys,"62,942.00 ref, $1919.73",0,misc,Level 1-100 Hat,30623
43,Knifestorm,Modest Pile of Hat,61511.5,1000–1150 keys,"61,511.50 ref, $1876.10",3,misc,Level 1-100 Hat,139
43,Knifestorm,Flipped Trilby,60081,1050 keys,"60,081.00 ref, $1832.47",5,misc,Level 1-100 Hat,324
43,Knifestorm,Stout Shako,60081,1050 keys,"60,081.00 ref, $1832.47",4,misc,Level 1-100 Hat,251
43,Knifestorm,Swagman's Swatter,58936.6,1030 keys,"58,936.60 ref, $1797.57",1,misc,Level 10 Hat,626
43,Knifestorm,Brain Bucket,57220,1000 keys,"57,220.00 ref, $1745.21",3,misc,Level 1-100 Hat,434
43,Knifestorm,Warhood,57220,1000 keys,"57,220.00 ref, $1745.21",0,misc,Level 1-100 Hood,30866
43,Knifestorm,Western Wear,57220,1000 keys,"57,220.00 ref, $1745.21",6,misc,Level 1-100 Hat,379
43,Knifestorm,Team Captain,55503.4,970 keys,"55,503.40 ref, $1692.85",5,misc,Level 1-100 Hat,378
43,Knifestorm,Anger,54931.2,960 keys,"54,931.20 ref, $1675.40",1,misc,Level 10 Hood,518
43,Knifestorm,Berliner's Bucket Helm,53214.6,930 keys,"53,214.60 ref, $1623.05",3,misc,Level 1-100 Helmet,303
43,Knifestorm,Pyro's Beanie,53214.6,930 keys,"53,214.60 ref, $1623.05",3,misc,Level 1-100 Hat,51
43,Knifestorm,Whoopee Cap,53214.6,910–950 keys,"53,214.60 ref, $1623.05",3,misc,Level 1-100 Hat,174
43,Knifestorm,Wraith Wrap,51955.76,908 keys,"51,955.76 ref, $1584.65",4,misc,Level 1-100 Apparel,937
43,Knifestorm,Crone's Dome,51927.15,840–975 keys,"51,927.15 ref, $1583.78",3,misc,Level 1-100 Hat,920
43,Knifestorm,Dragonborn Helmet,51498,900 keys,"51,498.00 ref, $1570.69",2,misc,Level 10 Helmet,517
43,Knifestorm,Scotch Bonnet,50925.8,830–950 keys,"50,925.80 ref, $1553.24",3,misc,Level 1-100 Headgear,306
43,Knifestorm,Front Runner,50639.7,885 keys,"50,639.70 ref, $1544.51",3,misc,Level 1-100 Hat,760
43,Knifestorm,Executioner,49502.950819672,865.13 keys,"49,502.95 ref, 865.13 keys",1,misc,Level 1-100 Hat,921
43,Knifestorm,Dead Cone,49352.25,825–900 keys,"49,352.25 ref, $1505.24",3,misc,Level 1-100 Hat,435
43,Knifestorm,Copper's Hard Top,49209.2,860 keys,"49,209.20 ref, $1500.88",4,misc,Level 1-100 Helmet,478
43,Knifestorm,Buccaneer's Bicorne,48637,850 keys,"48,637.00 ref, $1483.43",5,misc,Level 10 Hat,607
43,Knifestorm,Vive la France,48637,850 keys,"48,637.00 ref, $1483.43",1,misc,Level 1-100 Hat,30422
43,Knifestorm,Attendant,45776,800 keys,"45,776.00 ref, $1396.17",1,misc,Level 1-100 Hat,213
43,Knifestorm,Shellmet,45776,800 keys,"45,776.00 ref, $1396.17",2,misc,Level 1-100 Helmet,30897
43,Knifestorm,Vintage Tyrolean,45776,800 keys,"45,776.00 ref, $1396.17",5,misc,Level 1-100 Hat,101
43,Knifestorm,Tam O' Shanter,44631.6,780 keys,"44,631.60 ref, $1361.26",5,misc,Level 1-100 Hat,480
43,Knifestorm,Field Practice,42915,750 keys,"42,915.00 ref, $1308.91",0,misc,Level 1-100 Headgear,30862
43,Knifestorm,Heavy Duty Rag,42915,750 keys,"42,915.00 ref, $1308.91",2,misc,Level 1-100 Bandana,185
43,Knifestorm,Mask of the Shaman,42915,750 keys,"42,915.00 ref, $1308.91",1,misc,Level 10 Mask,514
43,Knifestorm,Magnificent Mongolian,42171.14,737 keys,"42,171.14 ref, $1286.22",3,misc,Level 1-100 Hat,313
43,Knifestorm,Gym Rat,41770.6,730 keys,"41,770.60 ref, $1274.00",4,misc,Level 10 Hair,613
43,Knifestorm,Bombing Run,40054,700 keys,"40,054.00 ref, $1221.65",5,misc,Level 1-100 Helmet,249
43,Knifestorm,Company Man,40054,700 keys,"40,054.00 ref, $1221.65",5,misc,Level 10 Hat,523
43,Knifestorm,Hound Dog,40054,700 keys,"40,054.00 ref, $1221.65",3,misc,Level 1-100 Hair,145
43,Knifestorm,Voodoo JuJu (Slight Return),40054,700 keys,"40,054.00 ref, $1221.65",2,misc,Level 1-100 Hat,935
43,Knifestorm,Sergeant's Drill Hat,38337.4,670 keys,"38,337.40 ref, $1169.29",4,misc,Level 1-100 Hat,183
43,Knifestorm,Hetman's Headpiece,37307.44,614–690 keys,"37,307.44 ref, $1137.88",2,misc,Level 1-100 Hat,436
43,Knifestorm,Birdcage,34332,600 keys,"34,332.00 ref, $1047.13",3,misc,Level 10 Hat,615
43,Knifestorm,Furious Fukaamigasa,34332,600 keys,"34,332.00 ref, $1047.13",3,misc,Level 1-100 Hat,395
43,Knifestorm,Master's Yellow Belt,34332,600 keys,"34,332.00 ref, $1047.13",1,misc,Level 1-100 Hat,110
43,Knifestorm,Tippler's Tricorne,34188.95,470–725 keys,"34,188.95 ref, $1042.76",7,misc,Level 1-100 Hat,179
43,Knifestorm,Hottie's Hoodie,33759.8,590 keys,"33,759.80 ref, $1029.67",4,misc,Level 1-100 Hood,377
43,Knifestorm,Industrial Festivizer,33759.8,590 keys,"33,759.80 ref, $1029.67",6,misc,Level 1-100 Hat,338
43,Knifestorm,Stainless Pot,31757.1,485–625 keys,"31,757.10 ref, $968.59",3,misc,Level 1-100 Hat,98
43,Knifestorm,Respectless Rubber Glove,31184.9,545 keys,"31,184.90 ref, $951.14",3,misc,Level 1-100 Hat,102
43,Knifestorm,Hard Counter,30326.6,530 keys,"30,326.60 ref, $924.96",4,misc,Level 1-100 Hat,254
43,Knifestorm,Das Maddendoktor,28610,500 keys,"28,610.00 ref, $872.61",2,misc,Level 1-100 Hair,30121
43,Knifestorm,Hot Dogger,28610,500 keys,"28,610.00 ref, $872.61",2,misc,Level 10 Hat,614
43,Knifestorm,Janissary Ketche,28610,500 keys,"28,610.00 ref, $872.61",3,misc,Level 1-100 Hat,437
43,Knifestorm,Pyromancer's Mask,28610,500 keys,"28,610.00 ref, $872.61",1,misc,Level 1-100 Mask,316
43,Knifestorm,Connoisseur's Cap,27465.6,480 keys,"27,465.60 ref, $837.70",1,misc,Level 1-100 Hat,394
43,Knifestorm,Defiant Spartan,26178.15,415–500 keys,"26,178.15 ref, $798.43",2,misc,Level 1-100 Helmet,340
43,Knifestorm,Big Elfin Deal,25749,450 keys,"25,749.00 ref, $785.34",4,misc,Level 1-100 Hat,652
43,Knifestorm,Cotton Head,25749,450 keys,"25,749.00 ref, $785.34",1,misc,Level 1-100 Hat,30175
43,Knifestorm,Galvanized Gibus,25749,450 keys,"25,749.00 ref, $785.34",1,misc,Level 1-100 Hat,30003
43,Knifestorm,Hong Kong Cone,25749,450 keys,"25,749.00 ref, $785.34",1,misc,Level 1-100 Hat,30177
43,Knifestorm,Prancer's Pride,23746.3,410–420 keys,"23,746.30 ref, $724.26",5,misc,Level 1-100 Hat,318
43,Knifestorm,Fancy Fedora,23431.59,409–410 keys,"23,431.59 ref, $714.66",2,misc,Level 1-100 Hat,55
43,Knifestorm,Big Chief,22888,400 keys,"22,888.00 ref, $698.08",2,misc,Level 1-100 Hat,309
43,Knifestorm,Bolted Birdcage,22888,400 keys,"22,888.00 ref, $698.08",1,misc,Level 1-100 Hat,30057
43,Knifestorm,El Jefe,22888,400 keys,"22,888.00 ref, $698.08",3,misc,Level 10 Hat,539
43,Knifestorm,Stately Steel Toe,22601.9,395 keys,"22,601.90 ref, $689.36",5,misc,Level 1-100 Hat,481
43,Knifestorm,Dread Knot,22315.8,390 keys,"22,315.80 ref, $680.63",3,misc,Level 1-100 Hair,358
43,Knifestorm,Hat with No Name,20885.3,365 keys,"20,885.30 ref, $637.00",2,misc,Level 10 Hat,631
43,Knifestorm,Familiar Fez,20255.88,354 keys,"20,255.88 ref, $617.80",2,misc,Level 1-100 Hat,223
43,Knifestorm,Brown Bomber,20027,350 keys,"20,027.00 ref, $610.82",2,misc,Level 1-100 Hat,671
43,Knifestorm,Outdoorsman,20027,350 keys,"20,027.00 ref, $610.82",2,misc,Level 10 Hat,603
43,Knifestorm,Pugilist's Protector,20027,350 keys,"20,027.00 ref, $610.82",2,misc,Level 1-100 Headgear,246
43,Knifestorm,B'aaarrgh-n-Bicorne,19454.8,340 keys,"19,454.80 ref, $593.37",1,misc,Level 1-100 Hat,30718
43,Knifestorm,Towering Titanium Pillar of Hats,18882.6,330 keys,"18,882.60 ref, $575.92",1,misc,Level 1-100 Hat,30008
43,Knifestorm,Rimmed Raincatcher,17738.2,250–370 keys,"17,738.20 ref, $541.02",2,misc,Level 1-100 Hat,216
43,Knifestorm,Nanobalaclava,17166,300 keys,"17,166.00 ref, $523.56",3,misc,Level 10 Hat,521
43,Knifestorm,Physician's Protector,17166,300 keys,"17,166.00 ref, $523.56",1,misc,Level 1-100 Helmet,30625
43,Knifestorm,Professor's Peculiarity,17166,300 keys,"17,166.00 ref, $523.56",3,misc,Level 1-100 Hair,384
43,Knifestorm,Villain's Veil,17166,300 keys,"17,166.00 ref, $523.56",2,misc,Level 1-100 Bandana,393
43,Knifestorm,German Gonzila,16021.6,280 keys,"16,021.60 ref, $488.66",3,misc,Level 1-100 Hat,323
43,Knifestorm,Triboniophorus Tyrannus,15878.55,255–300 keys,"15,878.55 ref, $484.30",2,misc,Level 1-100 Mascot,151
43,Knifestorm,Glengarry Bonnet,14305,200–300 keys,"14,305.00 ref, $436.30",2,misc,Level 1-100 Hat,100
43,Knifestorm,Troublemaker's Tossle Cap,13732.8,240 keys,"13,732.80 ref, $418.85",0,misc,Level 1-100 Hat,150
43,Knifestorm,Letch's LED,13160.6,230 keys,"13,160.60 ref, $401.40",1,misc,Level 1-100 Hat,30002
43,Knifestorm,Grimm Hatte,12931.72,226 keys,"12,931.72 ref, $394.42",1,misc,Level 1-100 Hat,383
43,Knifestorm,Batter's Helmet,11444,200 keys,"11,444.00 ref, $349.04",2,misc,Level 1-100 Helmet,52
43,Knifestorm,Hellmet,11444,200 keys,"11,444.00 ref, $349.04",1,misc,Level 1-100 Helmet,30708
43,Knifestorm,Tavish DeGroot Experience,11444,200 keys,"11,444.00 ref, $349.04",2,misc,Level 10 Hat,604
43,Knifestorm,Ze Goggles,11444,200 keys,"11,444.00 ref, $349.04",2,misc,Level 1-100 Glasses,177
43,Knifestorm,Gentleman's Ushanka,11157.9,195 keys,"11,157.90 ref, $340.32",4,misc,Level 1-100 Hat,778
43,Knifestorm,Fed-Fightin' Fedora,10134.590163934,166.7–187.54 keys,"10,134.59 ref, 177.12 keys",1,misc,Level 1-100 Hat,780
43,Knifestorm,Bear Necessities,9784.62,171 keys,"9,784.62 ref, $298.43",1,misc,Level 1-100 Spirit Animal,30122
43,Knifestorm,Lucky Shot,9727.4,170 keys,"9,727.40 ref, $296.69",3,misc,Level 1-100 Helmet,701
43,Knifestorm,Head Warmer,9621.3114754098,168.15 keys,"9,621.31 ref, 168.15 keys",2,misc,Level 1-100 Hat,644
43,Knifestorm,Pirate Bandana,9555.74,167 keys,"9,555.74 ref, $291.45",1,misc,Level 1-100 Hat,30180
43,Knifestorm,Hustler's Hallmark,9498.52,156–176 keys,"9,498.52 ref, $289.70",2,misc,Level 1-100 Hat,146
43,Knifestorm,Tough Guy's Toque,9298.25,150–175 keys,"9,298.25 ref, $283.60",4,misc,Level 1-100 Hat,97
43,Knifestorm,Pardner's Pompadour,8869.1,150–160 keys,"8,869.10 ref, $270.51",1,misc,Level 1-100 Hair,30099
43,Knifestorm,Desert Marauder,8754.66,153 keys,"8,754.66 ref, $267.02",1,misc,Level 1-100 Hat,400
43,Knifestorm,Détective Noir,8382.73,146–147 keys,"8,382.73 ref, $255.67",1,misc,Level 1-100 Hat,319
43,Knifestorm,Bubble Pipe,8311.1475409836,125.39–165.1 keys,"8,311.15 ref, 145.25 keys",3,misc,Level 1-100 Helmet,597
43,Knifestorm,Napoleon Complex,8182.46,143 keys,"8,182.46 ref, $249.57",1,misc,Level 1-100 Hat,30360
43,Knifestorm,Respectless Robo-Glove,7839.14,137 keys,"7,839.14 ref, $239.09",0,misc,Level 1-100 Hat,30039
43,Knifestorm,Geisha Boy,7724.7,135 keys,"7,724.70 ref, $235.60",2,misc,Level 1-100 Hair,363
43,Knifestorm,Safe'n'Sound,7546.2295081967,109.9–153.86 keys,"7,546.23 ref, 131.88 keys",1,misc,Level 1-100 Hat,178
43,Knifestorm,Hermes,7438.6,130 keys,"7,438.60 ref, $226.88",3,misc,Level 10 Hat,633
43,Knifestorm,Old Guadalajara,7039.6721311475,113.56–132.49 keys,"7,039.67 ref, 123.03 keys",1,misc,Level 1-100 Hat,247
43,Knifestorm,Backwards Ballcap,6866.4,120 keys,"6,866.40 ref, $209.43",3,misc,Level 10 Hat,617
43,Knifestorm,Counterfeit Billycock,6575.4098360656,104.47–125.36 keys,"6,575.41 ref, 114.91 keys",1,misc,Level 10 Hat,602
43,Knifestorm,Large Luchador,6466.5573770492,101.62–124.4 keys,"6,466.56 ref, 113.01 keys",1,misc,Level 1-100 Mask,380
43,Knifestorm,Coupe D'isaster,6408.64,112 keys,"6,408.64 ref, $195.46",1,misc,Level 1-100 Hair,330
43,Knifestorm,Milkman,5979.1803278689,94.05–114.94 keys,"5,979.18 ref, 104.49 keys",1,misc,Level 1-100 Hat,219
43,Knifestorm,Mann of Reason,5836.44,101–103 keys,"5,836.44 ref, $178.01",1,misc,Level 1-100 Hat,30318
43,Knifestorm,Doctor's Sack,5722,100 keys,"5,722.00 ref, $174.52",4,misc,Level 1-100 Hat,398
43,Knifestorm,Trencher's Topper,5722,100 keys,"5,722.00 ref, $174.52",1,misc,Level 1-100 Helmet,30336
43,Knifestorm,Carouser's Capotain,5607.56,98 keys,"5,607.56 ref, $171.03",3,misc,Level 1-100 Hat,259
43,Knifestorm,Madame Dixie,5329.8360655738,83.02–103.27 keys,"5,329.84 ref, 93.15 keys",1,misc,Level 1-100 Hat,321
43,Knifestorm,Handyman's Handle,5063.97,82–95 keys,"5,063.97 ref, $154.45",4,misc,Level 1-100 Hat,253
43,Knifestorm,Trophy Belt,5062.9508196721,82.35–94.61 keys,"5,062.95 ref, 88.48 keys",1,misc,Level 1-100 Hat,53
43,Knifestorm,Otolaryngologist's Mirror,4806.48,84 keys,"4,806.48 ref, $146.60",4,misc,Level 1-100 Hat,104
43,Knifestorm,Medic's Mountain Cap,4577.6,75–85 keys,"4,577.60 ref, $139.62",3,misc,Level 1-100 Hat,381
43,Knifestorm,Brain-Warming Wear,4005.4,70 keys,"4,005.40 ref, $122.16",0,misc,Level 1-100 Hat,30827
43,Knifestorm,Hive Minder,3719.3,65 keys,"3,719.30 ref, $113.44",1,misc,Level 1-100 Hat,30093
43,Knifestorm,Ol' Snaggletooth,3719.3,60–70 keys,"3,719.30 ref, $113.44",1,misc,Level 1-100 Hat,229
43,Knifestorm,Engineer's Cap,3717.3770491803,61.77–68.16 keys,"3,717.38 ref, 64.97 keys",2,misc,Level 1-100 Hat,95
43,Knifestorm,Hotrod,3433.2,60 keys,"3,433.20 ref, $104.71",3,misc,Level 1-100 Mask,148
43,Knifestorm,Stormin' Norman,3433.2,50–70 keys,"3,433.20 ref, $104.71",0,misc,Level 1-100 Helmet,30112
43,Knifestorm,Big Country,3204.32,56 keys,"3,204.32 ref, $97.73",4,misc,Level 1-100 Hair,382
43,Knifestorm,Helmet without a Home,3204.32,45–67 keys,"3,204.32 ref, $97.73",2,misc,Level 1-100 Helmet,732
43,Knifestorm,Shooter's Sola Topi,3118.49,50–59 keys,"3,118.49 ref, $95.11",1,misc,Level 1-100 Helmet,158
43,Knifestorm,Bullet Buzz,3089.88,45–63 keys,"3,089.88 ref, $94.24",1,misc,Level 1-100 Hair,30344
43,Knifestorm,Virtual Reality Headset,2861,50 keys,"2,861.00 ref, $87.26",4,misc,Level 10 Headset,628
43,Knifestorm,Waxy Wayfinder,2632.12,38–54 keys,"2,632.12 ref, $80.28",3,misc,Level 1-100 Hat,753
43,Knifestorm,Base Metal Billycock,2574.9,45 keys,"2,574.90 ref, $78.53",1,misc,Level 1-100 Hat,30007
43,Knifestorm,Larrikin Robin,2574.9,45 keys,"2,574.90 ref, $78.53",1,misc,Level 1-100 Hat,314
43,Knifestorm,Sober Stuntman,2533.7704918033,36.47–52.1 keys,"2,533.77 ref, 44.28 keys",1,misc,Level 1-100 Helmet,255
43,Knifestorm,Platinum Pickelhaube,2460.46,43 keys,"2,460.46 ref, $75.04",0,misc,Level 1-100 Helmet,30042
43,Knifestorm,Ol' Geezer,2268.3606557377,33.83–45.46 keys,"2,268.36 ref, 39.64 keys",3,misc,Level 1-100 Hat,399
43,Knifestorm,Sultan's Ceremonial,2260.19,38–41 keys,"2,260.19 ref, $68.94",3,misc,Level 1-100 Hat,403
43,Knifestorm,Football Helmet,2117.14,36–38 keys,"2,117.14 ref, $64.57",2,misc,Level 1-100 Helmet,49
43,Knifestorm,Bloke's Bucket Hat,1831.04,32 keys,"1,831.04 ref, $55.85",3,misc,Level 1-100 Hat,181
43,Knifestorm,Fat Man's Field Cap,0,,,2,misc,Level 1-100 Hat,30911
91,Abduction,Corona Australis,171660,3000 keys,"171,660.00 ref, $5235.63",3,misc,Level 1-100 Cosmetic Augmentation,30648
91,Abduction,Captain Space Mann,165938,2500–3300 keys,"165,938.00 ref, $5061.11",28,misc,Level 1-100 Helmet,30646
91,Abduction,Sucker Slug,20027,300–400 keys,"20,027.00 ref, $610.82",3,misc,Level 1-100 Hat,30653
91,Abduction,Phononaut,3089.88,48–60 keys,"3,089.88 ref, $94.24",136,misc,Level 1-100 Hat,30647
91,Abduction,Universal Translator,2002.7,32–38 keys,"2,002.70 ref, $61.08",556,misc,Level 1-100 Hat,30658
91,Abduction,A Head Full of Hot Air,600.81,10–11 keys,"600.81 ref, $18.32",428,misc,Level 1-100 Hat,30662
46,It's a Secret to Everybody,Virtual Viewfinder,411984,7200 keys,"411,984.00 ref, $12565.51",2,misc,Level 1-100 Headset,30140
46,It's a Secret to Everybody,Coffin Kit,240324,4200 keys,"240,324.00 ref, $7329.88",1,misc,Level 1-100 Backpack,938
46,It's a Secret to Everybody,Soldier's Stash,217436,3800 keys,"217,436.00 ref, $6631.80",6,misc,Level 1-100 Cosmetic Item,54
46,It's a Secret to Everybody,Bonk Boy,200270,3500 keys,"200,270.00 ref, $6108.23",3,misc,Level 1-100 Mask,451
46,It's a Secret to Everybody,Exquisite Rack,174521,3050 keys,"174,521.00 ref, $5322.89",2,misc,Level 1-100 Cosmetic Item,339
46,It's a Secret to Everybody,Well-Rounded Rifleman,165938,2900 keys,"165,938.00 ref, $5061.11",1,misc,Level 1-100 Hat,30067
46,It's a Secret to Everybody,Team Captain,158785.5,2100–3450 keys,"158,785.50 ref, $4842.96",5,misc,Level 1-100 Hat,378
46,It's a Secret to Everybody,Prehistoric Pullover,151633,2650 keys,"151,633.00 ref, $4624.81",1,misc,Level 1-100 Hood,30704
46,It's a Secret to Everybody,Mining Light,137328,2400 keys,"137,328.00 ref, $4188.50",2,misc,Level 1-100 Cosmetic Item,48
46,It's a Secret to Everybody,Salty Dog,125884,2200 keys,"125,884.00 ref, $3839.46",4,misc,Level 10 Hat,611
46,It's a Secret to Everybody,Killer Exclusive,120162,2100 keys,"120,162.00 ref, $3664.94",1,misc,Level 10 Hat,538
46,It's a Secret to Everybody,Polar Pullover,107716.65,1875–1890 keys,"107,716.65 ref, $3285.36",1,misc,Level 1-100 Hat,30329
46,It's a Secret to Everybody,Lightning Lid,97274,1700 keys,"97,274.00 ref, $2966.86",0,misc,Level 1-100 Headgear,30867
46,It's a Secret to Everybody,Crone's Dome,90121.5,1550–1600 keys,"90,121.50 ref, $2748.71",2,misc,Level 1-100 Hat,920
46,It's a Secret to Everybody,A Rather Festive Tree,88691,1550 keys,"88,691.00 ref, $2705.08",2,misc,Level 1-100 Hat,341
46,It's a Secret to Everybody,Anger,80108,1400 keys,"80,108.00 ref, $2443.29",4,misc,Level 10 Hood,518
46,It's a Secret to Everybody,Troublemaker's Tossle Cap,67805.7,970–1400 keys,"67,805.70 ref, $2068.07",3,misc,Level 1-100 Hat,150
46,It's a Secret to Everybody,Texas Ten Gallon,66947.4,1170 keys,"66,947.40 ref, $2041.90",4,misc,Level 1-100 Hat,94
46,It's a Secret to Everybody,Pithy Professional,65803,1150 keys,"65,803.00 ref, $2006.99",0,misc,Level 1-100 Hat,30915
46,It's a Secret to Everybody,Flamboyant Flamenco,62942,1100 keys,"62,942.00 ref, $1919.73",4,misc,Level 10 Hat,627
46,It's a Secret to Everybody,Reggaelator,62942,1100 keys,"62,942.00 ref, $1919.73",3,misc,Level 1-100 Hat,390
46,It's a Secret to Everybody,Buccaneer's Bicorne,59508.8,1040 keys,"59,508.80 ref, $1815.02",4,misc,Level 10 Hat,607
46,It's a Secret to Everybody,Furious Fukaamigasa,57220,1000 keys,"57,220.00 ref, $1745.21",1,misc,Level 1-100 Hat,395
46,It's a Secret to Everybody,Sergeant's Drill Hat,57220,850–1150 keys,"57,220.00 ref, $1745.21",6,misc,Level 1-100 Hat,183
46,It's a Secret to Everybody,Backwards Ballcap,57162.78,999 keys,"57,162.78 ref, $1743.46",3,misc,Level 10 Hat,617
46,It's a Secret to Everybody,Brown Bomber,55217.3,965 keys,"55,217.30 ref, $1684.13",2,misc,Level 1-100 Hat,671
46,It's a Secret to Everybody,Mask of the Shaman,50628.032786885,863.21–906.38 keys,"50,628.03 ref, 884.80 keys",0,misc,Level 10 Mask,514
46,It's a Secret to Everybody,Liquidator's Lid,49209.2,860 keys,"49,209.20 ref, $1500.88",1,misc,Level 1-100 Hat,779
46,It's a Secret to Everybody,Hermes,48637,850 keys,"48,637.00 ref, $1483.43",3,misc,Level 10 Hat,633
46,It's a Secret to Everybody,Noble Amassment of Hats,48637,850 keys,"48,637.00 ref, $1483.43",3,misc,Level 1-100 Hat,137
46,It's a Secret to Everybody,Vintage Tyrolean,48637,850 keys,"48,637.00 ref, $1483.43",3,misc,Level 1-100 Hat,101
46,It's a Secret to Everybody,El Jefe,45776,800 keys,"45,776.00 ref, $1396.17",2,misc,Level 10 Hat,539
46,It's a Secret to Everybody,Surgeon's Stahlhelm,45776,800 keys,"45,776.00 ref, $1396.17",3,misc,Level 10 Helmet,616
46,It's a Secret to Everybody,Fancy Fedora,42915,750 keys,"42,915.00 ref, $1308.91",4,misc,Level 1-100 Hat,55
46,It's a Secret to Everybody,Gentleman's Gatsby,42915,750 keys,"42,915.00 ref, $1308.91",1,misc,Level 1-100 Hat,184
46,It's a Secret to Everybody,Hong Kong Cone,42915,750 keys,"42,915.00 ref, $1308.91",0,misc,Level 1-100 Hat,30177
46,It's a Secret to Everybody,Prince Tavish's Crown,42915,750 keys,"42,915.00 ref, $1308.91",7,misc,Level 1-100 Hat,342
46,It's a Secret to Everybody,Tyrantium Helmet,42915,750 keys,"42,915.00 ref, $1308.91",1,misc,Level 1-100 Helmet,30014
46,It's a Secret to Everybody,Hot Dogger,41770.6,730 keys,"41,770.60 ref, $1274.00",4,misc,Level 10 Hat,614
46,It's a Secret to Everybody,Medic's Mountain Cap,41770.6,730 keys,"41,770.60 ref, $1274.00",4,misc,Level 1-100 Hat,381
46,It's a Secret to Everybody,Brigade Helm,41198.4,720 keys,"41,198.40 ref, $1256.55",3,misc,Level 1-100 Helmet,105
46,It's a Secret to Everybody,Crocleather Slouch,40054,700 keys,"40,054.00 ref, $1221.65",1,misc,Level 1-100 Hat,344
46,It's a Secret to Everybody,Private Eye,40054,700 keys,"40,054.00 ref, $1221.65",3,misc,Level 1-100 Hat,388
46,It's a Secret to Everybody,Samur-Eye,40054,700 keys,"40,054.00 ref, $1221.65",4,misc,Level 1-100 Helmet,359
46,It's a Secret to Everybody,Wraith Wrap,39452.786885246,689.49 keys,"39,452.79 ref, 689.49 keys",0,misc,Level 1-100 Apparel,937
46,It's a Secret to Everybody,Whoopee Cap,38623.5,675 keys,"38,623.50 ref, $1178.02",1,misc,Level 1-100 Hat,174
46,It's a Secret to Everybody,Ye Olde Baker Boy,38623.5,675 keys,"38,623.50 ref, $1178.02",1,misc,Level 1-100 Hat,107
46,It's a Secret to Everybody,Attendant,37193,650 keys,"37,193.00 ref, $1134.39",3,misc,Level 1-100 Hat,213
46,It's a Secret to Everybody,Blighted Beak,36620.8,530–750 keys,"36,620.80 ref, $1116.93",2,misc,Level 1-100 Mask,315
46,It's a Secret to Everybody,Hound Dog,36620.8,640 keys,"36,620.80 ref, $1116.93",3,misc,Level 1-100 Hair,145
46,It's a Secret to Everybody,Allbrero,34332,550–650 keys,"34,332.00 ref, $1047.13",1,misc,Level 1-100 Hat,30429
46,It's a Secret to Everybody,Classy Capper,34332,600 keys,"34,332.00 ref, $1047.13",0,misc,Level 1-100 Hat,30893
46,It's a Secret to Everybody,Dragonborn Helmet,34332,600 keys,"34,332.00 ref, $1047.13",2,misc,Level 10 Helmet,517
46,It's a Secret to Everybody,Familiar Fez,34332,600 keys,"34,332.00 ref, $1047.13",3,misc,Level 1-100 Hat,223
46,It's a Secret to Everybody,Flipped Trilby,34332,600 keys,"34,332.00 ref, $1047.13",1,misc,Level 1-100 Hat,324
46,It's a Secret to Everybody,Gentleman's Ushanka,34332,600 keys,"34,332.00 ref, $1047.13",6,misc,Level 1-100 Hat,778
46,It's a Secret to Everybody,Madame Dixie,34332,600 keys,"34,332.00 ref, $1047.13",6,misc,Level 1-100 Hat,321
46,It's a Secret to Everybody,Magistrate's Mullet,33759.8,590 keys,"33,759.80 ref, $1029.67",5,misc,Level 1-100 Hair,147
46,It's a Secret to Everybody,Cosa Nostra Cap,32901.5,575 keys,"32,901.50 ref, $1003.50",5,misc,Level 1-100 Hat,459
46,It's a Secret to Everybody,Tipped Lid,32901.5,500–650 keys,"32,901.50 ref, $1003.50",1,misc,Level 1-100 Hat,30425
46,It's a Secret to Everybody,Front Runner,32214.86,563 keys,"32,214.86 ref, $982.55",4,misc,Level 1-100 Hat,760
46,It's a Secret to Everybody,Professional's Panama,31471,550 keys,"31,471.00 ref, $959.87",2,misc,Level 1-100 Hat,109
46,It's a Secret to Everybody,Bonk Helm,30898.8,390–690 keys,"30,898.80 ref, $942.41",2,misc,Level 1-100 Helmet,106
46,It's a Secret to Everybody,Janissary Ketche,30612.7,535 keys,"30,612.70 ref, $933.69",3,misc,Level 1-100 Hat,437
46,It's a Secret to Everybody,Belgian Detective,30326.6,530 keys,"30,326.60 ref, $924.96",1,misc,Level 1-100 Hat,30128
46,It's a Secret to Everybody,Defiant Spartan,30040.5,525 keys,"30,040.50 ref, $916.24",2,misc,Level 1-100 Helmet,340
46,It's a Secret to Everybody,Ze Goggles,29754.4,520 keys,"29,754.40 ref, $907.51",3,misc,Level 1-100 Glasses,177
46,It's a Secret to Everybody,Bombing Run,28724.44,502 keys,"28,724.44 ref, $876.10",5,misc,Level 1-100 Helmet,249
46,It's a Secret to Everybody,Doctor's Sack,28610,500 keys,"28,610.00 ref, $872.61",3,misc,Level 1-100 Hat,398
46,It's a Secret to Everybody,Honcho's Headgear,28610,500 keys,"28,610.00 ref, $872.61",4,misc,Level 1-100 Hat,391
46,It's a Secret to Everybody,Milkman,28610,500 keys,"28,610.00 ref, $872.61",3,misc,Level 1-100 Hat,219
46,It's a Secret to Everybody,Safe'n'Sound,28610,500 keys,"28,610.00 ref, $872.61",1,misc,Level 1-100 Hat,178
46,It's a Secret to Everybody,Voodoo JuJu (Slight Return),28610,500 keys,"28,610.00 ref, $872.61",2,misc,Level 1-100 Hat,935
46,It's a Secret to Everybody,Wet Works,28610,500 keys,"28,610.00 ref, $872.61",1,misc,Level 1-100 Hat,30135
46,It's a Secret to Everybody,Human Cannonball,28381.12,496 keys,"28,381.12 ref, $865.62",1,misc,Level 1-100 Helmet,817
46,It's a Secret to Everybody,Scotch Bonnet,28323.9,495 keys,"28,323.90 ref, $863.88",1,misc,Level 1-100 Headgear,306
46,It's a Secret to Everybody,Carouser's Capotain,28037.8,490 keys,"28,037.80 ref, $855.15",3,misc,Level 1-100 Hat,259
46,It's a Secret to Everybody,Le Party Phantom,27751.7,485 keys,"27,751.70 ref, $846.43",4,misc,Level 1-100 Mask,337
46,It's a Secret to Everybody,Tartan Spartan,27408.38,479 keys,"27,408.38 ref, $835.96",2,misc,Level 1-100 Helmet,30106
46,It's a Secret to Everybody,Powdered Practitioner,27179.5,475 keys,"27,179.50 ref, $828.97",1,misc,Level 1-100 Hat,30069
46,It's a Secret to Everybody,Dead Cone,26321.2,460 keys,"26,321.20 ref, $802.80",3,misc,Level 1-100 Hat,435
46,It's a Secret to Everybody,Shooter's Sola Topi,26149.54,424–490 keys,"26,149.54 ref, $797.56",4,misc,Level 1-100 Helmet,158
46,It's a Secret to Everybody,Bonk Leadwear,25749,450 keys,"25,749.00 ref, $785.34",1,misc,Level 1-100 Helmet,30030
46,It's a Secret to Everybody,Tough Guy's Toque,25749,450 keys,"25,749.00 ref, $785.34",6,misc,Level 1-100 Hat,97
46,It's a Secret to Everybody,Killer's Kabuto,25634.56,448 keys,"25,634.56 ref, $781.85",2,misc,Level 1-100 Helmet,152
46,It's a Secret to Everybody,German Gonzila,25520.12,446 keys,"25,520.12 ref, $778.36",3,misc,Level 1-100 Hat,323
46,It's a Secret to Everybody,Chieftain's Challenge,25176.8,440 keys,"25,176.80 ref, $767.89",6,misc,Level 1-100 Hat,250
46,It's a Secret to Everybody,A Hat to Kill For,24604.6,430 keys,"24,604.60 ref, $750.44",0,misc,Level 1-100 Hat,30753
46,It's a Secret to Everybody,Birdcage,24318.5,425 keys,"24,318.50 ref, $741.71",4,misc,Level 10 Hat,615
46,It's a Secret to Everybody,Old Guadalajara,24318.5,425 keys,"24,318.50 ref, $741.71",5,misc,Level 1-100 Hat,247
46,It's a Secret to Everybody,Tyrant's Helm,24318.5,425 keys,"24,318.50 ref, $741.71",4,misc,Level 1-100 Helmet,99
46,It's a Secret to Everybody,L'Inspecteur,24032.4,420 keys,"24,032.40 ref, $732.99",1,misc,Level 10 Hat,622
46,It's a Secret to Everybody,Tough Stuff Muffs,24032.4,420 keys,"24,032.40 ref, $732.99",1,misc,Level 1-100 Hat,984
46,It's a Secret to Everybody,Stainless Pot,23603.25,350–475 keys,"23,603.25 ref, $719.90",3,misc,Level 1-100 Hat,98
46,It's a Secret to Everybody,Brainiac Hairpiece,23460.2,410 keys,"23,460.20 ref, $715.54",1,misc,Level 1-100 Facial Hair,590
46,It's a Secret to Everybody,Master's Yellow Belt,23460.2,410 keys,"23,460.20 ref, $715.54",2,misc,Level 1-100 Hat,110
46,It's a Secret to Everybody,White Russian,23460.2,410 keys,"23,460.20 ref, $715.54",1,misc,Level 1-100 Hair,30644
46,It's a Secret to Everybody,Data Mining Light,22888,400 keys,"22,888.00 ref, $698.08",2,misc,Level 1-100 Helmet,30051
46,It's a Secret to Everybody,Fruit Shoot,22888,400 keys,"22,888.00 ref, $698.08",6,misc,Level 1-100 Hat,759
46,It's a Secret to Everybody,Jumper's Jeepcap,22888,400 keys,"22,888.00 ref, $698.08",2,misc,Level 1-100 Hat,417
46,It's a Secret to Everybody,Company Man,22315.8,390 keys,"22,315.80 ref, $680.63",0,misc,Level 10 Hat,523
46,It's a Secret to Everybody,Modest Pile of Hat,21972.48,368–400 keys,"21,972.48 ref, $670.16",3,misc,Level 1-100 Hat,139
46,It's a Secret to Everybody,Hard Counter,21457.5,375 keys,"21,457.50 ref, $654.45",2,misc,Level 1-100 Hat,254
46,It's a Secret to Everybody,Pugilist's Protector,21457.5,375 keys,"21,457.50 ref, $654.45",2,misc,Level 1-100 Headgear,246
46,It's a Secret to Everybody,Charmer's Chapeau,21171.4,370 keys,"21,171.40 ref, $645.73",3,misc,Level 1-100 Hat,397
46,It's a Secret to Everybody,Engineer's Cap,20313.1,260–450 keys,"20,313.10 ref, $619.55",3,misc,Level 1-100 Hat,95
46,It's a Secret to Everybody,Big Elfin Deal,20027,350 keys,"20,027.00 ref, $610.82",4,misc,Level 1-100 Hat,652
46,It's a Secret to Everybody,Coupe D'isaster,20027,350 keys,"20,027.00 ref, $610.82",5,misc,Level 1-100 Hair,330
46,It's a Secret to Everybody,Napper's Respite,20027,350 keys,"20,027.00 ref, $610.82",4,misc,Level 1-100 Hat,248
46,It's a Secret to Everybody,Smokey Sombrero,20027,350 keys,"20,027.00 ref, $610.82",1,misc,Level 1-100 Hat,30682
46,It's a Secret to Everybody,Towering Pillar of Hats,19855.34,347 keys,"19,855.34 ref, $605.59",1,misc,Level 1-100 Hat,135
46,It's a Secret to Everybody,Rimmed Raincatcher,19454.8,340 keys,"19,454.80 ref, $593.37",4,misc,Level 1-100 Hat,216
46,It's a Secret to Everybody,Prussian Pickelhaube,19286.229508197,277.06–397.05 keys,"19,286.23 ref, 337.05 keys",0,misc,Level 1-100 Helmet,50
46,It's a Secret to Everybody,Tippler's Tricorne,18625.11,300–351 keys,"18,625.11 ref, $568.07",4,misc,Level 1-100 Hat,179
46,It's a Secret to Everybody,Blast Defense,18310.4,320 keys,"18,310.40 ref, $558.47",0,misc,Level 1-100 Headgear,30863
46,It's a Secret to Everybody,Prancer's Pride,18138.74,317 keys,"18,138.74 ref, $553.23",4,misc,Level 1-100 Hat,318
46,It's a Secret to Everybody,Sober Stuntman,18024.3,300–330 keys,"18,024.30 ref, $549.74",2,misc,Level 1-100 Helmet,255
46,It's a Secret to Everybody,Head Warmer,17452.1,300–310 keys,"17,452.10 ref, $532.29",3,misc,Level 1-100 Hat,644
46,It's a Secret to Everybody,Bolted Birdcage,17166,300 keys,"17,166.00 ref, $523.56",1,misc,Level 1-100 Hat,30057
46,It's a Secret to Everybody,Pyromancer's Mask,17166,300 keys,"17,166.00 ref, $523.56",2,misc,Level 1-100 Mask,316
46,It's a Secret to Everybody,Helmet without a Home,16307.7,285 keys,"16,307.70 ref, $497.38",1,misc,Level 1-100 Helmet,732
46,It's a Secret to Everybody,Scotsman's Stove Pipe,15735.5,250–300 keys,"15,735.50 ref, $479.93",4,misc,Level 1-100 Hat,120
46,It's a Secret to Everybody,Bubble Pipe,15449.4,270 keys,"15,449.40 ref, $471.21",4,misc,Level 1-100 Helmet,597
46,It's a Secret to Everybody,Geisha Boy,15449.4,270 keys,"15,449.40 ref, $471.21",1,misc,Level 1-100 Hair,363
46,It's a Secret to Everybody,Executioner,14877.2,260 keys,"14,877.20 ref, $453.75",3,misc,Level 1-100 Hat,921
46,It's a Secret to Everybody,FR-0,14877.2,260 keys,"14,877.20 ref, $453.75",1,misc,Level 1-100 Hat,30016
46,It's a Secret to Everybody,Conjurer's Cowl,14591.1,230–280 keys,"14,591.10 ref, $445.03",2,misc,Level 1-100 Hood,465
46,It's a Secret to Everybody,Football Helmet,14305,250 keys,"14,305.00 ref, $436.30",1,misc,Level 1-100 Helmet,49
46,It's a Secret to Everybody,Armored Authority,14018.9,220–270 keys,"14,018.90 ref, $427.58",4,misc,Level 1-100 Helmet,445
46,It's a Secret to Everybody,Shellmet,14018.9,230–260 keys,"14,018.90 ref, $427.58",0,misc,Level 1-100 Helmet,30897
46,It's a Secret to Everybody,Hetman's Headpiece,13732.8,240 keys,"13,732.80 ref, $418.85",6,misc,Level 1-100 Hat,436
46,It's a Secret to Everybody,Baron von Havenaplane,13446.7,235 keys,"13,446.70 ref, $410.12",2,misc,Level 1-100 Hat,30136
46,It's a Secret to Everybody,Greased Lightning,13275.04,232 keys,"13,275.04 ref, $404.89",1,misc,Level 1-100 Hair,30078
46,It's a Secret to Everybody,Handyman's Handle,13160.6,230 keys,"13,160.60 ref, $401.40",1,misc,Level 1-100 Hat,253
46,It's a Secret to Everybody,Heer's Helmet,13160.6,230 keys,"13,160.60 ref, $401.40",1,misc,Level 1-100 Helmet,30378
46,It's a Secret to Everybody,Pencil Pusher,12874.5,225 keys,"12,874.50 ref, $392.67",1,misc,Level 10 Hair,605
46,It's a Secret to Everybody,Berliner's Bucket Helm,12817.28,224 keys,"12,817.28 ref, $390.93",1,misc,Level 1-100 Helmet,303
46,It's a Secret to Everybody,Hustler's Hallmark,12588.4,220 keys,"12,588.40 ref, $383.95",0,misc,Level 1-100 Hat,146
46,It's a Secret to Everybody,Virtual Reality Headset,12302.3,215 keys,"12,302.30 ref, $375.22",2,misc,Level 10 Headset,628
46,It's a Secret to Everybody,Desert Marauder,11958.98,190–228 keys,"11,958.98 ref, $364.75",2,misc,Level 1-100 Hat,400
46,It's a Secret to Everybody,Pyro's Beanie,11744.918032787,205.26 keys,"11,744.92 ref, 205.26 keys",1,misc,Level 1-100 Hat,51
46,It's a Secret to Everybody,Otolaryngologist's Mirror,11444,200 keys,"11,444.00 ref, $349.04",5,misc,Level 1-100 Hat,104
46,It's a Secret to Everybody,Trophy Belt,11386.78,199 keys,"11,386.78 ref, $347.30",4,misc,Level 1-100 Hat,53
46,It's a Secret to Everybody,Backbiter's Billycock,10871.8,190 keys,"10,871.80 ref, $331.59",3,misc,Level 1-100 Hat,108
46,It's a Secret to Everybody,Full Metal Drill Hat,10585.7,185 keys,"10,585.70 ref, $322.86",0,misc,Level 1-100 Hat,30026
46,It's a Secret to Everybody,Grimm Hatte,10528.48,175–193 keys,"10,528.48 ref, $321.12",2,misc,Level 1-100 Hat,383
46,It's a Secret to Everybody,Capo's Capper,10299.6,180 keys,"10,299.60 ref, $314.14",1,misc,Level 1-100 Hat,427
46,It's a Secret to Everybody,Triboniophorus Tyrannus,10299.6,180 keys,"10,299.60 ref, $314.14",1,misc,Level 1-100 Mascot,151
46,It's a Secret to Everybody,Your Worst Nightmare,9784.62,171 keys,"9,784.62 ref, $298.43",1,misc,Level 10 Hair,600
46,It's a Secret to Everybody,Lucky Shot,9612.96,168 keys,"9,612.96 ref, $293.20",2,misc,Level 1-100 Helmet,701
46,It's a Secret to Everybody,Sammy Cap,8869.1,155 keys,"8,869.10 ref, $270.51",1,misc,Level 1-100 Hat,30374
46,It's a Secret to Everybody,Connoisseur's Cap,8583,150 keys,"8,583.00 ref, $261.78",2,misc,Level 1-100 Hat,394
46,It's a Secret to Everybody,Frenchman's Beret,8583,150 keys,"8,583.00 ref, $261.78",2,misc,Level 1-100 Hat,180
46,It's a Secret to Everybody,Stout Shako,8583,150 keys,"8,583.00 ref, $261.78",2,misc,Level 1-100 Hat,251
46,It's a Secret to Everybody,Tam O' Shanter,8503.9344262295,148.62 keys,"8,503.93 ref, 148.62 keys",1,misc,Level 1-100 Hat,480
46,It's a Secret to Everybody,Waxy Wayfinder,8354.12,146 keys,"8,354.12 ref, $254.80",4,misc,Level 1-100 Hat,753
46,It's a Secret to Everybody,Bomb Beanie,8296.9,130–160 keys,"8,296.90 ref, $253.06",0,misc,Level 1-100 Hat,30823
46,It's a Secret to Everybody,Larrikin Robin,7933.606557377,127.98–149.32 keys,"7,933.61 ref, 138.65 keys",2,misc,Level 1-100 Hat,314
46,It's a Secret to Everybody,Large Luchador,7495.82,131 keys,"7,495.82 ref, $228.62",0,misc,Level 1-100 Mask,380
46,It's a Secret to Everybody,Sultan's Ceremonial,7495.82,131 keys,"7,495.82 ref, $228.62",1,misc,Level 1-100 Hat,403
46,It's a Secret to Everybody,Das Maddendoktor,7438.6,130 keys,"7,438.60 ref, $226.88",1,misc,Level 1-100 Hair,30121
46,It's a Secret to Everybody,Glengarry Bonnet,7438.6,110–150 keys,"7,438.60 ref, $226.88",6,misc,Level 1-100 Hat,100
46,It's a Secret to Everybody,Brain-Warming Wear,7152.5,125 keys,"7,152.50 ref, $218.15",0,misc,Level 1-100 Hat,30827
46,It's a Secret to Everybody,Wide-Brimmed Bandito,7152.5,125 keys,"7,152.50 ref, $218.15",2,misc,Level 1-100 Hat,30805
46,It's a Secret to Everybody,Texas Tin-Gallon,6580.3,100–130 keys,"6,580.30 ref, $200.70",2,misc,Level 1-100 Hat,30044
46,It's a Secret to Everybody,Slick Cut,6523.08,90–138 keys,"6,523.08 ref, $198.95",1,misc,Level 1-100 Hair,30187
46,It's a Secret to Everybody,Industrial Festivizer,6294.2,100–120 keys,"6,294.20 ref, $191.97",3,misc,Level 1-100 Hat,338
46,It's a Secret to Everybody,Commando Elite,5722,100 keys,"5,722.00 ref, $174.52",2,misc,Level 1-100 Helmet,30912
46,It's a Secret to Everybody,Conquistador,5722,100 keys,"5,722.00 ref, $174.52",3,misc,Level 1-100 Helmet,721
46,It's a Secret to Everybody,Hotrod,5722,100 keys,"5,722.00 ref, $174.52",2,misc,Level 1-100 Mask,148
46,It's a Secret to Everybody,Vintage Merryweather,5321.46,93 keys,"5,321.46 ref, $162.30",2,misc,Level 1-100 Helmet,182
46,It's a Secret to Everybody,Respectless Rubber Glove,5149.8,90 keys,"5,149.80 ref, $157.07",1,misc,Level 1-100 Hat,102
46,It's a Secret to Everybody,Runner's Warm-Up,5149.8,90 keys,"5,149.80 ref, $157.07",1,misc,Level 1-100 Hat,30332
46,It's a Secret to Everybody,Ye Oiled Baker Boy,5149.8,90 keys,"5,149.80 ref, $157.07",2,misc,Level 1-100 Hat,30019
46,It's a Secret to Everybody,Pardner's Pompadour,5006.75,85–90 keys,"5,006.75 ref, $152.71",1,misc,Level 1-100 Hair,30099
46,It's a Secret to Everybody,Western Wear,4835.09,84–85 keys,"4,835.09 ref, $147.47",2,misc,Level 1-100 Hat,379
46,It's a Secret to Everybody,Big Country,4692.04,82 keys,"4,692.04 ref, $143.11",2,misc,Level 1-100 Hair,382
46,It's a Secret to Everybody,Grenadier's Softcap,4577.6,80 keys,"4,577.60 ref, $139.62",2,misc,Level 1-100 Hat,227
46,It's a Secret to Everybody,One-Man Army,4577.6,78–82 keys,"4,577.60 ref, $139.62",2,misc,Level 10 Hair,601
46,It's a Secret to Everybody,Pyro's Boron Beanie,4577.6,80 keys,"4,577.60 ref, $139.62",2,misc,Level 1-100 Hat,30040
46,It's a Secret to Everybody,Buckaroo's Hat,4291.5,75 keys,"4,291.50 ref, $130.89",3,misc,Level 1-100 Hat,322
46,It's a Secret to Everybody,Elf Esteem,4291.5,60–90 keys,"4,291.50 ref, $130.89",0,misc,Level 1-100 Hat,30836
46,It's a Secret to Everybody,Batter's Helmet,4234.28,63–85 keys,"4,234.28 ref, $129.15",2,misc,Level 1-100 Helmet,52
46,It's a Secret to Everybody,Ol' Snaggletooth,4062.62,71 keys,"4,062.62 ref, $123.91",5,misc,Level 1-100 Hat,229
46,It's a Secret to Everybody,Counterfeit Billycock,4005.4,70 keys,"4,005.40 ref, $122.16",1,misc,Level 10 Hat,602
46,It's a Secret to Everybody,Magnificent Mongolian,3719.3,65 keys,"3,719.30 ref, $113.44",1,misc,Level 1-100 Hat,313
46,It's a Secret to Everybody,Officer's Ushanka,3433.2,60 keys,"3,433.20 ref, $104.71",2,misc,Level 1-100 Hat,96
46,It's a Secret to Everybody,Gym Rat,3147.1,55 keys,"3,147.10 ref, $95.99",1,misc,Level 10 Hair,613
46,It's a Secret to Everybody,Nanobalaclava,3147.1,55 keys,"3,147.10 ref, $95.99",2,misc,Level 10 Hat,521
46,It's a Secret to Everybody,Little Buddy,3032.66,53 keys,"3,032.66 ref, $92.50",3,misc,Level 10 Hat,612
47,Stormy 13th Hour,Villain's Veil,420567,7350 keys,"420,567.00 ref, $12827.29",3,misc,Level 1-100 Bandana,393
47,Stormy 13th Hour,Blighted Beak,329015,5750 keys,"329,015.00 ref, $10034.96",2,misc,Level 1-100 Mask,315
47,Stormy 13th Hour,Exquisite Rack,286100,5000 keys,"286,100.00 ref, $8726.05",6,misc,Level 1-100 Cosmetic Item,339
47,Stormy 13th Hour,Rotation Sensation,217436,3800 keys,"217,436.00 ref, $6631.80",0,misc,Level 1-100 Hat,30623
47,Stormy 13th Hour,Tyrant's Helm,200270,3500 keys,"200,270.00 ref, $6108.23",6,misc,Level 1-100 Helmet,99
47,Stormy 13th Hour,Pencil Pusher,154494,2700 keys,"154,494.00 ref, $4712.07",2,misc,Level 10 Hair,605
47,Stormy 13th Hour,Bonk Boy,151633,2650 keys,"151,633.00 ref, $4624.81",3,misc,Level 1-100 Mask,451
47,Stormy 13th Hour,Coffin Kit,143050,2500 keys,"143,050.00 ref, $4363.02",1,misc,Level 1-100 Backpack,938
47,Stormy 13th Hour,Brainiac Hairpiece,108718,1900 keys,"108,718.00 ref, $3315.90",7,misc,Level 1-100 Facial Hair,590
47,Stormy 13th Hour,Eliminator's Safeguard,102996,1800 keys,"102,996.00 ref, $3141.38",1,misc,Level 1-100 Helmet,30369
47,Stormy 13th Hour,Texas Ten Gallon,96701.8,1690 keys,"96,701.80 ref, $2949.40",3,misc,Level 1-100 Hat,94
47,Stormy 13th Hour,Lucky Shot,91552,1600 keys,"91,552.00 ref, $2792.34",1,misc,Level 1-100 Helmet,701
47,Stormy 13th Hour,Officer's Ushanka,88691,1550 keys,"88,691.00 ref, $2705.08",5,misc,Level 1-100 Hat,96
47,Stormy 13th Hour,Fancy Fedora,85830,1500 keys,"85,830.00 ref, $2617.82",2,misc,Level 1-100 Hat,55
47,Stormy 13th Hour,Lord Cockswain's Pith Helmet,85830,1500 keys,"85,830.00 ref, $2617.82",4,misc,Level 1-100 Headgear,439
47,Stormy 13th Hour,Prussian Pickelhaube,85830,1500 keys,"85,830.00 ref, $2617.82",1,misc,Level 1-100 Helmet,50
47,Stormy 13th Hour,Cosa Nostra Cap,84399.5,1475 keys,"84,399.50 ref, $2574.18",3,misc,Level 1-100 Hat,459
47,Stormy 13th Hour,Battle Boonie,82969,1450 keys,"82,969.00 ref, $2530.55",2,misc,Level 1-100 Hat,30907
47,Stormy 13th Hour,Salty Dog,80823.25,1175–1650 keys,"80,823.25 ref, $2465.11",6,misc,Level 10 Hat,611
47,Stormy 13th Hour,A Rather Festive Tree,80108,1400 keys,"80,108.00 ref, $2443.29",5,misc,Level 1-100 Hat,341
47,Stormy 13th Hour,Fed-Fightin' Fedora,80108,1400 keys,"80,108.00 ref, $2443.29",2,misc,Level 1-100 Hat,780
47,Stormy 13th Hour,El Jefe,78677.5,1350–1400 keys,"78,677.50 ref, $2399.66",3,misc,Level 10 Hat,539
47,Stormy 13th Hour,White Russian,77247,1350 keys,"77,247.00 ref, $2356.03",2,misc,Level 1-100 Hair,30644
47,Stormy 13th Hour,Hong Kong Cone,74386,1300 keys,"74,386.00 ref, $2268.77",1,misc,Level 1-100 Hat,30177
47,Stormy 13th Hour,Wraith Wrap,74386,1300 keys,"74,386.00 ref, $2268.77",1,misc,Level 1-100 Apparel,937
47,Stormy 13th Hour,Anger,67233.5,1100–1250 keys,"67,233.50 ref, $2050.62",6,misc,Level 10 Hood,518
47,Stormy 13th Hour,Surgeon's Stahlhelm,65803,1150 keys,"65,803.00 ref, $2006.99",2,misc,Level 10 Helmet,616
47,Stormy 13th Hour,Brown Bomber,62942,1100 keys,"62,942.00 ref, $1919.73",7,misc,Level 1-100 Hat,671
47,Stormy 13th Hour,Stainless Pot,62942,1100 keys,"62,942.00 ref, $1919.73",2,misc,Level 1-100 Hat,98
47,Stormy 13th Hour,Grimm Hatte,61511.5,1000–1150 keys,"61,511.50 ref, $1876.10",5,misc,Level 1-100 Hat,383
47,Stormy 13th Hour,Sergeant's Drill Hat,60081,1050 keys,"60,081.00 ref, $1832.47",1,misc,Level 1-100 Hat,183
47,Stormy 13th Hour,Backwards Ballcap,57935.25,925–1100 keys,"57,935.25 ref, $1767.03",4,misc,Level 10 Hat,617
47,Stormy 13th Hour,Company Man,57792.2,820–1200 keys,"57,792.20 ref, $1762.66",3,misc,Level 10 Hat,523
47,Stormy 13th Hour,Antlers,57220,800–1200 keys,"57,220.00 ref, $1745.21",1,misc,Level 1-100 Cosmetic Item,993
47,Stormy 13th Hour,Dr's Dapper Topper,57220,1000 keys,"57,220.00 ref, $1745.21",2,misc,Level 1-100 Hat,252
47,Stormy 13th Hour,Familiar Fez,57220,1000 keys,"57,220.00 ref, $1745.21",3,misc,Level 1-100 Hat,223
47,Stormy 13th Hour,Reggaelator,57220,1000 keys,"57,220.00 ref, $1745.21",4,misc,Level 1-100 Hat,390
47,Stormy 13th Hour,Tough Guy's Toque,57220,1000 keys,"57,220.00 ref, $1745.21",4,misc,Level 1-100 Hat,97
47,Stormy 13th Hour,Trophy Belt,57220,1000 keys,"57,220.00 ref, $1745.21",4,misc,Level 1-100 Hat,53
47,Stormy 13th Hour,Détective Noir,54359,950 keys,"54,359.00 ref, $1657.95",4,misc,Level 1-100 Hat,319
47,Stormy 13th Hour,Human Cannonball,54359,950 keys,"54,359.00 ref, $1657.95",3,misc,Level 1-100 Helmet,817
47,Stormy 13th Hour,Gentleman's Ushanka,52070.2,910 keys,"52,070.20 ref, $1588.14",5,misc,Level 1-100 Hat,778
47,Stormy 13th Hour,Gentleman's Gatsby,51784.1,850–960 keys,"51,784.10 ref, $1579.42",2,misc,Level 1-100 Hat,184
47,Stormy 13th Hour,Berliner's Bucket Helm,51498,900 keys,"51,498.00 ref, $1570.69",3,misc,Level 1-100 Helmet,303
47,Stormy 13th Hour,Field Practice,51498,900 keys,"51,498.00 ref, $1570.69",0,misc,Level 1-100 Headgear,30862
47,Stormy 13th Hour,Furious Fukaamigasa,51498,900 keys,"51,498.00 ref, $1570.69",1,misc,Level 1-100 Hat,395
47,Stormy 13th Hour,Otolaryngologist's Mirror,51498,900 keys,"51,498.00 ref, $1570.69",3,misc,Level 1-100 Hat,104
47,Stormy 13th Hour,Ye Olde Baker Boy,50353.6,880 keys,"50,353.60 ref, $1535.78",3,misc,Level 1-100 Hat,107
47,Stormy 13th Hour,Crone's Dome,49819.180327869,851.73–889.59 keys,"49,819.18 ref, 870.66 keys",1,misc,Level 1-100 Hat,920
47,Stormy 13th Hour,Bruce's Bonnet,49781.4,870 keys,"49,781.40 ref, $1518.33",1,misc,Level 1-100 Headgear,30627
47,Stormy 13th Hour,Hustler's Hallmark,49781.4,865–875 keys,"49,781.40 ref, $1518.33",2,misc,Level 1-100 Hat,146
47,Stormy 13th Hour,Charmer's Chapeau,49209.2,850–870 keys,"49,209.20 ref, $1500.88",3,misc,Level 1-100 Hat,397
47,Stormy 13th Hour,Carouser's Capotain,48007.58,768–910 keys,"48,007.58 ref, $1464.23",5,misc,Level 1-100 Hat,259
47,Stormy 13th Hour,Demoman's Fro,47492.6,800–860 keys,"47,492.60 ref, $1448.52",4,misc,Level 1-100 Hair,47
47,Stormy 13th Hour,Killer Exclusive,45776,800 keys,"45,776.00 ref, $1396.17",5,misc,Level 10 Hat,538
47,Stormy 13th Hour,Modest Pile of Hat,45776,800 keys,"45,776.00 ref, $1396.17",1,misc,Level 1-100 Hat,139
47,Stormy 13th Hour,Slo-Poke,45776,800 keys,"45,776.00 ref, $1396.17",1,misc,Level 1-100 Hat,30314
47,Stormy 13th Hour,Doctor's Sack,44631.6,780 keys,"44,631.60 ref, $1361.26",4,misc,Level 1-100 Hat,398
47,Stormy 13th Hour,Dragonborn Helmet,44631.6,780 keys,"44,631.60 ref, $1361.26",3,misc,Level 10 Helmet,517
47,Stormy 13th Hour,German Gonzila,44631.6,780 keys,"44,631.60 ref, $1361.26",4,misc,Level 1-100 Hat,323
47,Stormy 13th Hour,Soldier's Slope Scopers,43487.2,760 keys,"43,487.20 ref, $1326.36",1,misc,Level 1-100 Hat,980
47,Stormy 13th Hour,Defiant Spartan,42915,750 keys,"42,915.00 ref, $1308.91",3,misc,Level 1-100 Helmet,340
47,Stormy 13th Hour,Mining Light,42915,750 keys,"42,915.00 ref, $1308.91",2,misc,Level 1-100 Cosmetic Item,48
47,Stormy 13th Hour,Vintage Merryweather,42915,750 keys,"42,915.00 ref, $1308.91",3,misc,Level 1-100 Helmet,182
47,Stormy 13th Hour,Hottie's Hoodie,41026.74,717 keys,"41,026.74 ref, $1251.32",3,misc,Level 1-100 Hood,377
47,Stormy 13th Hour,Das Hazmattenhatten,40054,700 keys,"40,054.00 ref, $1221.65",1,misc,Level 1-100 Safety Apparatus,30095
47,Stormy 13th Hour,Hat of Cards,40054,700 keys,"40,054.00 ref, $1221.65",1,misc,Level 1-100 Hat,825
47,Stormy 13th Hour,Hotrod,40054,700 keys,"40,054.00 ref, $1221.65",4,misc,Level 1-100 Mask,148
47,Stormy 13th Hour,Scotsman's Stove Pipe,40054,700 keys,"40,054.00 ref, $1221.65",1,misc,Level 1-100 Hat,120
47,Stormy 13th Hour,Medic's Mountain Cap,38909.6,680 keys,"38,909.60 ref, $1186.74",7,misc,Level 1-100 Hat,381
47,Stormy 13th Hour,Noble Amassment of Hats,38337.4,670 keys,"38,337.40 ref, $1169.29",2,misc,Level 1-100 Hat,137
47,Stormy 13th Hour,Rimmed Raincatcher,38337.4,670 keys,"38,337.40 ref, $1169.29",3,misc,Level 1-100 Hat,216
47,Stormy 13th Hour,Bonk Leadwear,37193,650 keys,"37,193.00 ref, $1134.39",1,misc,Level 1-100 Helmet,30030
47,Stormy 13th Hour,Napper's Respite,37193,650 keys,"37,193.00 ref, $1134.39",3,misc,Level 1-100 Hat,248
47,Stormy 13th Hour,Killer's Kabuto,36620.8,640 keys,"36,620.80 ref, $1116.93",1,misc,Level 1-100 Helmet,152
47,Stormy 13th Hour,Sultan's Ceremonial,36477.75,500–775 keys,"36,477.75 ref, $1112.57",4,misc,Level 1-100 Hat,403
47,Stormy 13th Hour,Safe'n'Sound,35762.5,625 keys,"35,762.50 ref, $1090.76",2,misc,Level 1-100 Hat,178
47,Stormy 13th Hour,Birdcage,35476.4,620 keys,"35,476.40 ref, $1082.03",3,misc,Level 10 Hat,615
47,Stormy 13th Hour,Fruit Shoot,34904.2,610 keys,"34,904.20 ref, $1064.58",4,misc,Level 1-100 Hat,759
47,Stormy 13th Hour,Milkman,34904.2,610 keys,"34,904.20 ref, $1064.58",3,misc,Level 1-100 Hat,219
47,Stormy 13th Hour,Voodoo JuJu (Slight Return),34904.2,610 keys,"34,904.20 ref, $1064.58",2,misc,Level 1-100 Hat,935
47,Stormy 13th Hour,Engineer's Cap,34332,600 keys,"34,332.00 ref, $1047.13",5,misc,Level 1-100 Hat,95
47,Stormy 13th Hour,Nuke,32901.5,575 keys,"32,901.50 ref, $1003.50",2,misc,Level 1-100 Hair,30885
47,Stormy 13th Hour,Professional's Panama,32901.5,510–640 keys,"32,901.50 ref, $1003.50",4,misc,Level 1-100 Hat,109
47,Stormy 13th Hour,Handyman's Handle,32043.2,560 keys,"32,043.20 ref, $977.32",3,misc,Level 1-100 Hat,253
47,Stormy 13th Hour,Backbiter's Billycock,31757.1,555 keys,"31,757.10 ref, $968.59",2,misc,Level 1-100 Hat,108
47,Stormy 13th Hour,Wing Mann,31471,550 keys,"31,471.00 ref, $959.87",1,misc,Level 1-100 Hat,30809
47,Stormy 13th Hour,Conquistador,31184.9,545 keys,"31,184.90 ref, $951.14",5,misc,Level 1-100 Helmet,721
47,Stormy 13th Hour,Bonk Helm,29754.4,520 keys,"29,754.40 ref, $907.51",2,misc,Level 1-100 Helmet,106
47,Stormy 13th Hour,Larrikin Robin,29182.2,510 keys,"29,182.20 ref, $890.06",2,misc,Level 1-100 Hat,314
47,Stormy 13th Hour,Bear Necessities,28610,500 keys,"28,610.00 ref, $872.61",1,misc,Level 1-100 Spirit Animal,30122
47,Stormy 13th Hour,Industrial Festivizer,28610,500 keys,"28,610.00 ref, $872.61",1,misc,Level 1-100 Hat,338
47,Stormy 13th Hour,Metal Slug,28610,500 keys,"28,610.00 ref, $872.61",1,misc,Level 1-100 Hat,30028
47,Stormy 13th Hour,Outdoorsman,28610,500 keys,"28,610.00 ref, $872.61",3,misc,Level 10 Hat,603
47,Stormy 13th Hour,Allbrero,27179.5,475 keys,"27,179.50 ref, $828.97",1,misc,Level 1-100 Hat,30429
47,Stormy 13th Hour,Janissary Ketche,26893.4,470 keys,"26,893.40 ref, $820.25",3,misc,Level 1-100 Hat,437
47,Stormy 13th Hour,Burning Bandana,26607.3,465 keys,"26,607.30 ref, $811.52",2,misc,Level 1-100 Bandana,30091
47,Stormy 13th Hour,Conjurer's Cowl,26321.2,460 keys,"26,321.20 ref, $802.80",1,misc,Level 1-100 Hood,465
47,Stormy 13th Hour,Connoisseur's Cap,26092.32,456 keys,"26,092.32 ref, $795.82",2,misc,Level 1-100 Hat,394
47,Stormy 13th Hour,Smokey Sombrero,25863.44,452 keys,"25,863.44 ref, $788.83",1,misc,Level 1-100 Hat,30682
47,Stormy 13th Hour,Pyro's Beanie,25176.8,440 keys,"25,176.80 ref, $767.89",3,misc,Level 1-100 Hat,51
47,Stormy 13th Hour,Hetman's Headpiece,24604.6,430 keys,"24,604.60 ref, $750.44",4,misc,Level 1-100 Hat,436
47,Stormy 13th Hour,Modest Metal Pile of Scrap,24032.4,420 keys,"24,032.40 ref, $732.99",1,misc,Level 1-100 Hat,30001
47,Stormy 13th Hour,L'Inspecteur,23832.13,405–428 keys,"23,832.13 ref, $726.88",4,misc,Level 10 Hat,622
47,Stormy 13th Hour,Big Elfin Deal,23631.86,413 keys,"23,631.86 ref, $720.77",2,misc,Level 1-100 Hat,652
47,Stormy 13th Hour,Hive Minder,23174.1,405 keys,"23,174.10 ref, $706.81",1,misc,Level 1-100 Hat,30093
47,Stormy 13th Hour,Chill Chullo,22888,400 keys,"22,888.00 ref, $698.08",0,misc,Level 1-100 Hat,30748
47,Stormy 13th Hour,Employee of the Mmmph,22888,400 keys,"22,888.00 ref, $698.08",2,misc,Level 1-100 Hat,30416
47,Stormy 13th Hour,Tippler's Tricorne,22888,400 keys,"22,888.00 ref, $698.08",3,misc,Level 1-100 Hat,179
47,Stormy 13th Hour,Galvanized Gibus,22744.95,380–415 keys,"22,744.95 ref, $693.72",1,misc,Level 1-100 Hat,30003
47,Stormy 13th Hour,Towering Pillar of Hats,22544.68,394 keys,"22,544.68 ref, $687.61",4,misc,Level 1-100 Hat,135
47,Stormy 13th Hour,Private Eye,22315.8,390 keys,"22,315.80 ref, $680.63",4,misc,Level 1-100 Hat,388
47,Stormy 13th Hour,Pugilist's Protector,22029.7,385 keys,"22,029.70 ref, $671.91",5,misc,Level 1-100 Headgear,246
47,Stormy 13th Hour,Triboniophorus Tyrannus,22029.7,385 keys,"22,029.70 ref, $671.91",2,misc,Level 1-100 Mascot,151
47,Stormy 13th Hour,Big Chief,21171.4,370 keys,"21,171.40 ref, $645.73",3,misc,Level 1-100 Hat,309
47,Stormy 13th Hour,Jumper's Jeepcap,21171.4,370 keys,"21,171.40 ref, $645.73",4,misc,Level 1-100 Hat,417
47,Stormy 13th Hour,Attendant,20313.1,355 keys,"20,313.10 ref, $619.55",4,misc,Level 1-100 Hat,213
47,Stormy 13th Hour,Death Racer's Helmet,20027,350 keys,"20,027.00 ref, $610.82",1,misc,Level 1-100 Helmet,30686
47,Stormy 13th Hour,Frenchman's Beret,20027,315–385 keys,"20,027.00 ref, $610.82",2,misc,Level 1-100 Hat,180
47,Stormy 13th Hour,Flipped Trilby,19855.34,347 keys,"19,855.34 ref, $605.59",2,misc,Level 1-100 Hat,324
47,Stormy 13th Hour,Dead Cone,19454.8,340 keys,"19,454.80 ref, $593.37",3,misc,Level 1-100 Hat,435
47,Stormy 13th Hour,Head Warmer,19340.36,276–400 keys,"19,340.36 ref, $589.88",1,misc,Level 1-100 Hat,644
47,Stormy 13th Hour,Neptune's Nightmare,18024.3,315 keys,"18,024.30 ref, $549.74",1,misc,Level 1-100 Helmet,30684
47,Stormy 13th Hour,Tam O' Shanter,17452.1,280–330 keys,"17,452.10 ref, $532.29",2,misc,Level 1-100 Hat,480
47,Stormy 13th Hour,Nanobalaclava,17166,300 keys,"17,166.00 ref, $523.56",2,misc,Level 10 Hat,521
47,Stormy 13th Hour,Samur-Eye,16307.7,285 keys,"16,307.70 ref, $497.38",2,misc,Level 1-100 Helmet,359
47,Stormy 13th Hour,Your Worst Nightmare,16307.7,285 keys,"16,307.70 ref, $497.38",2,misc,Level 10 Hair,600
47,Stormy 13th Hour,Bubble Pipe,15964.38,278–280 keys,"15,964.38 ref, $486.91",2,misc,Level 1-100 Helmet,597
47,Stormy 13th Hour,Heavy Duty Rag,15792.72,276 keys,"15,792.72 ref, $481.68",2,misc,Level 1-100 Bandana,185
47,Stormy 13th Hour,Bot Dogger,15449.4,270 keys,"15,449.40 ref, $471.21",1,misc,Level 1-100 Hat,30018
47,Stormy 13th Hour,Swagman's Swatter,14666.557377049,236.6–276.04 keys,"14,666.56 ref, 256.32 keys",1,misc,Level 10 Hat,626
47,Stormy 13th Hour,Brigade Helm,14305,250 keys,"14,305.00 ref, $436.30",4,misc,Level 1-100 Helmet,105
47,Stormy 13th Hour,Pyromancer's Mask,14305,250 keys,"14,305.00 ref, $436.30",3,misc,Level 1-100 Mask,316
47,Stormy 13th Hour,Hot Dogger,13732.8,240 keys,"13,732.80 ref, $418.85",4,misc,Level 10 Hat,614
47,Stormy 13th Hour,Heer's Helmet,13275.04,232 keys,"13,275.04 ref, $404.89",1,misc,Level 1-100 Helmet,30378
47,Stormy 13th Hour,Le Party Phantom,12273.69,214–215 keys,"12,273.69 ref, $374.35",2,misc,Level 1-100 Mask,337
47,Stormy 13th Hour,Bloke's Bucket Hat,12016.2,210 keys,"12,016.20 ref, $366.49",3,misc,Level 1-100 Hat,181
47,Stormy 13th Hour,Whoopee Cap,11730.1,190–220 keys,"11,730.10 ref, $357.77",1,misc,Level 1-100 Hat,174
47,Stormy 13th Hour,Large Luchador,11444,200 keys,"11,444.00 ref, $349.04",1,misc,Level 1-100 Mask,380
47,Stormy 13th Hour,Magistrate's Mullet,11444,200 keys,"11,444.00 ref, $349.04",2,misc,Level 1-100 Hair,147
47,Stormy 13th Hour,Vintage Tyrolean,11444,200 keys,"11,444.00 ref, $349.04",4,misc,Level 1-100 Hat,101
47,Stormy 13th Hour,Western Wear,11444,200 keys,"11,444.00 ref, $349.04",4,misc,Level 1-100 Hat,379
47,Stormy 13th Hour,Hard Counter,10871.8,190 keys,"10,871.80 ref, $331.59",5,misc,Level 1-100 Hat,254
47,Stormy 13th Hour,Prancer's Pride,10299.6,165–195 keys,"10,299.60 ref, $314.14",5,misc,Level 1-100 Hat,318
47,Stormy 13th Hour,Valley Forge,10299.6,180 keys,"10,299.60 ref, $314.14",1,misc,Level 1-100 Hat,30114
47,Stormy 13th Hour,Elf Esteem,10013.5,170–180 keys,"10,013.50 ref, $305.41",0,misc,Level 1-100 Hat,30836
47,Stormy 13th Hour,Warhood,9727.4,170 keys,"9,727.40 ref, $296.69",0,misc,Level 1-100 Hood,30866
47,Stormy 13th Hour,Waxy Wayfinder,9727.4,170 keys,"9,727.40 ref, $296.69",1,misc,Level 1-100 Hat,753
47,Stormy 13th Hour,Armored Authority,9584.35,167–168 keys,"9,584.35 ref, $292.32",1,misc,Level 1-100 Helmet,445
47,Stormy 13th Hour,Front Runner,9212.42,161 keys,"9,212.42 ref, $280.98",1,misc,Level 1-100 Hat,760
47,Stormy 13th Hour,Scotch Bonnet,8754.66,153 keys,"8,754.66 ref, $267.02",3,misc,Level 1-100 Headgear,306
47,Stormy 13th Hour,Crocleather Slouch,8583,150 keys,"8,583.00 ref, $261.78",3,misc,Level 1-100 Hat,344
47,Stormy 13th Hour,Desert Marauder,8497.17,107–190 keys,"8,497.17 ref, $259.16",3,misc,Level 1-100 Hat,400
47,Stormy 13th Hour,Das Gutenkutteharen,8010.8,140 keys,"8,010.80 ref, $244.33",1,misc,Level 1-100 Hair,30127
47,Stormy 13th Hour,Classy Capper,7438.6,130 keys,"7,438.60 ref, $226.88",0,misc,Level 1-100 Hat,30893
47,Stormy 13th Hour,Hermes,7438.6,130 keys,"7,438.60 ref, $226.88",1,misc,Level 10 Hat,633
47,Stormy 13th Hour,Capo's Capper,7152.5,125 keys,"7,152.50 ref, $218.15",4,misc,Level 1-100 Hat,427
47,Stormy 13th Hour,Honcho's Headgear,7152.5,125 keys,"7,152.50 ref, $218.15",1,misc,Level 1-100 Hat,391
47,Stormy 13th Hour,Liquidator's Lid,6560.3278688525,109.19–120.11 keys,"6,560.33 ref, 114.65 keys",1,misc,Level 1-100 Hat,779
47,Stormy 13th Hour,Batter's Helmet,5193.2786885246,87.77–93.75 keys,"5,193.28 ref, 90.76 keys",2,misc,Level 1-100 Helmet,52
47,Stormy 13th Hour,Powdered Practitioner,5149.8,90 keys,"5,149.80 ref, $157.07",1,misc,Level 1-100 Hat,30069
47,Stormy 13th Hour,Archer's Sterling,4863.7,85 keys,"4,863.70 ref, $148.34",0,misc,Level 1-100 Helmet,30874
47,Stormy 13th Hour,Hound Dog,4863.7,85 keys,"4,863.70 ref, $148.34",1,misc,Level 1-100 Hair,145
47,Stormy 13th Hour,Respectless Rubber Glove,4863.7,85 keys,"4,863.70 ref, $148.34",3,misc,Level 1-100 Hat,102
47,Stormy 13th Hour,Helmet without a Home,4577.6,80 keys,"4,577.60 ref, $139.62",2,misc,Level 1-100 Helmet,732
47,Stormy 13th Hour,Prince Tavish's Crown,4291.5,70–80 keys,"4,291.50 ref, $130.89",2,misc,Level 1-100 Hat,342
47,Stormy 13th Hour,Virtual Reality Headset,4291.5,75 keys,"4,291.50 ref, $130.89",4,misc,Level 10 Headset,628
47,Stormy 13th Hour,Teutonic Toque,3862.35,55–80 keys,"3,862.35 ref, $117.80",1,misc,Level 1-100 Hat,30351
47,Stormy 13th Hour,Counterfeit Billycock,3776.52,62–70 keys,"3,776.52 ref, $115.18",2,misc,Level 10 Hat,602
47,Stormy 13th Hour,Stout Shako,3719.3,65 keys,"3,719.30 ref, $113.44",1,misc,Level 1-100 Hat,251
47,Stormy 13th Hour,Ze Goggles,3576.25,60–65 keys,"3,576.25 ref, $109.08",2,misc,Level 1-100 Glasses,177
47,Stormy 13th Hour,Brain Bucket,3505.9016393443,54.42–68.12 keys,"3,505.90 ref, 61.27 keys",0,misc,Level 1-100 Hat,434
47,Stormy 13th Hour,Copper's Hard Top,3433.2,60 keys,"3,433.20 ref, $104.71",1,misc,Level 1-100 Helmet,478
47,Stormy 13th Hour,Little Buddy,3433.2,60 keys,"3,433.20 ref, $104.71",2,misc,Level 10 Hat,612
47,Stormy 13th Hour,Sober Stuntman,2861,50 keys,"2,861.00 ref, $87.26",2,misc,Level 1-100 Helmet,255
47,Stormy 13th Hour,Buckaroo's Hat,2775.17,46–51 keys,"2,775.17 ref, $84.64",1,misc,Level 1-100 Hat,322
47,Stormy 13th Hour,Ol' Geezer,2717.95,45–50 keys,"2,717.95 ref, $82.90",3,misc,Level 1-100 Hat,399
47,Stormy 13th Hour,Broadband Bonnet,2574.9,45 keys,"2,574.90 ref, $78.53",1,misc,Level 1-100 Hat,30029
47,Stormy 13th Hour,Madame Dixie,2431.85,40–45 keys,"2,431.85 ref, $74.17",3,misc,Level 1-100 Hat,321
47,Stormy 13th Hour,Football Helmet,2288.8,40 keys,"2,288.80 ref, $69.81",1,misc,Level 1-100 Helmet,49
47,Stormy 13th Hour,Gym Rat,2288.8,40 keys,"2,288.80 ref, $69.81",2,misc,Level 10 Hair,613
47,Stormy 13th Hour,Dread Knot,1945.48,34 keys,"1,945.48 ref, $59.34",2,misc,Level 1-100 Hair,358
47,Stormy 13th Hour,Cadaver's Cranium,1802.43,29–34 keys,"1,802.43 ref, $54.97",1,misc,Level 31 Hat,290
47,Stormy 13th Hour,Magnificent Mongolian,1430.5,25 keys,"1,430.50 ref, $43.63",3,misc,Level 1-100 Hat,313
47,Stormy 13th Hour,Fur-Lined Fighter,0,,,1,misc,Level 1-100 Hat,30545
47,Stormy 13th Hour,Universal Translator,0,,,2,misc,Level 1-100 Hat,30658
78,Hellfire,Exquisite Rack,686640,12000 keys,"686,640.00 ref, $20942.52",3,misc,Level 1-100 Cosmetic Item,339
78,Hellfire,Hong Kong Cone,417706,7300 keys,"417,706.00 ref, $12740.03",1,misc,Level 1-100 Hat,30177
78,Hellfire,Antlers,357625,6000–6500 keys,"357,625.00 ref, $10907.56",2,misc,Level 1-100 Cosmetic Item,993
78,Hellfire,Master's Yellow Belt,306127,5350 keys,"306,127.00 ref, $9336.87",2,misc,Level 1-100 Hat,110
78,Hellfire,Cotton Head,238893.5,4175 keys,"238,893.50 ref, $7286.25",1,misc,Level 1-100 Hat,30175
78,Hellfire,Lil' Bitey,237463,4150 keys,"237,463.00 ref, $7242.62",1,misc,Level 1-100 Hat,30814
78,Hellfire,Flamboyant Flamenco,224588.5,3925 keys,"224,588.50 ref, $6849.95",2,misc,Level 10 Hat,627
78,Hellfire,Backwards Ballcap,214575,3750 keys,"214,575.00 ref, $6544.54",1,misc,Level 10 Hat,617
78,Hellfire,Tough Stuff Muffs,207136.4,3620 keys,"207,136.40 ref, $6317.66",2,misc,Level 1-100 Hat,984
78,Hellfire,Conjurer's Cowl,194548,3400 keys,"194,548.00 ref, $5933.71",2,misc,Level 1-100 Hood,465
78,Hellfire,Brown Bomber,177382,3100 keys,"177,382.00 ref, $5410.15",1,misc,Level 1-100 Hat,671
78,Hellfire,Swagman's Swatter,171660,3000 keys,"171,660.00 ref, $5235.63",2,misc,Level 10 Hat,626
78,Hellfire,Dark Falkirk Helm,168799,2950 keys,"168,799.00 ref, $5148.37",1,misc,Level 1-100 Helmet,30357
78,Hellfire,Flipped Trilby,152777.4,2670 keys,"152,777.40 ref, $4659.71",2,misc,Level 1-100 Hat,324
78,Hellfire,Charmer's Chapeau,151633,2650 keys,"151,633.00 ref, $4624.81",3,misc,Level 1-100 Hat,397
78,Hellfire,Surgeon's Stahlhelm,148772,2600 keys,"148,772.00 ref, $4537.55",2,misc,Level 10 Helmet,616
78,Hellfire,Lucky Shot,137328,2400 keys,"137,328.00 ref, $4188.50",2,misc,Level 1-100 Helmet,701
78,Hellfire,Das Hazmattenhatten,114440,2000 keys,"114,440.00 ref, $3490.42",2,misc,Level 1-100 Safety Apparatus,30095
78,Hellfire,Heavy Duty Rag,114440,2000 keys,"114,440.00 ref, $3490.42",1,misc,Level 1-100 Bandana,185
78,Hellfire,Merc's Mohawk,114440,2000 keys,"114,440.00 ref, $3490.42",3,misc,Level 1-100 Hair,30413
78,Hellfire,Vive la France,114440,2000 keys,"114,440.00 ref, $3490.42",1,misc,Level 1-100 Hat,30422
78,Hellfire,Bear Necessities,111579,1950 keys,"111,579.00 ref, $3403.16",1,misc,Level 1-100 Spirit Animal,30122
78,Hellfire,Reggaelator,111579,1950 keys,"111,579.00 ref, $3403.16",3,misc,Level 1-100 Hat,390
78,Hellfire,Crocleather Slouch,102996,1800 keys,"102,996.00 ref, $3141.38",1,misc,Level 1-100 Hat,344
78,Hellfire,Grenadier's Softcap,102996,1800 keys,"102,996.00 ref, $3141.38",1,misc,Level 1-100 Hat,227
78,Hellfire,Armored Authority,98132.3,1500–1930 keys,"98,132.30 ref, $2993.04",4,misc,Level 1-100 Helmet,445
78,Hellfire,Head Warmer,91552,1600 keys,"91,552.00 ref, $2792.34",2,misc,Level 1-100 Hat,644
78,Hellfire,Hermes,91552,1600 keys,"91,552.00 ref, $2792.34",1,misc,Level 10 Hat,633
78,Hellfire,Shellmet,91552,1600 keys,"91,552.00 ref, $2792.34",2,misc,Level 1-100 Helmet,30897
78,Hellfire,Battle Boonie,85830,1500 keys,"85,830.00 ref, $2617.82",2,misc,Level 1-100 Hat,30907
78,Hellfire,Powdered Practitioner,85830,1500 keys,"85,830.00 ref, $2617.82",1,misc,Level 1-100 Hat,30069
78,Hellfire,Stainless Pot,85830,1500 keys,"85,830.00 ref, $2617.82",1,misc,Level 1-100 Hat,98
78,Hellfire,Virtual Viewfinder,85830,1500 keys,"85,830.00 ref, $2617.82",1,misc,Level 1-100 Headset,30140
78,Hellfire,Chieftain's Challenge,82969,1450 keys,"82,969.00 ref, $2530.55",1,misc,Level 1-100 Hat,250
78,Hellfire,Cloud Crasher,79249.7,1385 keys,"79,249.70 ref, $2417.12",1,misc,Level 1-100 Helmet,30071
78,Hellfire,Belgian Detective,77247,1350 keys,"77,247.00 ref, $2356.03",2,misc,Level 1-100 Hat,30128
78,Hellfire,Large Luchador,74386,1300 keys,"74,386.00 ref, $2268.77",4,misc,Level 1-100 Mask,380
78,Hellfire,Little Buddy,71525,1250 keys,"71,525.00 ref, $2181.51",1,misc,Level 10 Hat,612
78,Hellfire,Baron von Havenaplane,70380.6,1230 keys,"70,380.60 ref, $2146.61",3,misc,Level 1-100 Hat,30136
78,Hellfire,Soldier's Slope Scopers,70094.5,1200–1250 keys,"70,094.50 ref, $2137.88",2,misc,Level 1-100 Hat,980
78,Hellfire,Classy Capper,68664,1200 keys,"68,664.00 ref, $2094.25",0,misc,Level 1-100 Hat,30893
78,Hellfire,Glasgow Great Helm,68664,1200 keys,"68,664.00 ref, $2094.25",2,misc,Level 1-100 Helmet,30082
78,Hellfire,Killer Exclusive,65345.24,1100–1184 keys,"65,345.24 ref, $1993.03",1,misc,Level 10 Hat,538
78,Hellfire,Glengarry Bonnet,63428.37,1100–1117 keys,"63,428.37 ref, $1934.57",3,misc,Level 1-100 Hat,100
78,Hellfire,Gentleman's Gatsby,62942,1100 keys,"62,942.00 ref, $1919.73",1,misc,Level 1-100 Hat,184
78,Hellfire,Greased Lightning,62942,1100 keys,"62,942.00 ref, $1919.73",1,misc,Level 1-100 Hair,30078
78,Hellfire,Vintage Merryweather,60081,850–1250 keys,"60,081.00 ref, $1832.47",4,misc,Level 1-100 Helmet,182
78,Hellfire,FR-0,57220,1000 keys,"57,220.00 ref, $1745.21",1,misc,Level 1-100 Hat,30016
78,Hellfire,Geisha Boy,57220,1000 keys,"57,220.00 ref, $1745.21",1,misc,Level 1-100 Hair,363
78,Hellfire,Napper's Respite,57220,1000 keys,"57,220.00 ref, $1745.21",3,misc,Level 1-100 Hat,248
78,Hellfire,Troublemaker's Tossle Cap,57220,1000 keys,"57,220.00 ref, $1745.21",1,misc,Level 1-100 Hat,150
78,Hellfire,Valley Forge,57220,975–1025 keys,"57,220.00 ref, $1745.21",3,misc,Level 1-100 Hat,30114
78,Hellfire,Brain Bucket,55789.5,800–1150 keys,"55,789.50 ref, $1701.58",2,misc,Level 1-100 Hat,434
78,Hellfire,Modest Metal Pile of Scrap,54359,950 keys,"54,359.00 ref, $1657.95",2,misc,Level 1-100 Hat,30001
78,Hellfire,Slick Cut,54359,950 keys,"54,359.00 ref, $1657.95",3,misc,Level 1-100 Hair,30187
78,Hellfire,Tartan Spartan,53643.75,800–1075 keys,"53,643.75 ref, $1636.13",1,misc,Level 1-100 Helmet,30106
78,Hellfire,Outta Sight,50925.8,890 keys,"50,925.80 ref, $1553.24",1,misc,Level 1-100 Hat,30628
78,Hellfire,Horrific Headsplitter,50782.75,725–1050 keys,"50,782.75 ref, $1548.87",1,misc,Level 31 Hat,291
78,Hellfire,Modest Pile of Hat,50067.5,875 keys,"50,067.50 ref, $1527.06",1,misc,Level 1-100 Hat,139
78,Hellfire,Data Mining Light,49781.4,870 keys,"49,781.40 ref, $1518.33",3,misc,Level 1-100 Helmet,30051
78,Hellfire,Broadband Bonnet,48637,850 keys,"48,637.00 ref, $1483.43",2,misc,Level 1-100 Hat,30029
78,Hellfire,Janissary Ketche,48350.9,845 keys,"48,350.90 ref, $1474.70",2,misc,Level 1-100 Hat,437
78,Hellfire,Shooter's Sola Topi,45776,800 keys,"45,776.00 ref, $1396.17",2,misc,Level 1-100 Helmet,158
78,Hellfire,Das Naggenvatcher,42915,750 keys,"42,915.00 ref, $1308.91",2,misc,Level 1-100 Hat,30109
78,Hellfire,Backbiter's Billycock,42628.9,745 keys,"42,628.90 ref, $1300.18",1,misc,Level 1-100 Hat,108
78,Hellfire,Milkman,41484.5,725 keys,"41,484.50 ref, $1265.28",2,misc,Level 1-100 Hat,219
78,Hellfire,Larrikin Robin,39481.8,690 keys,"39,481.80 ref, $1204.19",2,misc,Level 1-100 Hat,314
78,Hellfire,Killer's Kabuto,38623.5,650–700 keys,"38,623.50 ref, $1178.02",1,misc,Level 1-100 Helmet,152
78,Hellfire,Steel Shako,38623.5,675 keys,"38,623.50 ref, $1178.02",2,misc,Level 1-100 Hat,30017
78,Hellfire,Bone Dome,37765.2,660 keys,"37,765.20 ref, $1151.84",3,misc,Level 1-100 Helmet,30162
78,Hellfire,Dread Knot,37765.2,580–740 keys,"37,765.20 ref, $1151.84",4,misc,Level 1-100 Hair,358
78,Hellfire,Pugilist's Protector,36220.26,600–666 keys,"36,220.26 ref, $1104.72",1,misc,Level 1-100 Headgear,246
78,Hellfire,Sergeant's Drill Hat,35762.5,625 keys,"35,762.50 ref, $1090.76",1,misc,Level 1-100 Hat,183
78,Hellfire,Tam O' Shanter,35762.5,625 keys,"35,762.50 ref, $1090.76",2,misc,Level 1-100 Hat,480
78,Hellfire,Frickin' Sweet Ninja Hood,34332,600 keys,"34,332.00 ref, $1047.13",1,misc,Level 1-100 Hood,30394
78,Hellfire,Medic's Mountain Cap,34332,600 keys,"34,332.00 ref, $1047.13",2,misc,Level 1-100 Hat,381
78,Hellfire,Grimm Hatte,32615.4,570 keys,"32,615.40 ref, $994.77",1,misc,Level 1-100 Hat,383
78,Hellfire,Copper's Hard Top,32329.3,565 keys,"32,329.30 ref, $986.04",1,misc,Level 1-100 Helmet,478
78,Hellfire,Sober Stuntman,32043.2,560 keys,"32,043.20 ref, $977.32",4,misc,Level 1-100 Helmet,255
78,Hellfire,Brainiac Hairpiece,31471,550 keys,"31,471.00 ref, $959.87",1,misc,Level 1-100 Facial Hair,590
78,Hellfire,Brigade Helm,31471,550 keys,"31,471.00 ref, $959.87",2,misc,Level 1-100 Helmet,105
78,Hellfire,Wraith Wrap,31471,550 keys,"31,471.00 ref, $959.87",2,misc,Level 1-100 Apparel,937
78,Hellfire,Counterfeit Billycock,31184.9,545 keys,"31,184.90 ref, $951.14",4,misc,Level 10 Hat,602
78,Hellfire,Nanobalaclava,30898.8,540 keys,"30,898.80 ref, $942.41",3,misc,Level 10 Hat,521
78,Hellfire,Brotherhood of Arms,30040.5,400–650 keys,"30,040.50 ref, $916.24",2,misc,Level 1-100 Hat,30066
78,Hellfire,Outdoorsman,28610,500 keys,"28,610.00 ref, $872.61",4,misc,Level 10 Hat,603
78,Hellfire,Pyro's Boron Beanie,28610,500 keys,"28,610.00 ref, $872.61",4,misc,Level 1-100 Hat,30040
78,Hellfire,Tungsten Toque,28610,500 keys,"28,610.00 ref, $872.61",1,misc,Level 1-100 Hat,30049
78,Hellfire,Warhood,27179.5,475 keys,"27,179.50 ref, $828.97",0,misc,Level 1-100 Hood,30866
78,Hellfire,Gridiron Guardian,26321.2,460 keys,"26,321.20 ref, $802.80",3,misc,Level 1-100 Helmet,30013
78,Hellfire,Halogen Head Lamp,25749,450 keys,"25,749.00 ref, $785.34",4,misc,Level 1-100 Hat,30041
78,Hellfire,Plumber's Pipe,25749,450 keys,"25,749.00 ref, $785.34",2,misc,Level 1-100 Hat,30022
78,Hellfire,Das Gutenkutteharen,24318.5,425 keys,"24,318.50 ref, $741.71",2,misc,Level 1-100 Hair,30127
78,Hellfire,Stately Steel Toe,24032.4,420 keys,"24,032.40 ref, $732.99",3,misc,Level 1-100 Hat,481
78,Hellfire,Waxy Wayfinder,22888,400 keys,"22,888.00 ref, $698.08",2,misc,Level 1-100 Hat,753
78,Hellfire,Soldered Sensei,21743.6,380 keys,"21,743.60 ref, $663.18",1,misc,Level 1-100 Hat,30004
78,Hellfire,Virus Doctor,20942.52,337–395 keys,"20,942.52 ref, $638.75",3,misc,Level 1-100 Hat,30043
78,Hellfire,Ol' Snaggletooth,20742.25,350–375 keys,"20,742.25 ref, $632.64",1,misc,Level 1-100 Hat,229
78,Hellfire,Tippler's Tricorne,19054.26,333 keys,"19,054.26 ref, $581.15",4,misc,Level 1-100 Hat,179
78,Hellfire,Infernal Impaler,18253.18,319 keys,"18,253.18 ref, $556.72",1,misc,Level 13 Headgear,575
78,Hellfire,Rebel Rouser,18167.35,310–325 keys,"18,167.35 ref, $554.10",3,misc,Level 1-100 Hat,30120
78,Hellfire,Dr's Dapper Topper,17166,300 keys,"17,166.00 ref, $523.56",2,misc,Level 1-100 Hat,252
78,Hellfire,Hound Dog,17166,300 keys,"17,166.00 ref, $523.56",1,misc,Level 1-100 Hair,145
78,Hellfire,One-Man Army,17166,300 keys,"17,166.00 ref, $523.56",2,misc,Level 10 Hair,601
78,Hellfire,Towering Titanium Pillar of Hats,16021.6,280 keys,"16,021.60 ref, $488.66",3,misc,Level 1-100 Hat,30008
78,Hellfire,Big Elfin Deal,15163.3,265 keys,"15,163.30 ref, $462.48",1,misc,Level 1-100 Hat,652
78,Hellfire,Crit Cloak,15163.3,255–275 keys,"15,163.30 ref, $462.48",1,misc,Level 1-100 Hood,30899
78,Hellfire,Whirly Warrior,14591.1,255 keys,"14,591.10 ref, $445.03",1,misc,Level 1-100 Helmet,30118
78,Hellfire,Harmburg,14305,250 keys,"14,305.00 ref, $436.30",3,misc,Level 1-100 Hat,30123
78,Hellfire,Hot Dogger,14305,250 keys,"14,305.00 ref, $436.30",1,misc,Level 10 Hat,614
78,Hellfire,Pampered Pyro,14305,250 keys,"14,305.00 ref, $436.30",2,misc,Level 1-100 Towel,30139
78,Hellfire,Professional's Panama,13732.8,240 keys,"13,732.80 ref, $418.85",2,misc,Level 1-100 Hat,109
78,Hellfire,Rotation Sensation,13732.8,240 keys,"13,732.80 ref, $418.85",6,misc,Level 1-100 Hat,30623
78,Hellfire,Feathered Fiend,13217.82,231 keys,"13,217.82 ref, $403.14",1,misc,Level 1-100 Headgear,30903
78,Hellfire,Jumper's Jeepcap,13160.6,230 keys,"13,160.60 ref, $401.40",2,misc,Level 1-100 Hat,417
78,Hellfire,Noble Amassment of Hats,12302.3,215 keys,"12,302.30 ref, $375.22",3,misc,Level 1-100 Hat,137
78,Hellfire,Rimmed Raincatcher,12187.86,213 keys,"12,187.86 ref, $371.73",3,misc,Level 1-100 Hat,216
78,Hellfire,Bootleg Base Metal Billycock,12016.2,210 keys,"12,016.20 ref, $366.49",1,misc,Level 1-100 Hat,30047
78,Hellfire,Soviet Gentleman,11844.54,207 keys,"11,844.54 ref, $361.26",1,misc,Level 1-100 Hat,821
78,Hellfire,A Rather Festive Tree,11730.1,160–250 keys,"11,730.10 ref, $357.77",3,misc,Level 1-100 Hat,341
78,Hellfire,Blast Defense,11444,200 keys,"11,444.00 ref, $349.04",0,misc,Level 1-100 Headgear,30863
78,Hellfire,Honcho's Headgear,11444,200 keys,"11,444.00 ref, $349.04",1,misc,Level 1-100 Hat,391
78,Hellfire,Das Maddendoktor,10356.82,181 keys,"10,356.82 ref, $315.88",3,misc,Level 1-100 Hair,30121
78,Hellfire,Towering Pillar of Hats,10299.6,180 keys,"10,299.60 ref, $314.14",1,misc,Level 1-100 Hat,135
78,Hellfire,Danger,10013.5,175 keys,"10,013.50 ref, $305.41",1,misc,Level 1-100 Apparel,30420
78,Hellfire,Prancer's Pride,9727.4,170 keys,"9,727.40 ref, $296.69",3,misc,Level 1-100 Hat,318
78,Hellfire,Fortunate Son,9612.96,168 keys,"9,612.96 ref, $293.20",1,misc,Level 1-100 Helmet,30636
78,Hellfire,Dragonborn Helmet,9498.52,133–199 keys,"9,498.52 ref, $289.70",2,misc,Level 10 Helmet,517
78,Hellfire,Respectless Robo-Glove,9269.64,162 keys,"9,269.64 ref, $282.72",1,misc,Level 1-100 Hat,30039
78,Hellfire,Nuke,9012.15,140–175 keys,"9,012.15 ref, $274.87",2,misc,Level 1-100 Hair,30885
78,Hellfire,Samur-Eye,8869.1,155 keys,"8,869.10 ref, $270.51",2,misc,Level 1-100 Helmet,359
78,Hellfire,Cosa Nostra Cap,8554.39,135–164 keys,"8,554.39 ref, $260.91",2,misc,Level 1-100 Hat,459
78,Hellfire,Tavish DeGroot Experience,8411.34,147 keys,"8,411.34 ref, $256.55",3,misc,Level 10 Hat,604
78,Hellfire,Pirate Bandana,6294.2,110 keys,"6,294.20 ref, $191.97",1,misc,Level 1-100 Hat,30180
78,Hellfire,Liquidator's Lid,6151.15,100–115 keys,"6,151.15 ref, $187.61",1,misc,Level 1-100 Hat,779
78,Hellfire,Buccaneer's Bicorne,5722,100 keys,"5,722.00 ref, $174.52",3,misc,Level 10 Hat,607
78,Hellfire,Doctor's Sack,5722,100 keys,"5,722.00 ref, $174.52",2,misc,Level 1-100 Hat,398
78,Hellfire,German Gonzila,5722,100 keys,"5,722.00 ref, $174.52",1,misc,Level 1-100 Hat,323
78,Hellfire,Gym Rat,5722,80–120 keys,"5,722.00 ref, $174.52",1,misc,Level 10 Hair,613
78,Hellfire,Physician's Protector,5578.95,95–100 keys,"5,578.95 ref, $170.16",0,misc,Level 1-100 Helmet,30625
78,Hellfire,Hive Minder,5550.34,92–102 keys,"5,550.34 ref, $169.29",1,misc,Level 1-100 Hat,30093
78,Hellfire,Vintage Tyrolean,5550.34,97 keys,"5,550.34 ref, $169.29",1,misc,Level 1-100 Hat,101
78,Hellfire,Metal Slug,5435.9,90–100 keys,"5,435.90 ref, $165.79",1,misc,Level 1-100 Hat,30028
78,Hellfire,Archer's Sterling,5378.68,88–100 keys,"5,378.68 ref, $164.05",0,misc,Level 1-100 Helmet,30874
78,Hellfire,Hottie's Hoodie,5378.68,94 keys,"5,378.68 ref, $164.05",1,misc,Level 1-100 Hood,377
78,Hellfire,Base Metal Billycock,5264.24,92 keys,"5,264.24 ref, $160.56",3,misc,Level 1-100 Hat,30007
78,Hellfire,L'Inspecteur,5264.24,74–110 keys,"5,264.24 ref, $160.56",3,misc,Level 10 Hat,622
78,Hellfire,Pom-Pommed Provocateur,5149.8,90 keys,"5,149.80 ref, $157.07",1,misc,Level 1-100 Mask,30072
78,Hellfire,Full Metal Drill Hat,5092.58,89 keys,"5,092.58 ref, $155.32",1,misc,Level 1-100 Hat,30026
78,Hellfire,Peacenik's Ponytail,4863.7,85 keys,"4,863.70 ref, $148.34",1,misc,Level 1-100 Hair,30406
78,Hellfire,Texas Ten Gallon,4806.48,84 keys,"4,806.48 ref, $146.60",1,misc,Level 1-100 Hat,94
78,Hellfire,Furious Fukaamigasa,4749.26,83 keys,"4,749.26 ref, $144.85",1,misc,Level 1-100 Hat,395
78,Hellfire,Sultan's Ceremonial,4520.38,64–94 keys,"4,520.38 ref, $137.87",1,misc,Level 1-100 Hat,403
78,Hellfire,Ye Olde Baker Boy,4463.16,78 keys,"4,463.16 ref, $136.13",0,misc,Level 1-100 Hat,107
78,Hellfire,Old Guadalajara,4348.72,76 keys,"4,348.72 ref, $132.64",4,misc,Level 1-100 Hat,247
78,Hellfire,Capo's Capper,4291.5,75 keys,"4,291.50 ref, $130.89",2,misc,Level 1-100 Hat,427
78,Hellfire,Frenchman's Beret,4291.5,65–85 keys,"4,291.50 ref, $130.89",1,misc,Level 1-100 Hat,180
78,Hellfire,Ze Goggles,4005.4,70 keys,"4,005.40 ref, $122.16",2,misc,Level 1-100 Glasses,177
78,Hellfire,Pardner's Pompadour,3948.18,67–71 keys,"3,948.18 ref, $120.42",1,misc,Level 1-100 Hair,30099
78,Hellfire,Burning Bandana,3890.96,61–75 keys,"3,890.96 ref, $118.67",1,misc,Level 1-100 Bandana,30091
78,Hellfire,Safe'n'Sound,3719.3,65 keys,"3,719.30 ref, $113.44",1,misc,Level 1-100 Hat,178
78,Hellfire,Caribbean Conqueror,3547.64,62 keys,"3,547.64 ref, $108.20",2,misc,Level 1-100 Hat,30116
78,Hellfire,Lord Cockswain's Pith Helmet,3519.03,60–63 keys,"3,519.03 ref, $107.33",1,misc,Level 1-100 Headgear,439
78,Hellfire,Bullet Buzz,3147.1,55 keys,"3,147.10 ref, $95.99",0,misc,Level 1-100 Hair,30344
78,Hellfire,Hotrod,3089.88,54 keys,"3,089.88 ref, $94.24",1,misc,Level 1-100 Mask,148
78,Hellfire,Carouser's Capotain,2975.44,52 keys,"2,975.44 ref, $90.75",2,misc,Level 1-100 Hat,259
78,Hellfire,Cadaver's Cranium,2889.61,44–57 keys,"2,889.61 ref, $88.13",0,misc,Level 31 Hat,290
78,Hellfire,Pure Tin Capotain,2574.9,45 keys,"2,574.90 ref, $78.53",1,misc,Level 1-100 Hat,30021
78,Hellfire,Engineer's Cap,2431.85,34–51 keys,"2,431.85 ref, $74.17",2,misc,Level 1-100 Hat,95
78,Hellfire,Tsarboosh,2431.85,38–47 keys,"2,431.85 ref, $74.17",1,misc,Level 1-100 Hat,30081
78,Hellfire,Hetman's Headpiece,2202.97,37–40 keys,"2,202.97 ref, $67.19",1,misc,Level 1-100 Hat,436
78,Hellfire,Strontium Stove Pipe,2117.14,37 keys,"2,117.14 ref, $64.57",1,misc,Level 1-100 Hat,30037
78,Hellfire,Timeless Topper,1087.18,19 keys,"1,087.18 ref, $33.16",3,misc,Level 1-100 Hat,30035
80,Demonflame,Bonk Boy,437733,7650 keys,"437,733.00 ref, $13350.86",4,misc,Level 1-100 Mask,451
80,Demonflame,Master's Yellow Belt,432011,7550 keys,"432,011.00 ref, $13176.34",2,misc,Level 1-100 Hat,110
80,Demonflame,Brainiac Hairpiece,280378,4900 keys,"280,378.00 ref, $8551.53",2,misc,Level 1-100 Facial Hair,590
80,Demonflame,Large Luchador,277517,4850 keys,"277,517.00 ref, $8464.27",1,misc,Level 1-100 Mask,380
80,Demonflame,Whirly Warrior,266073,4650 keys,"266,073.00 ref, $8115.23",1,misc,Level 1-100 Helmet,30118
80,Demonflame,Crone's Dome,254285.68,4444 keys,"254,285.68 ref, $7755.71",1,misc,Level 1-100 Hat,920
80,Demonflame,Cotton Head,238893.5,4175 keys,"238,893.50 ref, $7286.25",3,misc,Level 1-100 Hat,30175
80,Demonflame,Tough Stuff Muffs,205992,3600 keys,"205,992.00 ref, $6282.76",3,misc,Level 1-100 Hat,984
80,Demonflame,Brotherhood of Arms,183104,3200 keys,"183,104.00 ref, $5584.67",3,misc,Level 1-100 Hat,30066
80,Demonflame,Hat with No Name,154494,2700 keys,"154,494.00 ref, $4712.07",3,misc,Level 10 Hat,631
80,Demonflame,Brown Bomber,148772,2600 keys,"148,772.00 ref, $4537.55",6,misc,Level 1-100 Hat,671
80,Demonflame,Engineer's Cap,125884,2200 keys,"125,884.00 ref, $3839.46",2,misc,Level 1-100 Hat,95
80,Demonflame,Vive la France,123023,2150 keys,"123,023.00 ref, $3752.20",1,misc,Level 1-100 Hat,30422
80,Demonflame,Salty Dog,120162,2100 keys,"120,162.00 ref, $3664.94",2,misc,Level 10 Hat,611
80,Demonflame,Rotation Sensation,105857,1850 keys,"105,857.00 ref, $3228.64",3,misc,Level 1-100 Hat,30623
80,Demonflame,Modest Pile of Hat,97274,1700 keys,"97,274.00 ref, $2966.86",5,misc,Level 1-100 Hat,139
80,Demonflame,Lucky Shot,95843.5,1675 keys,"95,843.50 ref, $2923.23",1,misc,Level 1-100 Helmet,701
80,Demonflame,Brim-Full of Bullets,89148.76,1558 keys,"89,148.76 ref, $2719.04",1,misc,Level 1-100 Hat,30173
80,Demonflame,Powdered Practitioner,87489.38,1529 keys,"87,489.38 ref, $2668.43",2,misc,Level 1-100 Hat,30069
80,Demonflame,Flamboyant Flamenco,85830,1500 keys,"85,830.00 ref, $2617.82",4,misc,Level 10 Hat,627
80,Demonflame,Grimm Hatte,85830,1500 keys,"85,830.00 ref, $2617.82",2,misc,Level 1-100 Hat,383
80,Demonflame,Hat of Cards,85830,1500 keys,"85,830.00 ref, $2617.82",3,misc,Level 1-100 Hat,825
80,Demonflame,Larrikin Robin,85830,1500 keys,"85,830.00 ref, $2617.82",1,misc,Level 1-100 Hat,314
80,Demonflame,Well-Rounded Rifleman,85830,1500 keys,"85,830.00 ref, $2617.82",2,misc,Level 1-100 Hat,30067
80,Demonflame,Caribbean Conqueror,82969,1400–1500 keys,"82,969.00 ref, $2530.55",2,misc,Level 1-100 Hat,30116
80,Demonflame,Gentleman's Gatsby,82969,1450 keys,"82,969.00 ref, $2530.55",2,misc,Level 1-100 Hat,184
80,Demonflame,Liquidator's Lid,82969,1450 keys,"82,969.00 ref, $2530.55",1,misc,Level 1-100 Hat,779
80,Demonflame,Human Cannonball,80108,1400 keys,"80,108.00 ref, $2443.29",1,misc,Level 1-100 Helmet,817
80,Demonflame,Shellmet,80108,1400 keys,"80,108.00 ref, $2443.29",2,misc,Level 1-100 Helmet,30897
80,Demonflame,Your Worst Nightmare,80108,1400 keys,"80,108.00 ref, $2443.29",1,misc,Level 10 Hair,600
80,Demonflame,Cloud Crasher,77247,1350 keys,"77,247.00 ref, $2356.03",5,misc,Level 1-100 Helmet,30071
80,Demonflame,Jungle Wreath,77247,1350 keys,"77,247.00 ref, $2356.03",1,misc,Level 1-100 Hat,30882
80,Demonflame,Surgeon's Stahlhelm,74386,1300 keys,"74,386.00 ref, $2268.77",1,misc,Level 10 Helmet,616
80,Demonflame,Warhood,71525,1000–1500 keys,"71,525.00 ref, $2181.51",0,misc,Level 1-100 Hood,30866
80,Demonflame,Killer Exclusive,70323.38,1229 keys,"70,323.38 ref, $2144.86",2,misc,Level 10 Hat,538
80,Demonflame,Das Naggenvatcher,68664,1200 keys,"68,664.00 ref, $2094.25",4,misc,Level 1-100 Hat,30109
80,Demonflame,Carouser's Capotain,65803,1150 keys,"65,803.00 ref, $2006.99",3,misc,Level 1-100 Hat,259
80,Demonflame,Tyrantium Helmet,65803,1150 keys,"65,803.00 ref, $2006.99",4,misc,Level 1-100 Helmet,30014
80,Demonflame,Letch's LED,65230.8,1140 keys,"65,230.80 ref, $1989.54",2,misc,Level 1-100 Hat,30002
80,Demonflame,Classy Capper,62942,1100 keys,"62,942.00 ref, $1919.73",2,misc,Level 1-100 Hat,30893
80,Demonflame,Titanium Tyrolean,62942,1100 keys,"62,942.00 ref, $1919.73",3,misc,Level 1-100 Hat,30045
80,Demonflame,Fruit Shoot,60081,1050 keys,"60,081.00 ref, $1832.47",1,misc,Level 1-100 Hat,759
80,Demonflame,Grenadier's Softcap,60081,1050 keys,"60,081.00 ref, $1832.47",5,misc,Level 1-100 Hat,227
80,Demonflame,Harmburg,60081,1050 keys,"60,081.00 ref, $1832.47",2,misc,Level 1-100 Hat,30123
80,Demonflame,Stainless Pot,60081,1000–1100 keys,"60,081.00 ref, $1832.47",3,misc,Level 1-100 Hat,98
80,Demonflame,Crocleather Slouch,57220,1000 keys,"57,220.00 ref, $1745.21",3,misc,Level 1-100 Hat,344
80,Demonflame,Sergeant's Drill Hat,57220,1000 keys,"57,220.00 ref, $1745.21",3,misc,Level 1-100 Hat,183
80,Demonflame,Battle Boonie,56647.8,990 keys,"56,647.80 ref, $1727.76",2,misc,Level 1-100 Hat,30907
80,Demonflame,Fed-Fightin' Fedora,56647.8,990 keys,"56,647.80 ref, $1727.76",4,misc,Level 1-100 Hat,780
80,Demonflame,Industrial Festivizer,53615.14,937 keys,"53,615.14 ref, $1635.26",4,misc,Level 1-100 Hat,338
80,Demonflame,Cyborg Stunt Helmet,53214.6,930 keys,"53,214.60 ref, $1623.05",2,misc,Level 1-100 Helmet,30024
80,Demonflame,FR-0,51555.22,901 keys,"51,555.22 ref, $1572.43",2,misc,Level 1-100 Hat,30016
80,Demonflame,Bloke's Bucket Hat,51498,900 keys,"51,498.00 ref, $1570.69",4,misc,Level 1-100 Hat,181
80,Demonflame,Cold Killer,50925.8,890 keys,"50,925.80 ref, $1553.24",2,misc,Level 1-100 Hat,981
80,Demonflame,Bone Dome,50067.5,875 keys,"50,067.50 ref, $1527.06",4,misc,Level 1-100 Helmet,30162
80,Demonflame,Ze Goggles,50067.5,875 keys,"50,067.50 ref, $1527.06",4,misc,Level 1-100 Glasses,177
80,Demonflame,Heavy Duty Rag,49352.25,675–1050 keys,"49,352.25 ref, $1505.24",1,misc,Level 1-100 Bandana,185
80,Demonflame,Big Chief,48637,850 keys,"48,637.00 ref, $1483.43",1,misc,Level 1-100 Hat,309
80,Demonflame,Private Eye,47778.7,770–900 keys,"47,778.70 ref, $1457.25",2,misc,Level 1-100 Hat,388
80,Demonflame,Bubble Pipe,46920.4,820 keys,"46,920.40 ref, $1431.07",4,misc,Level 1-100 Helmet,597
80,Demonflame,Bunsen Brave,45776,800 keys,"45,776.00 ref, $1396.17",2,misc,Level 1-100 Hat,30054
80,Demonflame,German Gonzila,45776,800 keys,"45,776.00 ref, $1396.17",3,misc,Level 1-100 Hat,323
80,Demonflame,Hustler's Hallmark,45776,800 keys,"45,776.00 ref, $1396.17",1,misc,Level 1-100 Hat,146
80,Demonflame,Ol' Snaggletooth,45776,800 keys,"45,776.00 ref, $1396.17",3,misc,Level 1-100 Hat,229
80,Demonflame,Honcho's Headgear,44459.94,777 keys,"44,459.94 ref, $1356.03",2,misc,Level 1-100 Hat,391
80,Demonflame,Détective Noir,44345.5,775 keys,"44,345.50 ref, $1352.54",2,misc,Level 1-100 Hat,319
80,Demonflame,Furious Fukaamigasa,42915,750 keys,"42,915.00 ref, $1308.91",1,misc,Level 1-100 Hat,395
80,Demonflame,Bot Dogger,42342.8,740 keys,"42,342.80 ref, $1291.46",1,misc,Level 1-100 Hat,30018
80,Demonflame,Team Captain,42342.8,740 keys,"42,342.80 ref, $1291.46",1,misc,Level 1-100 Hat,378
80,Demonflame,Burning Bandana,41484.5,725 keys,"41,484.50 ref, $1265.28",2,misc,Level 1-100 Bandana,30091
80,Demonflame,Bonk Helm,40197.05,680–725 keys,"40,197.05 ref, $1226.01",5,misc,Level 1-100 Helmet,106
80,Demonflame,Little Buddy,40054,700 keys,"40,054.00 ref, $1221.65",1,misc,Level 10 Hat,612
80,Demonflame,Hard Counter,38909.6,680 keys,"38,909.60 ref, $1186.74",1,misc,Level 1-100 Hat,254
80,Demonflame,Strontium Stove Pipe,38909.6,680 keys,"38,909.60 ref, $1186.74",4,misc,Level 1-100 Hat,30037
80,Demonflame,Exquisite Rack,38108.52,666 keys,"38,108.52 ref, $1162.31",1,misc,Level 1-100 Cosmetic Item,339
80,Demonflame,Pirate Bandana,37765.2,520–800 keys,"37,765.20 ref, $1151.84",1,misc,Level 1-100 Hat,30180
80,Demonflame,Stormin' Norman,37479.1,655 keys,"37,479.10 ref, $1143.11",2,misc,Level 1-100 Helmet,30112
80,Demonflame,Antlers,37193,600–700 keys,"37,193.00 ref, $1134.39",0,misc,Level 1-100 Cosmetic Item,993
80,Demonflame,Killer's Kabuto,37193,500–800 keys,"37,193.00 ref, $1134.39",1,misc,Level 1-100 Helmet,152
80,Demonflame,Shooter's Tin Topi,37193,650 keys,"37,193.00 ref, $1134.39",1,misc,Level 1-100 Hat,30005
80,Demonflame,Plug-In Prospector,35762.5,450–800 keys,"35,762.50 ref, $1090.76",3,misc,Level 1-100 Hat,30031
80,Demonflame,Virtual Reality Headset,35762.5,625 keys,"35,762.50 ref, $1090.76",1,misc,Level 10 Headset,628
80,Demonflame,Brigade Helm,34904.2,540–680 keys,"34,904.20 ref, $1064.58",1,misc,Level 1-100 Helmet,105
80,Demonflame,Firewall Helmet,34332,600 keys,"34,332.00 ref, $1047.13",1,misc,Level 1-100 Helmet,30038
80,Demonflame,Swagman's Swatter,34332,600 keys,"34,332.00 ref, $1047.13",1,misc,Level 10 Hat,626
80,Demonflame,Dragonborn Helmet,33759.8,590 keys,"33,759.80 ref, $1029.67",2,misc,Level 10 Helmet,517
80,Demonflame,Pencil Pusher,31471,550 keys,"31,471.00 ref, $959.87",1,misc,Level 10 Hair,605
80,Demonflame,Tam O' Shanter,31471,550 keys,"31,471.00 ref, $959.87",2,misc,Level 1-100 Hat,480
80,Demonflame,Reggaelator,31184.9,500–590 keys,"31,184.90 ref, $951.14",3,misc,Level 1-100 Hat,390
80,Demonflame,Electric Escorter,30040.5,525 keys,"30,040.50 ref, $916.24",2,misc,Level 1-100 Hat,30025
80,Demonflame,Magistrate's Mullet,30040.5,525 keys,"30,040.50 ref, $916.24",2,misc,Level 1-100 Hair,147
80,Demonflame,Glengarry Bonnet,29468.3,515 keys,"29,468.30 ref, $898.78",4,misc,Level 1-100 Hat,100
80,Demonflame,Tsarboosh,29039.15,465–550 keys,"29,039.15 ref, $885.69",3,misc,Level 1-100 Hat,30081
80,Demonflame,Backbiter's Billycock,28610,500 keys,"28,610.00 ref, $872.61",1,misc,Level 1-100 Hat,108
80,Demonflame,Das Maddendoktor,28610,500 keys,"28,610.00 ref, $872.61",1,misc,Level 1-100 Hair,30121
80,Demonflame,Wraith Wrap,28610,500 keys,"28,610.00 ref, $872.61",3,misc,Level 1-100 Apparel,937
80,Demonflame,Copper's Hard Top,26464.25,455–470 keys,"26,464.25 ref, $807.16",3,misc,Level 1-100 Helmet,478
80,Demonflame,Officer's Ushanka,26321.2,400–520 keys,"26,321.20 ref, $802.80",2,misc,Level 1-100 Hat,96
80,Demonflame,Outdoorsman,25749,450 keys,"25,749.00 ref, $785.34",3,misc,Level 10 Hat,603
80,Demonflame,Belgian Detective,24604.6,430 keys,"24,604.60 ref, $750.44",2,misc,Level 1-100 Hat,30128
80,Demonflame,Texas Ten Gallon,22888,400 keys,"22,888.00 ref, $698.08",1,misc,Level 1-100 Hat,94
80,Demonflame,Pyromancer's Mask,21571.94,377 keys,"21,571.94 ref, $657.94",2,misc,Level 1-100 Mask,316
80,Demonflame,Napper's Respite,21171.4,370 keys,"21,171.40 ref, $645.73",4,misc,Level 1-100 Hat,248
80,Demonflame,Slick Cut,20027,350 keys,"20,027.00 ref, $610.82",2,misc,Level 1-100 Hair,30187
80,Demonflame,Horrific Headsplitter,19912.56,348 keys,"19,912.56 ref, $607.33",5,misc,Level 31 Hat,291
80,Demonflame,Pampered Pyro,18596.5,325 keys,"18,596.50 ref, $567.19",4,misc,Level 1-100 Towel,30139
80,Demonflame,Gym Rat,18138.74,317 keys,"18,138.74 ref, $553.23",1,misc,Level 10 Hair,613
80,Demonflame,Blast Defense,17166,300 keys,"17,166.00 ref, $523.56",0,misc,Level 1-100 Headgear,30863
80,Demonflame,Front Runner,17166,300 keys,"17,166.00 ref, $523.56",1,misc,Level 1-100 Hat,760
80,Demonflame,Wing Mann,16708.24,292 keys,"16,708.24 ref, $509.60",1,misc,Level 1-100 Hat,30809
80,Demonflame,Nuke,15449.4,270 keys,"15,449.40 ref, $471.21",2,misc,Level 1-100 Hair,30885
80,Demonflame,Le Party Phantom,13160.6,230 keys,"13,160.60 ref, $401.40",1,misc,Level 1-100 Mask,337
80,Demonflame,Black Watch,12874.5,225 keys,"12,874.50 ref, $392.67",3,misc,Level 1-100 Hat,30105
80,Demonflame,Company Man,12817.28,224 keys,"12,817.28 ref, $390.93",3,misc,Level 10 Hat,523
80,Demonflame,Condor Cap,12273.69,179–250 keys,"12,273.69 ref, $374.35",1,misc,Level 1-100 Hat,30553
80,Demonflame,Whoopee Cap,11730.1,170–240 keys,"11,730.10 ref, $357.77",2,misc,Level 1-100 Hat,174
80,Demonflame,Connoisseur's Cap,11444,200 keys,"11,444.00 ref, $349.04",2,misc,Level 1-100 Hat,394
80,Demonflame,Desert Marauder,11444,200 keys,"11,444.00 ref, $349.04",1,misc,Level 1-100 Hat,400
80,Demonflame,Troublemaker's Tossle Cap,11444,200 keys,"11,444.00 ref, $349.04",1,misc,Level 1-100 Hat,150
80,Demonflame,Wet Works,11329.56,196–200 keys,"11,329.56 ref, $345.55",2,misc,Level 1-100 Hat,30135
80,Demonflame,Modest Metal Pile of Scrap,11300.95,173–222 keys,"11,300.95 ref, $344.68",1,misc,Level 1-100 Hat,30001
80,Demonflame,Milkman,10585.7,160–210 keys,"10,585.70 ref, $322.86",4,misc,Level 1-100 Hat,219
80,Demonflame,Pithy Professional,10442.65,175–190 keys,"10,442.65 ref, $318.50",0,misc,Level 1-100 Hat,30915
80,Demonflame,Gentleman's Ushanka,10328.21,161–200 keys,"10,328.21 ref, $315.01",1,misc,Level 1-100 Hat,778
80,Demonflame,Tavish DeGroot Experience,9784.62,171 keys,"9,784.62 ref, $298.43",1,misc,Level 10 Hat,604
80,Demonflame,Old Guadalajara,9555.74,167 keys,"9,555.74 ref, $291.45",3,misc,Level 1-100 Hat,247
80,Demonflame,Broadband Bonnet,9212.42,161 keys,"9,212.42 ref, $280.98",2,misc,Level 1-100 Hat,30029
80,Demonflame,Ye Oiled Baker Boy,8869.1,150–160 keys,"8,869.10 ref, $270.51",2,misc,Level 1-100 Hat,30019
80,Demonflame,Flipped Trilby,8754.66,153 keys,"8,754.66 ref, $267.02",1,misc,Level 1-100 Hat,324
80,Demonflame,Dread Knot,8640.22,151 keys,"8,640.22 ref, $263.53",2,misc,Level 1-100 Hair,358
80,Demonflame,Soviet Gentleman,8583,150 keys,"8,583.00 ref, $261.78",1,misc,Level 1-100 Hat,821
80,Demonflame,Tartan Spartan,8583,150 keys,"8,583.00 ref, $261.78",2,misc,Level 1-100 Helmet,30106
80,Demonflame,Madame Dixie,8554.39,139–160 keys,"8,554.39 ref, $260.91",2,misc,Level 1-100 Hat,321
80,Demonflame,Handyman's Handle,8010.8,140 keys,"8,010.80 ref, $244.33",3,misc,Level 1-100 Hat,253
80,Demonflame,Conquistador,7867.75,120–155 keys,"7,867.75 ref, $239.97",3,misc,Level 1-100 Helmet,721
80,Demonflame,Armored Authority,7724.7,135 keys,"7,724.70 ref, $235.60",1,misc,Level 1-100 Helmet,445
80,Demonflame,One-Man Army,7438.6,110–150 keys,"7,438.60 ref, $226.88",1,misc,Level 10 Hair,601
80,Demonflame,Samur-Eye,7152.5,125 keys,"7,152.50 ref, $218.15",3,misc,Level 1-100 Helmet,359
80,Demonflame,Cosa Nostra Cap,6866.4,120 keys,"6,866.40 ref, $209.43",4,misc,Level 1-100 Hat,459
80,Demonflame,Full Metal Drill Hat,6866.4,120 keys,"6,866.40 ref, $209.43",1,misc,Level 1-100 Hat,30026
80,Demonflame,Pyro's Boron Beanie,6866.4,120 keys,"6,866.40 ref, $209.43",0,misc,Level 1-100 Hat,30040
80,Demonflame,Das Übersternmann,6580.3,100–130 keys,"6,580.30 ref, $200.70",2,misc,Level 1-100 Hat,30097
80,Demonflame,Defiant Spartan,6179.76,103–113 keys,"6,179.76 ref, $188.48",2,misc,Level 1-100 Helmet,340
80,Demonflame,Hetman's Headpiece,5836.44,102 keys,"5,836.44 ref, $178.01",2,misc,Level 1-100 Hat,436
80,Demonflame,Jumper's Jeepcap,5722,100 keys,"5,722.00 ref, $174.52",1,misc,Level 1-100 Hat,417
80,Demonflame,Nanobalaclava,5722,100 keys,"5,722.00 ref, $174.52",0,misc,Level 10 Hat,521
80,Demonflame,Bolted Bicorne,5664.78,99 keys,"5,664.78 ref, $172.78",3,misc,Level 1-100 Hat,30034
80,Demonflame,Bolted Birdcage,5664.78,99 keys,"5,664.78 ref, $172.78",1,misc,Level 1-100 Hat,30057
80,Demonflame,Head Warmer,5493.12,96 keys,"5,493.12 ref, $167.54",1,misc,Level 1-100 Hat,644
80,Demonflame,Rimmed Raincatcher,5292.85,85–100 keys,"5,292.85 ref, $161.43",1,misc,Level 1-100 Hat,216
80,Demonflame,Counterfeit Billycock,5264.24,92 keys,"5,264.24 ref, $160.56",2,misc,Level 10 Hat,602
80,Demonflame,Virus Doctor,5149.8,80–100 keys,"5,149.80 ref, $157.07",2,misc,Level 1-100 Hat,30043
80,Demonflame,Respectless Robo-Glove,5035.36,88 keys,"5,035.36 ref, $153.58",1,misc,Level 1-100 Hat,30039
80,Demonflame,Glasgow Great Helm,4920.92,86 keys,"4,920.92 ref, $150.09",2,misc,Level 1-100 Helmet,30082
80,Demonflame,Stately Steel Toe,4692.04,72–92 keys,"4,692.04 ref, $143.11",2,misc,Level 1-100 Hat,481
80,Demonflame,Buckaroo's Hat,4634.82,81 keys,"4,634.82 ref, $141.36",2,misc,Level 1-100 Hat,322
80,Demonflame,Capo's Capper,4577.6,80 keys,"4,577.60 ref, $139.62",3,misc,Level 1-100 Hat,427
80,Demonflame,Hound Dog,4577.6,75–85 keys,"4,577.60 ref, $139.62",2,misc,Level 1-100 Hair,145
80,Demonflame,Stout Shako,4577.6,80 keys,"4,577.60 ref, $139.62",3,misc,Level 1-100 Hat,251
80,Demonflame,Otolaryngologist's Mirror,4463.16,78 keys,"4,463.16 ref, $136.13",2,misc,Level 1-100 Hat,104
80,Demonflame,Ye Olde Baker Boy,4405.94,70–84 keys,"4,405.94 ref, $134.38",1,misc,Level 1-100 Hat,107
80,Demonflame,A Head Full of Hot Air,4291.5,75 keys,"4,291.50 ref, $130.89",1,misc,Level 1-100 Hat,30662
80,Demonflame,Waxy Wayfinder,4005.4,70 keys,"4,005.40 ref, $122.16",1,misc,Level 1-100 Hat,753
80,Demonflame,Bombing Run,3576.25,55–70 keys,"3,576.25 ref, $109.08",2,misc,Level 1-100 Helmet,249
80,Demonflame,Gridiron Guardian,3433.2,60 keys,"3,433.20 ref, $104.71",1,misc,Level 1-100 Helmet,30013
80,Demonflame,Texas Tin-Gallon,3375.98,59 keys,"3,375.98 ref, $102.97",3,misc,Level 1-100 Hat,30044
80,Demonflame,Tungsten Toque,3290.15,45–70 keys,"3,290.15 ref, $100.35",2,misc,Level 1-100 Hat,30049
80,Demonflame,Lord Cockswain's Pith Helmet,3261.54,57 keys,"3,261.54 ref, $99.48",2,misc,Level 1-100 Headgear,439
80,Demonflame,Sober Stuntman,3261.54,57 keys,"3,261.54 ref, $99.48",2,misc,Level 1-100 Helmet,255
80,Demonflame,Doctor's Sack,3007.7049180328,43.81–61.32 keys,"3,007.70 ref, 52.56 keys",1,misc,Level 1-100 Hat,398
80,Demonflame,Big Elfin Deal,2689.34,46–48 keys,"2,689.34 ref, $82.02",2,misc,Level 1-100 Hat,652
80,Demonflame,Bonk Leadwear,2574.9,45 keys,"2,574.90 ref, $78.53",2,misc,Level 1-100 Helmet,30030
80,Demonflame,Coupe D'isaster,2460.46,43 keys,"2,460.46 ref, $75.04",1,misc,Level 1-100 Hair,330
80,Demonflame,Pure Tin Capotain,2145.75,32–43 keys,"2,145.75 ref, $65.45",2,misc,Level 1-100 Hat,30021
80,Demonflame,Helmet without a Home,2117.14,37 keys,"2,117.14 ref, $64.57",1,misc,Level 1-100 Helmet,732
80,Demonflame,Plumber's Pipe,2002.7,35 keys,"2,002.70 ref, $61.08",1,misc,Level 1-100 Hat,30022
70,Time Warp,Exquisite Rack,253198.5,4425 keys,"253,198.50 ref, $7722.55",3,misc,Level 1-100 Cosmetic Item,339
70,Time Warp,Polar Pullover,226019,3950 keys,"226,019.00 ref, $6893.58",1,misc,Level 1-100 Hat,30329
70,Time Warp,Antlers,197409,2800–4100 keys,"197,409.00 ref, $6020.97",2,misc,Level 1-100 Cosmetic Item,993
70,Time Warp,Team Captain,171660,3000 keys,"171,660.00 ref, $5235.63",2,misc,Level 1-100 Hat,378
70,Time Warp,Dr's Dapper Topper,157355,2500–3000 keys,"157,355.00 ref, $4799.33",4,misc,Level 1-100 Hat,252
70,Time Warp,Killer Exclusive,143050,2500 keys,"143,050.00 ref, $4363.02",2,misc,Level 10 Hat,538
70,Time Warp,Soldered Sensei,123023,2150 keys,"123,023.00 ref, $3752.20",7,misc,Level 1-100 Hat,30004
70,Time Warp,Pyromancer's Mask,114440,2000 keys,"114,440.00 ref, $3490.42",2,misc,Level 1-100 Mask,316
70,Time Warp,Master's Yellow Belt,97274,1700 keys,"97,274.00 ref, $2966.86",2,misc,Level 1-100 Hat,110
70,Time Warp,Large Luchador,80108,1400 keys,"80,108.00 ref, $2443.29",2,misc,Level 1-100 Mask,380
70,Time Warp,Hat with No Name,77247,1350 keys,"77,247.00 ref, $2356.03",3,misc,Level 10 Hat,631
70,Time Warp,Law,68664,1200 keys,"68,664.00 ref, $2094.25",2,misc,Level 1-100 Hat,30362
70,Time Warp,Villain's Veil,68664,1200 keys,"68,664.00 ref, $2094.25",2,misc,Level 1-100 Bandana,393
70,Time Warp,Vive la France,65803,1050–1250 keys,"65,803.00 ref, $2006.99",1,misc,Level 1-100 Hat,30422
70,Time Warp,Well-Rounded Rifleman,62942,1100 keys,"62,942.00 ref, $1919.73",2,misc,Level 1-100 Hat,30067
70,Time Warp,Anger,57220,1000 keys,"57,220.00 ref, $1745.21",7,misc,Level 10 Hood,518
70,Time Warp,Merc's Mohawk,57220,1000 keys,"57,220.00 ref, $1745.21",2,misc,Level 1-100 Hair,30413
70,Time Warp,Brotherhood of Arms,51498,900 keys,"51,498.00 ref, $1570.69",2,misc,Level 1-100 Hat,30066
70,Time Warp,War Pig,51498,900 keys,"51,498.00 ref, $1570.69",7,misc,Level 1-100 Headgear,829
70,Time Warp,Company Man,48064.8,780–900 keys,"48,064.80 ref, $1465.98",4,misc,Level 10 Hat,523
70,Time Warp,Le Party Phantom,44459.94,777 keys,"44,459.94 ref, $1356.03",3,misc,Level 1-100 Mask,337
70,Time Warp,Crone's Dome,44345.5,775 keys,"44,345.50 ref, $1352.54",5,misc,Level 1-100 Hat,920
70,Time Warp,Samur-Eye,44345.5,775 keys,"44,345.50 ref, $1352.54",2,misc,Level 1-100 Helmet,359
70,Time Warp,Bonk Boy,43129.180327869,753.74 keys,"43,129.18 ref, 753.74 keys",1,misc,Level 1-100 Mask,451
70,Time Warp,Conjurer's Cowl,42915,750 keys,"42,915.00 ref, $1308.91",4,misc,Level 1-100 Hood,465
70,Time Warp,Cotton Head,42915,750 keys,"42,915.00 ref, $1308.91",1,misc,Level 1-100 Hat,30175
70,Time Warp,Swagman's Swatter,42628.9,745 keys,"42,628.90 ref, $1300.18",2,misc,Level 10 Hat,626
70,Time Warp,Sergeant's Drill Hat,42342.8,680–800 keys,"42,342.80 ref, $1291.46",3,misc,Level 1-100 Hat,183
70,Time Warp,Cold Killer,41770.6,730 keys,"41,770.60 ref, $1274.00",6,misc,Level 1-100 Hat,981
70,Time Warp,Backwards Ballcap,40054,700 keys,"40,054.00 ref, $1221.65",4,misc,Level 10 Hat,617
70,Time Warp,Whirly Warrior,40054,600–800 keys,"40,054.00 ref, $1221.65",3,misc,Level 1-100 Helmet,30118
70,Time Warp,Vintage Tyrolean,39710.68,694 keys,"39,710.68 ref, $1211.18",1,misc,Level 1-100 Hat,101
70,Time Warp,Modest Pile of Hat,39481.8,650–730 keys,"39,481.80 ref, $1204.19",4,misc,Level 1-100 Hat,139
70,Time Warp,Grimm Hatte,38623.5,675 keys,"38,623.50 ref, $1178.02",1,misc,Level 1-100 Hat,383
70,Time Warp,Troublemaker's Tossle Cap,37193,650 keys,"37,193.00 ref, $1134.39",7,misc,Level 1-100 Hat,150
70,Time Warp,Danger,36048.6,630 keys,"36,048.60 ref, $1099.48",2,misc,Level 1-100 Apparel,30420
70,Time Warp,Blighted Beak,34332,600 keys,"34,332.00 ref, $1047.13",1,misc,Level 1-100 Mask,315
70,Time Warp,Lucky Shot,34332,600 keys,"34,332.00 ref, $1047.13",4,misc,Level 1-100 Helmet,701
70,Time Warp,Crown of the Old Kingdom,32901.5,575 keys,"32,901.50 ref, $1003.50",1,misc,Level 1-100 Hat,30567
70,Time Warp,Napper's Respite,32615.4,570 keys,"32,615.40 ref, $994.77",4,misc,Level 1-100 Hat,248
70,Time Warp,Noble Amassment of Hats,32043.2,560 keys,"32,043.20 ref, $977.32",4,misc,Level 1-100 Hat,137
70,Time Warp,El Jefe,31757.1,555 keys,"31,757.10 ref, $968.59",2,misc,Level 10 Hat,539
70,Time Warp,Chieftain's Challenge,30326.6,530 keys,"30,326.60 ref, $924.96",2,misc,Level 1-100 Hat,250
70,Time Warp,Brim-Full of Bullets,28610,500 keys,"28,610.00 ref, $872.61",1,misc,Level 1-100 Hat,30173
70,Time Warp,Cloud Crasher,28610,500 keys,"28,610.00 ref, $872.61",4,misc,Level 1-100 Helmet,30071
70,Time Warp,Galvanized Gibus,28610,500 keys,"28,610.00 ref, $872.61",4,misc,Level 1-100 Hat,30003
70,Time Warp,Hermes,28610,500 keys,"28,610.00 ref, $872.61",8,misc,Level 10 Hat,633
70,Time Warp,Texas Ten Gallon,28610,500 keys,"28,610.00 ref, $872.61",4,misc,Level 1-100 Hat,94
70,Time Warp,Wraith Wrap,28610,500 keys,"28,610.00 ref, $872.61",10,misc,Level 1-100 Apparel,937
70,Time Warp,Flipped Trilby,28037.8,490 keys,"28,037.80 ref, $855.15",8,misc,Level 1-100 Hat,324
70,Time Warp,Whoopee Cap,28037.8,490 keys,"28,037.80 ref, $855.15",4,misc,Level 1-100 Hat,174
70,Time Warp,Charmer's Chapeau,27465.6,480 keys,"27,465.60 ref, $837.70",2,misc,Level 1-100 Hat,397
70,Time Warp,Lord Cockswain's Pith Helmet,27465.6,480 keys,"27,465.60 ref, $837.70",4,misc,Level 1-100 Headgear,439
70,Time Warp,Armored Authority,27236.72,476 keys,"27,236.72 ref, $830.72",7,misc,Level 1-100 Helmet,445
70,Time Warp,Honcho's Headgear,25749,450 keys,"25,749.00 ref, $785.34",5,misc,Level 1-100 Hat,391
70,Time Warp,Front Runner,24890.7,435 keys,"24,890.70 ref, $759.17",9,misc,Level 1-100 Hat,760
70,Time Warp,Salty Dog,24604.6,430 keys,"24,604.60 ref, $750.44",6,misc,Level 10 Hat,611
70,Time Warp,Fed-Fightin' Fedora,24032.4,420 keys,"24,032.40 ref, $732.99",5,misc,Level 1-100 Hat,780
70,Time Warp,Peacenik's Ponytail,24032.4,420 keys,"24,032.40 ref, $732.99",2,misc,Level 1-100 Hair,30406
70,Time Warp,Bombing Run,23317.15,300–515 keys,"23,317.15 ref, $711.17",3,misc,Level 1-100 Helmet,249
70,Time Warp,Bone Dome,22888,400 keys,"22,888.00 ref, $698.08",1,misc,Level 1-100 Helmet,30162
70,Time Warp,Bonk Helm,22888,400 keys,"22,888.00 ref, $698.08",2,misc,Level 1-100 Helmet,106
70,Time Warp,Geisha Boy,22888,400 keys,"22,888.00 ref, $698.08",4,misc,Level 1-100 Hair,363
70,Time Warp,Heavy Duty Rag,22888,400 keys,"22,888.00 ref, $698.08",1,misc,Level 1-100 Bandana,185
70,Time Warp,Towering Pillar of Hats,22888,400 keys,"22,888.00 ref, $698.08",5,misc,Level 1-100 Hat,135
70,Time Warp,Desert Marauder,22315.8,380–400 keys,"22,315.80 ref, $680.63",2,misc,Level 1-100 Hat,400
70,Time Warp,Western Wear,22315.8,390 keys,"22,315.80 ref, $680.63",2,misc,Level 1-100 Hat,379
70,Time Warp,Das Naggenvatcher,21457.5,375 keys,"21,457.50 ref, $654.45",3,misc,Level 1-100 Hat,30109
70,Time Warp,Noble Nickel Amassment of Hats,21457.5,375 keys,"21,457.50 ref, $654.45",2,misc,Level 1-100 Hat,30006
70,Time Warp,Tipped Lid,21457.5,300–450 keys,"21,457.50 ref, $654.45",4,misc,Level 1-100 Hat,30425
70,Time Warp,Cosa Nostra Cap,21171.4,325–415 keys,"21,171.40 ref, $645.73",2,misc,Level 1-100 Hat,459
70,Time Warp,Familiar Fez,21171.4,370 keys,"21,171.40 ref, $645.73",5,misc,Level 1-100 Hat,223
70,Time Warp,A Rather Festive Tree,20885.3,365 keys,"20,885.30 ref, $637.00",3,misc,Level 1-100 Hat,341
70,Time Warp,Engineer's Cap,20027,350 keys,"20,027.00 ref, $610.82",4,misc,Level 1-100 Hat,95
70,Time Warp,FR-0,20027,350 keys,"20,027.00 ref, $610.82",7,misc,Level 1-100 Hat,30016
70,Time Warp,Ol' Geezer,20027,350 keys,"20,027.00 ref, $610.82",1,misc,Level 1-100 Hat,399
70,Time Warp,Virus Doctor,20027,350 keys,"20,027.00 ref, $610.82",5,misc,Level 1-100 Hat,30043
70,Time Warp,Ye Olde Baker Boy,20027,350 keys,"20,027.00 ref, $610.82",3,misc,Level 1-100 Hat,107
70,Time Warp,Professional's Panama,19454.8,340 keys,"19,454.80 ref, $593.37",3,misc,Level 1-100 Hat,109
70,Time Warp,Bubble Pipe,19168.7,335 keys,"19,168.70 ref, $584.65",4,misc,Level 1-100 Helmet,597
70,Time Warp,Brain Bucket,18596.5,325 keys,"18,596.50 ref, $567.19",3,misc,Level 1-100 Hat,434
70,Time Warp,Grenadier's Softcap,18596.5,325 keys,"18,596.50 ref, $567.19",1,misc,Level 1-100 Hat,227
70,Time Warp,Private Eye,18596.5,325 keys,"18,596.50 ref, $567.19",1,misc,Level 1-100 Hat,388
70,Time Warp,Defiant Spartan,18453.45,290–355 keys,"18,453.45 ref, $562.83",6,misc,Level 1-100 Helmet,340
70,Time Warp,Coupe D'isaster,18310.4,320 keys,"18,310.40 ref, $558.47",1,misc,Level 1-100 Hair,330
70,Time Warp,One-Man Army,18138.74,317 keys,"18,138.74 ref, $553.23",5,misc,Level 10 Hair,601
70,Time Warp,Scotsman's Stove Pipe,18024.3,315 keys,"18,024.30 ref, $549.74",4,misc,Level 1-100 Hat,120
70,Time Warp,Gentleman's Gatsby,17738.2,300–320 keys,"17,738.20 ref, $541.02",3,misc,Level 1-100 Hat,184
70,Time Warp,Frontier Djustice,17166,300 keys,"17,166.00 ref, $523.56",1,misc,Level 1-100 Hat,30421
70,Time Warp,Gentleman's Ushanka,17166,280–320 keys,"17,166.00 ref, $523.56",5,misc,Level 1-100 Hat,778
70,Time Warp,L'Inspecteur,17166,300 keys,"17,166.00 ref, $523.56",4,misc,Level 10 Hat,622
70,Time Warp,Liquidator's Lid,17166,300 keys,"17,166.00 ref, $523.56",4,misc,Level 1-100 Hat,779
70,Time Warp,Pirate Bandana,17166,300 keys,"17,166.00 ref, $523.56",4,misc,Level 1-100 Hat,30180
70,Time Warp,Safe'n'Sound,17166,300 keys,"17,166.00 ref, $523.56",4,misc,Level 1-100 Hat,178
70,Time Warp,Scotch Bonnet,17166,300 keys,"17,166.00 ref, $523.56",4,misc,Level 1-100 Headgear,306
70,Time Warp,Tyrantium Helmet,17166,300 keys,"17,166.00 ref, $523.56",1,misc,Level 1-100 Helmet,30014
70,Time Warp,Voodoo JuJu (Slight Return),17166,300 keys,"17,166.00 ref, $523.56",5,misc,Level 1-100 Hat,935
70,Time Warp,Wet Works,17166,300 keys,"17,166.00 ref, $523.56",1,misc,Level 1-100 Hat,30135
70,Time Warp,Dead Cone,16879.9,295 keys,"16,879.90 ref, $514.84",4,misc,Level 1-100 Hat,435
70,Time Warp,Your Worst Nightmare,16593.8,290 keys,"16,593.80 ref, $506.11",3,misc,Level 10 Hair,600
70,Time Warp,Titanium Tyrolean,15735.5,275 keys,"15,735.50 ref, $479.93",1,misc,Level 1-100 Hat,30045
70,Time Warp,Valley Forge,15735.5,275 keys,"15,735.50 ref, $479.93",2,misc,Level 1-100 Hat,30114
70,Time Warp,Crocleather Slouch,15449.4,270 keys,"15,449.40 ref, $471.21",4,misc,Level 1-100 Hat,344
70,Time Warp,Data Mining Light,15163.3,265 keys,"15,163.30 ref, $462.48",2,misc,Level 1-100 Helmet,30051
70,Time Warp,Letch's LED,15163.3,265 keys,"15,163.30 ref, $462.48",4,misc,Level 1-100 Hat,30002
70,Time Warp,Aviator Assassin,14877.2,260 keys,"14,877.20 ref, $453.75",3,misc,Level 1-100 Hat,30404
70,Time Warp,Tough Guy's Toque,14591.1,255 keys,"14,591.10 ref, $445.03",4,misc,Level 1-100 Hat,97
70,Time Warp,Bear Necessities,14305,250 keys,"14,305.00 ref, $436.30",2,misc,Level 1-100 Spirit Animal,30122
70,Time Warp,Killer's Kabuto,14305,250 keys,"14,305.00 ref, $436.30",3,misc,Level 1-100 Helmet,152
70,Time Warp,Ol' Snaggletooth,14305,250 keys,"14,305.00 ref, $436.30",6,misc,Level 1-100 Hat,229
70,Time Warp,Otolaryngologist's Mirror,14305,250 keys,"14,305.00 ref, $436.30",4,misc,Level 1-100 Hat,104
70,Time Warp,Tartan Spartan,14305,250 keys,"14,305.00 ref, $436.30",1,misc,Level 1-100 Helmet,30106
70,Time Warp,Trencher's Topper,13847.24,242 keys,"13,847.24 ref, $422.34",3,misc,Level 1-100 Helmet,30336
70,Time Warp,Bloke's Bucket Hat,13732.8,190–290 keys,"13,732.80 ref, $418.85",5,misc,Level 1-100 Hat,181
70,Time Warp,Détective Noir,13732.8,240 keys,"13,732.80 ref, $418.85",8,misc,Level 1-100 Hat,319
70,Time Warp,Infernal Impaler,13732.8,240 keys,"13,732.80 ref, $418.85",2,misc,Level 13 Headgear,575
70,Time Warp,Milkman,13446.7,235 keys,"13,446.70 ref, $410.12",2,misc,Level 1-100 Hat,219
70,Time Warp,Big Country,13160.6,230 keys,"13,160.60 ref, $401.40",8,misc,Level 1-100 Hair,382
70,Time Warp,Birdcage,13160.6,230 keys,"13,160.60 ref, $401.40",5,misc,Level 10 Hat,615
70,Time Warp,Brainiac Hairpiece,13160.6,200–260 keys,"13,160.60 ref, $401.40",4,misc,Level 1-100 Facial Hair,590
70,Time Warp,Strontium Stove Pipe,12874.5,225 keys,"12,874.50 ref, $392.67",3,misc,Level 1-100 Hat,30037
70,Time Warp,Cyborg Stunt Helmet,12588.4,220 keys,"12,588.40 ref, $383.95",4,misc,Level 1-100 Helmet,30024
70,Time Warp,Magistrate's Mullet,12588.4,220 keys,"12,588.40 ref, $383.95",3,misc,Level 1-100 Hair,147
70,Time Warp,Old Guadalajara,12445.35,214–221 keys,"12,445.35 ref, $379.58",5,misc,Level 1-100 Hat,247
70,Time Warp,Shooter's Sola Topi,12187.86,213 keys,"12,187.86 ref, $371.73",2,misc,Level 1-100 Helmet,158
70,Time Warp,Big Elfin Deal,12016.2,210 keys,"12,016.20 ref, $366.49",2,misc,Level 1-100 Hat,652
70,Time Warp,Katyusha,12016.2,210 keys,"12,016.20 ref, $366.49",3,misc,Level 1-100 Hat,30094
70,Time Warp,Bolted Bicorne,11730.1,205 keys,"11,730.10 ref, $357.77",4,misc,Level 1-100 Hat,30034
70,Time Warp,Backbiter's Billycock,11444,200 keys,"11,444.00 ref, $349.04",6,misc,Level 1-100 Hat,108
70,Time Warp,Big Chief,11444,200 keys,"11,444.00 ref, $349.04",2,misc,Level 1-100 Hat,309
70,Time Warp,Das Hazmattenhatten,11444,200 keys,"11,444.00 ref, $349.04",1,misc,Level 1-100 Safety Apparatus,30095
70,Time Warp,Glengarry Bonnet,11444,200 keys,"11,444.00 ref, $349.04",3,misc,Level 1-100 Hat,100
70,Time Warp,Stately Steel Toe,11444,200 keys,"11,444.00 ref, $349.04",5,misc,Level 1-100 Hat,481
70,Time Warp,Copper's Hard Top,11157.9,190–200 keys,"11,157.90 ref, $340.32",6,misc,Level 1-100 Helmet,478
70,Time Warp,Virtual Reality Headset,11157.9,195 keys,"11,157.90 ref, $340.32",4,misc,Level 10 Headset,628
70,Time Warp,Dread Knot,10871.8,190 keys,"10,871.80 ref, $331.59",4,misc,Level 1-100 Hair,358
70,Time Warp,Handyman's Handle,10871.8,190 keys,"10,871.80 ref, $331.59",5,misc,Level 1-100 Hat,253
70,Time Warp,Platinum Pickelhaube,10585.7,185 keys,"10,585.70 ref, $322.86",6,misc,Level 1-100 Helmet,30042
70,Time Warp,Shooter's Tin Topi,10585.7,185 keys,"10,585.70 ref, $322.86",2,misc,Level 1-100 Hat,30005
70,Time Warp,Executioner,10299.6,180 keys,"10,299.60 ref, $314.14",2,misc,Level 1-100 Hat,921
70,Time Warp,Nanobalaclava,10299.6,180 keys,"10,299.60 ref, $314.14",3,misc,Level 10 Hat,521
70,Time Warp,Bolted Birdcage,10013.5,175 keys,"10,013.50 ref, $305.41",5,misc,Level 1-100 Hat,30057
70,Time Warp,Gym Rat,10013.5,175 keys,"10,013.50 ref, $305.41",2,misc,Level 10 Hair,613
70,Time Warp,Head Warmer,10013.5,175 keys,"10,013.50 ref, $305.41",2,misc,Level 1-100 Hat,644
70,Time Warp,Tungsten Toque,10013.5,175 keys,"10,013.50 ref, $305.41",6,misc,Level 1-100 Hat,30049
70,Time Warp,Surgeon's Stahlhelm,9899.06,173 keys,"9,899.06 ref, $301.92",5,misc,Level 10 Helmet,616
70,Time Warp,Halogen Head Lamp,9870.45,165–180 keys,"9,870.45 ref, $301.05",4,misc,Level 1-100 Hat,30041
70,Time Warp,Janissary Ketche,9727.4,170 keys,"9,727.40 ref, $296.69",3,misc,Level 1-100 Hat,437
70,Time Warp,Sober Stuntman,9727.4,170 keys,"9,727.40 ref, $296.69",5,misc,Level 1-100 Helmet,255
70,Time Warp,Fruit Shoot,9384.08,128–200 keys,"9,384.08 ref, $286.21",2,misc,Level 1-100 Hat,759
70,Time Warp,Texas Tin-Gallon,8926.32,122–190 keys,"8,926.32 ref, $272.25",4,misc,Level 1-100 Hat,30044
70,Time Warp,Carouser's Capotain,8583,150 keys,"8,583.00 ref, $261.78",5,misc,Level 1-100 Hat,259
70,Time Warp,German Gonzila,8583,130–170 keys,"8,583.00 ref, $261.78",2,misc,Level 1-100 Hat,323
70,Time Warp,Mann of Reason,8583,150 keys,"8,583.00 ref, $261.78",1,misc,Level 1-100 Hat,30318
70,Time Warp,Medic's Mountain Cap,8583,150 keys,"8,583.00 ref, $261.78",3,misc,Level 1-100 Hat,381
70,Time Warp,Reggaelator,8583,150 keys,"8,583.00 ref, $261.78",0,misc,Level 1-100 Hat,390
70,Time Warp,Gilded Guard,8411.34,145–149 keys,"8,411.34 ref, $256.55",1,misc,Level 1-100 Helmet,1093
70,Time Warp,Counterfeit Billycock,8296.9,145 keys,"8,296.90 ref, $253.06",7,misc,Level 10 Hat,602
70,Time Warp,Frickin' Sweet Ninja Hood,8239.68,143–145 keys,"8,239.68 ref, $251.31",1,misc,Level 1-100 Hood,30394
70,Time Warp,Hard Counter,8010.8,140 keys,"8,010.80 ref, $244.33",3,misc,Level 1-100 Hat,254
70,Time Warp,Hat of Cards,7896.36,138 keys,"7,896.36 ref, $240.84",3,misc,Level 1-100 Hat,825
70,Time Warp,Buccaneer's Bicorne,7438.6,130 keys,"7,438.60 ref, $226.88",3,misc,Level 10 Hat,607
70,Time Warp,Metal Slug,7324.16,100–156 keys,"7,324.16 ref, $223.39",7,misc,Level 1-100 Hat,30028
70,Time Warp,Brigade Helm,6637.52,116 keys,"6,637.52 ref, $202.44",1,misc,Level 1-100 Helmet,105
70,Time Warp,Pure Tin Capotain,6580.3,115 keys,"6,580.30 ref, $200.70",2,misc,Level 1-100 Hat,30021
70,Time Warp,Pugilist's Protector,6437.25,85–140 keys,"6,437.25 ref, $196.34",6,misc,Level 1-100 Headgear,246
70,Time Warp,Prancer's Pride,6265.59,100–119 keys,"6,265.59 ref, $191.10",6,misc,Level 1-100 Hat,318
70,Time Warp,Pyro's Boron Beanie,6151.15,95–120 keys,"6,151.15 ref, $187.61",5,misc,Level 1-100 Hat,30040
70,Time Warp,Das Übersternmann,5950.88,104 keys,"5,950.88 ref, $181.50",0,misc,Level 1-100 Hat,30097
70,Time Warp,Harmburg,5722,100 keys,"5,722.00 ref, $174.52",1,misc,Level 1-100 Hat,30123
70,Time Warp,Hetman's Headpiece,5722,100 keys,"5,722.00 ref, $174.52",2,misc,Level 1-100 Hat,436
70,Time Warp,Hound Dog,5722,75–125 keys,"5,722.00 ref, $174.52",4,misc,Level 1-100 Hair,145
70,Time Warp,Industrial Festivizer,5722,100 keys,"5,722.00 ref, $174.52",3,misc,Level 1-100 Hat,338
70,Time Warp,Larrikin Robin,5722,100 keys,"5,722.00 ref, $174.52",1,misc,Level 1-100 Hat,314
70,Time Warp,Timeless Topper,5722,100 keys,"5,722.00 ref, $174.52",5,misc,Level 1-100 Hat,30035
70,Time Warp,Buckaroo's Hat,5607.56,98 keys,"5,607.56 ref, $171.03",5,misc,Level 1-100 Hat,322
70,Time Warp,Modest Metal Pile of Scrap,5435.9,70–120 keys,"5,435.90 ref, $165.79",1,misc,Level 1-100 Hat,30001
70,Time Warp,Respectless Robo-Glove,5407.29,90–99 keys,"5,407.29 ref, $164.92",4,misc,Level 1-100 Hat,30039
70,Time Warp,Outdoorsman,5264.24,92 keys,"5,264.24 ref, $160.56",6,misc,Level 10 Hat,603
70,Time Warp,Das Maddendoktor,5092.58,78–100 keys,"5,092.58 ref, $155.32",1,misc,Level 1-100 Hair,30121
70,Time Warp,Dragonborn Helmet,5063.97,77–100 keys,"5,063.97 ref, $154.45",4,misc,Level 10 Helmet,517
70,Time Warp,Plumber's Pipe,4863.7,85 keys,"4,863.70 ref, $148.34",3,misc,Level 1-100 Hat,30022
70,Time Warp,Screamin' Eagle,4777.87,78–89 keys,"4,777.87 ref, $145.73",1,misc,Level 1-100 Hat,30548
70,Time Warp,Helmet without a Home,4634.82,72–90 keys,"4,634.82 ref, $141.36",4,misc,Level 1-100 Helmet,732
70,Time Warp,Hot Dogger,4577.6,80 keys,"4,577.60 ref, $139.62",4,misc,Level 10 Hat,614
70,Time Warp,Hustler's Hallmark,4577.6,80 keys,"4,577.60 ref, $139.62",3,misc,Level 1-100 Hat,146
70,Time Warp,Jumper's Jeepcap,4577.6,80 keys,"4,577.60 ref, $139.62",3,misc,Level 1-100 Hat,417
70,Time Warp,Berliner's Bucket Helm,4519.0163934426,72.74–85.21 keys,"4,519.02 ref, 78.98 keys",1,misc,Level 1-100 Helmet,303
70,Time Warp,Capo's Capper,4463.16,66–90 keys,"4,463.16 ref, $136.13",1,misc,Level 1-100 Hat,427
70,Time Warp,Full Metal Drill Hat,4291.5,75 keys,"4,291.50 ref, $130.89",2,misc,Level 1-100 Hat,30026
70,Time Warp,Furious Fukaamigasa,4177.06,73 keys,"4,177.06 ref, $127.40",3,misc,Level 1-100 Hat,395
70,Time Warp,Scout Shako,4005.4,70 keys,"4,005.40 ref, $122.16",1,misc,Level 1-100 Hat,30326
70,Time Warp,Attendant,3890.96,64–72 keys,"3,890.96 ref, $118.67",3,misc,Level 1-100 Hat,213
70,Time Warp,Towering Titanium Pillar of Hats,3747.91,56–75 keys,"3,747.91 ref, $114.31",4,misc,Level 1-100 Hat,30008
70,Time Warp,Burning Bandana,3719.3,65 keys,"3,719.30 ref, $113.44",2,misc,Level 1-100 Bandana,30091
70,Time Warp,Tam O' Shanter,3662.08,62–66 keys,"3,662.08 ref, $111.69",3,misc,Level 1-100 Hat,480
70,Time Warp,Electric Escorter,3576.25,60–65 keys,"3,576.25 ref, $109.08",3,misc,Level 1-100 Hat,30025
70,Time Warp,Vintage Merryweather,3547.64,62 keys,"3,547.64 ref, $108.20",2,misc,Level 1-100 Helmet,182
70,Time Warp,Madame Dixie,3433.2,60 keys,"3,433.20 ref, $104.71",3,misc,Level 1-100 Hat,321
70,Time Warp,Powdered Practitioner,3433.2,60 keys,"3,433.20 ref, $104.71",0,misc,Level 1-100 Hat,30069
70,Time Warp,Soldier's Slope Scopers,3318.76,58 keys,"3,318.76 ref, $101.22",3,misc,Level 1-100 Hat,980
70,Time Warp,Barnstormer,3290.15,57–58 keys,"3,290.15 ref, $100.35",3,misc,Level 1-100 Hat,988
70,Time Warp,Hottie's Hoodie,3232.93,50–63 keys,"3,232.93 ref, $98.60",2,misc,Level 1-100 Hood,377
70,Time Warp,Waxy Wayfinder,3204.32,50–62 keys,"3,204.32 ref, $97.73",3,misc,Level 1-100 Hat,753
70,Time Warp,Teutonic Toque,3147.1,55 keys,"3,147.10 ref, $95.99",1,misc,Level 1-100 Hat,30351
70,Time Warp,Connoisseur's Cap,2861,50 keys,"2,861.00 ref, $87.26",1,misc,Level 1-100 Hat,394
70,Time Warp,Hive Minder,2861,50 keys,"2,861.00 ref, $87.26",1,misc,Level 1-100 Hat,30093
70,Time Warp,Pom-Pommed Provocateur,2861,50 keys,"2,861.00 ref, $87.26",2,misc,Level 1-100 Mask,30072
70,Time Warp,Stormin' Norman,2861,50 keys,"2,861.00 ref, $87.26",2,misc,Level 1-100 Helmet,30112
70,Time Warp,Frenchman's Beret,2746.56,48 keys,"2,746.56 ref, $83.77",3,misc,Level 1-100 Hat,180
70,Time Warp,L'homme Burglerre,2746.56,48 keys,"2,746.56 ref, $83.77",1,misc,Level 1-100 Hat,30182
70,Time Warp,Respectless Rubber Glove,2717.95,40–55 keys,"2,717.95 ref, $82.90",2,misc,Level 1-100 Hat,102
70,Time Warp,Hotrod,2689.34,47 keys,"2,689.34 ref, $82.02",2,misc,Level 1-100 Mask,148
70,Time Warp,Runner's Warm-Up,2689.34,47 keys,"2,689.34 ref, $82.02",2,misc,Level 1-100 Hat,30332
70,Time Warp,Steel Shako,2574.9,45 keys,"2,574.90 ref, $78.53",2,misc,Level 1-100 Hat,30017
70,Time Warp,Bonk Leadwear,2403.24,42 keys,"2,403.24 ref, $73.30",4,misc,Level 1-100 Helmet,30030
70,Time Warp,Rimmed Raincatcher,2403.24,42 keys,"2,403.24 ref, $73.30",3,misc,Level 1-100 Hat,216
70,Time Warp,Stout Shako,2317.41,40–41 keys,"2,317.41 ref, $70.68",0,misc,Level 1-100 Hat,251
70,Time Warp,Magnificent Mongolian,2288.8,40 keys,"2,288.80 ref, $69.81",5,misc,Level 1-100 Hat,313
70,Time Warp,Plug-In Prospector,2231.58,38–40 keys,"2,231.58 ref, $68.06",2,misc,Level 1-100 Hat,30031
70,Time Warp,Doctor's Sack,2002.7,35 keys,"2,002.70 ref, $61.08",2,misc,Level 1-100 Hat,398
70,Time Warp,Firewall Helmet,2002.7,35 keys,"2,002.70 ref, $61.08",4,misc,Level 1-100 Helmet,30038
70,Time Warp,Little Buddy,1773.82,31 keys,"1,773.82 ref, $54.10",4,misc,Level 10 Hat,612
70,Time Warp,Bot Dogger,1516.33,25–28 keys,"1,516.33 ref, $46.25",1,misc,Level 1-100 Hat,30018
70,Time Warp,Base Metal Billycock,1430.5,24–26 keys,"1,430.50 ref, $43.63",1,misc,Level 1-100 Hat,30007
70,Time Warp,Trash Man,1373.28,24 keys,"1,373.28 ref, $41.89",2,misc,Level 1-100 Hat,30346
70,Time Warp,Gridiron Guardian,1087.18,19 keys,"1,087.18 ref, $33.16",2,misc,Level 1-100 Helmet,30013
77,Something Burning This Way Comes,Pyromancer's Mask,500675,8750 keys,"500,675.00 ref, $15270.59",1,misc,Level 1-100 Mask,316
77,Something Burning This Way Comes,Master's Yellow Belt,420567,7350 keys,"420,567.00 ref, $12827.29",3,misc,Level 1-100 Hat,110
77,Something Burning This Way Comes,Killer's Kabuto,300405,5250 keys,"300,405.00 ref, $9162.35",1,misc,Level 1-100 Helmet,152
77,Something Burning This Way Comes,Le Party Phantom,241754.5,4225 keys,"241,754.50 ref, $7373.51",2,misc,Level 1-100 Mask,337
77,Something Burning This Way Comes,A Rather Festive Tree,217436,3800 keys,"217,436.00 ref, $6631.80",1,misc,Level 1-100 Hat,341
77,Something Burning This Way Comes,Troublemaker's Tossle Cap,205992,3600 keys,"205,992.00 ref, $6282.76",2,misc,Level 1-100 Hat,150
77,Something Burning This Way Comes,Large Luchador,171660,3000 keys,"171,660.00 ref, $5235.63",3,misc,Level 1-100 Mask,380
77,Something Burning This Way Comes,Duck Billed Hatypus,160216,2800 keys,"160,216.00 ref, $4886.59",1,misc,Level 1-100 Hat,30700
77,Something Burning This Way Comes,Pencil Pusher,160216,2800 keys,"160,216.00 ref, $4886.59",1,misc,Level 10 Hair,605
77,Something Burning This Way Comes,Samur-Eye,128745,2250 keys,"128,745.00 ref, $3926.72",1,misc,Level 1-100 Helmet,359
77,Something Burning This Way Comes,Rotation Sensation,125884,2200 keys,"125,884.00 ref, $3839.46",2,misc,Level 1-100 Hat,30623
77,Something Burning This Way Comes,Tough Stuff Muffs,123023,2150 keys,"123,023.00 ref, $3752.20",2,misc,Level 1-100 Hat,984
77,Something Burning This Way Comes,Salty Dog,117301,2050 keys,"117,301.00 ref, $3577.68",1,misc,Level 10 Hat,611
77,Something Burning This Way Comes,Woolen Warmer,114440,2000 keys,"114,440.00 ref, $3490.42",0,misc,Level 1-100 Hat,30833
77,Something Burning This Way Comes,Prince Tavish's Crown,108718,1900 keys,"108,718.00 ref, $3315.90",1,misc,Level 1-100 Hat,342
77,Something Burning This Way Comes,Flipped Trilby,93840.8,1640 keys,"93,840.80 ref, $2862.14",2,misc,Level 1-100 Hat,324
77,Something Burning This Way Comes,Desert Marauder,85830,1500 keys,"85,830.00 ref, $2617.82",1,misc,Level 1-100 Hat,400
77,Something Burning This Way Comes,Stainless Pot,85830,1500 keys,"85,830.00 ref, $2617.82",2,misc,Level 1-100 Hat,98
77,Something Burning This Way Comes,War Eagle,85830,1500 keys,"85,830.00 ref, $2617.82",2,misc,Level 1-100 Headgear,30887
77,Something Burning This Way Comes,El Jefe,81824.6,1430 keys,"81,824.60 ref, $2495.65",1,misc,Level 10 Hat,539
77,Something Burning This Way Comes,Whoopee Cap,80108,1400 keys,"80,108.00 ref, $2443.29",3,misc,Level 1-100 Hat,174
77,Something Burning This Way Comes,Charmer's Chapeau,77247,1350 keys,"77,247.00 ref, $2356.03",2,misc,Level 1-100 Hat,397
77,Something Burning This Way Comes,Fed-Fightin' Fedora,75816.5,1325 keys,"75,816.50 ref, $2312.40",2,misc,Level 1-100 Hat,780
77,Something Burning This Way Comes,Modest Pile of Hat,75816.5,1150–1500 keys,"75,816.50 ref, $2312.40",1,misc,Level 1-100 Hat,139
77,Something Burning This Way Comes,Brigade Helm,74386,1300 keys,"74,386.00 ref, $2268.77",2,misc,Level 1-100 Helmet,105
77,Something Burning This Way Comes,Jumper's Jeepcap,74386,1300 keys,"74,386.00 ref, $2268.77",1,misc,Level 1-100 Hat,417
77,Something Burning This Way Comes,Reggaelator,68664,1200 keys,"68,664.00 ref, $2094.25",1,misc,Level 1-100 Hat,390
77,Something Burning This Way Comes,Lord Cockswain's Pith Helmet,65803,1150 keys,"65,803.00 ref, $2006.99",3,misc,Level 1-100 Headgear,439
77,Something Burning This Way Comes,Modest Metal Pile of Scrap,65803,1150 keys,"65,803.00 ref, $2006.99",1,misc,Level 1-100 Hat,30001
77,Something Burning This Way Comes,Ye Olde Baker Boy,65803,1150 keys,"65,803.00 ref, $2006.99",4,misc,Level 1-100 Hat,107
77,Something Burning This Way Comes,Greased Lightning,65230.8,1070–1210 keys,"65,230.80 ref, $1989.54",2,misc,Level 1-100 Hair,30078
77,Something Burning This Way Comes,Towering Titanium Pillar of Hats,62942,1100 keys,"62,942.00 ref, $1919.73",1,misc,Level 1-100 Hat,30008
77,Something Burning This Way Comes,Brain Bucket,57220,1000 keys,"57,220.00 ref, $1745.21",2,misc,Level 1-100 Hat,434
77,Something Burning This Way Comes,Towering Pillar of Hats,57220,1000 keys,"57,220.00 ref, $1745.21",1,misc,Level 1-100 Hat,135
77,Something Burning This Way Comes,Steel Shako,56933.9,995 keys,"56,933.90 ref, $1736.48",1,misc,Level 1-100 Hat,30017
77,Something Burning This Way Comes,Mask of the Shaman,54587.88,954 keys,"54,587.88 ref, $1664.93",1,misc,Level 10 Mask,514
77,Something Burning This Way Comes,Bonk Leadwear,54359,950 keys,"54,359.00 ref, $1657.95",1,misc,Level 1-100 Helmet,30030
77,Something Burning This Way Comes,Battle Boonie,54301.78,949 keys,"54,301.78 ref, $1656.20",2,misc,Level 1-100 Hat,30907
77,Something Burning This Way Comes,Valley Forge,52642.4,920 keys,"52,642.40 ref, $1605.59",2,misc,Level 1-100 Hat,30114
77,Something Burning This Way Comes,Das Naggenvatcher,52070.2,910 keys,"52,070.20 ref, $1588.14",1,misc,Level 1-100 Hat,30109
77,Something Burning This Way Comes,Human Cannonball,51498,900 keys,"51,498.00 ref, $1570.69",3,misc,Level 1-100 Helmet,817
77,Something Burning This Way Comes,Rebel Rouser,51498,900 keys,"51,498.00 ref, $1570.69",2,misc,Level 1-100 Hat,30120
77,Something Burning This Way Comes,Grenadier's Softcap,50925.8,890 keys,"50,925.80 ref, $1553.24",3,misc,Level 1-100 Hat,227
77,Something Burning This Way Comes,Bear Necessities,50811.36,888 keys,"50,811.36 ref, $1549.75",4,misc,Level 1-100 Spirit Animal,30122
77,Something Burning This Way Comes,Private Eye,50353.6,880 keys,"50,353.60 ref, $1535.78",1,misc,Level 1-100 Hat,388
77,Something Burning This Way Comes,Buccaneer's Bicorne,48637,850 keys,"48,637.00 ref, $1483.43",4,misc,Level 10 Hat,607
77,Something Burning This Way Comes,Scotch Bonnet,48064.8,840 keys,"48,064.80 ref, $1465.98",1,misc,Level 1-100 Headgear,306
77,Something Burning This Way Comes,Pithy Professional,47206.5,825 keys,"47,206.50 ref, $1439.80",2,misc,Level 1-100 Hat,30915
77,Something Burning This Way Comes,Vintage Merryweather,47206.5,825 keys,"47,206.50 ref, $1439.80",4,misc,Level 1-100 Helmet,182
77,Something Burning This Way Comes,Gentleman's Ushanka,45776,800 keys,"45,776.00 ref, $1396.17",3,misc,Level 1-100 Hat,778
77,Something Burning This Way Comes,Ol' Snaggletooth,45776,800 keys,"45,776.00 ref, $1396.17",1,misc,Level 1-100 Hat,229
77,Something Burning This Way Comes,Hustler's Hallmark,45489.9,795 keys,"45,489.90 ref, $1387.44",0,misc,Level 1-100 Hat,146
77,Something Burning This Way Comes,Antlers,44345.5,775 keys,"44,345.50 ref, $1352.54",0,misc,Level 1-100 Cosmetic Item,993
77,Something Burning This Way Comes,Burning Bandana,42915,750 keys,"42,915.00 ref, $1308.91",3,misc,Level 1-100 Bandana,30091
77,Something Burning This Way Comes,Stormin' Norman,42915,750 keys,"42,915.00 ref, $1308.91",0,misc,Level 1-100 Helmet,30112
77,Something Burning This Way Comes,Tippler's Tricorne,42915,750 keys,"42,915.00 ref, $1308.91",1,misc,Level 1-100 Hat,179
77,Something Burning This Way Comes,Pampered Pyro,42857.78,749 keys,"42,857.78 ref, $1307.16",1,misc,Level 1-100 Towel,30139
77,Something Burning This Way Comes,Scotsman's Stove Pipe,40912.3,715 keys,"40,912.30 ref, $1247.83",2,misc,Level 1-100 Hat,120
77,Something Burning This Way Comes,Pirate Bandana,40054,700 keys,"40,054.00 ref, $1221.65",2,misc,Level 1-100 Hat,30180
77,Something Burning This Way Comes,Tavish DeGroot Experience,40054,700 keys,"40,054.00 ref, $1221.65",4,misc,Level 10 Hat,604
77,Something Burning This Way Comes,Das Gutenkutteharen,39481.8,690 keys,"39,481.80 ref, $1204.19",5,misc,Level 1-100 Hair,30127
77,Something Burning This Way Comes,Powdered Practitioner,39481.8,690 keys,"39,481.80 ref, $1204.19",2,misc,Level 1-100 Hat,30069
77,Something Burning This Way Comes,Bombing Run,39195.7,685 keys,"39,195.70 ref, $1195.47",1,misc,Level 1-100 Helmet,249
77,Something Burning This Way Comes,Crocleather Slouch,39195.7,685 keys,"39,195.70 ref, $1195.47",3,misc,Level 1-100 Hat,344
77,Something Burning This Way Comes,German Gonzila,38108.52,666 keys,"38,108.52 ref, $1162.31",3,misc,Level 1-100 Hat,323
77,Something Burning This Way Comes,Attendant,37193,650 keys,"37,193.00 ref, $1134.39",6,misc,Level 1-100 Hat,213
77,Something Burning This Way Comes,Brotherhood of Arms,36906.9,645 keys,"36,906.90 ref, $1125.66",4,misc,Level 1-100 Hat,30066
77,Something Burning This Way Comes,Plumber's Cap,36334.7,635 keys,"36,334.70 ref, $1108.21",1,misc,Level 1-100 Hat,30846
77,Something Burning This Way Comes,Brain-Warming Wear,36048.6,630 keys,"36,048.60 ref, $1099.48",0,misc,Level 1-100 Hat,30827
77,Something Burning This Way Comes,Bubble Pipe,34332,600 keys,"34,332.00 ref, $1047.13",1,misc,Level 1-100 Helmet,597
77,Something Burning This Way Comes,Pardner's Pompadour,33759.8,590 keys,"33,759.80 ref, $1029.67",2,misc,Level 1-100 Hair,30099
77,Something Burning This Way Comes,Sultan's Ceremonial,33759.8,590 keys,"33,759.80 ref, $1029.67",2,misc,Level 1-100 Hat,403
77,Something Burning This Way Comes,Cold Killer,32901.5,575 keys,"32,901.50 ref, $1003.50",5,misc,Level 1-100 Hat,981
77,Something Burning This Way Comes,Federal Casemaker,32043.2,560 keys,"32,043.20 ref, $977.32",1,misc,Level 1-100 Hat,30119
77,Something Burning This Way Comes,Hottie's Hoodie,31985.98,559 keys,"31,985.98 ref, $975.57",3,misc,Level 1-100 Hood,377
77,Something Burning This Way Comes,Pugilist's Protector,31471,550 keys,"31,471.00 ref, $959.87",1,misc,Level 1-100 Headgear,246
77,Something Burning This Way Comes,Well-Rounded Rifleman,31471,550 keys,"31,471.00 ref, $959.87",1,misc,Level 1-100 Hat,30067
77,Something Burning This Way Comes,Baron von Havenaplane,31184.9,400–690 keys,"31,184.90 ref, $951.14",1,misc,Level 1-100 Hat,30136
77,Something Burning This Way Comes,Berliner's Bucket Helm,29754.4,430–610 keys,"29,754.40 ref, $907.51",4,misc,Level 1-100 Helmet,303
77,Something Burning This Way Comes,Voodoo JuJu (Slight Return),28896.1,505 keys,"28,896.10 ref, $881.33",3,misc,Level 1-100 Hat,935
77,Something Burning This Way Comes,Birdcage,28610,500 keys,"28,610.00 ref, $872.61",2,misc,Level 10 Hat,615
77,Something Burning This Way Comes,Blast Defense,28610,500 keys,"28,610.00 ref, $872.61",0,misc,Level 1-100 Headgear,30863
77,Something Burning This Way Comes,Brainiac Hairpiece,28610,500 keys,"28,610.00 ref, $872.61",1,misc,Level 1-100 Facial Hair,590
77,Something Burning This Way Comes,Industrial Festivizer,28037.8,490 keys,"28,037.80 ref, $855.15",2,misc,Level 1-100 Hat,338
77,Something Burning This Way Comes,Broadband Bonnet,27465.6,480 keys,"27,465.60 ref, $837.70",1,misc,Level 1-100 Hat,30029
77,Something Burning This Way Comes,Hat of Cards,27179.5,475 keys,"27,179.50 ref, $828.97",3,misc,Level 1-100 Hat,825
77,Something Burning This Way Comes,Timeless Topper,27179.5,475 keys,"27,179.50 ref, $828.97",3,misc,Level 1-100 Hat,30035
77,Something Burning This Way Comes,Barnstormer,26893.4,470 keys,"26,893.40 ref, $820.25",3,misc,Level 1-100 Hat,988
77,Something Burning This Way Comes,Nanobalaclava,26893.4,415–525 keys,"26,893.40 ref, $820.25",3,misc,Level 10 Hat,521
77,Something Burning This Way Comes,Exquisite Rack,26664.52,466 keys,"26,664.52 ref, $813.27",1,misc,Level 1-100 Cosmetic Item,339
77,Something Burning This Way Comes,Hat with No Name,25892.05,405–500 keys,"25,892.05 ref, $789.71",2,misc,Level 10 Hat,631
77,Something Burning This Way Comes,Halogen Head Lamp,25749,450 keys,"25,749.00 ref, $785.34",1,misc,Level 1-100 Hat,30041
77,Something Burning This Way Comes,Western Wear,25462.9,420–470 keys,"25,462.90 ref, $776.62",2,misc,Level 1-100 Hat,379
77,Something Burning This Way Comes,Texas Tin-Gallon,25319.85,400–485 keys,"25,319.85 ref, $772.26",1,misc,Level 1-100 Hat,30044
77,Something Burning This Way Comes,Bone Dome,25176.8,440 keys,"25,176.80 ref, $767.89",3,misc,Level 1-100 Helmet,30162
77,Something Burning This Way Comes,Archer's Sterling,24604.6,430 keys,"24,604.60 ref, $750.44",0,misc,Level 1-100 Helmet,30874
77,Something Burning This Way Comes,Hetman's Headpiece,24604.6,430 keys,"24,604.60 ref, $750.44",2,misc,Level 1-100 Hat,436
77,Something Burning This Way Comes,Cosa Nostra Cap,24032.4,420 keys,"24,032.40 ref, $732.99",4,misc,Level 1-100 Hat,459
77,Something Burning This Way Comes,Field Practice,22888,400 keys,"22,888.00 ref, $698.08",0,misc,Level 1-100 Headgear,30862
77,Something Burning This Way Comes,Horrific Headsplitter,22601.9,350–440 keys,"22,601.90 ref, $689.36",1,misc,Level 31 Hat,291
77,Something Burning This Way Comes,Hong Kong Cone,17309.05,275–330 keys,"17,309.05 ref, $527.93",1,misc,Level 1-100 Hat,30177
77,Something Burning This Way Comes,Airdog,17166,300 keys,"17,166.00 ref, $523.56",0,misc,Level 1-100 Helmet,30767
77,Something Burning This Way Comes,Handyman's Handle,17166,300 keys,"17,166.00 ref, $523.56",2,misc,Level 1-100 Hat,253
77,Something Burning This Way Comes,Hermes,17166,300 keys,"17,166.00 ref, $523.56",2,misc,Level 10 Hat,633
77,Something Burning This Way Comes,Hound Dog,17166,300 keys,"17,166.00 ref, $523.56",2,misc,Level 1-100 Hair,145
77,Something Burning This Way Comes,Soldered Sensei,17166,300 keys,"17,166.00 ref, $523.56",2,misc,Level 1-100 Hat,30004
77,Something Burning This Way Comes,Shellmet,16021.6,280 keys,"16,021.60 ref, $488.66",2,misc,Level 1-100 Helmet,30897
77,Something Burning This Way Comes,Rimmed Raincatcher,15735.5,250–300 keys,"15,735.50 ref, $479.93",2,misc,Level 1-100 Hat,216
77,Something Burning This Way Comes,Virtual Reality Headset,15449.4,270 keys,"15,449.40 ref, $471.21",3,misc,Level 10 Headset,628
77,Something Burning This Way Comes,Conquistador,14877.2,260 keys,"14,877.20 ref, $453.75",3,misc,Level 1-100 Helmet,721
77,Something Burning This Way Comes,Chill Chullo,14734.15,248–267 keys,"14,734.15 ref, $449.39",0,misc,Level 1-100 Hat,30748
77,Something Burning This Way Comes,Counterfeit Billycock,14591.1,255 keys,"14,591.10 ref, $445.03",4,misc,Level 10 Hat,602
77,Something Burning This Way Comes,Dead Cone,14448.05,230–275 keys,"14,448.05 ref, $440.67",2,misc,Level 1-100 Hat,435
77,Something Burning This Way Comes,Brown Bomber,12731.45,220–225 keys,"12,731.45 ref, $388.31",1,misc,Level 1-100 Hat,671
77,Something Burning This Way Comes,Bolted Birdcage,12588.4,220 keys,"12,588.40 ref, $383.95",2,misc,Level 1-100 Hat,30057
77,Something Burning This Way Comes,Full Metal Drill Hat,12588.4,220 keys,"12,588.40 ref, $383.95",1,misc,Level 1-100 Hat,30026
77,Something Burning This Way Comes,Flamboyant Flamenco,11730.1,205 keys,"11,730.10 ref, $357.77",1,misc,Level 10 Hat,627
77,Something Burning This Way Comes,Hellmet,11444,200 keys,"11,444.00 ref, $349.04",1,misc,Level 1-100 Helmet,30708
77,Something Burning This Way Comes,One-Man Army,10585.7,185 keys,"10,585.70 ref, $322.86",1,misc,Level 10 Hair,601
77,Something Burning This Way Comes,Katyusha,10442.65,165–200 keys,"10,442.65 ref, $318.50",4,misc,Level 1-100 Hat,30094
77,Something Burning This Way Comes,Dragonborn Helmet,10185.16,178 keys,"10,185.16 ref, $310.65",1,misc,Level 10 Helmet,517
77,Something Burning This Way Comes,Front Runner,9727.4,170 keys,"9,727.40 ref, $296.69",1,misc,Level 1-100 Hat,760
77,Something Burning This Way Comes,Lucky Shot,9727.4,170 keys,"9,727.40 ref, $296.69",3,misc,Level 1-100 Helmet,701
77,Something Burning This Way Comes,Letch's LED,9040.76,158 keys,"9,040.76 ref, $275.74",2,misc,Level 1-100 Hat,30002
77,Something Burning This Way Comes,Armored Authority,8811.88,154 keys,"8,811.88 ref, $268.76",2,misc,Level 1-100 Helmet,445
77,Something Burning This Way Comes,Belgian Detective,8583,150 keys,"8,583.00 ref, $261.78",2,misc,Level 1-100 Hat,30128
77,Something Burning This Way Comes,Virus Doctor,8583,150 keys,"8,583.00 ref, $261.78",3,misc,Level 1-100 Hat,30043
77,Something Burning This Way Comes,Connoisseur's Cap,8296.9,145 keys,"8,296.90 ref, $253.06",1,misc,Level 1-100 Hat,394
77,Something Burning This Way Comes,Doctor's Sack,8296.9,145 keys,"8,296.90 ref, $253.06",1,misc,Level 1-100 Hat,398
77,Something Burning This Way Comes,Titanium Tyrolean,8296.9,145 keys,"8,296.90 ref, $253.06",1,misc,Level 1-100 Hat,30045
77,Something Burning This Way Comes,Electric Escorter,8010.8,140 keys,"8,010.80 ref, $244.33",2,misc,Level 1-100 Hat,30025
77,Something Burning This Way Comes,Little Buddy,7152.5,110–140 keys,"7,152.50 ref, $218.15",3,misc,Level 10 Hat,612
77,Something Burning This Way Comes,Metal Slug,7152.5,120–130 keys,"7,152.50 ref, $218.15",3,misc,Level 1-100 Hat,30028
77,Something Burning This Way Comes,Fat Man's Field Cap,6923.62,121 keys,"6,923.62 ref, $211.17",3,misc,Level 1-100 Hat,30911
77,Something Burning This Way Comes,Medic's Mountain Cap,6866.4,120 keys,"6,866.40 ref, $209.43",2,misc,Level 1-100 Hat,381
77,Something Burning This Way Comes,L'homme Burglerre,6294.2,110 keys,"6,294.20 ref, $191.97",2,misc,Level 1-100 Hat,30182
77,Something Burning This Way Comes,Respectless Robo-Glove,6294.2,110 keys,"6,294.20 ref, $191.97",2,misc,Level 1-100 Hat,30039
77,Something Burning This Way Comes,Stout Shako,6065.32,106 keys,"6,065.32 ref, $184.99",2,misc,Level 1-100 Hat,251
77,Something Burning This Way Comes,Noble Nickel Amassment of Hats,5950.88,104 keys,"5,950.88 ref, $181.50",1,misc,Level 1-100 Hat,30006
77,Something Burning This Way Comes,Brim-Full of Bullets,5722,95–105 keys,"5,722.00 ref, $174.52",2,misc,Level 1-100 Hat,30173
77,Something Burning This Way Comes,Larrikin Robin,5722,100 keys,"5,722.00 ref, $174.52",2,misc,Level 1-100 Hat,314
77,Something Burning This Way Comes,Plug-In Prospector,5722,100 keys,"5,722.00 ref, $174.52",4,misc,Level 1-100 Hat,30031
77,Something Burning This Way Comes,Glengarry Bonnet,5664.78,99 keys,"5,664.78 ref, $172.78",1,misc,Level 1-100 Hat,100
77,Something Burning This Way Comes,L'Inspecteur,5378.68,94 keys,"5,378.68 ref, $164.05",1,misc,Level 10 Hat,622
77,Something Burning This Way Comes,Frontier Djustice,5149.8,80–100 keys,"5,149.80 ref, $157.07",1,misc,Level 1-100 Hat,30421
77,Something Burning This Way Comes,Fruit Shoot,5149.8,90 keys,"5,149.80 ref, $157.07",2,misc,Level 1-100 Hat,759
77,Something Burning This Way Comes,Sergeant's Drill Hat,5092.58,89 keys,"5,092.58 ref, $155.32",1,misc,Level 1-100 Hat,183
77,Something Burning This Way Comes,Frenchman's Beret,4720.65,75–90 keys,"4,720.65 ref, $143.98",1,misc,Level 1-100 Hat,180
77,Something Burning This Way Comes,Gilded Guard,4577.6,75–85 keys,"4,577.60 ref, $139.62",1,misc,Level 1-100 Helmet,1093
77,Something Burning This Way Comes,Your Worst Nightmare,4577.6,80 keys,"4,577.60 ref, $139.62",4,misc,Level 10 Hair,600
77,Something Burning This Way Comes,Dr's Dapper Topper,4405.94,70–84 keys,"4,405.94 ref, $134.38",2,misc,Level 1-100 Hat,252
77,Something Burning This Way Comes,Outdoorsman,4377.33,73–80 keys,"4,377.33 ref, $133.51",3,misc,Level 10 Hat,603
77,Something Burning This Way Comes,Big Country,4291.5,75 keys,"4,291.50 ref, $130.89",1,misc,Level 1-100 Hair,382
77,Something Burning This Way Comes,Coupe D'isaster,4177.06,73 keys,"4,177.06 ref, $127.40",2,misc,Level 1-100 Hair,330
77,Something Burning This Way Comes,Platinum Pickelhaube,3519.03,58–65 keys,"3,519.03 ref, $107.33",2,misc,Level 1-100 Helmet,30042
77,Something Burning This Way Comes,Big Elfin Deal,3433.2,60 keys,"3,433.20 ref, $104.71",1,misc,Level 1-100 Hat,652
77,Something Burning This Way Comes,Physician's Protector,3261.54,54–60 keys,"3,261.54 ref, $99.48",1,misc,Level 1-100 Helmet,30625
77,Something Burning This Way Comes,Old Guadalajara,3175.71,50–61 keys,"3,175.71 ref, $96.86",1,misc,Level 1-100 Hat,247
77,Something Burning This Way Comes,Hive Minder,3089.88,54 keys,"3,089.88 ref, $94.24",4,misc,Level 1-100 Hat,30093
77,Something Burning This Way Comes,Slick Cut,3004.05,48–57 keys,"3,004.05 ref, $91.62",1,misc,Level 1-100 Hair,30187
77,Something Burning This Way Comes,Gentleman's Gatsby,2975.44,52 keys,"2,975.44 ref, $90.75",0,misc,Level 1-100 Hat,184
77,Something Burning This Way Comes,Prancer's Pride,2975.44,52 keys,"2,975.44 ref, $90.75",1,misc,Level 1-100 Hat,318
77,Something Burning This Way Comes,Bot Dogger,2864.262295082,40.13–59.99 keys,"2,864.26 ref, 50.06 keys",2,misc,Level 1-100 Hat,30018
77,Something Burning This Way Comes,Carouser's Capotain,2861,50 keys,"2,861.00 ref, $87.26",1,misc,Level 1-100 Hat,259
77,Something Burning This Way Comes,Magistrate's Mullet,2317.41,36–45 keys,"2,317.41 ref, $70.68",2,misc,Level 1-100 Hair,147
77,Something Burning This Way Comes,Engineer's Cap,2288.8,40 keys,"2,288.80 ref, $69.81",2,misc,Level 1-100 Hat,95
77,Something Burning This Way Comes,Stately Steel Toe,2288.8,40 keys,"2,288.80 ref, $69.81",1,misc,Level 1-100 Hat,481
77,Something Burning This Way Comes,Copper's Hard Top,1974.09,34–35 keys,"1,974.09 ref, $60.21",1,misc,Level 1-100 Helmet,478
77,Something Burning This Way Comes,Magnificent Mongolian,1888.26,33 keys,"1,888.26 ref, $57.59",1,misc,Level 1-100 Hat,313
77,Something Burning This Way Comes,Buckaroo's Hat,1716.6,30 keys,"1,716.60 ref, $52.36",3,misc,Level 1-100 Hat,322
77,Something Burning This Way Comes,Pyro's Boron Beanie,1487.72,26 keys,"1,487.72 ref, $45.38",0,misc,Level 1-100 Hat,30040
77,Something Burning This Way Comes,Strontium Stove Pipe,1201.62,18–24 keys,"1,201.62 ref, $36.65",2,misc,Level 1-100 Hat,30037
45,Harvest Moon,Coffin Kit,347382.62,6071 keys,"347,382.62 ref, $10595.17",3,misc,Level 1-100 Backpack,938
45,Harvest Moon,A Rather Festive Tree,254629,4450 keys,"254,629.00 ref, $7766.18",1,misc,Level 1-100 Hat,341
45,Harvest Moon,Blighted Beak,191687,3350 keys,"191,687.00 ref, $5846.45",6,misc,Level 1-100 Mask,315
45,Harvest Moon,Exquisite Rack,183104,3200 keys,"183,104.00 ref, $5584.67",4,misc,Level 1-100 Cosmetic Item,339
45,Harvest Moon,Team Captain,167368.5,2925 keys,"167,368.50 ref, $5104.74",5,misc,Level 1-100 Hat,378
45,Harvest Moon,Rotation Sensation,143050,2500 keys,"143,050.00 ref, $4363.02",2,misc,Level 1-100 Hat,30623
45,Harvest Moon,Pyromancer's Mask,125884,2100–2300 keys,"125,884.00 ref, $3839.46",6,misc,Level 1-100 Mask,316
45,Harvest Moon,Killer Exclusive,120162,2100 keys,"120,162.00 ref, $3664.94",1,misc,Level 10 Hat,538
45,Harvest Moon,Brown Bomber,114440,2000 keys,"114,440.00 ref, $3490.42",2,misc,Level 1-100 Hat,671
45,Harvest Moon,Brainiac Hairpiece,110148.5,1925 keys,"110,148.50 ref, $3359.53",4,misc,Level 1-100 Facial Hair,590
45,Harvest Moon,Killer's Kabuto,102996,1800 keys,"102,996.00 ref, $3141.38",4,misc,Level 1-100 Helmet,152
45,Harvest Moon,Tyrant's Helm,102996,1800 keys,"102,996.00 ref, $3141.38",2,misc,Level 1-100 Helmet,99
45,Harvest Moon,Polar Pullover,91552,1600 keys,"91,552.00 ref, $2792.34",1,misc,Level 1-100 Hat,30329
45,Harvest Moon,Executioner,84399.5,1475 keys,"84,399.50 ref, $2574.18",4,misc,Level 1-100 Hat,921
45,Harvest Moon,Bonk Boy,82969,1450 keys,"82,969.00 ref, $2530.55",1,misc,Level 1-100 Mask,451
45,Harvest Moon,Crone's Dome,80108,1400 keys,"80,108.00 ref, $2443.29",2,misc,Level 1-100 Hat,920
45,Harvest Moon,Salty Dog,72955.5,1200–1350 keys,"72,955.50 ref, $2225.14",2,misc,Level 10 Hat,611
45,Harvest Moon,Dr's Dapper Topper,71525,1250 keys,"71,525.00 ref, $2181.51",7,misc,Level 1-100 Hat,252
45,Harvest Moon,Flamboyant Flamenco,69808.4,1220 keys,"69,808.40 ref, $2129.16",1,misc,Level 10 Hat,627
45,Harvest Moon,Soldier's Stash,68664,1200 keys,"68,664.00 ref, $2094.25",1,misc,Level 1-100 Cosmetic Item,54
45,Harvest Moon,Horrific Headsplitter,62942,1100 keys,"62,942.00 ref, $1919.73",1,misc,Level 31 Hat,291
45,Harvest Moon,Nasty Norsemann,62942,1100 keys,"62,942.00 ref, $1919.73",4,misc,Level 1-100 Helmet,30810
45,Harvest Moon,Grimm Hatte,61082.35,1050–1085 keys,"61,082.35 ref, $1863.01",2,misc,Level 1-100 Hat,383
45,Harvest Moon,Conjurer's Cowl,60081,1050 keys,"60,081.00 ref, $1832.47",6,misc,Level 1-100 Hood,465
45,Harvest Moon,Scotsman's Stove Pipe,57220,1000 keys,"57,220.00 ref, $1745.21",1,misc,Level 1-100 Hat,120
45,Harvest Moon,Villain's Veil,57220,1000 keys,"57,220.00 ref, $1745.21",1,misc,Level 1-100 Bandana,393
45,Harvest Moon,Samur-Eye,54359,950 keys,"54,359.00 ref, $1657.95",4,misc,Level 1-100 Helmet,359
45,Harvest Moon,Swagman's Swatter,54359,950 keys,"54,359.00 ref, $1657.95",2,misc,Level 10 Hat,626
45,Harvest Moon,Hot Dogger,51498,900 keys,"51,498.00 ref, $1570.69",2,misc,Level 10 Hat,614
45,Harvest Moon,Wraith Wrap,51498,900 keys,"51,498.00 ref, $1570.69",5,misc,Level 1-100 Apparel,937
45,Harvest Moon,Sergeant's Drill Hat,50925.8,890 keys,"50,925.80 ref, $1553.24",4,misc,Level 1-100 Hat,183
45,Harvest Moon,Fancy Fedora,49838.62,802–940 keys,"49,838.62 ref, $1520.08",5,misc,Level 1-100 Hat,55
45,Harvest Moon,Buckaroo's Hat,45776,800 keys,"45,776.00 ref, $1396.17",3,misc,Level 1-100 Hat,322
45,Harvest Moon,Modest Pile of Hat,45776,800 keys,"45,776.00 ref, $1396.17",2,misc,Level 1-100 Hat,139
45,Harvest Moon,Bonk Helm,42915,750 keys,"42,915.00 ref, $1308.91",4,misc,Level 1-100 Helmet,106
45,Harvest Moon,Ol' Snaggletooth,42915,750 keys,"42,915.00 ref, $1308.91",1,misc,Level 1-100 Hat,229
45,Harvest Moon,Hat of Cards,42514.46,743 keys,"42,514.46 ref, $1296.69",2,misc,Level 1-100 Hat,825
45,Harvest Moon,Gentleman's Gatsby,41770.6,730 keys,"41,770.60 ref, $1274.00",6,misc,Level 1-100 Hat,184
45,Harvest Moon,Gentleman's Ushanka,40054,700 keys,"40,054.00 ref, $1221.65",5,misc,Level 1-100 Hat,778
45,Harvest Moon,Bloke's Bucket Hat,38623.5,675 keys,"38,623.50 ref, $1178.02",3,misc,Level 1-100 Hat,181
45,Harvest Moon,Hotrod,35190.3,615 keys,"35,190.30 ref, $1073.30",3,misc,Level 1-100 Mask,148
45,Harvest Moon,Pyro's Beanie,34560.88,604 keys,"34,560.88 ref, $1054.11",2,misc,Level 1-100 Hat,51
45,Harvest Moon,Lord Cockswain's Pith Helmet,34332,600 keys,"34,332.00 ref, $1047.13",3,misc,Level 1-100 Headgear,439
45,Harvest Moon,Jumper's Jeepcap,32901.5,550–600 keys,"32,901.50 ref, $1003.50",5,misc,Level 1-100 Hat,417
45,Harvest Moon,Ol' Geezer,32615.4,570 keys,"32,615.40 ref, $994.77",5,misc,Level 1-100 Hat,399
45,Harvest Moon,Voodoo JuJu (Slight Return),32043.2,560 keys,"32,043.20 ref, $977.32",6,misc,Level 1-100 Hat,935
45,Harvest Moon,Safe'n'Sound,31471,500–600 keys,"31,471.00 ref, $959.87",3,misc,Level 1-100 Hat,178
45,Harvest Moon,Armored Authority,30612.7,535 keys,"30,612.70 ref, $933.69",2,misc,Level 1-100 Helmet,445
45,Harvest Moon,Cosa Nostra Cap,30326.6,530 keys,"30,326.60 ref, $924.96",2,misc,Level 1-100 Hat,459
45,Harvest Moon,Hottie's Hoodie,30326.6,530 keys,"30,326.60 ref, $924.96",3,misc,Level 1-100 Hood,377
45,Harvest Moon,Surgeon's Stahlhelm,29964.590163934,497.49–549.86 keys,"29,964.59 ref, 523.67 keys",2,misc,Level 10 Helmet,616
45,Harvest Moon,Milkman,29754.4,520 keys,"29,754.40 ref, $907.51",3,misc,Level 1-100 Hat,219
45,Harvest Moon,Company Man,29582.74,517 keys,"29,582.74 ref, $902.27",2,misc,Level 10 Hat,523
45,Harvest Moon,Attendant,28610,500 keys,"28,610.00 ref, $872.61",1,misc,Level 1-100 Hat,213
45,Harvest Moon,Grenadier's Softcap,28610,500 keys,"28,610.00 ref, $872.61",5,misc,Level 1-100 Hat,227
45,Harvest Moon,Vintage Tyrolean,28610,500 keys,"28,610.00 ref, $872.61",6,misc,Level 1-100 Hat,101
45,Harvest Moon,Ze Goggles,28610,500 keys,"28,610.00 ref, $872.61",1,misc,Level 1-100 Glasses,177
45,Harvest Moon,Archer's Sterling,27894.75,375–600 keys,"27,894.75 ref, $850.79",0,misc,Level 1-100 Helmet,30874
45,Harvest Moon,Big Chief,27751.7,485 keys,"27,751.70 ref, $846.43",7,misc,Level 1-100 Hat,309
45,Harvest Moon,Outdoorsman,27465.6,480 keys,"27,465.60 ref, $837.70",1,misc,Level 10 Hat,603
45,Harvest Moon,Hunter in Darkness,26092.32,456 keys,"26,092.32 ref, $795.82",3,misc,Level 1-100 Hat,30877
45,Harvest Moon,Human Cannonball,25749,450 keys,"25,749.00 ref, $785.34",3,misc,Level 1-100 Helmet,817
45,Harvest Moon,Outta Sight,25749,450 keys,"25,749.00 ref, $785.34",1,misc,Level 1-100 Hat,30628
45,Harvest Moon,Western Wear,25749,450 keys,"25,749.00 ref, $785.34",4,misc,Level 1-100 Hat,379
45,Harvest Moon,Bubble Pipe,25212.459016393,440.62 keys,"25,212.46 ref, 440.62 keys",1,misc,Level 1-100 Helmet,597
45,Harvest Moon,Brain Bucket,25176.8,440 keys,"25,176.80 ref, $767.89",3,misc,Level 1-100 Hat,434
45,Harvest Moon,Napper's Respite,25176.8,440 keys,"25,176.80 ref, $767.89",2,misc,Level 1-100 Hat,248
45,Harvest Moon,Belgian Detective,24604.6,430 keys,"24,604.60 ref, $750.44",2,misc,Level 1-100 Hat,30128
45,Harvest Moon,Private Eye,24604.6,430 keys,"24,604.60 ref, $750.44",1,misc,Level 1-100 Hat,388
45,Harvest Moon,Waxy Wayfinder,24318.5,425 keys,"24,318.50 ref, $741.71",2,misc,Level 1-100 Hat,753
45,Harvest Moon,Helmet without a Home,24032.4,420 keys,"24,032.40 ref, $732.99",1,misc,Level 1-100 Helmet,732
45,Harvest Moon,Reggaelator,24032.4,420 keys,"24,032.40 ref, $732.99",2,misc,Level 1-100 Hat,390
45,Harvest Moon,Shooter's Sola Topi,23631.86,401–425 keys,"23,631.86 ref, $720.77",5,misc,Level 1-100 Helmet,158
45,Harvest Moon,Condor Cap,23174.1,405 keys,"23,174.10 ref, $706.81",1,misc,Level 1-100 Hat,30553
45,Harvest Moon,Buccaneer's Bicorne,22888,400 keys,"22,888.00 ref, $698.08",2,misc,Level 10 Hat,607
45,Harvest Moon,Katyusha,22888,400 keys,"22,888.00 ref, $698.08",2,misc,Level 1-100 Hat,30094
45,Harvest Moon,Wing Mann,22888,400 keys,"22,888.00 ref, $698.08",1,misc,Level 1-100 Hat,30809
45,Harvest Moon,Hat with No Name,22487.46,393 keys,"22,487.46 ref, $685.87",2,misc,Level 10 Hat,631
45,Harvest Moon,Hound Dog,22029.7,385 keys,"22,029.70 ref, $671.91",3,misc,Level 1-100 Hair,145
45,Harvest Moon,Otolaryngologist's Mirror,21743.6,305–455 keys,"21,743.60 ref, $663.18",6,misc,Level 1-100 Hat,104
45,Harvest Moon,Tam O' Shanter,21743.6,380 keys,"21,743.60 ref, $663.18",4,misc,Level 1-100 Hat,480
45,Harvest Moon,Prussian Pickelhaube,21457.5,375 keys,"21,457.50 ref, $654.45",1,misc,Level 1-100 Helmet,50
45,Harvest Moon,Glengarry Bonnet,20742.25,325–400 keys,"20,742.25 ref, $632.64",6,misc,Level 1-100 Hat,100
45,Harvest Moon,One-Man Army,20742.25,345–380 keys,"20,742.25 ref, $632.64",3,misc,Level 10 Hair,601
45,Harvest Moon,Trash Man,20599.2,360 keys,"20,599.20 ref, $628.28",1,misc,Level 1-100 Hat,30346
45,Harvest Moon,Head Warmer,20027,350 keys,"20,027.00 ref, $610.82",2,misc,Level 1-100 Hat,644
45,Harvest Moon,Defiant Spartan,19740.9,340–350 keys,"19,740.90 ref, $602.10",2,misc,Level 1-100 Helmet,340
45,Harvest Moon,Shellmet,18882.6,330 keys,"18,882.60 ref, $575.92",2,misc,Level 1-100 Helmet,30897
45,Harvest Moon,Pugilist's Protector,18596.5,325 keys,"18,596.50 ref, $567.19",5,misc,Level 1-100 Headgear,246
45,Harvest Moon,Bear Necessities,17166,300 keys,"17,166.00 ref, $523.56",1,misc,Level 1-100 Spirit Animal,30122
45,Harvest Moon,Dragonborn Helmet,17166,300 keys,"17,166.00 ref, $523.56",4,misc,Level 10 Helmet,517
45,Harvest Moon,Noble Amassment of Hats,17166,300 keys,"17,166.00 ref, $523.56",2,misc,Level 1-100 Hat,137
45,Harvest Moon,Anger,16879.9,240–350 keys,"16,879.90 ref, $514.84",2,misc,Level 10 Hood,518
45,Harvest Moon,Professional's Panama,16593.8,290 keys,"16,593.80 ref, $506.11",2,misc,Level 1-100 Hat,109
45,Harvest Moon,Prancer's Pride,16307.7,250–320 keys,"16,307.70 ref, $497.38",4,misc,Level 1-100 Hat,318
45,Harvest Moon,Crocleather Slouch,15392.18,269 keys,"15,392.18 ref, $469.46",1,misc,Level 1-100 Hat,344
45,Harvest Moon,Connoisseur's Cap,15277.74,267 keys,"15,277.74 ref, $465.97",3,misc,Level 1-100 Hat,394
45,Harvest Moon,Backwards Ballcap,15020.25,255–270 keys,"15,020.25 ref, $458.12",6,misc,Level 10 Hat,617
45,Harvest Moon,Feathered Fiend,14877.2,260 keys,"14,877.20 ref, $453.75",1,misc,Level 1-100 Headgear,30903
45,Harvest Moon,Hermes,14591.1,240–270 keys,"14,591.10 ref, $445.03",2,misc,Level 10 Hat,633
45,Harvest Moon,Scotch Bonnet,14591.1,210–300 keys,"14,591.10 ref, $445.03",3,misc,Level 1-100 Headgear,306
45,Harvest Moon,Plumber's Cap,14533.88,254 keys,"14,533.88 ref, $443.28",0,misc,Level 1-100 Hat,30846
45,Harvest Moon,Commando Elite,14305,250 keys,"14,305.00 ref, $436.30",4,misc,Level 1-100 Helmet,30912
45,Harvest Moon,Large Luchador,14305,250 keys,"14,305.00 ref, $436.30",2,misc,Level 1-100 Mask,380
45,Harvest Moon,Ye Olde Baker Boy,14305,250 keys,"14,305.00 ref, $436.30",2,misc,Level 1-100 Hat,107
45,Harvest Moon,Nuke,13732.8,240 keys,"13,732.80 ref, $418.85",0,misc,Level 1-100 Hair,30885
45,Harvest Moon,Counterfeit Billycock,12588.4,210–230 keys,"12,588.40 ref, $383.95",2,misc,Level 10 Hat,602
45,Harvest Moon,Aztec Aggressor,12302.3,215 keys,"12,302.30 ref, $375.22",1,misc,Level 1-100 Headgear,30914
45,Harvest Moon,Backbiter's Billycock,12302.3,200–230 keys,"12,302.30 ref, $375.22",4,misc,Level 1-100 Hat,108
45,Harvest Moon,Trophy Belt,12299.344262295,193.73–236.17 keys,"12,299.34 ref, 214.95 keys",1,misc,Level 1-100 Hat,53
45,Harvest Moon,Texas Ten Gallon,12097.704918033,211.42 keys,"12,097.70 ref, 211.42 keys",3,misc,Level 1-100 Hat,94
45,Harvest Moon,Fed-Fightin' Fedora,12016.2,210 keys,"12,016.20 ref, $366.49",2,misc,Level 1-100 Hat,780
45,Harvest Moon,Magnificent Mongolian,12016.2,210 keys,"12,016.20 ref, $366.49",5,misc,Level 1-100 Hat,313
45,Harvest Moon,Le Party Phantom,11730.1,205 keys,"11,730.10 ref, $357.77",1,misc,Level 1-100 Mask,337
45,Harvest Moon,Your Worst Nightmare,11730.1,205 keys,"11,730.10 ref, $357.77",2,misc,Level 10 Hair,600
45,Harvest Moon,Lucky Shot,11444,200 keys,"11,444.00 ref, $349.04",1,misc,Level 1-100 Helmet,701
45,Harvest Moon,Rimmed Raincatcher,11444,200 keys,"11,444.00 ref, $349.04",5,misc,Level 1-100 Hat,216
45,Harvest Moon,Old Guadalajara,10929.02,191 keys,"10,929.02 ref, $333.34",3,misc,Level 1-100 Hat,247
45,Harvest Moon,Carouser's Capotain,10728.75,175–200 keys,"10,728.75 ref, $327.23",6,misc,Level 1-100 Hat,259
45,Harvest Moon,Front Runner,10213.77,170–187 keys,"10,213.77 ref, $311.52",2,misc,Level 1-100 Hat,760
45,Harvest Moon,Chieftain's Challenge,9326.86,140–186 keys,"9,326.86 ref, $284.47",2,misc,Level 1-100 Hat,250
45,Harvest Moon,Hustler's Hallmark,9298.25,150–175 keys,"9,298.25 ref, $283.60",2,misc,Level 1-100 Hat,146
45,Harvest Moon,Familiar Fez,8811.88,146–162 keys,"8,811.88 ref, $268.76",1,misc,Level 1-100 Hat,223
45,Harvest Moon,Smokey Sombrero,8640.22,151 keys,"8,640.22 ref, $263.53",1,misc,Level 1-100 Hat,30682
45,Harvest Moon,Hellmet,8583,150 keys,"8,583.00 ref, $261.78",1,misc,Level 1-100 Helmet,30708
45,Harvest Moon,Minnesota Slick,8583,150 keys,"8,583.00 ref, $261.78",1,misc,Level 1-100 Hair,30315
45,Harvest Moon,Tough Guy's Toque,8583,150 keys,"8,583.00 ref, $261.78",4,misc,Level 1-100 Hat,97
45,Harvest Moon,Liquidator's Lid,8010.8,140 keys,"8,010.80 ref, $244.33",2,misc,Level 1-100 Hat,779
45,Harvest Moon,Larrikin Robin,7724.7,135 keys,"7,724.70 ref, $235.60",1,misc,Level 1-100 Hat,314
45,Harvest Moon,Brigade Helm,7438.6,130 keys,"7,438.60 ref, $226.88",2,misc,Level 1-100 Helmet,105
45,Harvest Moon,Triboniophorus Tyrannus,7381.38,129 keys,"7,381.38 ref, $225.13",4,misc,Level 1-100 Mascot,151
45,Harvest Moon,Officer's Ushanka,7095.28,124 keys,"7,095.28 ref, $216.41",0,misc,Level 1-100 Hat,96
45,Harvest Moon,Stainless Pot,6866.4,100–140 keys,"6,866.40 ref, $209.43",3,misc,Level 1-100 Hat,98
45,Harvest Moon,Towering Titanium Pillar of Hats,6866.4,120 keys,"6,866.40 ref, $209.43",0,misc,Level 1-100 Hat,30008
45,Harvest Moon,Geisha Boy,6751.96,110–126 keys,"6,751.96 ref, $205.93",1,misc,Level 1-100 Hair,363
45,Harvest Moon,Madame Dixie,6743.2786885246,112.61–123.09 keys,"6,743.28 ref, 117.85 keys",3,misc,Level 1-100 Hat,321
45,Harvest Moon,Desert Marauder,6580.3,115 keys,"6,580.30 ref, $200.70",3,misc,Level 1-100 Hat,400
45,Harvest Moon,Furious Fukaamigasa,6408.64,112 keys,"6,408.64 ref, $195.46",3,misc,Level 1-100 Hat,395
45,Harvest Moon,Vintage Merryweather,6408.64,112 keys,"6,408.64 ref, $195.46",4,misc,Level 1-100 Helmet,182
45,Harvest Moon,Virtual Reality Headset,6294.2,110 keys,"6,294.20 ref, $191.97",3,misc,Level 10 Headset,628
45,Harvest Moon,Conquistador,6008.1,105 keys,"6,008.10 ref, $183.25",2,misc,Level 1-100 Helmet,721
45,Harvest Moon,Tippler's Tricorne,5722,100 keys,"5,722.00 ref, $174.52",1,misc,Level 1-100 Hat,179
45,Harvest Moon,Mining Light,5471.3114754098,81.96–109.28 keys,"5,471.31 ref, 95.62 keys",1,misc,Level 1-100 Cosmetic Item,48
45,Harvest Moon,Engineer's Cap,5435.9,95 keys,"5,435.90 ref, $165.79",4,misc,Level 1-100 Hat,95
45,Harvest Moon,Stout Shako,5378.68,88–100 keys,"5,378.68 ref, $164.05",1,misc,Level 1-100 Hat,251
45,Harvest Moon,Burning Bandana,5149.8,90 keys,"5,149.80 ref, $157.07",1,misc,Level 1-100 Bandana,30091
45,Harvest Moon,Nanobalaclava,4920.92,86 keys,"4,920.92 ref, $150.09",0,misc,Level 10 Hat,521
45,Harvest Moon,Flipped Trilby,4863.7,80–90 keys,"4,863.70 ref, $148.34",4,misc,Level 1-100 Hat,324
45,Harvest Moon,Football Helmet,4806.48,84 keys,"4,806.48 ref, $146.60",4,misc,Level 1-100 Helmet,49
45,Harvest Moon,Magistrate's Mullet,4634.82,81 keys,"4,634.82 ref, $141.36",3,misc,Level 1-100 Hair,147
45,Harvest Moon,Fat Man's Field Cap,4577.6,80 keys,"4,577.60 ref, $139.62",1,misc,Level 1-100 Hat,30911
45,Harvest Moon,Respectless Rubber Glove,4577.6,80 keys,"4,577.60 ref, $139.62",2,misc,Level 1-100 Hat,102
45,Harvest Moon,Sultan's Ceremonial,4577.6,80 keys,"4,577.60 ref, $139.62",2,misc,Level 1-100 Hat,403
45,Harvest Moon,Full Metal Drill Hat,4463.16,78 keys,"4,463.16 ref, $136.13",2,misc,Level 1-100 Hat,30026
45,Harvest Moon,Ye Oiled Baker Boy,4405.94,69–85 keys,"4,405.94 ref, $134.38",1,misc,Level 1-100 Hat,30019
45,Harvest Moon,Medic's Mountain Cap,4234.28,74 keys,"4,234.28 ref, $129.15",1,misc,Level 1-100 Hat,381
45,Harvest Moon,Pure Tin Capotain,4119.84,69–75 keys,"4,119.84 ref, $125.66",1,misc,Level 1-100 Hat,30021
45,Harvest Moon,Big Elfin Deal,4005.4,70 keys,"4,005.40 ref, $122.16",2,misc,Level 1-100 Hat,652
45,Harvest Moon,Copper's Hard Top,4005.4,70 keys,"4,005.40 ref, $122.16",2,misc,Level 1-100 Helmet,478
45,Harvest Moon,Heavy Duty Rag,3919.57,68–69 keys,"3,919.57 ref, $119.55",3,misc,Level 1-100 Bandana,185
45,Harvest Moon,Coupe D'isaster,3890.96,58–78 keys,"3,890.96 ref, $118.67",3,misc,Level 1-100 Hair,330
45,Harvest Moon,Gym Rat,3747.91,58–73 keys,"3,747.91 ref, $114.31",4,misc,Level 10 Hair,613
45,Harvest Moon,Doctor's Sack,3433.2,60 keys,"3,433.20 ref, $104.71",3,misc,Level 1-100 Hat,398
45,Harvest Moon,Platinum Pickelhaube,3318.76,58 keys,"3,318.76 ref, $101.22",1,misc,Level 1-100 Helmet,30042
45,Harvest Moon,Berliner's Bucket Helm,3261.54,57 keys,"3,261.54 ref, $99.48",3,misc,Level 1-100 Helmet,303
45,Harvest Moon,Little Buddy,3204.32,56 keys,"3,204.32 ref, $97.73",4,misc,Level 10 Hat,612
45,Harvest Moon,Toy Tailor,3089.88,54 keys,"3,089.88 ref, $94.24",1,misc,Level 1-100 Hat,30327
45,Harvest Moon,Dead Cone,2975.44,52 keys,"2,975.44 ref, $90.75",3,misc,Level 1-100 Hat,435
45,Harvest Moon,Janissary Ketche,2975.44,49–55 keys,"2,975.44 ref, $90.75",2,misc,Level 1-100 Hat,437
45,Harvest Moon,Hetman's Headpiece,2861,50 keys,"2,861.00 ref, $87.26",2,misc,Level 1-100 Hat,436
45,Harvest Moon,Bombing Run,2346.02,41 keys,"2,346.02 ref, $71.55",2,misc,Level 1-100 Helmet,249
45,Harvest Moon,Handyman's Handle,2231.58,39 keys,"2,231.58 ref, $68.06",2,misc,Level 1-100 Hat,253
45,Harvest Moon,Dread Knot,1786.8852459016,28–34.46 keys,"1,786.89 ref, 31.23 keys",1,misc,Level 1-100 Hair,358
38,Cloudy Moon,Killer Exclusive,377652,6600 keys,"377,652.00 ref, $11518.39",2,misc,Level 10 Hat,538
38,Cloudy Moon,Crone's Dome,354764,6200 keys,"354,764.00 ref, $10820.30",5,misc,Level 1-100 Hat,920
38,Cloudy Moon,Coffin Kit,271108.36,4738 keys,"271,108.36 ref, $8268.80",4,misc,Level 1-100 Backpack,938
38,Cloudy Moon,Villain's Veil,165938,2900 keys,"165,938.00 ref, $5061.11",3,misc,Level 1-100 Bandana,393
38,Cloudy Moon,Exquisite Rack,148772,2600 keys,"148,772.00 ref, $4537.55",4,misc,Level 1-100 Cosmetic Item,339
38,Cloudy Moon,Blighted Beak,143050,2500 keys,"143,050.00 ref, $4363.02",3,misc,Level 1-100 Mask,315
38,Cloudy Moon,Master's Yellow Belt,125884,2150–2250 keys,"125,884.00 ref, $3839.46",8,misc,Level 1-100 Hat,110
38,Cloudy Moon,Soldier's Stash,120162,2100 keys,"120,162.00 ref, $3664.94",5,misc,Level 1-100 Cosmetic Item,54
38,Cloudy Moon,Herald's Helm,114440,2000 keys,"114,440.00 ref, $3490.42",0,misc,Level 1-100 Helmet,30769
38,Cloudy Moon,Team Captain,111579,1600–2300 keys,"111,579.00 ref, $3403.16",5,misc,Level 1-100 Hat,378
38,Cloudy Moon,Bonk Boy,106429.2,1860 keys,"106,429.20 ref, $3246.09",4,misc,Level 1-100 Mask,451
38,Cloudy Moon,Mining Light,100850.25,1600–1925 keys,"100,850.25 ref, $3075.93",2,misc,Level 1-100 Cosmetic Item,48
38,Cloudy Moon,Patriot Peak,97274,1700 keys,"97,274.00 ref, $2966.86",0,misc,Level 1-100 Hat,30743
38,Cloudy Moon,Anger,86688.3,1515 keys,"86,688.30 ref, $2643.99",5,misc,Level 10 Hood,518
38,Cloudy Moon,Pyromancer's Mask,82969,1450 keys,"82,969.00 ref, $2530.55",11,misc,Level 1-100 Mask,316
38,Cloudy Moon,Batter's Helmet,77247,1350 keys,"77,247.00 ref, $2356.03",3,misc,Level 1-100 Helmet,52
38,Cloudy Moon,Pencil Pusher,74386,1300 keys,"74,386.00 ref, $2268.77",6,misc,Level 10 Hair,605
38,Cloudy Moon,Blast Defense,72955.5,1275 keys,"72,955.50 ref, $2225.14",0,misc,Level 1-100 Headgear,30863
38,Cloudy Moon,Salty Dog,70094.5,1225 keys,"70,094.50 ref, $2137.88",2,misc,Level 10 Hat,611
38,Cloudy Moon,Brown Bomber,68664,950–1450 keys,"68,664.00 ref, $2094.25",2,misc,Level 1-100 Hat,671
38,Cloudy Moon,Samur-Eye,68664,1200 keys,"68,664.00 ref, $2094.25",4,misc,Level 1-100 Helmet,359
38,Cloudy Moon,Brainiac Hairpiece,67805.7,1185 keys,"67,805.70 ref, $2068.07",4,misc,Level 1-100 Facial Hair,590
38,Cloudy Moon,Le Party Phantom,67233.5,1175 keys,"67,233.50 ref, $2050.62",10,misc,Level 1-100 Mask,337
38,Cloudy Moon,Nasty Norsemann,62942,1100 keys,"62,942.00 ref, $1919.73",1,misc,Level 1-100 Helmet,30810
38,Cloudy Moon,Mask of the Shaman,57220,1000 keys,"57,220.00 ref, $1745.21",0,misc,Level 10 Mask,514
38,Cloudy Moon,Hat with No Name,54645.1,955 keys,"54,645.10 ref, $1666.68",4,misc,Level 10 Hat,631
38,Cloudy Moon,Large Luchador,54072.9,945 keys,"54,072.90 ref, $1649.22",6,misc,Level 1-100 Mask,380
38,Cloudy Moon,Tyrant's Helm,52928.5,900–950 keys,"52,928.50 ref, $1614.32",5,misc,Level 1-100 Helmet,99
38,Cloudy Moon,Conjurer's Cowl,52499.35,705–1130 keys,"52,499.35 ref, $1601.23",5,misc,Level 1-100 Hood,465
38,Cloudy Moon,Reggaelator,51498,900 keys,"51,498.00 ref, $1570.69",3,misc,Level 1-100 Hat,390
38,Cloudy Moon,Troublemaker's Tossle Cap,50639.7,885 keys,"50,639.70 ref, $1544.51",9,misc,Level 1-100 Hat,150
38,Cloudy Moon,Sergeant's Drill Hat,48350.9,845 keys,"48,350.90 ref, $1474.70",5,misc,Level 1-100 Hat,183
38,Cloudy Moon,El Jefe,47492.6,830 keys,"47,492.60 ref, $1448.52",6,misc,Level 10 Hat,539
38,Cloudy Moon,Ol' Geezer,45776,800 keys,"45,776.00 ref, $1396.17",2,misc,Level 1-100 Hat,399
38,Cloudy Moon,Your Worst Nightmare,45776,800 keys,"45,776.00 ref, $1396.17",4,misc,Level 10 Hair,600
38,Cloudy Moon,Fortunate Son,44459.94,777 keys,"44,459.94 ref, $1356.03",2,misc,Level 1-100 Helmet,30636
38,Cloudy Moon,Desert Marauder,42915,750 keys,"42,915.00 ref, $1308.91",5,misc,Level 1-100 Hat,400
38,Cloudy Moon,Tipped Lid,40054,700 keys,"40,054.00 ref, $1221.65",1,misc,Level 1-100 Hat,30425
38,Cloudy Moon,Dr's Dapper Topper,38766.55,630–725 keys,"38,766.55 ref, $1182.38",8,misc,Level 1-100 Hat,252
38,Cloudy Moon,Galvanized Gibus,38337.4,670 keys,"38,337.40 ref, $1169.29",2,misc,Level 1-100 Hat,30003
38,Cloudy Moon,Texas Ten Gallon,38337.4,640–700 keys,"38,337.40 ref, $1169.29",6,misc,Level 1-100 Hat,94
38,Cloudy Moon,Grimm Hatte,38051.3,665 keys,"38,051.30 ref, $1160.56",10,misc,Level 1-100 Hat,383
38,Cloudy Moon,Napper's Respite,37193,650 keys,"37,193.00 ref, $1134.39",3,misc,Level 1-100 Hat,248
38,Cloudy Moon,Vintage Tyrolean,37193,650 keys,"37,193.00 ref, $1134.39",5,misc,Level 1-100 Hat,101
38,Cloudy Moon,Killer's Kabuto,36906.9,630–660 keys,"36,906.90 ref, $1125.66",6,misc,Level 1-100 Helmet,152
38,Cloudy Moon,Das Hazmattenhatten,34332,600 keys,"34,332.00 ref, $1047.13",2,misc,Level 1-100 Safety Apparatus,30095
38,Cloudy Moon,Hustler's Hallmark,34332,600 keys,"34,332.00 ref, $1047.13",7,misc,Level 1-100 Hat,146
38,Cloudy Moon,A Rather Festive Tree,32901.5,575 keys,"32,901.50 ref, $1003.50",9,misc,Level 1-100 Hat,341
38,Cloudy Moon,Modest Pile of Hat,32901.5,560–590 keys,"32,901.50 ref, $1003.50",9,misc,Level 1-100 Hat,139
38,Cloudy Moon,Chieftain's Challenge,32043.2,560 keys,"32,043.20 ref, $977.32",4,misc,Level 1-100 Hat,250
38,Cloudy Moon,Physician's Protector,32043.2,560 keys,"32,043.20 ref, $977.32",1,misc,Level 1-100 Helmet,30625
38,Cloudy Moon,Honcho's Headgear,30898.8,540 keys,"30,898.80 ref, $942.41",6,misc,Level 1-100 Hat,391
38,Cloudy Moon,Liquidator's Lid,30898.8,540 keys,"30,898.80 ref, $942.41",2,misc,Level 1-100 Hat,779
38,Cloudy Moon,Backwards Ballcap,30326.6,440–620 keys,"30,326.60 ref, $924.96",9,misc,Level 10 Hat,617
38,Cloudy Moon,Surgeon's Stahlhelm,30326.6,530 keys,"30,326.60 ref, $924.96",6,misc,Level 10 Helmet,616
38,Cloudy Moon,Connoisseur's Cap,29067.76,508 keys,"29,067.76 ref, $886.57",8,misc,Level 1-100 Hat,394
38,Cloudy Moon,Fed-Fightin' Fedora,28916.06557377,459.41–551.29 keys,"28,916.07 ref, 505.35 keys",0,misc,Level 1-100 Hat,780
38,Cloudy Moon,Ze Goggles,28610,500 keys,"28,610.00 ref, $872.61",5,misc,Level 1-100 Glasses,177
38,Cloudy Moon,Stainless Pot,28037.8,490 keys,"28,037.80 ref, $855.15",7,misc,Level 1-100 Hat,98
38,Cloudy Moon,Hellmet,27465.6,480 keys,"27,465.60 ref, $837.70",1,misc,Level 1-100 Helmet,30708
38,Cloudy Moon,Prince Tavish's Crown,27465.6,480 keys,"27,465.60 ref, $837.70",8,misc,Level 1-100 Hat,342
38,Cloudy Moon,Company Man,26321.2,460 keys,"26,321.20 ref, $802.80",5,misc,Level 10 Hat,523
38,Cloudy Moon,Furious Fukaamigasa,26035.1,430–480 keys,"26,035.10 ref, $794.07",8,misc,Level 1-100 Hat,395
38,Cloudy Moon,Classy Capper,25749,450 keys,"25,749.00 ref, $785.34",0,misc,Level 1-100 Hat,30893
38,Cloudy Moon,Flipped Trilby,25749,450 keys,"25,749.00 ref, $785.34",4,misc,Level 1-100 Hat,324
38,Cloudy Moon,Scotsman's Stove Pipe,24890.7,435 keys,"24,890.70 ref, $759.17",6,misc,Level 1-100 Hat,120
38,Cloudy Moon,Whoopee Cap,23746.3,415 keys,"23,746.30 ref, $724.26",8,misc,Level 1-100 Hat,174
38,Cloudy Moon,Swagman's Swatter,23460.2,370–450 keys,"23,460.20 ref, $715.54",6,misc,Level 10 Hat,626
38,Cloudy Moon,Voodoo JuJu (Slight Return),23460.2,410 keys,"23,460.20 ref, $715.54",4,misc,Level 1-100 Hat,935
38,Cloudy Moon,Head Warmer,23174.1,405 keys,"23,174.10 ref, $706.81",3,misc,Level 1-100 Hat,644
38,Cloudy Moon,Defiant Spartan,22888,400 keys,"22,888.00 ref, $698.08",9,misc,Level 1-100 Helmet,340
38,Cloudy Moon,Familiar Fez,22888,400 keys,"22,888.00 ref, $698.08",5,misc,Level 1-100 Hat,223
38,Cloudy Moon,Fancy Fedora,22888,400 keys,"22,888.00 ref, $698.08",4,misc,Level 1-100 Hat,55
38,Cloudy Moon,Medic's Mountain Cap,22888,400 keys,"22,888.00 ref, $698.08",4,misc,Level 1-100 Hat,381
38,Cloudy Moon,Towering Pillar of Hats,22888,400 keys,"22,888.00 ref, $698.08",7,misc,Level 1-100 Hat,135
38,Cloudy Moon,Trophy Belt,22888,400 keys,"22,888.00 ref, $698.08",7,misc,Level 1-100 Hat,53
38,Cloudy Moon,Wraith Wrap,22888,400 keys,"22,888.00 ref, $698.08",3,misc,Level 1-100 Apparel,937
38,Cloudy Moon,Geisha Boy,22830.78,399 keys,"22,830.78 ref, $696.34",3,misc,Level 1-100 Hair,363
38,Cloudy Moon,Lucky Shot,22601.9,380–410 keys,"22,601.90 ref, $689.36",8,misc,Level 1-100 Helmet,701
38,Cloudy Moon,Lord Cockswain's Pith Helmet,22315.8,390 keys,"22,315.80 ref, $680.63",3,misc,Level 1-100 Headgear,439
38,Cloudy Moon,Gentleman's Ushanka,22287.19,350–429 keys,"22,287.19 ref, $679.76",4,misc,Level 1-100 Hat,778
38,Cloudy Moon,Pirate Bandana,21743.6,380 keys,"21,743.60 ref, $663.18",2,misc,Level 1-100 Hat,30180
38,Cloudy Moon,Bubble Pipe,21457.5,375 keys,"21,457.50 ref, $654.45",3,misc,Level 1-100 Helmet,597
38,Cloudy Moon,Dragonborn Helmet,21457.5,375 keys,"21,457.50 ref, $654.45",3,misc,Level 10 Helmet,517
38,Cloudy Moon,Noble Amassment of Hats,21457.5,375 keys,"21,457.50 ref, $654.45",7,misc,Level 1-100 Hat,137
38,Cloudy Moon,Carouser's Capotain,21400.28,374 keys,"21,400.28 ref, $652.71",7,misc,Level 1-100 Hat,259
38,Cloudy Moon,Grenadier's Softcap,20885.3,330–400 keys,"20,885.30 ref, $637.00",7,misc,Level 1-100 Hat,227
38,Cloudy Moon,Backbiter's Billycock,20599.2,360 keys,"20,599.20 ref, $628.28",6,misc,Level 1-100 Hat,108
38,Cloudy Moon,Brim-Full of Bullets,20027,350 keys,"20,027.00 ref, $610.82",1,misc,Level 1-100 Hat,30173
38,Cloudy Moon,Hot Dogger,20027,350 keys,"20,027.00 ref, $610.82",9,misc,Level 10 Hat,614
38,Cloudy Moon,Jumper's Jeepcap,20027,350 keys,"20,027.00 ref, $610.82",9,misc,Level 1-100 Hat,417
38,Cloudy Moon,Tavish DeGroot Experience,19740.9,290–400 keys,"19,740.90 ref, $602.10",6,misc,Level 10 Hat,604
38,Cloudy Moon,Armored Authority,19454.8,340 keys,"19,454.80 ref, $593.37",5,misc,Level 1-100 Helmet,445
38,Cloudy Moon,Bonk Helm,19454.8,340 keys,"19,454.80 ref, $593.37",7,misc,Level 1-100 Helmet,106
38,Cloudy Moon,Milkman,19454.8,340 keys,"19,454.80 ref, $593.37",2,misc,Level 1-100 Hat,219
38,Cloudy Moon,Pom-Pommed Provocateur,19054.26,333 keys,"19,054.26 ref, $581.15",1,misc,Level 1-100 Mask,30072
38,Cloudy Moon,Fruit Shoot,18710.94,327 keys,"18,710.94 ref, $570.68",6,misc,Level 1-100 Hat,759
38,Cloudy Moon,Baron von Havenaplane,18653.72,326 keys,"18,653.72 ref, $568.94",1,misc,Level 1-100 Hat,30136
38,Cloudy Moon,Attendant,18596.5,325 keys,"18,596.50 ref, $567.19",5,misc,Level 1-100 Hat,213
38,Cloudy Moon,Scotch Bonnet,18596.5,325 keys,"18,596.50 ref, $567.19",7,misc,Level 1-100 Headgear,306
38,Cloudy Moon,One-Man Army,18310.4,290–350 keys,"18,310.40 ref, $558.47",5,misc,Level 10 Hair,601
38,Cloudy Moon,Tough Guy's Toque,18310.4,320 keys,"18,310.40 ref, $558.47",5,misc,Level 1-100 Hat,97
38,Cloudy Moon,Conquistador,17738.2,310 keys,"17,738.20 ref, $541.02",2,misc,Level 1-100 Helmet,721
38,Cloudy Moon,Bombing Run,17166,300 keys,"17,166.00 ref, $523.56",3,misc,Level 1-100 Helmet,249
38,Cloudy Moon,Buckaroo's Hat,17166,300 keys,"17,166.00 ref, $523.56",4,misc,Level 1-100 Hat,322
38,Cloudy Moon,Cotton Head,17166,300 keys,"17,166.00 ref, $523.56",1,misc,Level 1-100 Hat,30175
38,Cloudy Moon,Gentleman's Gatsby,17166,300 keys,"17,166.00 ref, $523.56",5,misc,Level 1-100 Hat,184
38,Cloudy Moon,Heavy Duty Rag,17166,300 keys,"17,166.00 ref, $523.56",12,misc,Level 1-100 Bandana,185
38,Cloudy Moon,Hound Dog,17166,300 keys,"17,166.00 ref, $523.56",8,misc,Level 1-100 Hair,145
38,Cloudy Moon,Old Guadalajara,17166,300 keys,"17,166.00 ref, $523.56",2,misc,Level 1-100 Hat,247
38,Cloudy Moon,Stout Shako,17166,300 keys,"17,166.00 ref, $523.56",9,misc,Level 1-100 Hat,251
38,Cloudy Moon,Charmer's Chapeau,16937.12,296 keys,"16,937.12 ref, $516.58",4,misc,Level 1-100 Hat,397
38,Cloudy Moon,Waxy Wayfinder,16021.6,280 keys,"16,021.60 ref, $488.66",3,misc,Level 1-100 Hat,753
38,Cloudy Moon,Cranial Carcharodon,15735.5,275 keys,"15,735.50 ref, $479.93",1,misc,Level 1-100 Hat,30800
38,Cloudy Moon,Counterfeit Billycock,15563.84,272 keys,"15,563.84 ref, $474.70",11,misc,Level 10 Hat,602
38,Cloudy Moon,Ol' Snaggletooth,15449.4,270 keys,"15,449.40 ref, $471.21",5,misc,Level 1-100 Hat,229
38,Cloudy Moon,Triboniophorus Tyrannus,15306.35,240–295 keys,"15,306.35 ref, $466.84",3,misc,Level 1-100 Mascot,151
38,Cloudy Moon,Brain Bucket,14877.2,260 keys,"14,877.20 ref, $453.75",2,misc,Level 1-100 Hat,434
38,Cloudy Moon,Professional's Panama,14877.2,250–270 keys,"14,877.20 ref, $453.75",8,misc,Level 1-100 Hat,109
38,Cloudy Moon,Berliner's Bucket Helm,14305,250 keys,"14,305.00 ref, $436.30",7,misc,Level 1-100 Helmet,303
38,Cloudy Moon,Dead Cone,14305,250 keys,"14,305.00 ref, $436.30",4,misc,Level 1-100 Hat,435
38,Cloudy Moon,Glengarry Bonnet,14305,235–265 keys,"14,305.00 ref, $436.30",7,misc,Level 1-100 Hat,100
38,Cloudy Moon,Metal Slug,14305,250 keys,"14,305.00 ref, $436.30",1,misc,Level 1-100 Hat,30028
38,Cloudy Moon,L'homme Burglerre,14133.34,247 keys,"14,133.34 ref, $431.07",2,misc,Level 1-100 Hat,30182
38,Cloudy Moon,Gym Rat,14076.12,246 keys,"14,076.12 ref, $429.32",6,misc,Level 10 Hair,613
38,Cloudy Moon,Frenchman's Beret,13790.02,232–250 keys,"13,790.02 ref, $420.60",4,misc,Level 1-100 Hat,180
38,Cloudy Moon,Dread Knot,13732.8,240 keys,"13,732.80 ref, $418.85",7,misc,Level 1-100 Hair,358
38,Cloudy Moon,Western Wear,13675.58,239 keys,"13,675.58 ref, $417.11",5,misc,Level 1-100 Hat,379
38,Cloudy Moon,Sober Stuntman,13446.7,235 keys,"13,446.70 ref, $410.12",6,misc,Level 1-100 Helmet,255
38,Cloudy Moon,Katyusha,13160.6,210–250 keys,"13,160.60 ref, $401.40",2,misc,Level 1-100 Hat,30094
38,Cloudy Moon,Magnificent Mongolian,13160.6,230 keys,"13,160.60 ref, $401.40",6,misc,Level 1-100 Hat,313
38,Cloudy Moon,Shooter's Sola Topi,13160.6,230 keys,"13,160.60 ref, $401.40",9,misc,Level 1-100 Helmet,158
38,Cloudy Moon,Doctor's Sack,13046.16,193–263 keys,"13,046.16 ref, $397.91",7,misc,Level 1-100 Hat,398
38,Cloudy Moon,Coupe D'isaster,12874.5,225 keys,"12,874.50 ref, $392.67",6,misc,Level 1-100 Hair,330
38,Cloudy Moon,Commando Elite,12588.4,220 keys,"12,588.40 ref, $383.95",4,misc,Level 1-100 Helmet,30912
38,Cloudy Moon,Pugilist's Protector,12445.35,165–270 keys,"12,445.35 ref, $379.58",9,misc,Level 1-100 Headgear,246
38,Cloudy Moon,Flamboyant Flamenco,12302.3,215 keys,"12,302.30 ref, $375.22",5,misc,Level 10 Hat,627
38,Cloudy Moon,Vintage Merryweather,12102.03,198–225 keys,"12,102.03 ref, $369.11",9,misc,Level 1-100 Helmet,182
38,Cloudy Moon,Hottie's Hoodie,12016.2,210 keys,"12,016.20 ref, $366.49",6,misc,Level 1-100 Hood,377
38,Cloudy Moon,Little Buddy,12016.2,210 keys,"12,016.20 ref, $366.49",5,misc,Level 10 Hat,612
38,Cloudy Moon,Officer's Ushanka,12016.2,210 keys,"12,016.20 ref, $366.49",11,misc,Level 1-100 Hat,96
38,Cloudy Moon,Handyman's Handle,11730.1,200–210 keys,"11,730.10 ref, $357.77",6,misc,Level 1-100 Hat,253
38,Cloudy Moon,Big Chief,11444,200 keys,"11,444.00 ref, $349.04",2,misc,Level 1-100 Hat,309
38,Cloudy Moon,Bloke's Bucket Hat,11444,200 keys,"11,444.00 ref, $349.04",5,misc,Level 1-100 Hat,181
38,Cloudy Moon,Shooter's Tin Topi,11157.9,195 keys,"11,157.90 ref, $340.32",2,misc,Level 1-100 Hat,30005
38,Cloudy Moon,Détective Noir,11043.46,193 keys,"11,043.46 ref, $336.83",3,misc,Level 1-100 Hat,319
38,Cloudy Moon,Virtual Reality Headset,9836.0655737705,151.27–192.53 keys,"9,836.07 ref, 171.90 keys",1,misc,Level 10 Headset,628
38,Cloudy Moon,Rebel Rouser,9784.62,171 keys,"9,784.62 ref, $298.43",1,misc,Level 1-100 Hat,30120
38,Cloudy Moon,Hetman's Headpiece,9441.3,165 keys,"9,441.30 ref, $287.96",6,misc,Level 1-100 Hat,436
38,Cloudy Moon,Magistrate's Mullet,9441.3,130–200 keys,"9,441.30 ref, $287.96",3,misc,Level 1-100 Hair,147
38,Cloudy Moon,Cosa Nostra Cap,8583,150 keys,"8,583.00 ref, $261.78",4,misc,Level 1-100 Hat,459
38,Cloudy Moon,Bonk Leadwear,8010.8,140 keys,"8,010.80 ref, $244.33",1,misc,Level 1-100 Helmet,30030
38,Cloudy Moon,Industrial Festivizer,7839.14,137 keys,"7,839.14 ref, $239.09",3,misc,Level 1-100 Hat,338
38,Cloudy Moon,Trencher's Topper,7724.7,135 keys,"7,724.70 ref, $235.60",1,misc,Level 1-100 Helmet,30336
38,Cloudy Moon,Crocleather Slouch,7495.82,131 keys,"7,495.82 ref, $228.62",8,misc,Level 1-100 Hat,344
38,Cloudy Moon,Das Maddendoktor,7438.6,130 keys,"7,438.60 ref, $226.88",1,misc,Level 1-100 Hair,30121
38,Cloudy Moon,Nuke,7438.6,130 keys,"7,438.60 ref, $226.88",0,misc,Level 1-100 Hair,30885
38,Cloudy Moon,Larrikin Robin,7152.5,125 keys,"7,152.50 ref, $218.15",7,misc,Level 1-100 Hat,314
38,Cloudy Moon,Outdoorsman,6980.84,122 keys,"6,980.84 ref, $212.92",7,misc,Level 10 Hat,603
38,Cloudy Moon,Ye Olde Baker Boy,6580.3,115 keys,"6,580.30 ref, $200.70",3,misc,Level 1-100 Hat,107
38,Cloudy Moon,Brigade Helm,6294.2,110 keys,"6,294.20 ref, $191.97",2,misc,Level 1-100 Helmet,105
38,Cloudy Moon,Demoman's Fro,6294.2,110 keys,"6,294.20 ref, $191.97",2,misc,Level 1-100 Hair,47
38,Cloudy Moon,Valley Forge,6294.2,110 keys,"6,294.20 ref, $191.97",1,misc,Level 1-100 Hat,30114
38,Cloudy Moon,German Gonzila,5950.88,104 keys,"5,950.88 ref, $181.50",4,misc,Level 1-100 Hat,323
38,Cloudy Moon,Sultan's Ceremonial,5664.78,99 keys,"5,664.78 ref, $172.78",5,misc,Level 1-100 Hat,403
38,Cloudy Moon,Hotrod,5607.56,98 keys,"5,607.56 ref, $171.03",6,misc,Level 1-100 Mask,148
38,Cloudy Moon,Human Cannonball,5464.51,91–100 keys,"5,464.51 ref, $166.67",2,misc,Level 1-100 Helmet,817
38,Cloudy Moon,Safe'n'Sound,5292.85,85–100 keys,"5,292.85 ref, $161.43",4,misc,Level 1-100 Hat,178
38,Cloudy Moon,Otolaryngologist's Mirror,5149.8,90 keys,"5,149.80 ref, $157.07",4,misc,Level 1-100 Hat,104
38,Cloudy Moon,Big Country,5092.58,89 keys,"5,092.58 ref, $155.32",3,misc,Level 1-100 Hair,382
38,Cloudy Moon,Prussian Pickelhaube,5035.36,88 keys,"5,035.36 ref, $153.58",6,misc,Level 1-100 Helmet,50
38,Cloudy Moon,Eliminator's Safeguard,4863.7,85 keys,"4,863.70 ref, $148.34",1,misc,Level 1-100 Helmet,30369
38,Cloudy Moon,Tippler's Tricorne,4806.48,84 keys,"4,806.48 ref, $146.60",6,misc,Level 1-100 Hat,179
38,Cloudy Moon,Capo's Capper,4577.6,80 keys,"4,577.60 ref, $139.62",4,misc,Level 1-100 Hat,427
38,Cloudy Moon,Engineer's Cap,4577.6,80 keys,"4,577.60 ref, $139.62",3,misc,Level 1-100 Hat,95
38,Cloudy Moon,Birdcage,4463.16,78 keys,"4,463.16 ref, $136.13",2,misc,Level 10 Hat,615
38,Cloudy Moon,Big Elfin Deal,4434.55,70–85 keys,"4,434.55 ref, $135.25",1,misc,Level 1-100 Hat,652
38,Cloudy Moon,Hermes,4320.11,73–78 keys,"4,320.11 ref, $131.76",2,misc,Level 10 Hat,633
38,Cloudy Moon,Janissary Ketche,4234.28,74 keys,"4,234.28 ref, $129.15",2,misc,Level 1-100 Hat,437
38,Cloudy Moon,Buccaneer's Bicorne,4177.06,72–74 keys,"4,177.06 ref, $127.40",5,misc,Level 10 Hat,607
38,Cloudy Moon,Bunsen Brave,4062.62,71 keys,"4,062.62 ref, $123.91",1,misc,Level 1-100 Hat,30054
38,Cloudy Moon,Private Eye,4062.62,59–83 keys,"4,062.62 ref, $123.91",8,misc,Level 1-100 Hat,388
38,Cloudy Moon,Tyrantium Helmet,4005.4,70 keys,"4,005.40 ref, $122.16",1,misc,Level 1-100 Helmet,30014
38,Cloudy Moon,Hard Counter,3948.18,69 keys,"3,948.18 ref, $120.42",3,misc,Level 1-100 Hat,254
38,Cloudy Moon,Bone Dome,3833.74,67 keys,"3,833.74 ref, $116.93",1,misc,Level 1-100 Helmet,30162
38,Cloudy Moon,L'Inspecteur,3719.3,65 keys,"3,719.30 ref, $113.44",3,misc,Level 10 Hat,622
38,Cloudy Moon,Mann of Reason,3719.3,65 keys,"3,719.30 ref, $113.44",1,misc,Level 1-100 Hat,30318
38,Cloudy Moon,Pyro's Boron Beanie,3719.3,65 keys,"3,719.30 ref, $113.44",1,misc,Level 1-100 Hat,30040
38,Cloudy Moon,Tam O' Shanter,3719.3,60–70 keys,"3,719.30 ref, $113.44",9,misc,Level 1-100 Hat,480
38,Cloudy Moon,Football Helmet,3442.6229508197,52.94–67.38 keys,"3,442.62 ref, 60.16 keys",0,misc,Level 1-100 Helmet,49
38,Cloudy Moon,Electric Escorter,3433.2,48–72 keys,"3,433.20 ref, $104.71",1,misc,Level 1-100 Hat,30025
38,Cloudy Moon,Rimmed Raincatcher,3433.2,60 keys,"3,433.20 ref, $104.71",3,misc,Level 1-100 Hat,216
38,Cloudy Moon,Copper's Hard Top,3375.98,59 keys,"3,375.98 ref, $102.97",3,misc,Level 1-100 Helmet,478
38,Cloudy Moon,Prancer's Pride,3318.76,58 keys,"3,318.76 ref, $101.22",6,misc,Level 1-100 Hat,318
38,Cloudy Moon,Nanobalaclava,3147.1,55 keys,"3,147.10 ref, $95.99",7,misc,Level 10 Hat,521
38,Cloudy Moon,Platinum Pickelhaube,2918.22,51 keys,"2,918.22 ref, $89.01",1,misc,Level 1-100 Helmet,30042
38,Cloudy Moon,Madame Dixie,2861,50 keys,"2,861.00 ref, $87.26",6,misc,Level 1-100 Hat,321
38,Cloudy Moon,Pyro's Beanie,2746.56,48 keys,"2,746.56 ref, $83.77",8,misc,Level 1-100 Hat,51
38,Cloudy Moon,Respectless Rubber Glove,2403.24,42 keys,"2,403.24 ref, $73.30",7,misc,Level 1-100 Hat,102
38,Cloudy Moon,Tungsten Toque,2288.8,40 keys,"2,288.80 ref, $69.81",1,misc,Level 1-100 Hat,30049
38,Cloudy Moon,Stately Steel Toe,2231.58,35–43 keys,"2,231.58 ref, $68.06",4,misc,Level 1-100 Hat,481
14,Scorching Flames,Skullcap,310132.4,5420 keys,"310,132.40 ref, $9459.04",1,misc,Level 1-100 Hat,30578
14,Scorching Flames,Potassium Bonnet,281522.4,4920 keys,"281,522.40 ref, $8586.43",3,misc,Level 1-100 Hat,30643
14,Scorching Flames,Bedouin Bandana,143050,2500 keys,"143,050.00 ref, $4363.02",1,misc,Level 1-100 Hood,30768
14,Scorching Flames,Lucky Cat Hat,133036.5,2000–2650 keys,"133,036.50 ref, $4057.61",2,misc,Level 1-100 Hat,30998
14,Scorching Flames,Exquisite Rack,131606,2300 keys,"131,606.00 ref, $4013.98",31,misc,Level 1-100 Cosmetic Item,339
14,Scorching Flames,Team Captain,130175.5,2200–2350 keys,"130,175.50 ref, $3970.35",19,misc,Level 1-100 Hat,378
14,Scorching Flames,HazMat Headcase,128745,2250 keys,"128,745.00 ref, $3926.72",3,misc,Level 1-100 Mask,783
14,Scorching Flames,Noh Mercy,128745,2250 keys,"128,745.00 ref, $3926.72",7,misc,Level 1-100 Mask,361
14,Scorching Flames,Villain's Veil,119446.75,1975–2200 keys,"119,446.75 ref, $3643.13",12,misc,Level 1-100 Bandana,393
14,Scorching Flames,Bonk Boy,114440,2000 keys,"114,440.00 ref, $3490.42",10,misc,Level 1-100 Mask,451
14,Scorching Flames,Crown of the Old Kingdom,114440,2000 keys,"114,440.00 ref, $3490.42",7,misc,Level 1-100 Hat,30567
14,Scorching Flames,Snowmann,108718,1900 keys,"108,718.00 ref, $3315.90",1,misc,Level 1-100 Hat,30829
14,Scorching Flames,Soldier's Stash,102996,1550–2050 keys,"102,996.00 ref, $3141.38",23,misc,Level 1-100 Cosmetic Item,54
14,Scorching Flames,Blighted Beak,97274,1700 keys,"97,274.00 ref, $2966.86",35,misc,Level 1-100 Mask,315
14,Scorching Flames,Onimann,97274,1700 keys,"97,274.00 ref, $2966.86",1,misc,Level 1-100 Hat,31295
14,Scorching Flames,Legendary Lid,85830,1500 keys,"85,830.00 ref, $2617.82",3,misc,Level 1-100 Hat,30868
14,Scorching Flames,Head Prize,78677.5,1375 keys,"78,677.50 ref, $2399.66",9,misc,Level 1-100 Hat,30838
14,Scorching Flames,Das Hazmattenhatten,77247,1350 keys,"77,247.00 ref, $2356.03",4,misc,Level 1-100 Safety Apparatus,30095
14,Scorching Flames,Decorated Veteran,77247,1350 keys,"77,247.00 ref, $2356.03",3,misc,Level 1-100 Hat,31261
14,Scorching Flames,Large Luchador,77247,1350 keys,"77,247.00 ref, $2356.03",9,misc,Level 1-100 Mask,380
14,Scorching Flames,Virtual Viewfinder,75272.91,1004–1627 keys,"75,272.91 ref, $2295.82",4,misc,Level 1-100 Headset,30140
14,Scorching Flames,Master's Yellow Belt,72955.5,1275 keys,"72,955.50 ref, $2225.14",22,misc,Level 1-100 Hat,110
14,Scorching Flames,Anger,72669.4,1270 keys,"72,669.40 ref, $2216.42",13,misc,Level 10 Hood,518
14,Scorching Flames,Pyromancer's Mask,71525,1150–1350 keys,"71,525.00 ref, $2181.51",46,misc,Level 1-100 Mask,316
14,Scorching Flames,Boarder's Beanie,68664,1200 keys,"68,664.00 ref, $2094.25",1,misc,Level 1-100 Hat,31415
14,Scorching Flames,Pencil Pusher,60081,1050 keys,"60,081.00 ref, $1832.47",6,misc,Level 10 Hair,605
14,Scorching Flames,Trapper's Flap,57220,1000 keys,"57,220.00 ref, $1745.21",1,misc,Level 1-100 Hat,31323
14,Scorching Flames,Ballooniphones,56647.8,990 keys,"56,647.80 ref, $1727.76",1,misc,Level 1-100 Headphones,31183
14,Scorching Flames,Lil' Bitey,52928.5,840–1010 keys,"52,928.50 ref, $1614.32",0,misc,Level 1-100 Hat,30814
14,Scorching Flames,Baseball Bill's Sports Shine,51498,900 keys,"51,498.00 ref, $1570.69",3,misc,Level 1-100 Cosmetic Item,111
14,Scorching Flames,Le Party Phantom,49209.2,860 keys,"49,209.20 ref, $1500.88",34,misc,Level 1-100 Mask,337
14,Scorching Flames,Cranial Cowl,48637,850 keys,"48,637.00 ref, $1483.43",1,misc,Level 1-100 Hat,31312
14,Scorching Flames,Soldered Sensei,48637,850 keys,"48,637.00 ref, $1483.43",5,misc,Level 1-100 Hat,30004
14,Scorching Flames,Crone's Dome,44631.6,710–850 keys,"44,631.60 ref, $1361.26",98,misc,Level 1-100 Hat,920
14,Scorching Flames,Patriot Peak,44345.5,775 keys,"44,345.50 ref, $1352.54",46,misc,Level 1-100 Hat,30743
14,Scorching Flames,Mining Light,44059.4,690–850 keys,"44,059.40 ref, $1343.81",24,misc,Level 1-100 Cosmetic Item,48
14,Scorching Flames,Gauzed Gaze,41141.18,719 keys,"41,141.18 ref, $1254.81",26,misc,Level 1-100 Hat,30786
14,Scorching Flames,Duck Billed Hatypus,40054,700 keys,"40,054.00 ref, $1221.65",2,misc,Level 1-100 Hat,30700
14,Scorching Flames,Ritzy Rick's Hair Fixative,40054,700 keys,"40,054.00 ref, $1221.65",3,misc,Level 1-100 Cosmetic Item,117
14,Scorching Flames,War Pig,40054,700 keys,"40,054.00 ref, $1221.65",20,misc,Level 1-100 Headgear,829
14,Scorching Flames,Brainiac Hairpiece,36248.87,600–667 keys,"36,248.87 ref, $1105.59",2,misc,Level 1-100 Facial Hair,590
14,Scorching Flames,Killer Exclusive,36048.6,610–650 keys,"36,048.60 ref, $1099.48",56,misc,Level 10 Hat,538
14,Scorching Flames,Whirly Warrior,33187.6,580 keys,"33,187.60 ref, $1012.22",30,misc,Level 1-100 Helmet,30118
14,Scorching Flames,Mean Captain,30898.8,480–600 keys,"30,898.80 ref, $942.41",21,misc,Level 1-100 Hat,31385
14,Scorching Flames,Conjurer's Cowl,30326.6,530 keys,"30,326.60 ref, $924.96",22,misc,Level 1-100 Hood,465
14,Scorching Flames,Mask of the Shaman,30253.278688525,474.77–582.67 keys,"30,253.28 ref, 528.72 keys",1,misc,Level 10 Mask,514
14,Scorching Flames,Killer's Kabuto,29754.4,510–530 keys,"29,754.40 ref, $907.51",28,misc,Level 1-100 Helmet,152
14,Scorching Flames,Scruffed 'n Stitched,28896.1,505 keys,"28,896.10 ref, $881.33",1,misc,Level 1-100 Hat,31429
14,Scorching Flames,Hong Kong Cone,27665.87,467–500 keys,"27,665.87 ref, $843.81",104,misc,Level 1-100 Hat,30177
14,Scorching Flames,Shadow Shroud,27179.5,475 keys,"27,179.50 ref, $828.97",5,misc,Level 1-100 Shroud,31473
14,Scorching Flames,Propaniac,26893.4,470 keys,"26,893.40 ref, $820.25",2,misc,Level 1-100 Hat,31296
14,Scorching Flames,Lucky Shot,26607.3,465 keys,"26,607.30 ref, $811.52",20,misc,Level 1-100 Helmet,701
14,Scorching Flames,Tyrant's Helm,26321.2,460 keys,"26,321.20 ref, $802.80",40,misc,Level 1-100 Helmet,99
14,Scorching Flames,Bread Heads,25977.88,454 keys,"25,977.88 ref, $792.33",6,misc,Level 1-100 Hat,31020
14,Scorching Flames,Bare Necessities,25749,450 keys,"25,749.00 ref, $785.34",6,misc,Level 1-100 Hat,31054
14,Scorching Flames,Das Übersternmann,25749,450 keys,"25,749.00 ref, $785.34",10,misc,Level 1-100 Hat,30097
14,Scorching Flames,Jungle Wreath,25749,450 keys,"25,749.00 ref, $785.34",3,misc,Level 1-100 Hat,30882
14,Scorching Flames,Officer's Ushanka,25749,450 keys,"25,749.00 ref, $785.34",18,misc,Level 1-100 Hat,96
14,Scorching Flames,Candy Crown,24375.72,426 keys,"24,375.72 ref, $743.46",2,misc,Level 1-100 Hat,31092
14,Scorching Flames,Hellish Overlord,24032.4,420 keys,"24,032.40 ref, $732.99",1,misc,Level 1-100 Helmet,31481
14,Scorching Flames,Starboard Crusader,23460.2,410 keys,"23,460.20 ref, $715.54",6,misc,Level 1-100 Hat,30981
14,Scorching Flames,Plumber's Cap,23002.44,402 keys,"23,002.44 ref, $701.57",12,misc,Level 1-100 Hat,30846
14,Scorching Flames,Power Spike,21743.6,380 keys,"21,743.60 ref, $663.18",3,misc,Level 1-100 Hair,31401
14,Scorching Flames,Fortunate Son,20885.3,320–410 keys,"20,885.30 ref, $637.00",24,misc,Level 1-100 Helmet,30636
14,Scorching Flames,Herald's Helm,20885.3,354–376 keys,"20,885.30 ref, $637.00",13,misc,Level 1-100 Helmet,30769
14,Scorching Flames,Troublemaker's Tossle Cap,20885.3,350–380 keys,"20,885.30 ref, $637.00",32,misc,Level 1-100 Hat,150
14,Scorching Flames,Trophy Belt,20427.54,330–384 keys,"20,427.54 ref, $623.04",20,misc,Level 1-100 Hat,53
14,Scorching Flames,El Jefe,20313.1,355 keys,"20,313.10 ref, $619.55",13,misc,Level 10 Hat,539
14,Scorching Flames,Reggaelator,20313.1,345–365 keys,"20,313.10 ref, $619.55",15,misc,Level 1-100 Hat,390
14,Scorching Flames,Tartan Tyrolean,20084.22,351 keys,"20,084.22 ref, $612.57",6,misc,Level 1-100 Hat,30334
14,Scorching Flames,Das Maddendoktor,20027,350 keys,"20,027.00 ref, $610.82",19,misc,Level 1-100 Hair,30121
14,Scorching Flames,Eliminator's Safeguard,20027,350 keys,"20,027.00 ref, $610.82",10,misc,Level 1-100 Helmet,30369
14,Scorching Flames,Flamboyant Flamenco,20027,350 keys,"20,027.00 ref, $610.82",13,misc,Level 10 Hat,627
14,Scorching Flames,Hat Chocolate,20027,350 keys,"20,027.00 ref, $610.82",1,misc,Level 1-100 Hat,31259
14,Scorching Flames,Hellmet,20027,350 keys,"20,027.00 ref, $610.82",4,misc,Level 1-100 Helmet,30708
14,Scorching Flames,Hunter in Darkness,20027,350 keys,"20,027.00 ref, $610.82",8,misc,Level 1-100 Hat,30877
14,Scorching Flames,Seared Sorcerer,20027,350 keys,"20,027.00 ref, $610.82",10,misc,Level 1-100 Hat,31143
14,Scorching Flames,Spook Specs,20027,350 keys,"20,027.00 ref, $610.82",17,misc,Level 1-100 Hat,30390
14,Scorching Flames,Towering Patch of Pumpkins,20027,350 keys,"20,027.00 ref, $610.82",1,misc,Level 1-100 Hat,31210
14,Scorching Flames,Rotation Sensation,19740.9,345 keys,"19,740.90 ref, $602.10",37,misc,Level 1-100 Hat,30623
14,Scorching Flames,Brotherhood of Arms,19597.85,325–360 keys,"19,597.85 ref, $597.73",90,misc,Level 1-100 Hat,30066
14,Scorching Flames,Fancy Fedora,19454.8,340 keys,"19,454.80 ref, $593.37",21,misc,Level 1-100 Hat,55
14,Scorching Flames,All Hallows' Hatte,19397.58,339 keys,"19,397.58 ref, $591.63",3,misc,Level 1-100 Hat,31152
14,Scorching Flames,Glasgow Great Helm,18596.5,325 keys,"18,596.50 ref, $567.19",13,misc,Level 1-100 Helmet,30082
14,Scorching Flames,Samur-Eye,18596.5,300–350 keys,"18,596.50 ref, $567.19",17,misc,Level 1-100 Helmet,359
14,Scorching Flames,Swagman's Swatter,18596.5,325 keys,"18,596.50 ref, $567.19",13,misc,Level 10 Hat,626
14,Scorching Flames,Prince Tavish's Crown,18567.89,316–333 keys,"18,567.89 ref, $566.32",43,misc,Level 1-100 Hat,342
14,Scorching Flames,Bomber's Bucket Hat,18310.4,320 keys,"18,310.40 ref, $558.47",14,misc,Level 1-100 Hat,30547
14,Scorching Flames,Company Man,18310.4,320 keys,"18,310.40 ref, $558.47",11,misc,Level 10 Hat,523
14,Scorching Flames,Misfortune Fedora,18310.4,320 keys,"18,310.40 ref, $558.47",1,misc,Level 1-100 Hat,31136
14,Scorching Flames,Das Gutenkutteharen,17738.2,310 keys,"17,738.20 ref, $541.02",13,misc,Level 1-100 Hair,30127
14,Scorching Flames,Your Worst Nightmare,17738.2,310 keys,"17,738.20 ref, $541.02",17,misc,Level 10 Hair,600
14,Scorching Flames,Backwards Ballcap,17166,300 keys,"17,166.00 ref, $523.56",23,misc,Level 10 Hat,617
14,Scorching Flames,Cosa Nostra Cap,17166,300 keys,"17,166.00 ref, $523.56",19,misc,Level 1-100 Hat,459
14,Scorching Flames,Dapper Dickens,17166,300 keys,"17,166.00 ref, $523.56",4,misc,Level 1-100 Hat,31417
14,Scorching Flames,Demoman's Fro,17166,300 keys,"17,166.00 ref, $523.56",25,misc,Level 1-100 Hair,47
14,Scorching Flames,Frag Proof Fragger,17166,300 keys,"17,166.00 ref, $523.56",15,misc,Level 1-100 Helmet,30979
14,Scorching Flames,Old Man Frost,17166,300 keys,"17,166.00 ref, $523.56",1,misc,Level 1-100 Hat,30589
14,Scorching Flames,Smissmas Saxton,17166,300 keys,"17,166.00 ref, $523.56",4,misc,Level 1-100 Hat,31089
14,Scorching Flames,Texas Ten Gallon,17166,300 keys,"17,166.00 ref, $523.56",46,misc,Level 1-100 Hat,94
14,Scorching Flames,Dr's Dapper Topper,16879.9,295 keys,"16,879.90 ref, $514.84",24,misc,Level 1-100 Hat,252
14,Scorching Flames,Sergeant's Drill Hat,16879.9,290–300 keys,"16,879.90 ref, $514.84",36,misc,Level 1-100 Hat,183
14,Scorching Flames,Brigade Helm,16593.8,290 keys,"16,593.80 ref, $506.11",36,misc,Level 1-100 Helmet,105
14,Scorching Flames,Jolly Jester,16593.8,290 keys,"16,593.80 ref, $506.11",2,misc,Level 1-100 Hat,31243
14,Scorching Flames,Brothers in Blues,16307.7,285 keys,"16,307.70 ref, $497.38",11,misc,Level 1-100 Hat,31356
14,Scorching Flames,Law,16307.7,240–330 keys,"16,307.70 ref, $497.38",58,misc,Level 1-100 Hat,30362
14,Scorching Flames,Hat with No Name,16164.65,275–290 keys,"16,164.65 ref, $493.02",39,misc,Level 10 Hat,631
14,Scorching Flames,Infernal Impaler,16021.6,280 keys,"16,021.60 ref, $488.66",7,misc,Level 13 Headgear,575
14,Scorching Flames,Tyrantium Helmet,15849.94,277 keys,"15,849.94 ref, $483.42",14,misc,Level 1-100 Helmet,30014
14,Scorching Flames,Black Watch,15735.5,275 keys,"15,735.50 ref, $479.93",7,misc,Level 1-100 Hat,30105
14,Scorching Flames,Frontier Djustice,15735.5,275 keys,"15,735.50 ref, $479.93",12,misc,Level 1-100 Hat,30421
14,Scorching Flames,Prehistoric Pullover,15735.5,275 keys,"15,735.50 ref, $479.93",8,misc,Level 1-100 Hood,30704
14,Scorching Flames,Vintage Tyrolean,15735.5,275 keys,"15,735.50 ref, $479.93",35,misc,Level 1-100 Hat,101
14,Scorching Flames,Cranial Carcharodon,15449.4,270 keys,"15,449.40 ref, $471.21",7,misc,Level 1-100 Hat,30800
14,Scorching Flames,Stainless Pot,15449.4,260–280 keys,"15,449.40 ref, $471.21",33,misc,Level 1-100 Hat,98
14,Scorching Flames,Wraith Wrap,15449.4,270 keys,"15,449.40 ref, $471.21",13,misc,Level 1-100 Apparel,937
14,Scorching Flames,Starlight Sorcerer,15163.3,260–270 keys,"15,163.30 ref, $462.48",9,misc,Level 1-100 Hat,31294
14,Scorching Flames,Scot Bonnet,14877.2,260 keys,"14,877.20 ref, $453.75",2,misc,Level 1-100 Hat,30604
14,Scorching Flames,Salty Dog,14591.1,250–260 keys,"14,591.10 ref, $445.03",48,misc,Level 10 Hat,611
14,Scorching Flames,White Russian,14419.44,252 keys,"14,419.44 ref, $439.79",3,misc,Level 1-100 Hair,30644
14,Scorching Flames,Chieftain's Challenge,14305,250 keys,"14,305.00 ref, $436.30",32,misc,Level 1-100 Hat,250
14,Scorching Flames,Colonel Kringle,14305,250 keys,"14,305.00 ref, $436.30",3,misc,Level 1-100 Hat,31325
14,Scorching Flames,Furious Fukaamigasa,14305,230–270 keys,"14,305.00 ref, $436.30",14,misc,Level 1-100 Hat,395
14,Scorching Flames,Pomade Prince,14305,250 keys,"14,305.00 ref, $436.30",13,misc,Level 1-100 Hair,30428
14,Scorching Flames,Pestering Jester,14247.78,249 keys,"14,247.78 ref, $434.56",1,misc,Level 1-100 Hat,30811
14,Scorching Flames,Winter Wrap Up,14247.78,249 keys,"14,247.78 ref, $434.56",10,misc,Level 1-100 Hat,31094
14,Scorching Flames,Well-Rounded Rifleman,13904.46,217–269 keys,"13,904.46 ref, $424.09",54,misc,Level 1-100 Hat,30067
14,Scorching Flames,Head Warmer,13790.02,241 keys,"13,790.02 ref, $420.60",15,misc,Level 1-100 Hat,644
14,Scorching Flames,Cold Killer,13732.8,240 keys,"13,732.80 ref, $418.85",19,misc,Level 1-100 Hat,981
14,Scorching Flames,Rebel Rouser,13732.8,240 keys,"13,732.80 ref, $418.85",13,misc,Level 1-100 Hat,30120
14,Scorching Flames,Ye Olde Baker Boy,13732.8,240 keys,"13,732.80 ref, $418.85",37,misc,Level 1-100 Hat,107
14,Scorching Flames,Siberian Facehugger,13561.14,237 keys,"13,561.14 ref, $413.61",8,misc,Level 1-100 Hat,30588
14,Scorching Flames,Nunhood,13418.09,200–269 keys,"13,418.09 ref, $409.25",15,misc,Level 1-100 Hat,30311
14,Scorching Flames,Honcho's Headgear,13303.65,210–255 keys,"13,303.65 ref, $405.76",19,misc,Level 1-100 Hat,391
14,Scorching Flames,Hat Outta Hell,13160.6,230 keys,"13,160.60 ref, $401.40",26,misc,Level 1-100 Hat,31216
14,Scorching Flames,Tough Stuff Muffs,12988.94,227 keys,"12,988.94 ref, $396.16",36,misc,Level 1-100 Hat,984
14,Scorching Flames,Vive la France,12874.5,225 keys,"12,874.50 ref, $392.67",30,misc,Level 1-100 Hat,30422
14,Scorching Flames,Soviet Gentleman,12588.4,220 keys,"12,588.40 ref, $383.95",6,misc,Level 1-100 Hat,821
14,Scorching Flames,Tundra Top,12588.4,190–250 keys,"12,588.40 ref, $383.95",146,misc,Level 1-100 Hat,30976
14,Scorching Flames,Burning Question,12445.35,210–225 keys,"12,445.35 ref, $379.58",18,misc,Level 1-100 Hat,30987
14,Scorching Flames,Federal Casemaker,12416.74,215–219 keys,"12,416.74 ref, $378.71",45,misc,Level 1-100 Hat,30119
14,Scorching Flames,Armored Authority,12245.08,214 keys,"12,245.08 ref, $373.47",21,misc,Level 1-100 Helmet,445
14,Scorching Flames,Buccaneer's Bicorne,12016.2,210 keys,"12,016.20 ref, $366.49",16,misc,Level 10 Hat,607
14,Scorching Flames,Charmer's Chapeau,12016.2,210 keys,"12,016.20 ref, $366.49",24,misc,Level 1-100 Hat,397
14,Scorching Flames,Desert Marauder,12016.2,210 keys,"12,016.20 ref, $366.49",17,misc,Level 1-100 Hat,400
14,Scorching Flames,Gentleman's Ushanka,12016.2,210 keys,"12,016.20 ref, $366.49",13,misc,Level 1-100 Hat,778
14,Scorching Flames,Hound Dog,12016.2,210 keys,"12,016.20 ref, $366.49",28,misc,Level 1-100 Hair,145
14,Scorching Flames,Industrial Festivizer,12016.2,210 keys,"12,016.20 ref, $366.49",37,misc,Level 1-100 Hat,338
14,Scorching Flames,Razor Cut,12016.2,210 keys,"12,016.20 ref, $366.49",11,misc,Level 1-100 Hat,30393
14,Scorching Flames,Shadow of Doubt,12016.2,210 keys,"12,016.20 ref, $366.49",4,misc,Level 1-100 Hat,31543
14,Scorching Flames,Détective Noir,11758.71,200–211 keys,"11,758.71 ref, $358.64",36,misc,Level 1-100 Hat,319
14,Scorching Flames,Danger,11730.1,200–210 keys,"11,730.10 ref, $357.77",10,misc,Level 1-100 Apparel,30420
14,Scorching Flames,Horrific Headsplitter,11730.1,205 keys,"11,730.10 ref, $357.77",8,misc,Level 31 Hat,291
14,Scorching Flames,Nasty Norsemann,11730.1,205 keys,"11,730.10 ref, $357.77",4,misc,Level 1-100 Helmet,30810
14,Scorching Flames,A Well Wrapped Hat,11672.88,204 keys,"11,672.88 ref, $356.02",4,misc,Level 1-100 Hat,30746
14,Scorching Flames,Punk's Pomp,11558.44,202 keys,"11,558.44 ref, $352.53",44,misc,Level 1-100 Hair,30993
14,Scorching Flames,Jumper's Jeepcap,11501.22,201 keys,"11,501.22 ref, $350.79",18,misc,Level 1-100 Hat,417
14,Scorching Flames,Flamehawk,11444,200 keys,"11,444.00 ref, $349.04",8,misc,Level 1-100 Hair,31107
14,Scorching Flames,Grimm Hatte,11444,200 keys,"11,444.00 ref, $349.04",26,misc,Level 1-100 Hat,383
14,Scorching Flames,Sophisticated Smoker,11444,200 keys,"11,444.00 ref, $349.04",44,misc,Level 1-100 Hat,31106
14,Scorching Flames,Voodoo Vizier,11329.56,198 keys,"11,329.56 ref, $345.55",5,misc,Level 1-100 Hat,31072
14,Scorching Flames,Cotton Head,11300.95,175–220 keys,"11,300.95 ref, $344.68",92,misc,Level 1-100 Hat,30175
14,Scorching Flames,Batter's Helmet,11272.34,197 keys,"11,272.34 ref, $343.81",21,misc,Level 1-100 Helmet,52
14,Scorching Flames,Belgian Detective,11157.9,195 keys,"11,157.90 ref, $340.32",19,misc,Level 1-100 Hat,30128
14,Scorching Flames,Das Naggenvatcher,11157.9,195 keys,"11,157.90 ref, $340.32",11,misc,Level 1-100 Hat,30109
14,Scorching Flames,Merc's Mohawk,11157.9,190–200 keys,"11,157.90 ref, $340.32",86,misc,Level 1-100 Hair,30413
14,Scorching Flames,Surgeon's Stahlhelm,11157.9,195 keys,"11,157.90 ref, $340.32",14,misc,Level 10 Helmet,616
14,Scorching Flames,Executioner,10871.8,190 keys,"10,871.80 ref, $331.59",88,misc,Level 1-100 Hat,921
14,Scorching Flames,Familiar Fez,10871.8,180–200 keys,"10,871.80 ref, $331.59",21,misc,Level 1-100 Hat,223
14,Scorching Flames,Glengarry Bonnet,10871.8,190 keys,"10,871.80 ref, $331.59",27,misc,Level 1-100 Hat,100
14,Scorching Flames,Teutonic Toque,10871.8,190 keys,"10,871.80 ref, $331.59",10,misc,Level 1-100 Hat,30351
14,Scorching Flames,Thirst Blood,10871.8,190 keys,"10,871.80 ref, $331.59",44,misc,Level 1-100 Hair,30479
14,Scorching Flames,Liquidator's Lid,10814.58,189 keys,"10,814.58 ref, $329.84",21,misc,Level 1-100 Hat,779
14,Scorching Flames,Plaid Lad,10642.92,186 keys,"10,642.92 ref, $324.61",8,misc,Level 1-100 Hat,31341
14,Scorching Flames,A Hat to Kill For,10614.31,167–204 keys,"10,614.31 ref, $323.74",18,misc,Level 1-100 Hat,30753
14,Scorching Flames,Flipped Trilby,10614.31,171–200 keys,"10,614.31 ref, $323.74",41,misc,Level 1-100 Hat,324
14,Scorching Flames,Crit Cloak,10585.7,185 keys,"10,585.70 ref, $322.86",8,misc,Level 1-100 Hood,30899
14,Scorching Flames,Slo-Poke,10585.7,185 keys,"10,585.70 ref, $322.86",11,misc,Level 1-100 Hat,30314
14,Scorching Flames,Millennial Mercenary,10528.48,168–200 keys,"10,528.48 ref, $321.12",3,misc,Level 1-100 Hair,31023
14,Scorching Flames,Modest Pile of Hat,10385.43,160–203 keys,"10,385.43 ref, $316.76",59,misc,Level 1-100 Hat,139
14,Scorching Flames,Big Topper,10299.6,180 keys,"10,299.60 ref, $314.14",2,misc,Level 1-100 Hat,30798
14,Scorching Flames,Feathered Fiend,10299.6,180 keys,"10,299.60 ref, $314.14",6,misc,Level 1-100 Headgear,30903
14,Scorching Flames,Wrap-a-Khamon,10299.6,180 keys,"10,299.60 ref, $314.14",2,misc,Level 1-100 Hat,31132
14,Scorching Flames,Boxcar Bomber,10270.99,169–190 keys,"10,270.99 ref, $313.27",42,misc,Level 1-100 Hat,30546
14,Scorching Flames,Chill Chullo,10242.38,173–185 keys,"10,242.38 ref, $312.39",13,misc,Level 1-100 Hat,30748
14,Scorching Flames,Heer's Helmet,10242.38,166–192 keys,"10,242.38 ref, $312.39",14,misc,Level 1-100 Helmet,30378
14,Scorching Flames,Professional's Panama,10242.38,142–216 keys,"10,242.38 ref, $312.39",25,misc,Level 1-100 Hat,109
14,Scorching Flames,Napper's Respite,10127.94,169–185 keys,"10,127.94 ref, $308.90",23,misc,Level 1-100 Hat,248
14,Scorching Flames,Alakablamicon,10013.5,175 keys,"10,013.50 ref, $305.41",6,misc,Level 1-100 Hat,31215
14,Scorching Flames,Blast Defense,10013.5,175 keys,"10,013.50 ref, $305.41",86,misc,Level 1-100 Headgear,30863
14,Scorching Flames,Defiant Spartan,10013.5,174–176 keys,"10,013.50 ref, $305.41",59,misc,Level 1-100 Helmet,340
14,Scorching Flames,Greased Lightning,10013.5,175 keys,"10,013.50 ref, $305.41",11,misc,Level 1-100 Hair,30078
14,Scorching Flames,Shellmet,10013.5,175 keys,"10,013.50 ref, $305.41",23,misc,Level 1-100 Helmet,30897
14,Scorching Flames,Hat of Cards,9841.84,172 keys,"9,841.84 ref, $300.18",14,misc,Level 1-100 Hat,825
14,Scorching Flames,Scotsman's Stove Pipe,9841.84,172 keys,"9,841.84 ref, $300.18",40,misc,Level 1-100 Hat,120
14,Scorching Flames,Battle Boonie,9727.4,170 keys,"9,727.40 ref, $296.69",14,misc,Level 1-100 Hat,30907
14,Scorching Flames,Berliner's Bucket Helm,9727.4,170 keys,"9,727.40 ref, $296.69",18,misc,Level 1-100 Helmet,303
14,Scorching Flames,Brain Bucket,9727.4,170 keys,"9,727.40 ref, $296.69",23,misc,Level 1-100 Hat,434
14,Scorching Flames,Screamin' Eagle,9727.4,170 keys,"9,727.40 ref, $296.69",8,misc,Level 1-100 Hat,30548
14,Scorching Flames,Front Runner,9612.96,168 keys,"9,612.96 ref, $293.20",38,misc,Level 1-100 Hat,760
14,Scorching Flames,Condor Cap,9584.35,155–180 keys,"9,584.35 ref, $292.32",11,misc,Level 1-100 Hat,30553
14,Scorching Flames,Nuke,9584.35,140–195 keys,"9,584.35 ref, $292.32",21,misc,Level 1-100 Hair,30885
14,Scorching Flames,Dread Hiding Hood,9555.74,167 keys,"9,555.74 ref, $291.45",7,misc,Level 1-100 Hood,1095
14,Scorching Flames,Galvanized Gibus,9555.74,167 keys,"9,555.74 ref, $291.45",110,misc,Level 1-100 Hat,30003
14,Scorching Flames,A Rather Festive Tree,9441.3,165 keys,"9,441.30 ref, $287.96",44,misc,Level 1-100 Hat,341
14,Scorching Flames,Coldsnap Cap,9441.3,160–170 keys,"9,441.30 ref, $287.96",41,misc,Level 1-100 Hat,30542
14,Scorching Flames,Data Mining Light,9441.3,165 keys,"9,441.30 ref, $287.96",15,misc,Level 1-100 Helmet,30051
14,Scorching Flames,Tartan Spartan,9441.3,165 keys,"9,441.30 ref, $287.96",8,misc,Level 1-100 Helmet,30106
14,Scorching Flames,Tam O' Shanter,9384.08,164 keys,"9,384.08 ref, $286.21",12,misc,Level 1-100 Hat,480
14,Scorching Flames,One-Man Army,9269.64,162 keys,"9,269.64 ref, $282.72",13,misc,Level 10 Hair,601
14,Scorching Flames,Attendant,9155.2,160 keys,"9,155.20 ref, $279.23",23,misc,Level 1-100 Hat,213
14,Scorching Flames,Coldfront Commander,9155.2,160 keys,"9,155.20 ref, $279.23",13,misc,Level 1-100 Hat,30939
14,Scorching Flames,Geisha Boy,9155.2,160 keys,"9,155.20 ref, $279.23",17,misc,Level 1-100 Hair,363
14,Scorching Flames,Hottie's Hoodie,9155.2,160 keys,"9,155.20 ref, $279.23",16,misc,Level 1-100 Hood,377
14,Scorching Flames,Vintage Merryweather,9155.2,120–200 keys,"9,155.20 ref, $279.23",32,misc,Level 1-100 Helmet,182
14,Scorching Flames,Virus Doctor,9155.2,160 keys,"9,155.20 ref, $279.23",14,misc,Level 1-100 Hat,30043
14,Scorching Flames,Dancing Doe,9040.76,158 keys,"9,040.76 ref, $275.74",62,misc,Level 1-100 Bandana,31045
14,Scorching Flames,Bonk Helm,9012.15,140–175 keys,"9,012.15 ref, $274.87",42,misc,Level 1-100 Helmet,106
14,Scorching Flames,Bear Necessities,8869.1,155 keys,"8,869.10 ref, $270.51",8,misc,Level 1-100 Spirit Animal,30122
14,Scorching Flames,Bunsen Brave,8869.1,155 keys,"8,869.10 ref, $270.51",9,misc,Level 1-100 Hat,30054
14,Scorching Flames,Pyro's Beanie,8869.1,155 keys,"8,869.10 ref, $270.51",18,misc,Level 1-100 Hat,51
14,Scorching Flames,Racc Mann,8869.1,155 keys,"8,869.10 ref, $270.51",8,misc,Level 1-100 Mask,31071
14,Scorching Flames,Reindoonibeanie,8869.1,155 keys,"8,869.10 ref, $270.51",32,misc,Level 1-100 Hat,31171
14,Scorching Flames,Soldier's Slope Scopers,8754.66,153 keys,"8,754.66 ref, $267.02",11,misc,Level 1-100 Hat,980
14,Scorching Flames,Lumbercap,8726.05,150–155 keys,"8,726.05 ref, $266.14",13,misc,Level 1-100 Hat,31326
14,Scorching Flames,Classy Capper,8697.44,148–156 keys,"8,697.44 ref, $265.27",38,misc,Level 1-100 Hat,30893
14,Scorching Flames,Brown Bomber,8611.61,150–151 keys,"8,611.61 ref, $262.65",114,misc,Level 1-100 Hat,671
14,Scorching Flames,Blizzard Bonnet,8583,150 keys,"8,583.00 ref, $261.78",5,misc,Level 1-100 Hat,31589
14,Scorching Flames,Grenadier's Softcap,8583,150 keys,"8,583.00 ref, $261.78",26,misc,Level 1-100 Hat,227
14,Scorching Flames,Runner's Warm-Up,8583,150 keys,"8,583.00 ref, $261.78",7,misc,Level 1-100 Hat,30332
14,Scorching Flames,Smissmas Sorcerer,8583,150 keys,"8,583.00 ref, $261.78",3,misc,Level 1-100 Hat,31166
14,Scorching Flames,Vaudeville Visor,8583,120–180 keys,"8,583.00 ref, $261.78",22,misc,Level 1-100 Helmet,31461
14,Scorching Flames,Wet Works,8583,150 keys,"8,583.00 ref, $261.78",11,misc,Level 1-100 Hat,30135
14,Scorching Flames,Winter Woodsman,8583,150 keys,"8,583.00 ref, $261.78",76,misc,Level 1-100 Hat,30549
14,Scorching Flames,Sultan's Ceremonial,8525.78,149 keys,"8,525.78 ref, $260.04",19,misc,Level 1-100 Hat,403
14,Scorching Flames,B'aaarrgh-n-Bicorne,8468.56,148 keys,"8,468.56 ref, $258.29",2,misc,Level 1-100 Hat,30718
14,Scorching Flames,Voodoo JuJu (Slight Return),8468.56,148 keys,"8,468.56 ref, $258.29",7,misc,Level 1-100 Hat,935
14,Scorching Flames,Hermes,8439.95,140–155 keys,"8,439.95 ref, $257.42",17,misc,Level 10 Hat,633
14,Scorching Flames,Thousand-Yard Stare,8439.95,115–180 keys,"8,439.95 ref, $257.42",35,misc,Level 1-100 Hat,31200
14,Scorching Flames,Fleet Commander,8382.73,133–160 keys,"8,382.73 ref, $255.67",10,misc,Level 1-100 Hat,31469
14,Scorching Flames,Breach and Bomb,8296.9,145 keys,"8,296.90 ref, $253.06",16,misc,Level 1-100 Hat,31113
14,Scorching Flames,Brimmed Bootlegger,8296.9,145 keys,"8,296.90 ref, $253.06",15,misc,Level 1-100 Hat,31366
14,Scorching Flames,Caribou Companion,8296.9,145 keys,"8,296.90 ref, $253.06",46,misc,Level 1-100 Hat,30974
14,Scorching Flames,Feathered Foe,8296.9,145 keys,"8,296.90 ref, $253.06",4,misc,Level 1-100 Hat,31559
14,Scorching Flames,Ground Control,8296.9,145 keys,"8,296.90 ref, $253.06",21,misc,Level 1-100 Hat,30338
14,Scorching Flames,Hustler's Hallmark,8296.9,130–160 keys,"8,296.90 ref, $253.06",32,misc,Level 1-100 Hat,146
14,Scorching Flames,Pirate Bandana,8296.9,145 keys,"8,296.90 ref, $253.06",21,misc,Level 1-100 Hat,30180
14,Scorching Flames,Safe'n'Sound,8296.9,145 keys,"8,296.90 ref, $253.06",33,misc,Level 1-100 Hat,178
14,Scorching Flames,Wanderer's Wool,8296.9,145 keys,"8,296.90 ref, $253.06",15,misc,Level 1-100 Hat,31419
14,Scorching Flames,Field Practice,8211.07,142–145 keys,"8,211.07 ref, $250.44",80,misc,Level 1-100 Headgear,30862
14,Scorching Flames,Woolen Warmer,8182.46,143 keys,"8,182.46 ref, $249.57",11,misc,Level 1-100 Hat,30833
14,Scorching Flames,Fed-Fightin' Fedora,8125.24,142 keys,"8,125.24 ref, $247.82",12,misc,Level 1-100 Hat,780
14,Scorching Flames,Allbrero,8010.8,140 keys,"8,010.80 ref, $244.33",10,misc,Level 1-100 Hat,30429
14,Scorching Flames,Cloud Crasher,8010.8,140 keys,"8,010.80 ref, $244.33",38,misc,Level 1-100 Helmet,30071
14,Scorching Flames,Headhunter's Brim,8010.8,140 keys,"8,010.80 ref, $244.33",8,misc,Level 1-100 Hat,31313
14,Scorching Flames,Hollowed Helm,8010.8,140 keys,"8,010.80 ref, $244.33",12,misc,Level 1-100 Hat,31128
14,Scorching Flames,Horror Shawl,8010.8,140 keys,"8,010.80 ref, $244.33",13,misc,Level 1-100 Hat,31304
14,Scorching Flames,Provisions Cap,7953.58,139 keys,"7,953.58 ref, $242.58",4,misc,Level 1-100 Hat,31097
14,Scorching Flames,Burning Beanie,7839.14,137 keys,"7,839.14 ref, $239.09",9,misc,Level 1-100 Hat,30936
14,Scorching Flames,Checkered Past,7724.7,135 keys,"7,724.70 ref, $235.60",5,misc,Level 1-100 Hat,31503
14,Scorching Flames,Crocleather Slouch,7724.7,115–155 keys,"7,724.70 ref, $235.60",15,misc,Level 1-100 Hat,344
14,Scorching Flames,El Fiestibrero,7724.7,135 keys,"7,724.70 ref, $235.60",10,misc,Level 1-100 Hat,31241
14,Scorching Flames,Frickin' Sweet Ninja Hood,7724.7,135 keys,"7,724.70 ref, $235.60",24,misc,Level 1-100 Hood,30394
14,Scorching Flames,Whoopee Cap,7581.65,120–145 keys,"7,581.65 ref, $231.24",32,misc,Level 1-100 Hat,174
14,Scorching Flames,Triboniophorus Tyrannus,7524.43,127–136 keys,"7,524.43 ref, $229.50",32,misc,Level 1-100 Mascot,151
14,Scorching Flames,Caribbean Conqueror,7495.82,131 keys,"7,495.82 ref, $228.62",17,misc,Level 1-100 Hat,30116
14,Scorching Flames,Tipped Lid,7495.82,122–140 keys,"7,495.82 ref, $228.62",92,misc,Level 1-100 Hat,30425
14,Scorching Flames,Berlin Brain Bowl,7438.6,130 keys,"7,438.60 ref, $226.88",40,misc,Level 1-100 Headgear,30755
14,Scorching Flames,Deep Cover Operator,7438.6,130 keys,"7,438.60 ref, $226.88",72,misc,Level 1-100 Hat,30375
14,Scorching Flames,Lord Cockswain's Pith Helmet,7438.6,130 keys,"7,438.60 ref, $226.88",19,misc,Level 1-100 Headgear,439
14,Scorching Flames,Private Eye,7438.6,120–140 keys,"7,438.60 ref, $226.88",15,misc,Level 1-100 Hat,388
14,Scorching Flames,Ze Goggles,7438.6,110–150 keys,"7,438.60 ref, $226.88",28,misc,Level 1-100 Glasses,177
14,Scorching Flames,Sheriff's Stetson,7324.16,128 keys,"7,324.16 ref, $223.39",8,misc,Level 1-100 Hat,30634
14,Scorching Flames,Otolaryngologist's Mirror,7295.55,125–130 keys,"7,295.55 ref, $222.51",34,misc,Level 1-100 Hat,104
14,Scorching Flames,Dustbowl Devil,7238.33,103–150 keys,"7,238.33 ref, $220.77",9,misc,Level 1-100 Hat,31297
14,Scorching Flames,Buck's Brim,7152.5,125 keys,"7,152.50 ref, $218.15",5,misc,Level 1-100 Hat,31514
14,Scorching Flames,California Cap,7152.5,125 keys,"7,152.50 ref, $218.15",22,misc,Level 1-100 Hat,31117
14,Scorching Flames,Lawnmaker,7152.5,125 keys,"7,152.50 ref, $218.15",15,misc,Level 1-100 Hat,31272
14,Scorching Flames,Nightbane Brim,7152.5,100–150 keys,"7,152.50 ref, $218.15",10,misc,Level 1-100 Hat,31308
14,Scorching Flames,Pithy Professional,7152.5,120–130 keys,"7,152.50 ref, $218.15",52,misc,Level 1-100 Hat,30915
14,Scorching Flames,Stout Shako,7152.5,125 keys,"7,152.50 ref, $218.15",21,misc,Level 1-100 Hat,251
14,Scorching Flames,Bubble Pipe,7123.89,120–129 keys,"7,123.89 ref, $217.28",9,misc,Level 1-100 Helmet,597
14,Scorching Flames,Commonwealth Commando,7038.06,123 keys,"7,038.06 ref, $214.66",20,misc,Level 1-100 Hat,31459
14,Scorching Flames,Hotrod,6980.84,122 keys,"6,980.84 ref, $212.92",25,misc,Level 1-100 Mask,148
14,Scorching Flames,Football Helmet,6952.23,121–122 keys,"6,952.23 ref, $212.04",17,misc,Level 1-100 Helmet,49
14,Scorching Flames,Gnome Dome,6952.23,103–140 keys,"6,952.23 ref, $212.04",13,misc,Level 1-100 Hat,31242
14,Scorching Flames,Antarctic Eyewear,6895.01,120–121 keys,"6,895.01 ref, $210.30",150,misc,Level 1-100 Apparel,30977
14,Scorching Flames,Big Country,6866.4,120 keys,"6,866.40 ref, $209.43",13,misc,Level 1-100 Hair,382
14,Scorching Flames,Bumble Beenie,6866.4,120 keys,"6,866.40 ref, $209.43",29,misc,Level 1-100 Hat,31085
14,Scorching Flames,Cleaner's Cap,6866.4,120 keys,"6,866.40 ref, $209.43",6,misc,Level 1-100 Hat,31376
14,Scorching Flames,Dark Falkirk Helm,6866.4,120 keys,"6,866.40 ref, $209.43",68,misc,Level 1-100 Helmet,30357
14,Scorching Flames,Frenchman's Beret,6866.4,120 keys,"6,866.40 ref, $209.43",32,misc,Level 1-100 Hat,180
14,Scorching Flames,Fruit Shoot,6866.4,120 keys,"6,866.40 ref, $209.43",28,misc,Level 1-100 Hat,759
14,Scorching Flames,Heavy Duty Rag,6866.4,100–140 keys,"6,866.40 ref, $209.43",29,misc,Level 1-100 Bandana,185
14,Scorching Flames,Panisher,6866.4,120 keys,"6,866.40 ref, $209.43",5,misc,Level 1-100 Dented Pan,31199
14,Scorching Flames,Powdered Practitioner,6866.4,120 keys,"6,866.40 ref, $209.43",39,misc,Level 1-100 Hat,30069
14,Scorching Flames,Waxy Wayfinder,6866.4,120 keys,"6,866.40 ref, $209.43",13,misc,Level 1-100 Hat,753
14,Scorching Flames,Wide-Brimmed Bandito,6866.4,120 keys,"6,866.40 ref, $209.43",8,misc,Level 1-100 Hat,30805
14,Scorching Flames,Baron von Havenaplane,6809.18,119 keys,"6,809.18 ref, $207.68",12,misc,Level 1-100 Hat,30136
14,Scorching Flames,Crustaceous Cowl,6809.18,119 keys,"6,809.18 ref, $207.68",9,misc,Level 1-100 Hat,31194
14,Scorching Flames,Wavefinder,6809.18,119 keys,"6,809.18 ref, $207.68",2,misc,Level 1-100 Headgear,31148
14,Scorching Flames,Brass Bucket,6580.3,115 keys,"6,580.30 ref, $200.70",56,misc,Level 1-100 Helmet,30969
14,Scorching Flames,Dragonborn Helmet,6580.3,115 keys,"6,580.30 ref, $200.70",17,misc,Level 10 Helmet,517
14,Scorching Flames,Pardner's Pompadour,6580.3,115 keys,"6,580.30 ref, $200.70",12,misc,Level 1-100 Hair,30099
14,Scorching Flames,Partizan,6580.3,115 keys,"6,580.30 ref, $200.70",13,misc,Level 1-100 Hat,31329
14,Scorching Flames,Rimmed Raincatcher,6580.3,115 keys,"6,580.30 ref, $200.70",22,misc,Level 1-100 Hat,216
14,Scorching Flames,Smoking Skid Lid,6580.3,115 keys,"6,580.30 ref, $200.70",10,misc,Level 1-100 Hat,30399
14,Scorching Flames,Tavish DeGroot Experience,6580.3,115 keys,"6,580.30 ref, $200.70",15,misc,Level 10 Hat,604
14,Scorching Flames,A Handsome Handy Thing,6523.08,114 keys,"6,523.08 ref, $198.95",9,misc,Level 1-100 Handsome Hand,31129
14,Scorching Flames,Universal Translator,6523.08,110–118 keys,"6,523.08 ref, $198.95",76,misc,Level 1-100 Hat,30658
14,Scorching Flames,Milkman,6465.86,113 keys,"6,465.86 ref, $197.21",22,misc,Level 1-100 Hat,219
14,Scorching Flames,Minnesota Slick,6437.25,90–135 keys,"6,437.25 ref, $196.34",7,misc,Level 1-100 Hair,30315
14,Scorching Flames,Beanie the All-Gnawing,6351.42,111 keys,"6,351.42 ref, $193.72",68,misc,Level 1-100 Hat,31212
14,Scorching Flames,Burning Bandana,6294.2,110 keys,"6,294.20 ref, $191.97",11,misc,Level 1-100 Bandana,30091
14,Scorching Flames,Firewall Helmet,6294.2,110 keys,"6,294.20 ref, $191.97",10,misc,Level 1-100 Helmet,30038
14,Scorching Flames,Full Metal Drill Hat,6294.2,110 keys,"6,294.20 ref, $191.97",18,misc,Level 1-100 Hat,30026
14,Scorching Flames,Giftcrafter,6294.2,100–120 keys,"6,294.20 ref, $191.97",20,misc,Level 1-100 Hat,31246
14,Scorching Flames,Hive Minder,6294.2,110 keys,"6,294.20 ref, $191.97",15,misc,Level 1-100 Hat,30093
14,Scorching Flames,Noble Amassment of Hats,6294.2,110 keys,"6,294.20 ref, $191.97",64,misc,Level 1-100 Hat,137
14,Scorching Flames,Outta Sight,6294.2,110 keys,"6,294.20 ref, $191.97",16,misc,Level 1-100 Hat,30628
14,Scorching Flames,Reel Fly Hat,6294.2,110 keys,"6,294.20 ref, $191.97",26,misc,Level 1-100 Hat,31186
14,Scorching Flames,Tippler's Tricorne,6236.98,108–110 keys,"6,236.98 ref, $190.23",30,misc,Level 1-100 Hat,179
14,Scorching Flames,Peacenik's Ponytail,6179.76,108 keys,"6,179.76 ref, $188.48",13,misc,Level 1-100 Hair,30406
14,Scorching Flames,Engineer's Cap,6151.15,90–125 keys,"6,151.15 ref, $187.61",27,misc,Level 1-100 Hat,95
14,Scorching Flames,Sinner's Shade,6151.15,105–110 keys,"6,151.15 ref, $187.61",46,misc,Level 1-100 Hat,30959
14,Scorching Flames,Surgeon's Shako,6151.15,98–117 keys,"6,151.15 ref, $187.61",2,misc,Level 1-100 Hat,30596
14,Scorching Flames,Ol' Reliable,6036.71,102–109 keys,"6,036.71 ref, $184.12",6,misc,Level 1-100 Helmet,31345
14,Scorching Flames,Bolted Bicorne,6008.1,105 keys,"6,008.10 ref, $183.25",15,misc,Level 1-100 Hat,30034
14,Scorching Flames,More Gun Marshal,6008.1,105 keys,"6,008.10 ref, $183.25",12,misc,Level 1-100 Hat,31298
14,Scorching Flames,Murderer's Motif,6008.1,105 keys,"6,008.10 ref, $183.25",13,misc,Level 1-100 Hat,31016
14,Scorching Flames,Oktoberfester,6008.1,105 keys,"6,008.10 ref, $183.25",38,misc,Level 1-100 Hat,31344
14,Scorching Flames,SandMann's Brush,6008.1,105 keys,"6,008.10 ref, $183.25",4,misc,Level 1-100 Hat,31178
14,Scorching Flames,Snowcapped,6008.1,105 keys,"6,008.10 ref, $183.25",29,misc,Level 1-100 Hat,31028
14,Scorching Flames,Neckwear Headwear,5979.49,89–120 keys,"5,979.49 ref, $182.37",96,misc,Level 1-100 Hat,30307
14,Scorching Flames,Combustible Kabuto,5865.05,100–105 keys,"5,865.05 ref, $178.88",11,misc,Level 1-100 Hat,30418
14,Scorching Flames,Strigoi Stare,5836.44,102 keys,"5,836.44 ref, $178.01",4,misc,Level 1-100 Hat,31482
14,Scorching Flames,Metal Slug,5779.22,101 keys,"5,779.22 ref, $176.27",12,misc,Level 1-100 Hat,30028
14,Scorching Flames,Sole Mate,5779.22,101 keys,"5,779.22 ref, $176.27",13,misc,Level 1-100 Hat,30355
14,Scorching Flames,Bone Dome,5722,100 keys,"5,722.00 ref, $174.52",17,misc,Level 1-100 Helmet,30162
14,Scorching Flames,Brim of Fire,5722,100 keys,"5,722.00 ref, $174.52",56,misc,Level 1-100 Hat,31185
14,Scorching Flames,Medic's Mountain Cap,5722,100 keys,"5,722.00 ref, $174.52",22,misc,Level 1-100 Hat,381
14,Scorching Flames,Mooshanka,5722,100 keys,"5,722.00 ref, $174.52",16,misc,Level 1-100 Hat,31255
14,Scorching Flames,Soda Cap,5722,100 keys,"5,722.00 ref, $174.52",1,misc,Level 1-100 Hat,31265
14,Scorching Flames,Texas Tin-Gallon,5722,100 keys,"5,722.00 ref, $174.52",12,misc,Level 1-100 Hat,30044
14,Scorching Flames,Valley Forge,5722,100 keys,"5,722.00 ref, $174.52",12,misc,Level 1-100 Hat,30114
14,Scorching Flames,Ludicrously Lunatic Lunon Fedora,5664.78,84–114 keys,"5,664.78 ref, $172.78",22,misc,Level 1-100 Hat,31383
14,Scorching Flames,Magistrate's Mullet,5664.78,99 keys,"5,664.78 ref, $172.78",28,misc,Level 1-100 Hair,147
14,Scorching Flames,Slick Cut,5664.78,99 keys,"5,664.78 ref, $172.78",18,misc,Level 1-100 Hair,30187
14,Scorching Flames,Stormin' Norman,5664.78,99 keys,"5,664.78 ref, $172.78",10,misc,Level 1-100 Helmet,30112
14,Scorching Flames,Old Guadalajara,5578.95,90–105 keys,"5,578.95 ref, $170.16",30,misc,Level 1-100 Hat,247
14,Scorching Flames,Globetrotter,5550.34,83–111 keys,"5,550.34 ref, $169.29",6,misc,Level 1-100 Snow Globe,31090
14,Scorching Flames,Impact Impaler,5550.34,83–111 keys,"5,550.34 ref, $169.29",12,misc,Level 1-100 Helmet,31432
14,Scorching Flames,Skullbrero,5550.34,97 keys,"5,550.34 ref, $169.29",6,misc,Level 1-100 Hat,31066
14,Scorching Flames,Brim-Full of Bullets,5435.9,95 keys,"5,435.90 ref, $165.79",28,misc,Level 1-100 Hat,30173
14,Scorching Flames,Bullet Buzz,5435.9,95 keys,"5,435.90 ref, $165.79",15,misc,Level 1-100 Hair,30344
14,Scorching Flames,Buzz Kill,5435.9,95 keys,"5,435.90 ref, $165.79",1,misc,Level 1-100 Hair,31562
14,Scorching Flames,Citizen Cane,5435.9,95 keys,"5,435.90 ref, $165.79",31,misc,Level 1-100 Hat,31091
14,Scorching Flames,Covert Covers,5435.9,95 keys,"5,435.90 ref, $165.79",18,misc,Level 1-100 Hat,31428
14,Scorching Flames,Climbing Commander,5407.29,90–99 keys,"5,407.29 ref, $164.92",64,misc,Level 1-100 Hood,31025
14,Scorching Flames,Frigid Fashion,5378.68,94 keys,"5,378.68 ref, $164.05",13,misc,Level 1-100 Hat,31421
14,Scorching Flames,L'homme Burglerre,5321.46,93 keys,"5,321.46 ref, $162.30",48,misc,Level 1-100 Hat,30182
14,Scorching Flames,Spooky Head-Bouncers,5292.85,80–105 keys,"5,292.85 ref, $161.43",68,misc,Level 1-100 Hat,31209
14,Scorching Flames,Harmburg,5264.24,78–106 keys,"5,264.24 ref, $160.56",11,misc,Level 1-100 Hat,30123
14,Scorching Flames,Timeless Topper,5264.24,92 keys,"5,264.24 ref, $160.56",11,misc,Level 1-100 Hat,30035
14,Scorching Flames,Katyusha,5207.02,91 keys,"5,207.02 ref, $158.81",10,misc,Level 1-100 Hat,30094
14,Scorching Flames,Shoestring Santa,5178.41,81–100 keys,"5,178.41 ref, $157.94",18,misc,Level 1-100 Hat,31169
14,Scorching Flames,Bomb Beanie,5149.8,90 keys,"5,149.80 ref, $157.07",12,misc,Level 1-100 Hat,30823
14,Scorching Flames,Capo's Capper,5149.8,90 keys,"5,149.80 ref, $157.07",15,misc,Level 1-100 Hat,427
14,Scorching Flames,Death Racer's Helmet,5149.8,90 keys,"5,149.80 ref, $157.07",2,misc,Level 1-100 Helmet,30686
14,Scorching Flames,Employee of the Mmmph,5149.8,90 keys,"5,149.80 ref, $157.07",10,misc,Level 1-100 Hat,30416
14,Scorching Flames,Heat Shield,5149.8,90 keys,"5,149.80 ref, $157.07",8,misc,Level 1-100 Shield,31549
14,Scorching Flames,Helmet without a Home,5149.8,90 keys,"5,149.80 ref, $157.07",18,misc,Level 1-100 Helmet,732
14,Scorching Flames,King Cardbeard,5149.8,90 keys,"5,149.80 ref, $157.07",14,misc,Level 1-100 Hat,31130
14,Scorching Flames,Modest Metal Pile of Scrap,5149.8,90 keys,"5,149.80 ref, $157.07",48,misc,Level 1-100 Hat,30001
14,Scorching Flames,Professor's Peculiarity,5149.8,90 keys,"5,149.80 ref, $157.07",11,misc,Level 1-100 Hair,384
14,Scorching Flames,Twisted Topper,5149.8,90 keys,"5,149.80 ref, $157.07",30,misc,Level 1-100 Hat,31211
14,Scorching Flames,Vampire Vanquisher,5149.8,90 keys,"5,149.80 ref, $157.07",36,misc,Level 1-100 Hat,31003
14,Scorching Flames,Big Chief,5092.58,89 keys,"5,092.58 ref, $155.32",13,misc,Level 1-100 Hat,309
14,Scorching Flames,Dapper Noel,5092.58,78–100 keys,"5,092.58 ref, $155.32",22,misc,Level 1-100 Hat,31494
14,Scorching Flames,Warhood,5092.58,89 keys,"5,092.58 ref, $155.32",76,misc,Level 1-100 Hood,30866
14,Scorching Flames,Fire Fighter,5035.36,85–91 keys,"5,035.36 ref, $153.58",32,misc,Level 1-100 Hair,31108
14,Scorching Flames,Gentleman's Gatsby,5035.36,73–103 keys,"5,035.36 ref, $153.58",36,misc,Level 1-100 Hat,184
14,Scorching Flames,Little Buddy,5006.75,75–100 keys,"5,006.75 ref, $152.71",11,misc,Level 10 Hat,612
14,Scorching Flames,Aviator Assassin,4920.92,86 keys,"4,920.92 ref, $150.09",18,misc,Level 1-100 Hat,30404
14,Scorching Flames,Cozy Catchers,4920.92,86 keys,"4,920.92 ref, $150.09",20,misc,Level 1-100 Hat,31250
14,Scorching Flames,Mann of Reason,4920.92,86 keys,"4,920.92 ref, $150.09",15,misc,Level 1-100 Hat,30318
14,Scorching Flames,Strikeout,4920.92,86 keys,"4,920.92 ref, $150.09",12,misc,Level 1-100 Helmet,31480
14,Scorching Flames,Birdcage,4863.7,85 keys,"4,863.70 ref, $148.34",16,misc,Level 10 Hat,615
14,Scorching Flames,Calamitous Cauldron,4863.7,85 keys,"4,863.70 ref, $148.34",10,misc,Level 1-100 Cauldron,31146
14,Scorching Flames,Cool Capuchon,4863.7,85 keys,"4,863.70 ref, $148.34",23,misc,Level 1-100 Hood,31029
14,Scorching Flames,Head Hedge,4863.7,85 keys,"4,863.70 ref, $148.34",57,misc,Level 1-100 Helmet,30978
14,Scorching Flames,Hot Spaniel,4863.7,85 keys,"4,863.70 ref, $148.34",25,misc,Level 1-100 Hat,31497
14,Scorching Flames,Nanobalaclava,4863.7,85 keys,"4,863.70 ref, $148.34",18,misc,Level 10 Hat,521
14,Scorching Flames,Pom-Pommed Provocateur,4863.7,85 keys,"4,863.70 ref, $148.34",10,misc,Level 1-100 Mask,30072
14,Scorching Flames,Sober Stuntman,4863.7,85 keys,"4,863.70 ref, $148.34",43,misc,Level 1-100 Helmet,255
14,Scorching Flames,Squatter's Right,4863.7,85 keys,"4,863.70 ref, $148.34",8,misc,Level 1-100 Hat,31267
14,Scorching Flames,Virtual Reality Headset,4863.7,80–90 keys,"4,863.70 ref, $148.34",17,misc,Level 10 Headset,628
14,Scorching Flames,Human Cannonball,4835.09,84–85 keys,"4,835.09 ref, $147.47",49,misc,Level 1-100 Helmet,817
14,Scorching Flames,Napoleon Complex,4806.48,84 keys,"4,806.48 ref, $146.60",14,misc,Level 1-100 Hat,30360
14,Scorching Flames,Prussian Pickelhaube,4777.87,77–90 keys,"4,777.87 ref, $145.73",17,misc,Level 1-100 Helmet,50
14,Scorching Flames,Phononaut,4749.26,83 keys,"4,749.26 ref, $144.85",6,misc,Level 1-100 Hat,30647
14,Scorching Flames,German Gonzila,4606.21,77–84 keys,"4,606.21 ref, $140.49",40,misc,Level 1-100 Hat,323
14,Scorching Flames,Bat Hat,4577.6,80 keys,"4,577.60 ref, $139.62",28,misc,Level 1-100 Hat,31058
14,Scorching Flames,L'Inspecteur,4577.6,80 keys,"4,577.60 ref, $139.62",11,misc,Level 10 Hat,622
14,Scorching Flames,Mighty Mitre,4577.6,75–85 keys,"4,577.60 ref, $139.62",72,misc,Level 1-100 Hat,31034
14,Scorching Flames,Monsieur Grenouille,4577.6,80 keys,"4,577.60 ref, $139.62",10,misc,Level 1-100 Mascot,31280
14,Scorching Flames,Respectless Rubber Glove,4520.38,79 keys,"4,520.38 ref, $137.87",39,misc,Level 1-100 Hat,102
14,Scorching Flames,Sammy Cap,4520.38,79 keys,"4,520.38 ref, $137.87",8,misc,Level 1-100 Hat,30374
14,Scorching Flames,Scout Shako,4520.38,79 keys,"4,520.38 ref, $137.87",25,misc,Level 1-100 Hat,30326
14,Scorching Flames,Witch Doctor,4463.16,78 keys,"4,463.16 ref, $136.13",17,misc,Level 1-100 Hat,31475
14,Scorching Flames,Tsarboosh,4434.55,75–80 keys,"4,434.55 ref, $135.25",18,misc,Level 1-100 Hat,30081
14,Scorching Flames,Highway Star,4405.94,77 keys,"4,405.94 ref, $134.38",16,misc,Level 1-100 Bandana,31010
14,Scorching Flames,Mannhattan Protect,4405.94,77 keys,"4,405.94 ref, $134.38",7,misc,Level 1-100 Hat,31484
14,Scorching Flames,Scotch Bonnet,4405.94,77 keys,"4,405.94 ref, $134.38",19,misc,Level 1-100 Headgear,306
14,Scorching Flames,Yule Hog,4377.33,72–81 keys,"4,377.33 ref, $133.51",29,misc,Level 1-100 Pork Product,31087
14,Scorching Flames,Towering Pillar of Hats,4348.72,70–82 keys,"4,348.72 ref, $132.64",146,misc,Level 1-100 Hat,135
14,Scorching Flames,Bottle Cap,4291.5,75 keys,"4,291.50 ref, $130.89",24,misc,Level 1-100 Hat,31042
14,Scorching Flames,Daring Dell,4291.5,75 keys,"4,291.50 ref, $130.89",11,misc,Level 1-100 Helmet,31445
14,Scorching Flames,Dead Cone,4291.5,75 keys,"4,291.50 ref, $130.89",12,misc,Level 1-100 Hat,435
14,Scorching Flames,Hawaiian Hunter,4291.5,70–80 keys,"4,291.50 ref, $130.89",98,misc,Level 1-100 Hat,31271
14,Scorching Flames,Pyro's Boron Beanie,4291.5,75 keys,"4,291.50 ref, $130.89",11,misc,Level 1-100 Hat,30040
14,Scorching Flames,Semi-Tame Trapper's Hat,4291.5,75 keys,"4,291.50 ref, $130.89",4,misc,Level 1-100 Mascot,31147
14,Scorching Flames,Sky High Fly Guy,4291.5,75 keys,"4,291.50 ref, $130.89",118,misc,Level 1-100 Hat,30984
14,Scorching Flames,Toy Tailor,4291.5,75 keys,"4,291.50 ref, $130.89",4,misc,Level 1-100 Hat,30327
14,Scorching Flames,Puffy Polar Cap,4262.89,72–77 keys,"4,262.89 ref, $130.02",30,misc,Level 1-100 Hat,30958
14,Scorching Flames,Tough Guy's Toque,4262.89,72–77 keys,"4,262.89 ref, $130.02",24,misc,Level 1-100 Hat,97
14,Scorching Flames,Kiss King,4234.28,60–88 keys,"4,234.28 ref, $129.15",82,misc,Level 1-100 Hat,30313
14,Scorching Flames,Convict Cap,4177.06,73 keys,"4,177.06 ref, $127.40",22,misc,Level 1-100 Hat,31080
14,Scorching Flames,Counterfeit Billycock,4177.06,65–81 keys,"4,177.06 ref, $127.40",14,misc,Level 10 Hat,602
14,Scorching Flames,Stately Steel Toe,4177.06,60–86 keys,"4,177.06 ref, $127.40",19,misc,Level 1-100 Hat,481
14,Scorching Flames,Base Metal Billycock,4119.84,72 keys,"4,119.84 ref, $125.66",10,misc,Level 1-100 Hat,30007
14,Scorching Flames,Hazard Headgear,4119.84,72 keys,"4,119.84 ref, $125.66",8,misc,Level 1-100 Hat,31115
14,Scorching Flames,Hot Dogger,4119.84,64–80 keys,"4,119.84 ref, $125.66",52,misc,Level 10 Hat,614
14,Scorching Flames,Bloke's Bucket Hat,4062.62,67–75 keys,"4,062.62 ref, $123.91",29,misc,Level 1-100 Hat,181
14,Scorching Flames,Larrikin Robin,4062.62,71 keys,"4,062.62 ref, $123.91",35,misc,Level 1-100 Hat,314
14,Scorching Flames,Jolly Jingler,4005.4,70 keys,"4,005.40 ref, $122.16",21,misc,Level 1-100 Hat,31165
14,Scorching Flames,Ye Oiled Baker Boy,3976.79,64–75 keys,"3,976.79 ref, $121.29",30,misc,Level 1-100 Hat,30019
14,Scorching Flames,Nightcap,3948.18,69 keys,"3,948.18 ref, $120.42",18,misc,Level 1-100 Hat,31422
14,Scorching Flames,Connoisseur's Cap,3919.57,64–73 keys,"3,919.57 ref, $119.55",18,misc,Level 1-100 Hat,394
14,Scorching Flames,Bonk Leadwear,3862.35,59–76 keys,"3,862.35 ref, $117.80",15,misc,Level 1-100 Helmet,30030
14,Scorching Flames,Backbreaker's Skullcracker,3833.74,67 keys,"3,833.74 ref, $116.93",19,misc,Level 1-100 Helmet,31038
14,Scorching Flames,Throttlehead,3833.74,64–70 keys,"3,833.74 ref, $116.93",118,misc,Level 1-100 Hat,31282
14,Scorching Flames,Wing Mann,3833.74,67 keys,"3,833.74 ref, $116.93",6,misc,Level 1-100 Hat,30809
14,Scorching Flames,Soft Hard Hat,3776.52,66 keys,"3,776.52 ref, $115.18",16,misc,Level 1-100 Hat,31331
14,Scorching Flames,Broadband Bonnet,3719.3,60–70 keys,"3,719.30 ref, $113.44",12,misc,Level 1-100 Hat,30029
14,Scorching Flames,Coupe D'isaster,3719.3,65 keys,"3,719.30 ref, $113.44",49,misc,Level 1-100 Hair,330
14,Scorching Flames,Madame Dixie,3719.3,65 keys,"3,719.30 ref, $113.44",29,misc,Level 1-100 Hat,321
14,Scorching Flames,Second-Head Headwear,3719.3,65 keys,"3,719.30 ref, $113.44",7,misc,Level 1-100 Hat,31214
14,Scorching Flames,Trencher's Topper,3719.3,65 keys,"3,719.30 ref, $113.44",16,misc,Level 1-100 Helmet,30336
14,Scorching Flames,Balkans Brute,3662.08,64 keys,"3,662.08 ref, $111.69",22,misc,Level 1-100 Hat,31434
14,Scorching Flames,Commando Elite,3662.08,64 keys,"3,662.08 ref, $111.69",33,misc,Level 1-100 Helmet,30912
14,Scorching Flames,Conquistador,3662.08,64 keys,"3,662.08 ref, $111.69",11,misc,Level 1-100 Helmet,721
14,Scorching Flames,Firestalker,3662.08,64 keys,"3,662.08 ref, $111.69",17,misc,Level 1-100 Hat,31359
14,Scorching Flames,Handyman's Handle,3662.08,64 keys,"3,662.08 ref, $111.69",30,misc,Level 1-100 Hat,253
14,Scorching Flames,Platinum Pickelhaube,3662.08,64 keys,"3,662.08 ref, $111.69",10,misc,Level 1-100 Helmet,30042
14,Scorching Flames,Trash Man,3662.08,64 keys,"3,662.08 ref, $111.69",12,misc,Level 1-100 Hat,30346
14,Scorching Flames,Pampered Pyro,3604.86,63 keys,"3,604.86 ref, $109.95",15,misc,Level 1-100 Towel,30139
14,Scorching Flames,Polar Bear,3604.86,63 keys,"3,604.86 ref, $109.95",58,misc,Level 1-100 Hat,30964
14,Scorching Flames,FR-0,3547.64,60–64 keys,"3,547.64 ref, $108.20",15,misc,Level 1-100 Hat,30016
14,Scorching Flames,Fried Batter,3547.64,62 keys,"3,547.64 ref, $108.20",52,misc,Level 1-100 Hat,31197
14,Scorching Flames,Bolted Birdcage,3519.03,60–63 keys,"3,519.03 ref, $107.33",9,misc,Level 1-100 Hat,30057
14,Scorching Flames,Blast Bowl,3490.42,61 keys,"3,490.42 ref, $106.46",21,misc,Level 1-100 Helmet,31371
14,Scorching Flames,Crimbo Cap,3490.42,61 keys,"3,490.42 ref, $106.46",19,misc,Level 1-100 Hat,31505
14,Scorching Flames,Noble Nickel Amassment of Hats,3490.42,57–65 keys,"3,490.42 ref, $106.46",90,misc,Level 1-100 Hat,30006
14,Scorching Flames,Titanium Tyrolean,3461.81,56–65 keys,"3,461.81 ref, $105.59",11,misc,Level 1-100 Hat,30045
14,Scorching Flames,Arctic Mole,3433.2,56–64 keys,"3,433.20 ref, $104.71",17,misc,Level 1-100 Hat,31333
14,Scorching Flames,Buckaroo's Hat,3433.2,60 keys,"3,433.20 ref, $104.71",35,misc,Level 1-100 Hat,322
14,Scorching Flames,El Mostacho,3433.2,60 keys,"3,433.20 ref, $104.71",33,misc,Level 1-100 Hat,31074
14,Scorching Flames,Electric Escorter,3433.2,60 keys,"3,433.20 ref, $104.71",14,misc,Level 1-100 Hat,30025
14,Scorching Flames,Halogen Head Lamp,3433.2,60 keys,"3,433.20 ref, $104.71",13,misc,Level 1-100 Hat,30041
14,Scorching Flames,Misdirector,3433.2,60 keys,"3,433.20 ref, $104.71",3,misc,Level 1-100 Hat,31566
14,Scorching Flames,Prancer's Pride,3433.2,60 keys,"3,433.20 ref, $104.71",24,misc,Level 1-100 Hat,318
14,Scorching Flames,Pugilist's Protector,3433.2,60 keys,"3,433.20 ref, $104.71",26,misc,Level 1-100 Headgear,246
14,Scorching Flames,Roaming Roman,3433.2,60 keys,"3,433.20 ref, $104.71",48,misc,Level 1-100 Hat,31198
14,Scorching Flames,Crack Pot,3375.98,59 keys,"3,375.98 ref, $102.97",30,misc,Level 1-100 Flower Pot,31024
14,Scorching Flames,Hunk of Monk,3375.98,59 keys,"3,375.98 ref, $102.97",3,misc,Level 1-100 Hair,31525
14,Scorching Flames,Barnstormer,3318.76,58 keys,"3,318.76 ref, $101.22",9,misc,Level 1-100 Hat,988
14,Scorching Flames,Backbiter's Billycock,3261.54,54–60 keys,"3,261.54 ref, $99.48",29,misc,Level 1-100 Hat,108
14,Scorching Flames,Thunder Dome,3261.54,50–64 keys,"3,261.54 ref, $99.48",17,misc,Level 1-100 Helmet,31391
14,Scorching Flames,Wild Brim Slouch,3261.54,57 keys,"3,261.54 ref, $99.48",36,misc,Level 1-100 Hat,31192
14,Scorching Flames,Aimframe,3232.93,48–65 keys,"3,232.93 ref, $98.60",16,misc,Level 1-100 Helmet,31458
14,Scorching Flames,Towering Titanium Pillar of Hats,3232.93,53–60 keys,"3,232.93 ref, $98.60",68,misc,Level 1-100 Hat,30008
14,Scorching Flames,Splitting Headache,3204.32,56 keys,"3,204.32 ref, $97.73",12,misc,Level 1-100 Headache,31390
14,Scorching Flames,Copper's Hard Top,3147.1,55 keys,"3,147.10 ref, $95.99",23,misc,Level 1-100 Helmet,478
14,Scorching Flames,Dread Knot,3147.1,55 keys,"3,147.10 ref, $95.99",20,misc,Level 1-100 Hair,358
14,Scorching Flames,Plug-In Prospector,3147.1,55 keys,"3,147.10 ref, $95.99",11,misc,Level 1-100 Hat,30031
14,Scorching Flames,Trucker's Topper,3147.1,50–60 keys,"3,147.10 ref, $95.99",52,misc,Level 1-100 Hat,30930
14,Scorching Flames,Frostbite Bonnet,3089.88,54 keys,"3,089.88 ref, $94.24",3,misc,Level 1-100 Hat,31337
14,Scorching Flames,Letch's LED,3089.88,54 keys,"3,089.88 ref, $94.24",15,misc,Level 1-100 Hat,30002
14,Scorching Flames,Bootleg Base Metal Billycock,3032.66,53 keys,"3,032.66 ref, $92.50",10,misc,Level 1-100 Hat,30047
14,Scorching Flames,Crabe de Chapeau,3032.66,53 keys,"3,032.66 ref, $92.50",19,misc,Level 1-100 Hat,31109
14,Scorching Flames,Snack Stack,3032.66,51–55 keys,"3,032.66 ref, $92.50",32,misc,Level 1-100 Snack,31190
14,Scorching Flames,Magnificent Mongolian,2975.44,49–55 keys,"2,975.44 ref, $90.75",43,misc,Level 1-100 Hat,313
14,Scorching Flames,Ol' Snaggletooth,2975.44,52 keys,"2,975.44 ref, $90.75",16,misc,Level 1-100 Hat,229
14,Scorching Flames,Toy Soldier,2975.44,52 keys,"2,975.44 ref, $90.75",88,misc,Level 1-100 Hat,30316
14,Scorching Flames,Big Elfin Deal,2946.83,50–53 keys,"2,946.83 ref, $89.88",21,misc,Level 1-100 Hat,652
14,Scorching Flames,Smokey Sombrero,2946.83,50–53 keys,"2,946.83 ref, $89.88",7,misc,Level 1-100 Hat,30682
14,Scorching Flames,Undercover Brolly,2946.83,48–55 keys,"2,946.83 ref, $89.88",48,misc,Level 1-100 Hat,31262
14,Scorching Flames,Elf Care Provider,2918.22,51 keys,"2,918.22 ref, $89.01",18,misc,Level 1-100 Hat,31176
14,Scorching Flames,Firearm Protector,2918.22,42–60 keys,"2,918.22 ref, $89.01",23,misc,Level 1-100 Hat,31310
14,Scorching Flames,Shutterbug,2918.22,51 keys,"2,918.22 ref, $89.01",21,misc,Level 1-100 Hat,31048
14,Scorching Flames,Bombard Brigadier,2861,50 keys,"2,861.00 ref, $87.26",11,misc,Level 1-100 Hat,31309
14,Scorching Flames,Cadaver's Cranium,2861,50 keys,"2,861.00 ref, $87.26",10,misc,Level 31 Hat,290
14,Scorching Flames,Janissary Ketche,2861,50 keys,"2,861.00 ref, $87.26",22,misc,Level 1-100 Hat,437
14,Scorching Flames,Tungsten Toque,2861,50 keys,"2,861.00 ref, $87.26",9,misc,Level 1-100 Hat,30049
14,Scorching Flames,Physician's Protector,2803.78,43–55 keys,"2,803.78 ref, $85.52",7,misc,Level 1-100 Helmet,30625
14,Scorching Flames,Blitzen Bowl,2775.17,44–53 keys,"2,775.17 ref, $84.64",9,misc,Level 1-100 Hat,31175
14,Scorching Flames,Bot Dogger,2689.34,47 keys,"2,689.34 ref, $82.02",86,misc,Level 1-100 Hat,30018
14,Scorching Flames,Mann-O-War,2632.12,46 keys,"2,632.12 ref, $80.28",34,misc,Level 1-100 Hat,31008
14,Scorching Flames,Brain Interface,2574.9,43–47 keys,"2,574.90 ref, $78.53",22,misc,Level 1-100 Cosmetic Augmentation,31049
14,Scorching Flames,Pure Tin Capotain,2574.9,45 keys,"2,574.90 ref, $78.53",14,misc,Level 1-100 Hat,30021
14,Scorching Flames,Western Wear,2574.9,45 keys,"2,574.90 ref, $78.53",20,misc,Level 1-100 Hat,379
14,Scorching Flames,Plumber's Pipe,2517.68,44 keys,"2,517.68 ref, $76.79",10,misc,Level 1-100 Hat,30022
14,Scorching Flames,Hephaistos' Handcraft,2460.46,40–46 keys,"2,460.46 ref, $75.04",11,misc,Level 1-100 Helmet,31000
14,Scorching Flames,Telefragger Toque,2460.46,43 keys,"2,460.46 ref, $75.04",10,misc,Level 1-100 Hat,31098
14,Scorching Flames,Carouser's Capotain,2403.24,42 keys,"2,403.24 ref, $73.30",30,misc,Level 1-100 Hat,259
14,Scorching Flames,Missing Piece,2403.24,40–44 keys,"2,403.24 ref, $73.30",29,misc,Level 1-100 Hat,31101
14,Scorching Flames,Airdog,2374.63,40–43 keys,"2,374.63 ref, $72.43",82,misc,Level 1-100 Helmet,30767
14,Scorching Flames,A Head Full of Hot Air,2346.02,40–42 keys,"2,346.02 ref, $71.55",30,misc,Level 1-100 Hat,30662
14,Scorching Flames,Outdoorsman,2317.41,33–48 keys,"2,317.41 ref, $70.68",15,misc,Level 10 Hat,603
14,Scorching Flames,Tank Top,2317.41,32–49 keys,"2,317.41 ref, $70.68",18,misc,Level 1-100 Helmet,31002
14,Scorching Flames,Cattleman's Kettle,2288.8,40 keys,"2,288.80 ref, $69.81",10,misc,Level 1-100 Helmet,31523
14,Scorching Flames,Gym Rat,2288.8,40 keys,"2,288.80 ref, $69.81",8,misc,Level 10 Hair,613
14,Scorching Flames,Respectless Robo-Glove,2288.8,40 keys,"2,288.80 ref, $69.81",11,misc,Level 1-100 Hat,30039
14,Scorching Flames,Shooter's Tin Topi,2288.8,40 keys,"2,288.80 ref, $69.81",9,misc,Level 1-100 Hat,30005
14,Scorching Flames,Steel Shako,2260.19,39–40 keys,"2,260.19 ref, $68.94",16,misc,Level 1-100 Hat,30017
14,Scorching Flames,Spiky Viking,2202.97,37–40 keys,"2,202.97 ref, $67.19",64,misc,Level 1-100 Helmet,31100
14,Scorching Flames,Fat Man's Field Cap,2174.36,35–41 keys,"2,174.36 ref, $66.32",48,misc,Level 1-100 Hat,30911
14,Scorching Flames,Killing Tree,2174.36,38 keys,"2,174.36 ref, $66.32",13,misc,Level 1-100 Hat,31181
14,Scorching Flames,Elf Defense,2117.14,37 keys,"2,117.14 ref, $64.57",9,misc,Level 1-100 Hat,31256
14,Scorching Flames,Ol' Geezer,2088.53,36–37 keys,"2,088.53 ref, $63.70",17,misc,Level 1-100 Hat,399
14,Scorching Flames,Cyborg Stunt Helmet,2059.92,31–41 keys,"2,059.92 ref, $62.83",14,misc,Level 1-100 Helmet,30024
14,Scorching Flames,Head of Defense,2059.92,36 keys,"2,059.92 ref, $62.83",19,misc,Level 1-100 Hat,31114
14,Scorching Flames,Hetman's Headpiece,2031.31,33–38 keys,"2,031.31 ref, $61.95",17,misc,Level 1-100 Hat,436
14,Scorching Flames,Melted Mop,2031.31,34–37 keys,"2,031.31 ref, $61.95",24,misc,Level 1-100 Ice Cream Cone,31041
14,Scorching Flames,Doctor's Sack,2002.7,31–39 keys,"2,002.70 ref, $61.08",15,misc,Level 1-100 Hat,398
14,Scorching Flames,Train of Thought,2002.7,30–40 keys,"2,002.70 ref, $61.08",3,misc,Level 1-100 Hat,31254
14,Scorching Flames,Elf Esteem,1945.48,34 keys,"1,945.48 ref, $59.34",128,misc,Level 1-100 Hat,30836
14,Scorching Flames,Strontium Stove Pipe,1945.48,34 keys,"1,945.48 ref, $59.34",8,misc,Level 1-100 Hat,30037
14,Scorching Flames,Bombing Run,1888.26,32–34 keys,"1,888.26 ref, $57.59",31,misc,Level 1-100 Helmet,249
14,Scorching Flames,Festive Cover-Up,1888.26,33 keys,"1,888.26 ref, $57.59",9,misc,Level 1-100 Hat,31257
14,Scorching Flames,Brain-Warming Wear,1859.65,32–33 keys,"1,859.65 ref, $56.72",108,misc,Level 1-100 Hat,30827
14,Scorching Flames,Bulb Bonnet,1859.65,30–35 keys,"1,859.65 ref, $56.72",22,misc,Level 1-100 Hat,31335
14,Scorching Flames,Shooter's Sola Topi,1859.65,30–35 keys,"1,859.65 ref, $56.72",36,misc,Level 1-100 Helmet,158
14,Scorching Flames,Bazaar Bauble,1630.77,27–30 keys,"1,630.77 ref, $49.74",38,misc,Level 1-100 Hat,31112
14,Scorching Flames,Glow from Below,1630.77,28–29 keys,"1,630.77 ref, $49.74",4,misc,Level 1-100 Fish,31149
14,Scorching Flames,Gridiron Guardian,1544.94,27 keys,"1,544.94 ref, $47.12",18,misc,Level 1-100 Helmet,30013
14,Scorching Flames,Archer's Sterling,1459.11,22–29 keys,"1,459.11 ref, $44.50",20,misc,Level 1-100 Helmet,30874
14,Scorching Flames,Hard Counter,1316.06,21–25 keys,"1,316.06 ref, $40.14",31,misc,Level 1-100 Hat,254
14,Scorching Flames,Balloonihoodie,0,,,1,misc,Level 1-100 Hood,30928
14,Scorching Flames,Dumb Bell,0,,,3,misc,Level 1-100 Bell,31035
14,Scorching Flames,Epilogue Locks,0,,,37,misc,Level 1-100 Hair,31593
14,Scorching Flames,Fur-Lined Fighter,0,,,11,misc,Level 1-100 Hat,30545
14,Scorching Flames,Pyromancer's Hood,0,,,1,misc,Level 1-100 Hood,30580
14,Scorching Flames,Reindoonihorns,0,,,2,misc,Level 1-100 Hat,31249
72,Roboactive,Exquisite Rack,314710,5500 keys,"314,710.00 ref, $9598.66",2,misc,Level 1-100 Cosmetic Item,339
72,Roboactive,Villain's Veil,183104,3200 keys,"183,104.00 ref, $5584.67",2,misc,Level 1-100 Bandana,393
72,Roboactive,Blighted Beak,151633,2650 keys,"151,633.00 ref, $4624.81",3,misc,Level 1-100 Mask,315
72,Roboactive,Soldered Sensei,137328,2400 keys,"137,328.00 ref, $4188.50",2,misc,Level 1-100 Hat,30004
72,Roboactive,Pyromancer's Mask,131606,2300 keys,"131,606.00 ref, $4013.98",2,misc,Level 1-100 Mask,316
72,Roboactive,Hong Kong Cone,111579,1950 keys,"111,579.00 ref, $3403.16",2,misc,Level 1-100 Hat,30177
72,Roboactive,Whirly Warrior,102996,1600–2000 keys,"102,996.00 ref, $3141.38",2,misc,Level 1-100 Helmet,30118
72,Roboactive,Pencil Pusher,97274,1700 keys,"97,274.00 ref, $2966.86",2,misc,Level 10 Hair,605
72,Roboactive,Large Luchador,80108,1400 keys,"80,108.00 ref, $2443.29",5,misc,Level 1-100 Mask,380
72,Roboactive,Killer Exclusive,74386,1300 keys,"74,386.00 ref, $2268.77",2,misc,Level 10 Hat,538
72,Roboactive,Crone's Dome,71954.15,1215–1300 keys,"71,954.15 ref, $2194.60",1,misc,Level 1-100 Hat,920
72,Roboactive,Tyrant's Helm,66375.2,1160 keys,"66,375.20 ref, $2024.44",2,misc,Level 1-100 Helmet,99
72,Roboactive,Bonk Boy,62942,1000–1200 keys,"62,942.00 ref, $1919.73",6,misc,Level 1-100 Mask,451
72,Roboactive,Virtual Viewfinder,62942,1100 keys,"62,942.00 ref, $1919.73",3,misc,Level 1-100 Headset,30140
72,Roboactive,Cotton Head,48637,850 keys,"48,637.00 ref, $1483.43",4,misc,Level 1-100 Hat,30175
72,Roboactive,Antlers,47093.114754098,823.02 keys,"47,093.11 ref, 823.02 keys",2,misc,Level 1-100 Cosmetic Item,993
72,Roboactive,Brown Bomber,46634.3,815 keys,"46,634.30 ref, $1422.35",9,misc,Level 1-100 Hat,671
72,Roboactive,Salty Dog,46577.08,814 keys,"46,577.08 ref, $1420.60",4,misc,Level 10 Hat,611
72,Roboactive,War Pig,46348.2,810 keys,"46,348.20 ref, $1413.62",2,misc,Level 1-100 Headgear,829
72,Roboactive,Team Captain,44231.06,773 keys,"44,231.06 ref, $1349.05",2,misc,Level 1-100 Hat,378
72,Roboactive,Texas Ten Gallon,39481.8,690 keys,"39,481.80 ref, $1204.19",7,misc,Level 1-100 Hat,94
72,Roboactive,Surgeon's Stahlhelm,37193,650 keys,"37,193.00 ref, $1134.39",1,misc,Level 10 Helmet,616
72,Roboactive,Backwards Ballcap,35047.25,550–675 keys,"35,047.25 ref, $1068.94",2,misc,Level 10 Hat,617
72,Roboactive,Brotherhood of Arms,34274.78,599 keys,"34,274.78 ref, $1045.38",1,misc,Level 1-100 Hat,30066
72,Roboactive,Nunhood,33759.8,590 keys,"33,759.80 ref, $1029.67",1,misc,Level 1-100 Hat,30311
72,Roboactive,Conjurer's Cowl,33473.7,585 keys,"33,473.70 ref, $1020.95",3,misc,Level 1-100 Hood,465
72,Roboactive,Lucky Shot,30898.8,540 keys,"30,898.80 ref, $942.41",6,misc,Level 1-100 Helmet,701
72,Roboactive,Troublemaker's Tossle Cap,30898.8,540 keys,"30,898.80 ref, $942.41",3,misc,Level 1-100 Hat,150
72,Roboactive,Whoopee Cap,30898.8,540 keys,"30,898.80 ref, $942.41",2,misc,Level 1-100 Hat,174
72,Roboactive,Boxcar Bomber,30612.7,535 keys,"30,612.70 ref, $933.69",2,misc,Level 1-100 Hat,30546
72,Roboactive,Galvanized Gibus,30612.7,535 keys,"30,612.70 ref, $933.69",4,misc,Level 1-100 Hat,30003
72,Roboactive,Tough Stuff Muffs,29468.3,515 keys,"29,468.30 ref, $898.78",4,misc,Level 1-100 Hat,984
72,Roboactive,Das Übersternmann,28610,500 keys,"28,610.00 ref, $872.61",1,misc,Level 1-100 Hat,30097
72,Roboactive,Pomade Prince,28610,500 keys,"28,610.00 ref, $872.61",2,misc,Level 1-100 Hair,30428
72,Roboactive,Sergeant's Drill Hat,28610,500 keys,"28,610.00 ref, $872.61",4,misc,Level 1-100 Hat,183
72,Roboactive,Vintage Tyrolean,28610,500 keys,"28,610.00 ref, $872.61",5,misc,Level 1-100 Hat,101
72,Roboactive,Executioner,27808.92,414–558 keys,"27,808.92 ref, $848.17",2,misc,Level 1-100 Hat,921
72,Roboactive,Law,27751.7,485 keys,"27,751.70 ref, $846.43",2,misc,Level 1-100 Hat,30362
72,Roboactive,Officer's Ushanka,26035.1,455 keys,"26,035.10 ref, $794.07",1,misc,Level 1-100 Hat,96
72,Roboactive,Bonk Helm,25749,450 keys,"25,749.00 ref, $785.34",3,misc,Level 1-100 Helmet,106
72,Roboactive,Grimm Hatte,25749,410–490 keys,"25,749.00 ref, $785.34",5,misc,Level 1-100 Hat,383
72,Roboactive,Head Warmer,24890.7,400–470 keys,"24,890.70 ref, $759.17",4,misc,Level 1-100 Hat,644
72,Roboactive,Détective Noir,24604.6,430 keys,"24,604.60 ref, $750.44",3,misc,Level 1-100 Hat,319
72,Roboactive,Swagman's Swatter,24604.6,430 keys,"24,604.60 ref, $750.44",4,misc,Level 10 Hat,626
72,Roboactive,Federal Casemaker,23746.3,415 keys,"23,746.30 ref, $724.26",2,misc,Level 1-100 Hat,30119
72,Roboactive,Brigade Helm,22888,400 keys,"22,888.00 ref, $698.08",2,misc,Level 1-100 Helmet,105
72,Roboactive,Hat with No Name,22315.8,390 keys,"22,315.80 ref, $680.63",5,misc,Level 10 Hat,631
72,Roboactive,Shooter's Sola Topi,21743.6,380 keys,"21,743.60 ref, $663.18",1,misc,Level 1-100 Helmet,158
72,Roboactive,Tyrantium Helmet,21457.5,350–400 keys,"21,457.50 ref, $654.45",6,misc,Level 1-100 Helmet,30014
72,Roboactive,Company Man,21114.18,340–398 keys,"21,114.18 ref, $643.98",5,misc,Level 10 Hat,523
72,Roboactive,Scotsman's Stove Pipe,20885.3,365 keys,"20,885.30 ref, $637.00",4,misc,Level 1-100 Hat,120
72,Roboactive,Reggaelator,20370.32,356 keys,"20,370.32 ref, $621.29",7,misc,Level 1-100 Hat,390
72,Roboactive,Armored Authority,20027,350 keys,"20,027.00 ref, $610.82",3,misc,Level 1-100 Helmet,445
72,Roboactive,Big Country,20027,350 keys,"20,027.00 ref, $610.82",2,misc,Level 1-100 Hair,382
72,Roboactive,Das Gutenkutteharen,19454.8,330–350 keys,"19,454.80 ref, $593.37",1,misc,Level 1-100 Hair,30127
72,Roboactive,El Jefe,18882.6,330 keys,"18,882.60 ref, $575.92",3,misc,Level 10 Hat,539
72,Roboactive,Stainless Pot,18739.55,325–330 keys,"18,739.55 ref, $571.56",2,misc,Level 1-100 Hat,98
72,Roboactive,Big Chief,18539.28,324 keys,"18,539.28 ref, $565.45",1,misc,Level 1-100 Hat,309
72,Roboactive,Modest Metal Pile of Scrap,17738.2,310 keys,"17,738.20 ref, $541.02",7,misc,Level 1-100 Hat,30001
72,Roboactive,Ye Olde Baker Boy,17738.2,310 keys,"17,738.20 ref, $541.02",5,misc,Level 1-100 Hat,107
72,Roboactive,Buccaneer's Bicorne,17166,300 keys,"17,166.00 ref, $523.56",3,misc,Level 10 Hat,607
72,Roboactive,Dark Falkirk Helm,17166,300 keys,"17,166.00 ref, $523.56",1,misc,Level 1-100 Helmet,30357
72,Roboactive,Familiar Fez,17166,300 keys,"17,166.00 ref, $523.56",4,misc,Level 1-100 Hat,223
72,Roboactive,Hound Dog,17166,300 keys,"17,166.00 ref, $523.56",2,misc,Level 1-100 Hair,145
72,Roboactive,L'homme Burglerre,17166,300 keys,"17,166.00 ref, $523.56",1,misc,Level 1-100 Hat,30182
72,Roboactive,Modest Pile of Hat,17166,300 keys,"17,166.00 ref, $523.56",5,misc,Level 1-100 Hat,139
72,Roboactive,Napper's Respite,17166,300 keys,"17,166.00 ref, $523.56",4,misc,Level 1-100 Hat,248
72,Roboactive,Defiant Spartan,16879.9,260–330 keys,"16,879.90 ref, $514.84",7,misc,Level 1-100 Helmet,340
72,Roboactive,Gilded Guard,16536.58,289 keys,"16,536.58 ref, $504.37",1,misc,Level 1-100 Helmet,1093
72,Roboactive,Dr's Dapper Topper,16307.7,275–295 keys,"16,307.70 ref, $497.38",3,misc,Level 1-100 Hat,252
72,Roboactive,Vintage Merryweather,16307.7,285 keys,"16,307.70 ref, $497.38",3,misc,Level 1-100 Helmet,182
72,Roboactive,Berliner's Bucket Helm,16021.6,280 keys,"16,021.60 ref, $488.66",2,misc,Level 1-100 Helmet,303
72,Roboactive,Soldier's Slope Scopers,16021.6,280 keys,"16,021.60 ref, $488.66",4,misc,Level 1-100 Hat,980
72,Roboactive,Screamin' Eagle,15849.94,277 keys,"15,849.94 ref, $483.42",1,misc,Level 1-100 Hat,30548
72,Roboactive,Capo's Capper,15449.4,270 keys,"15,449.40 ref, $471.21",5,misc,Level 1-100 Hat,427
72,Roboactive,Grenadier's Softcap,15449.4,270 keys,"15,449.40 ref, $471.21",1,misc,Level 1-100 Hat,227
72,Roboactive,Little Buddy,15449.4,270 keys,"15,449.40 ref, $471.21",2,misc,Level 10 Hat,612
72,Roboactive,Letch's LED,15220.52,266 keys,"15,220.52 ref, $464.23",2,misc,Level 1-100 Hat,30002
72,Roboactive,Liquidator's Lid,14877.2,260 keys,"14,877.20 ref, $453.75",6,misc,Level 1-100 Hat,779
72,Roboactive,Barnstormer,14305,250 keys,"14,305.00 ref, $436.30",4,misc,Level 1-100 Hat,988
72,Roboactive,Honcho's Headgear,14305,250 keys,"14,305.00 ref, $436.30",4,misc,Level 1-100 Hat,391
72,Roboactive,Master's Yellow Belt,14305,250 keys,"14,305.00 ref, $436.30",4,misc,Level 1-100 Hat,110
72,Roboactive,Medic's Mountain Cap,14305,250 keys,"14,305.00 ref, $436.30",7,misc,Level 1-100 Hat,381
72,Roboactive,Neckwear Headwear,14305,250 keys,"14,305.00 ref, $436.30",1,misc,Level 1-100 Hat,30307
72,Roboactive,Noble Amassment of Hats,14305,250 keys,"14,305.00 ref, $436.30",4,misc,Level 1-100 Hat,137
72,Roboactive,Tartan Spartan,14305,250 keys,"14,305.00 ref, $436.30",4,misc,Level 1-100 Helmet,30106
72,Roboactive,Hermes,14018.9,245 keys,"14,018.90 ref, $427.58",4,misc,Level 10 Hat,633
72,Roboactive,Hot Dogger,14018.9,245 keys,"14,018.90 ref, $427.58",5,misc,Level 10 Hat,614
72,Roboactive,Ze Goggles,14018.9,245 keys,"14,018.90 ref, $427.58",4,misc,Level 1-100 Glasses,177
72,Roboactive,Larrikin Robin,13847.24,242 keys,"13,847.24 ref, $422.34",1,misc,Level 1-100 Hat,314
72,Roboactive,Soviet Gentleman,13160.6,230 keys,"13,160.60 ref, $401.40",5,misc,Level 1-100 Hat,821
72,Roboactive,Triboniophorus Tyrannus,13160.6,230 keys,"13,160.60 ref, $401.40",4,misc,Level 1-100 Mascot,151
72,Roboactive,One-Man Army,12874.5,225 keys,"12,874.50 ref, $392.67",5,misc,Level 10 Hair,601
72,Roboactive,Noble Nickel Amassment of Hats,12702.84,222 keys,"12,702.84 ref, $387.44",5,misc,Level 1-100 Hat,30006
72,Roboactive,Bone Dome,12588.4,220 keys,"12,588.40 ref, $383.95",3,misc,Level 1-100 Helmet,30162
72,Roboactive,Bot Dogger,12588.4,220 keys,"12,588.40 ref, $383.95",4,misc,Level 1-100 Hat,30018
72,Roboactive,Ol' Snaggletooth,12359.52,216 keys,"12,359.52 ref, $376.97",4,misc,Level 1-100 Hat,229
72,Roboactive,Metal Slug,12302.3,215 keys,"12,302.30 ref, $375.22",7,misc,Level 1-100 Hat,30028
72,Roboactive,Sole Mate,12302.3,215 keys,"12,302.30 ref, $375.22",1,misc,Level 1-100 Hat,30355
72,Roboactive,Dragonborn Helmet,12159.25,175–250 keys,"12,159.25 ref, $370.86",3,misc,Level 10 Helmet,517
72,Roboactive,Big Elfin Deal,12016.2,210 keys,"12,016.20 ref, $366.49",4,misc,Level 1-100 Hat,652
72,Roboactive,Lord Cockswain's Pith Helmet,12016.2,210 keys,"12,016.20 ref, $366.49",5,misc,Level 1-100 Headgear,439
72,Roboactive,Tam O' Shanter,12016.2,195–225 keys,"12,016.20 ref, $366.49",3,misc,Level 1-100 Hat,480
72,Roboactive,Birdcage,11444,200 keys,"11,444.00 ref, $349.04",1,misc,Level 10 Hat,615
72,Roboactive,Bolted Bicorne,11444,200 keys,"11,444.00 ref, $349.04",6,misc,Level 1-100 Hat,30034
72,Roboactive,Cold Killer,11444,200 keys,"11,444.00 ref, $349.04",6,misc,Level 1-100 Hat,981
72,Roboactive,Jumper's Jeepcap,11444,200 keys,"11,444.00 ref, $349.04",4,misc,Level 1-100 Hat,417
72,Roboactive,Towering Pillar of Hats,11444,200 keys,"11,444.00 ref, $349.04",4,misc,Level 1-100 Hat,135
72,Roboactive,Professional's Panama,11300.95,190–205 keys,"11,300.95 ref, $344.68",4,misc,Level 1-100 Hat,109
72,Roboactive,Flamboyant Flamenco,11272.34,174–220 keys,"11,272.34 ref, $343.81",1,misc,Level 10 Hat,627
72,Roboactive,Furious Fukaamigasa,11043.46,171–215 keys,"11,043.46 ref, $336.83",4,misc,Level 1-100 Hat,395
72,Roboactive,Firewall Helmet,10900.41,131–250 keys,"10,900.41 ref, $332.46",4,misc,Level 1-100 Helmet,30038
72,Roboactive,Timeless Topper,10871.8,151–229 keys,"10,871.80 ref, $331.59",3,misc,Level 1-100 Hat,30035
72,Roboactive,Western Wear,10585.7,185 keys,"10,585.70 ref, $322.86",3,misc,Level 1-100 Hat,379
72,Roboactive,Wraith Wrap,10585.7,185 keys,"10,585.70 ref, $322.86",5,misc,Level 1-100 Apparel,937
72,Roboactive,Cosa Nostra Cap,10299.6,180 keys,"10,299.60 ref, $314.14",3,misc,Level 1-100 Hat,459
72,Roboactive,Halogen Head Lamp,10299.6,175–185 keys,"10,299.60 ref, $314.14",4,misc,Level 1-100 Hat,30041
72,Roboactive,Hive Minder,10013.5,175 keys,"10,013.50 ref, $305.41",1,misc,Level 1-100 Hat,30093
72,Roboactive,Samur-Eye,9784.62,171 keys,"9,784.62 ref, $298.43",8,misc,Level 1-100 Helmet,359
72,Roboactive,Industrial Festivizer,9727.4,170 keys,"9,727.40 ref, $296.69",5,misc,Level 1-100 Hat,338
72,Roboactive,Smoking Skid Lid,9727.4,170 keys,"9,727.40 ref, $296.69",1,misc,Level 1-100 Hat,30399
72,Roboactive,Conquistador,9441.3,165 keys,"9,441.30 ref, $287.96",2,misc,Level 1-100 Helmet,721
72,Roboactive,Ol' Geezer,9441.3,165 keys,"9,441.30 ref, $287.96",3,misc,Level 1-100 Hat,399
72,Roboactive,Broadband Bonnet,9155.2,160 keys,"9,155.20 ref, $279.23",2,misc,Level 1-100 Hat,30029
72,Roboactive,Tough Guy's Toque,9155.2,160 keys,"9,155.20 ref, $279.23",6,misc,Level 1-100 Hat,97
72,Roboactive,Trash Man,9155.2,160 keys,"9,155.20 ref, $279.23",1,misc,Level 1-100 Hat,30346
72,Roboactive,Steel Shako,8983.54,157 keys,"8,983.54 ref, $274.00",5,misc,Level 1-100 Hat,30017
72,Roboactive,Professor's Peculiarity,8869.1,155 keys,"8,869.10 ref, $270.51",2,misc,Level 1-100 Hair,384
72,Roboactive,Pure Tin Capotain,8869.1,155 keys,"8,869.10 ref, $270.51",3,misc,Level 1-100 Hat,30021
72,Roboactive,Bombing Run,8583,150 keys,"8,583.00 ref, $261.78",1,misc,Level 1-100 Helmet,249
72,Roboactive,Doctor's Sack,8583,150 keys,"8,583.00 ref, $261.78",2,misc,Level 1-100 Hat,398
72,Roboactive,Handyman's Handle,8583,150 keys,"8,583.00 ref, $261.78",1,misc,Level 1-100 Hat,253
72,Roboactive,Safe'n'Sound,8583,150 keys,"8,583.00 ref, $261.78",2,misc,Level 1-100 Hat,178
72,Roboactive,Tippler's Tricorne,8583,150 keys,"8,583.00 ref, $261.78",4,misc,Level 1-100 Hat,179
72,Roboactive,Titanium Tyrolean,8583,150 keys,"8,583.00 ref, $261.78",1,misc,Level 1-100 Hat,30045
72,Roboactive,Crocleather Slouch,8525.78,135–163 keys,"8,525.78 ref, $260.04",5,misc,Level 1-100 Hat,344
72,Roboactive,FR-0,8439.95,120–175 keys,"8,439.95 ref, $257.42",2,misc,Level 1-100 Hat,30016
72,Roboactive,Bubble Pipe,8411.34,145–149 keys,"8,411.34 ref, $256.55",2,misc,Level 1-100 Helmet,597
72,Roboactive,Dead Cone,8296.9,145 keys,"8,296.90 ref, $253.06",5,misc,Level 1-100 Hat,435
72,Roboactive,Anger,8182.46,143 keys,"8,182.46 ref, $249.57",4,misc,Level 10 Hood,518
72,Roboactive,Ye Oiled Baker Boy,8182.46,143 keys,"8,182.46 ref, $249.57",2,misc,Level 1-100 Hat,30019
72,Roboactive,Katyusha,7724.7,135 keys,"7,724.70 ref, $235.60",3,misc,Level 1-100 Hat,30094
72,Roboactive,Waxy Wayfinder,7553.04,132 keys,"7,553.04 ref, $230.37",2,misc,Level 1-100 Hat,753
72,Roboactive,Platinum Pickelhaube,7438.6,130 keys,"7,438.60 ref, $226.88",3,misc,Level 1-100 Helmet,30042
72,Roboactive,Hetman's Headpiece,7152.5,125 keys,"7,152.50 ref, $218.15",2,misc,Level 1-100 Hat,436
72,Roboactive,Nanobalaclava,7152.5,125 keys,"7,152.50 ref, $218.15",2,misc,Level 10 Hat,521
72,Roboactive,Stately Steel Toe,7038.06,123 keys,"7,038.06 ref, $214.66",6,misc,Level 1-100 Hat,481
72,Roboactive,Das Naggenvatcher,6866.4,120 keys,"6,866.40 ref, $209.43",2,misc,Level 1-100 Hat,30109
72,Roboactive,Plug-In Prospector,6866.4,120 keys,"6,866.40 ref, $209.43",3,misc,Level 1-100 Hat,30031
72,Roboactive,Sammy Cap,6866.4,120 keys,"6,866.40 ref, $209.43",2,misc,Level 1-100 Hat,30374
72,Roboactive,Sultan's Ceremonial,6866.4,120 keys,"6,866.40 ref, $209.43",4,misc,Level 1-100 Hat,403
72,Roboactive,Desert Marauder,6751.96,118 keys,"6,751.96 ref, $205.93",2,misc,Level 1-100 Hat,400
72,Roboactive,Dread Knot,6580.3,115 keys,"6,580.30 ref, $200.70",3,misc,Level 1-100 Hair,358
72,Roboactive,Glengarry Bonnet,6580.3,115 keys,"6,580.30 ref, $200.70",2,misc,Level 1-100 Hat,100
72,Roboactive,Old Guadalajara,6580.3,115 keys,"6,580.30 ref, $200.70",1,misc,Level 1-100 Hat,247
72,Roboactive,Shooter's Tin Topi,6580.3,115 keys,"6,580.30 ref, $200.70",3,misc,Level 1-100 Hat,30005
72,Roboactive,Hustler's Hallmark,6523.08,114 keys,"6,523.08 ref, $198.95",1,misc,Level 1-100 Hat,146
72,Roboactive,Virtual Reality Headset,6408.64,112 keys,"6,408.64 ref, $195.46",8,misc,Level 10 Headset,628
72,Roboactive,Front Runner,6294.2,110 keys,"6,294.20 ref, $191.97",5,misc,Level 1-100 Hat,760
72,Roboactive,Hat of Cards,6294.2,110 keys,"6,294.20 ref, $191.97",4,misc,Level 1-100 Hat,825
72,Roboactive,Strontium Stove Pipe,6294.2,110 keys,"6,294.20 ref, $191.97",2,misc,Level 1-100 Hat,30037
72,Roboactive,Valley Forge,6294.2,100–120 keys,"6,294.20 ref, $191.97",1,misc,Level 1-100 Hat,30114
72,Roboactive,Bolted Birdcage,6236.98,109 keys,"6,236.98 ref, $190.23",3,misc,Level 1-100 Hat,30057
72,Roboactive,Coupe D'isaster,6008.1,105 keys,"6,008.10 ref, $183.25",7,misc,Level 1-100 Hair,330
72,Roboactive,Cyborg Stunt Helmet,6008.1,105 keys,"6,008.10 ref, $183.25",2,misc,Level 1-100 Helmet,30024
72,Roboactive,Data Mining Light,6008.1,105 keys,"6,008.10 ref, $183.25",1,misc,Level 1-100 Helmet,30051
72,Roboactive,Janissary Ketche,6008.1,105 keys,"6,008.10 ref, $183.25",2,misc,Level 1-100 Hat,437
72,Roboactive,Tsarboosh,5779.22,101 keys,"5,779.22 ref, $176.27",3,misc,Level 1-100 Hat,30081
72,Roboactive,Brim-Full of Bullets,5722,100 keys,"5,722.00 ref, $174.52",1,misc,Level 1-100 Hat,30173
72,Roboactive,Buckaroo's Hat,5722,100 keys,"5,722.00 ref, $174.52",5,misc,Level 1-100 Hat,322
72,Roboactive,Engineer's Cap,5722,100 keys,"5,722.00 ref, $174.52",3,misc,Level 1-100 Hat,95
72,Roboactive,Hotrod,5722,100 keys,"5,722.00 ref, $174.52",3,misc,Level 1-100 Mask,148
72,Roboactive,Scotch Bonnet,5722,100 keys,"5,722.00 ref, $174.52",1,misc,Level 1-100 Headgear,306
72,Roboactive,Stout Shako,5722,100 keys,"5,722.00 ref, $174.52",4,misc,Level 1-100 Hat,251
72,Roboactive,Virus Doctor,5722,100 keys,"5,722.00 ref, $174.52",1,misc,Level 1-100 Hat,30043
72,Roboactive,Chieftain's Challenge,5578.95,93–102 keys,"5,578.95 ref, $170.16",2,misc,Level 1-100 Hat,250
72,Roboactive,Gentleman's Ushanka,5550.34,97 keys,"5,550.34 ref, $169.29",2,misc,Level 1-100 Hat,778
72,Roboactive,Harmburg,5493.12,96 keys,"5,493.12 ref, $167.54",1,misc,Level 1-100 Hat,30123
72,Roboactive,Employee of the Mmmph,5435.9,95 keys,"5,435.90 ref, $165.79",1,misc,Level 1-100 Hat,30416
72,Roboactive,Caribbean Conqueror,5378.68,88–100 keys,"5,378.68 ref, $164.05",0,misc,Level 1-100 Hat,30116
72,Roboactive,Flipped Trilby,5149.8,90 keys,"5,149.80 ref, $157.07",3,misc,Level 1-100 Hat,324
72,Roboactive,Milkman,5149.8,90 keys,"5,149.80 ref, $157.07",2,misc,Level 1-100 Hat,219
72,Roboactive,Pyro's Boron Beanie,4978.14,87 keys,"4,978.14 ref, $151.83",3,misc,Level 1-100 Hat,30040
72,Roboactive,Bear Necessities,4863.7,85 keys,"4,863.70 ref, $148.34",1,misc,Level 1-100 Spirit Animal,30122
72,Roboactive,Heavy Duty Rag,4863.7,85 keys,"4,863.70 ref, $148.34",1,misc,Level 1-100 Bandana,185
72,Roboactive,Attendant,4720.65,65–100 keys,"4,720.65 ref, $143.98",3,misc,Level 1-100 Hat,213
72,Roboactive,Voodoo JuJu (Slight Return),4692.04,82 keys,"4,692.04 ref, $143.11",4,misc,Level 1-100 Hat,935
72,Roboactive,Base Metal Billycock,4634.82,81 keys,"4,634.82 ref, $141.36",4,misc,Level 1-100 Hat,30007
72,Roboactive,Burning Bandana,4577.6,80 keys,"4,577.60 ref, $139.62",1,misc,Level 1-100 Bandana,30091
72,Roboactive,Private Eye,4577.6,80 keys,"4,577.60 ref, $139.62",8,misc,Level 1-100 Hat,388
72,Roboactive,Towering Titanium Pillar of Hats,4520.38,79 keys,"4,520.38 ref, $137.87",4,misc,Level 1-100 Hat,30008
72,Roboactive,Electric Escorter,4348.72,76 keys,"4,348.72 ref, $132.64",5,misc,Level 1-100 Hat,30025
72,Roboactive,Pampered Pyro,4291.5,75 keys,"4,291.50 ref, $130.89",2,misc,Level 1-100 Towel,30139
72,Roboactive,Bloke's Bucket Hat,4204.5901639344,73.48 keys,"4,204.59 ref, 73.48 keys",2,misc,Level 1-100 Hat,181
72,Roboactive,Bunsen Brave,4005.4,70 keys,"4,005.40 ref, $122.16",5,misc,Level 1-100 Hat,30054
72,Roboactive,Otolaryngologist's Mirror,4005.4,70 keys,"4,005.40 ref, $122.16",4,misc,Level 1-100 Hat,104
72,Roboactive,Teutonic Toque,3948.18,69 keys,"3,948.18 ref, $120.42",1,misc,Level 1-100 Hat,30351
72,Roboactive,Full Metal Drill Hat,3890.96,68 keys,"3,890.96 ref, $118.67",3,misc,Level 1-100 Hat,30026
72,Roboactive,Magistrate's Mullet,3890.96,65–71 keys,"3,890.96 ref, $118.67",1,misc,Level 1-100 Hair,147
72,Roboactive,Cadaver's Cranium,3776.52,66 keys,"3,776.52 ref, $115.18",1,misc,Level 31 Hat,290
72,Roboactive,Geisha Boy,3404.59,51–68 keys,"3,404.59 ref, $103.84",2,misc,Level 1-100 Hair,363
72,Roboactive,Hard Counter,3375.98,59 keys,"3,375.98 ref, $102.97",0,misc,Level 1-100 Hat,254
72,Roboactive,Fruit Shoot,3290.15,50–65 keys,"3,290.15 ref, $100.35",5,misc,Level 1-100 Hat,759
72,Roboactive,Respectless Rubber Glove,3204.32,56 keys,"3,204.32 ref, $97.73",5,misc,Level 1-100 Hat,102
72,Roboactive,Brain Bucket,3175.71,52–59 keys,"3,175.71 ref, $96.86",3,misc,Level 1-100 Hat,434
72,Roboactive,Pom-Pommed Provocateur,3147.1,55 keys,"3,147.10 ref, $95.99",2,misc,Level 1-100 Mask,30072
72,Roboactive,Gym Rat,2918.22,51 keys,"2,918.22 ref, $89.01",4,misc,Level 10 Hair,613
72,Roboactive,Madame Dixie,2918.22,51 keys,"2,918.22 ref, $89.01",3,misc,Level 1-100 Hat,321
72,Roboactive,Rimmed Raincatcher,2918.22,48–54 keys,"2,918.22 ref, $89.01",3,misc,Level 1-100 Hat,216
72,Roboactive,Connoisseur's Cap,2861,50 keys,"2,861.00 ref, $87.26",2,misc,Level 1-100 Hat,394
72,Roboactive,Pugilist's Protector,2832.39,46–53 keys,"2,832.39 ref, $86.39",3,misc,Level 1-100 Headgear,246
72,Roboactive,Bonk Leadwear,2803.78,49 keys,"2,803.78 ref, $85.52",6,misc,Level 1-100 Helmet,30030
72,Roboactive,Respectless Robo-Glove,2803.78,49 keys,"2,803.78 ref, $85.52",3,misc,Level 1-100 Hat,30039
72,Roboactive,Carouser's Capotain,2746.56,48 keys,"2,746.56 ref, $83.77",5,misc,Level 1-100 Hat,259
72,Roboactive,Gentleman's Gatsby,2689.34,39–55 keys,"2,689.34 ref, $82.02",3,misc,Level 1-100 Hat,184
72,Roboactive,Outdoorsman,2574.9,45 keys,"2,574.90 ref, $78.53",2,misc,Level 10 Hat,603
72,Roboactive,Counterfeit Billycock,2517.68,37–51 keys,"2,517.68 ref, $76.79",3,misc,Level 10 Hat,602
72,Roboactive,Texas Tin-Gallon,2517.68,44 keys,"2,517.68 ref, $76.79",3,misc,Level 1-100 Hat,30044
72,Roboactive,Tungsten Toque,2517.68,40–48 keys,"2,517.68 ref, $76.79",6,misc,Level 1-100 Hat,30049
72,Roboactive,Scout Shako,2231.58,39 keys,"2,231.58 ref, $68.06",1,misc,Level 1-100 Hat,30326
72,Roboactive,Trencher's Topper,2231.58,39 keys,"2,231.58 ref, $68.06",2,misc,Level 1-100 Helmet,30336
72,Roboactive,Helmet without a Home,2117.14,37 keys,"2,117.14 ref, $64.57",3,misc,Level 1-100 Helmet,732
72,Roboactive,Bootleg Base Metal Billycock,2002.7,35 keys,"2,002.70 ref, $61.08",3,misc,Level 1-100 Hat,30047
72,Roboactive,Copper's Hard Top,2002.7,27–43 keys,"2,002.70 ref, $61.08",4,misc,Level 1-100 Helmet,478
72,Roboactive,Magnificent Mongolian,2002.7,35 keys,"2,002.70 ref, $61.08",4,misc,Level 1-100 Hat,313
72,Roboactive,Plumber's Pipe,2002.7,35 keys,"2,002.70 ref, $61.08",6,misc,Level 1-100 Hat,30022
72,Roboactive,Gridiron Guardian,1430.5,25 keys,"1,430.50 ref, $43.63",5,misc,Level 1-100 Helmet,30013
96,Voltaic Hat Protector,Corona Australis,160216,2800 keys,"160,216.00 ref, $4886.59",2,misc,Level 1-100 Cosmetic Augmentation,30648
96,Voltaic Hat Protector,Sucker Slug,57220,1000 keys,"57,220.00 ref, $1745.21",4,misc,Level 1-100 Hat,30653
96,Voltaic Hat Protector,Captain Space Mann,46920.4,760–880 keys,"46,920.40 ref, $1431.07",18,misc,Level 1-100 Helmet,30646
96,Voltaic Hat Protector,Phononaut,1888.26,33 keys,"1,888.26 ref, $57.59",92,misc,Level 1-100 Hat,30647
96,Voltaic Hat Protector,Universal Translator,1173.01,19–22 keys,"1,173.01 ref, $35.78",488,misc,Level 1-100 Hat,30658
96,Voltaic Hat Protector,A Head Full of Hot Air,486.37,8–9 keys,"486.37 ref, $14.83",176,misc,Level 1-100 Hat,30662
75,Chiroptera Venenata,Bonk Boy,354764,6200 keys,"354,764.00 ref, $10820.30",1,misc,Level 1-100 Mask,451
75,Chiroptera Venenata,War Pig,351903,6150 keys,"351,903.00 ref, $10733.04",2,misc,Level 1-100 Headgear,829
75,Chiroptera Venenata,Pyromancer's Mask,243185,3650–4850 keys,"243,185.00 ref, $7417.14",3,misc,Level 1-100 Mask,316
75,Chiroptera Venenata,Brainiac Hairpiece,194548,3400 keys,"194,548.00 ref, $5933.71",1,misc,Level 1-100 Facial Hair,590
75,Chiroptera Venenata,Cotton Head,185965,3250 keys,"185,965.00 ref, $5671.93",3,misc,Level 1-100 Hat,30175
75,Chiroptera Venenata,Well-Rounded Rifleman,171660,3000 keys,"171,660.00 ref, $5235.63",1,misc,Level 1-100 Hat,30067
75,Chiroptera Venenata,Tough Stuff Muffs,131606,2300 keys,"131,606.00 ref, $4013.98",1,misc,Level 1-100 Hat,984
75,Chiroptera Venenata,Brown Bomber,123023,2150 keys,"123,023.00 ref, $3752.20",1,misc,Level 1-100 Hat,671
75,Chiroptera Venenata,Flamboyant Flamenco,105857,1850 keys,"105,857.00 ref, $3228.64",3,misc,Level 10 Hat,627
75,Chiroptera Venenata,Conjurer's Cowl,95843.5,1675 keys,"95,843.50 ref, $2923.23",3,misc,Level 1-100 Hood,465
75,Chiroptera Venenata,Large Luchador,91552,1600 keys,"91,552.00 ref, $2792.34",3,misc,Level 1-100 Mask,380
75,Chiroptera Venenata,Killer's Kabuto,90836.75,1500–1675 keys,"90,836.75 ref, $2770.52",4,misc,Level 1-100 Helmet,152
75,Chiroptera Venenata,Rotation Sensation,85830,1500 keys,"85,830.00 ref, $2617.82",3,misc,Level 1-100 Hat,30623
75,Chiroptera Venenata,Company Man,80108,1400 keys,"80,108.00 ref, $2443.29",2,misc,Level 10 Hat,523
75,Chiroptera Venenata,Dragonborn Helmet,80108,1400 keys,"80,108.00 ref, $2443.29",1,misc,Level 10 Helmet,517
75,Chiroptera Venenata,Flipped Trilby,77247,1350 keys,"77,247.00 ref, $2356.03",1,misc,Level 1-100 Hat,324
75,Chiroptera Venenata,Chieftain's Challenge,71525,1250 keys,"71,525.00 ref, $2181.51",1,misc,Level 1-100 Hat,250
75,Chiroptera Venenata,Crone's Dome,71525,1250 keys,"71,525.00 ref, $2181.51",0,misc,Level 1-100 Hat,920
75,Chiroptera Venenata,Soldier's Slope Scopers,71525,1250 keys,"71,525.00 ref, $2181.51",3,misc,Level 1-100 Hat,980
75,Chiroptera Venenata,Charmer's Chapeau,68664,1200 keys,"68,664.00 ref, $2094.25",3,misc,Level 1-100 Hat,397
75,Chiroptera Venenata,Classy Capper,68664,1200 keys,"68,664.00 ref, $2094.25",4,misc,Level 1-100 Hat,30893
75,Chiroptera Venenata,Tyrant's Helm,68664,1200 keys,"68,664.00 ref, $2094.25",4,misc,Level 1-100 Helmet,99
75,Chiroptera Venenata,Furious Fukaamigasa,65803,1150 keys,"65,803.00 ref, $2006.99",3,misc,Level 1-100 Hat,395
75,Chiroptera Venenata,Troublemaker's Tossle Cap,65803,1150 keys,"65,803.00 ref, $2006.99",2,misc,Level 1-100 Hat,150
75,Chiroptera Venenata,Napper's Respite,62942,1100 keys,"62,942.00 ref, $1919.73",3,misc,Level 1-100 Hat,248
75,Chiroptera Venenata,Modest Pile of Hat,61797.6,1080 keys,"61,797.60 ref, $1884.83",2,misc,Level 1-100 Hat,139
75,Chiroptera Venenata,Your Worst Nightmare,60653.2,1060 keys,"60,653.20 ref, $1849.92",3,misc,Level 10 Hair,600
75,Chiroptera Venenata,Backbiter's Billycock,60081,1050 keys,"60,081.00 ref, $1832.47",1,misc,Level 1-100 Hat,108
75,Chiroptera Venenata,Front Runner,60081,1050 keys,"60,081.00 ref, $1832.47",2,misc,Level 1-100 Hat,760
75,Chiroptera Venenata,Master's Yellow Belt,57220,1000 keys,"57,220.00 ref, $1745.21",2,misc,Level 1-100 Hat,110
75,Chiroptera Venenata,Nasty Norsemann,57220,1000 keys,"57,220.00 ref, $1745.21",1,misc,Level 1-100 Helmet,30810
75,Chiroptera Venenata,Team Captain,57220,1000 keys,"57,220.00 ref, $1745.21",1,misc,Level 1-100 Hat,378
75,Chiroptera Venenata,Towering Titanium Pillar of Hats,57220,1000 keys,"57,220.00 ref, $1745.21",1,misc,Level 1-100 Hat,30008
75,Chiroptera Venenata,Milkman,54931.2,960 keys,"54,931.20 ref, $1675.40",1,misc,Level 1-100 Hat,219
75,Chiroptera Venenata,Texas Ten Gallon,51784.1,905 keys,"51,784.10 ref, $1579.42",2,misc,Level 1-100 Hat,94
75,Chiroptera Venenata,Honcho's Headgear,50811.36,888 keys,"50,811.36 ref, $1549.75",2,misc,Level 1-100 Hat,391
75,Chiroptera Venenata,Anger,49352.25,825–900 keys,"49,352.25 ref, $1505.24",2,misc,Level 10 Hood,518
75,Chiroptera Venenata,Familiar Fez,48637,850 keys,"48,637.00 ref, $1483.43",3,misc,Level 1-100 Hat,223
75,Chiroptera Venenata,Bone Dome,46348.2,810 keys,"46,348.20 ref, $1413.62",2,misc,Level 1-100 Helmet,30162
75,Chiroptera Venenata,Hunter in Darkness,45776,800 keys,"45,776.00 ref, $1396.17",0,misc,Level 1-100 Hat,30877
75,Chiroptera Venenata,Liquidator's Lid,44631.6,780 keys,"44,631.60 ref, $1361.26",5,misc,Level 1-100 Hat,779
75,Chiroptera Venenata,Data Mining Light,41141.18,719 keys,"41,141.18 ref, $1254.81",1,misc,Level 1-100 Helmet,30051
75,Chiroptera Venenata,Baron von Havenaplane,40054,700 keys,"40,054.00 ref, $1221.65",3,misc,Level 1-100 Hat,30136
75,Chiroptera Venenata,Powdered Practitioner,40054,700 keys,"40,054.00 ref, $1221.65",2,misc,Level 1-100 Hat,30069
75,Chiroptera Venenata,Pure Tin Capotain,40054,700 keys,"40,054.00 ref, $1221.65",1,misc,Level 1-100 Hat,30021
75,Chiroptera Venenata,Safe'n'Sound,40054,700 keys,"40,054.00 ref, $1221.65",2,misc,Level 1-100 Hat,178
75,Chiroptera Venenata,Copper's Hard Top,38623.5,675 keys,"38,623.50 ref, $1178.02",2,misc,Level 1-100 Helmet,478
75,Chiroptera Venenata,Grenadier's Softcap,38623.5,675 keys,"38,623.50 ref, $1178.02",2,misc,Level 1-100 Hat,227
75,Chiroptera Venenata,Harmburg,38623.5,675 keys,"38,623.50 ref, $1178.02",2,misc,Level 1-100 Hat,30123
75,Chiroptera Venenata,Smokey Sombrero,38051.3,665 keys,"38,051.30 ref, $1160.56",2,misc,Level 1-100 Hat,30682
75,Chiroptera Venenata,Bolted Bicorne,37965.47,550–777 keys,"37,965.47 ref, $1157.95",2,misc,Level 1-100 Hat,30034
75,Chiroptera Venenata,Détective Noir,37908.25,525–800 keys,"37,908.25 ref, $1156.20",1,misc,Level 1-100 Hat,319
75,Chiroptera Venenata,Hat with No Name,37193,650 keys,"37,193.00 ref, $1134.39",2,misc,Level 10 Hat,631
75,Chiroptera Venenata,Pirate Bandana,37193,650 keys,"37,193.00 ref, $1134.39",2,misc,Level 1-100 Hat,30180
75,Chiroptera Venenata,Reggaelator,37193,650 keys,"37,193.00 ref, $1134.39",1,misc,Level 1-100 Hat,390
75,Chiroptera Venenata,Head Warmer,36048.6,630 keys,"36,048.60 ref, $1099.48",1,misc,Level 1-100 Hat,644
75,Chiroptera Venenata,Triboniophorus Tyrannus,35762.5,625 keys,"35,762.50 ref, $1090.76",3,misc,Level 1-100 Mascot,151
75,Chiroptera Venenata,Slick Cut,35476.4,620 keys,"35,476.40 ref, $1082.03",4,misc,Level 1-100 Hair,30187
75,Chiroptera Venenata,Caribbean Conqueror,34332,600 keys,"34,332.00 ref, $1047.13",3,misc,Level 1-100 Hat,30116
75,Chiroptera Venenata,Frenchman's Beret,34332,600 keys,"34,332.00 ref, $1047.13",2,misc,Level 1-100 Hat,180
75,Chiroptera Venenata,Private Eye,33616.75,525–650 keys,"33,616.75 ref, $1025.31",3,misc,Level 1-100 Hat,388
75,Chiroptera Venenata,Gentleman's Ushanka,32901.5,575 keys,"32,901.50 ref, $1003.50",3,misc,Level 1-100 Hat,778
75,Chiroptera Venenata,Vintage Merryweather,32615.4,570 keys,"32,615.40 ref, $994.77",3,misc,Level 1-100 Helmet,182
75,Chiroptera Venenata,Virtual Reality Headset,32043.2,560 keys,"32,043.20 ref, $977.32",2,misc,Level 10 Headset,628
75,Chiroptera Venenata,Law,31471,500–600 keys,"31,471.00 ref, $959.87",1,misc,Level 1-100 Hat,30362
75,Chiroptera Venenata,Otolaryngologist's Mirror,31471,550 keys,"31,471.00 ref, $959.87",3,misc,Level 1-100 Hat,104
75,Chiroptera Venenata,Texas Tin-Gallon,31471,550 keys,"31,471.00 ref, $959.87",2,misc,Level 1-100 Hat,30044
75,Chiroptera Venenata,Greased Lightning,30040.5,525 keys,"30,040.50 ref, $916.24",1,misc,Level 1-100 Hair,30078
75,Chiroptera Venenata,Western Wear,29754.4,520 keys,"29,754.40 ref, $907.51",4,misc,Level 1-100 Hat,379
75,Chiroptera Venenata,Gentleman's Gatsby,29325.25,475–550 keys,"29,325.25 ref, $894.42",4,misc,Level 1-100 Hat,184
75,Chiroptera Venenata,Bolted Birdcage,29010.54,507 keys,"29,010.54 ref, $884.82",2,misc,Level 1-100 Hat,30057
75,Chiroptera Venenata,Bonk Helm,28610,500 keys,"28,610.00 ref, $872.61",2,misc,Level 1-100 Helmet,106
75,Chiroptera Venenata,Bonk Leadwear,28610,450–550 keys,"28,610.00 ref, $872.61",2,misc,Level 1-100 Helmet,30030
75,Chiroptera Venenata,Jumper's Jeepcap,28610,500 keys,"28,610.00 ref, $872.61",2,misc,Level 1-100 Hat,417
75,Chiroptera Venenata,Surgeon's Stahlhelm,28610,500 keys,"28,610.00 ref, $872.61",1,misc,Level 10 Helmet,616
75,Chiroptera Venenata,Tartan Spartan,28610,500 keys,"28,610.00 ref, $872.61",2,misc,Level 1-100 Helmet,30106
75,Chiroptera Venenata,Virus Doctor,28610,500 keys,"28,610.00 ref, $872.61",2,misc,Level 1-100 Hat,30043
75,Chiroptera Venenata,Hot Dogger,27465.6,395–565 keys,"27,465.60 ref, $837.70",3,misc,Level 10 Hat,614
75,Chiroptera Venenata,Physician's Protector,27408.38,479 keys,"27,408.38 ref, $835.96",2,misc,Level 1-100 Helmet,30625
75,Chiroptera Venenata,Bloke's Bucket Hat,27322.55,390–565 keys,"27,322.55 ref, $833.34",2,misc,Level 1-100 Hat,181
75,Chiroptera Venenata,Halogen Head Lamp,27179.5,475 keys,"27,179.50 ref, $828.97",1,misc,Level 1-100 Hat,30041
75,Chiroptera Venenata,Exquisite Rack,26664.52,466 keys,"26,664.52 ref, $813.27",1,misc,Level 1-100 Cosmetic Item,339
75,Chiroptera Venenata,Bunsen Brave,26321.2,460 keys,"26,321.20 ref, $802.80",4,misc,Level 1-100 Hat,30054
75,Chiroptera Venenata,Magnificent Mongolian,26321.2,460 keys,"26,321.20 ref, $802.80",3,misc,Level 1-100 Hat,313
75,Chiroptera Venenata,Scotch Bonnet,25749,450 keys,"25,749.00 ref, $785.34",2,misc,Level 1-100 Headgear,306
75,Chiroptera Venenata,Tam O' Shanter,24604.6,430 keys,"24,604.60 ref, $750.44",2,misc,Level 1-100 Hat,480
75,Chiroptera Venenata,Gridiron Guardian,24261.28,424 keys,"24,261.28 ref, $739.97",3,misc,Level 1-100 Helmet,30013
75,Chiroptera Venenata,Gym Rat,23746.3,415 keys,"23,746.30 ref, $724.26",4,misc,Level 10 Hair,613
75,Chiroptera Venenata,Conquistador,23174.1,370–440 keys,"23,174.10 ref, $706.81",2,misc,Level 1-100 Helmet,721
75,Chiroptera Venenata,Chill Chullo,22888,400 keys,"22,888.00 ref, $698.08",0,misc,Level 1-100 Hat,30748
75,Chiroptera Venenata,Stainless Pot,22888,400 keys,"22,888.00 ref, $698.08",1,misc,Level 1-100 Hat,98
75,Chiroptera Venenata,Commando Elite,22601.9,395 keys,"22,601.90 ref, $689.36",2,misc,Level 1-100 Helmet,30912
75,Chiroptera Venenata,Hound Dog,22029.7,385 keys,"22,029.70 ref, $671.91",1,misc,Level 1-100 Hair,145
75,Chiroptera Venenata,Strontium Stove Pipe,21743.6,355–405 keys,"21,743.60 ref, $663.18",5,misc,Level 1-100 Hat,30037
75,Chiroptera Venenata,Outdoorsman,21171.4,370 keys,"21,171.40 ref, $645.73",1,misc,Level 10 Hat,603
75,Chiroptera Venenata,Rimmed Raincatcher,21171.4,370 keys,"21,171.40 ref, $645.73",1,misc,Level 1-100 Hat,216
75,Chiroptera Venenata,Respectless Robo-Glove,20770.86,363 keys,"20,770.86 ref, $633.51",3,misc,Level 1-100 Hat,30039
75,Chiroptera Venenata,Big Chief,20599.2,320–400 keys,"20,599.20 ref, $628.28",2,misc,Level 1-100 Hat,309
75,Chiroptera Venenata,Base Metal Billycock,20027,350 keys,"20,027.00 ref, $610.82",2,misc,Level 1-100 Hat,30007
75,Chiroptera Venenata,Big Elfin Deal,20027,350 keys,"20,027.00 ref, $610.82",1,misc,Level 1-100 Hat,652
75,Chiroptera Venenata,Plug-In Prospector,20027,350 keys,"20,027.00 ref, $610.82",2,misc,Level 1-100 Hat,30031
75,Chiroptera Venenata,Galvanized Gibus,19454.8,340 keys,"19,454.80 ref, $593.37",2,misc,Level 1-100 Hat,30003
75,Chiroptera Venenata,Scotsman's Stove Pipe,19454.8,340 keys,"19,454.80 ref, $593.37",1,misc,Level 1-100 Hat,120
75,Chiroptera Venenata,Brain Bucket,19168.7,335 keys,"19,168.70 ref, $584.65",3,misc,Level 1-100 Hat,434
75,Chiroptera Venenata,Belgian Detective,18310.4,320 keys,"18,310.40 ref, $558.47",1,misc,Level 1-100 Hat,30128
75,Chiroptera Venenata,Respectless Rubber Glove,17938.47,268–359 keys,"17,938.47 ref, $547.12",3,misc,Level 1-100 Hat,102
75,Chiroptera Venenata,Cloud Crasher,17166,300 keys,"17,166.00 ref, $523.56",1,misc,Level 1-100 Helmet,30071
75,Chiroptera Venenata,Hard Counter,17166,300 keys,"17,166.00 ref, $523.56",2,misc,Level 1-100 Hat,254
75,Chiroptera Venenata,Prancer's Pride,17166,300 keys,"17,166.00 ref, $523.56",1,misc,Level 1-100 Hat,318
75,Chiroptera Venenata,Industrial Festivizer,16593.8,290 keys,"16,593.80 ref, $506.11",2,misc,Level 1-100 Hat,338
75,Chiroptera Venenata,El Jefe,16021.6,280 keys,"16,021.60 ref, $488.66",2,misc,Level 10 Hat,539
75,Chiroptera Venenata,Shellmet,15735.5,275 keys,"15,735.50 ref, $479.93",2,misc,Level 1-100 Helmet,30897
75,Chiroptera Venenata,Dark Falkirk Helm,14877.2,260 keys,"14,877.20 ref, $453.75",2,misc,Level 1-100 Helmet,30357
75,Chiroptera Venenata,Electric Escorter,14619.71,250–261 keys,"14,619.71 ref, $445.90",2,misc,Level 1-100 Hat,30025
75,Chiroptera Venenata,Bombing Run,14305,250 keys,"14,305.00 ref, $436.30",3,misc,Level 1-100 Helmet,249
75,Chiroptera Venenata,Bot Dogger,14305,250 keys,"14,305.00 ref, $436.30",3,misc,Level 1-100 Hat,30018
75,Chiroptera Venenata,Letch's LED,14305,170–330 keys,"14,305.00 ref, $436.30",3,misc,Level 1-100 Hat,30002
75,Chiroptera Venenata,Prince Tavish's Crown,14018.9,245 keys,"14,018.90 ref, $427.58",1,misc,Level 1-100 Hat,342
75,Chiroptera Venenata,Timeless Topper,13732.8,240 keys,"13,732.80 ref, $418.85",1,misc,Level 1-100 Hat,30035
75,Chiroptera Venenata,Doctor's Sack,13217.82,231 keys,"13,217.82 ref, $403.14",1,misc,Level 1-100 Hat,398
75,Chiroptera Venenata,Le Party Phantom,13160.6,230 keys,"13,160.60 ref, $401.40",1,misc,Level 1-100 Mask,337
75,Chiroptera Venenata,Deep Cover Operator,12874.5,225 keys,"12,874.50 ref, $392.67",1,misc,Level 1-100 Hat,30375
75,Chiroptera Venenata,Counterfeit Billycock,12588.4,220 keys,"12,588.40 ref, $383.95",2,misc,Level 10 Hat,602
75,Chiroptera Venenata,Ol' Snaggletooth,12588.4,220 keys,"12,588.40 ref, $383.95",1,misc,Level 1-100 Hat,229
75,Chiroptera Venenata,Bootleg Base Metal Billycock,12416.74,217 keys,"12,416.74 ref, $378.71",1,misc,Level 1-100 Hat,30047
75,Chiroptera Venenata,Vintage Tyrolean,11444,200 keys,"11,444.00 ref, $349.04",1,misc,Level 1-100 Hat,101
75,Chiroptera Venenata,Glasgow Great Helm,10814.58,189 keys,"10,814.58 ref, $329.84",4,misc,Level 1-100 Helmet,30082
75,Chiroptera Venenata,Das Gutenkutteharen,10070.72,176 keys,"10,070.72 ref, $307.16",1,misc,Level 1-100 Hair,30127
75,Chiroptera Venenata,Pom-Pommed Provocateur,9727.4,170 keys,"9,727.40 ref, $296.69",2,misc,Level 1-100 Mask,30072
75,Chiroptera Venenata,Firewall Helmet,8525.78,149 keys,"8,525.78 ref, $260.04",1,misc,Level 1-100 Helmet,30038
75,Chiroptera Venenata,Little Buddy,8296.9,140–150 keys,"8,296.90 ref, $253.06",3,misc,Level 10 Hat,612
75,Chiroptera Venenata,A Rather Festive Tree,7867.75,115–160 keys,"7,867.75 ref, $239.97",2,misc,Level 1-100 Hat,341
75,Chiroptera Venenata,Pithy Professional,7667.48,134 keys,"7,667.48 ref, $233.86",2,misc,Level 1-100 Hat,30915
75,Chiroptera Venenata,Soviet Gentleman,7009.45,90–155 keys,"7,009.45 ref, $213.79",1,misc,Level 1-100 Hat,821
75,Chiroptera Venenata,Hotrod,6866.4,120 keys,"6,866.40 ref, $209.43",2,misc,Level 1-100 Mask,148
75,Chiroptera Venenata,Old Guadalajara,6866.4,120 keys,"6,866.40 ref, $209.43",1,misc,Level 1-100 Hat,247
75,Chiroptera Venenata,Voodoo JuJu (Slight Return),6694.74,102–132 keys,"6,694.74 ref, $204.19",2,misc,Level 1-100 Hat,935
75,Chiroptera Venenata,L'homme Burglerre,6408.64,112 keys,"6,408.64 ref, $195.46",2,misc,Level 1-100 Hat,30182
75,Chiroptera Venenata,Big Country,6294.2,80–140 keys,"6,294.20 ref, $191.97",1,misc,Level 1-100 Hair,382
75,Chiroptera Venenata,Hat of Cards,6294.2,95–125 keys,"6,294.20 ref, $191.97",1,misc,Level 1-100 Hat,825
75,Chiroptera Venenata,Outta Sight,6151.15,105–110 keys,"6,151.15 ref, $187.61",1,misc,Level 1-100 Hat,30628
75,Chiroptera Venenata,Noble Nickel Amassment of Hats,5578.95,80–115 keys,"5,578.95 ref, $170.16",1,misc,Level 1-100 Hat,30006
75,Chiroptera Venenata,Bear Necessities,5321.46,93 keys,"5,321.46 ref, $162.30",1,misc,Level 1-100 Spirit Animal,30122
75,Chiroptera Venenata,Fat Man's Field Cap,5149.8,90 keys,"5,149.80 ref, $157.07",4,misc,Level 1-100 Hat,30911
75,Chiroptera Venenata,Titanium Tyrolean,4920.92,86 keys,"4,920.92 ref, $150.09",2,misc,Level 1-100 Hat,30045
75,Chiroptera Venenata,Capo's Capper,4863.7,85 keys,"4,863.70 ref, $148.34",2,misc,Level 1-100 Hat,427
75,Chiroptera Venenata,Runner's Warm-Up,4577.6,80 keys,"4,577.60 ref, $139.62",1,misc,Level 1-100 Hat,30332
75,Chiroptera Venenata,Geisha Boy,4548.99,75–84 keys,"4,548.99 ref, $138.74",2,misc,Level 1-100 Hair,363
75,Chiroptera Venenata,Professor's Peculiarity,4291.5,75 keys,"4,291.50 ref, $130.89",1,misc,Level 1-100 Hair,384
75,Chiroptera Venenata,Lord Cockswain's Pith Helmet,4005.4,70 keys,"4,005.40 ref, $122.16",2,misc,Level 1-100 Headgear,439
75,Chiroptera Venenata,Defiant Spartan,3976.79,65–74 keys,"3,976.79 ref, $121.29",2,misc,Level 1-100 Helmet,340
75,Chiroptera Venenata,Shooter's Tin Topi,3433.2,60 keys,"3,433.20 ref, $104.71",2,misc,Level 1-100 Hat,30005
75,Chiroptera Venenata,Tungsten Toque,3404.59,50–69 keys,"3,404.59 ref, $103.84",3,misc,Level 1-100 Hat,30049
75,Chiroptera Venenata,Armored Authority,3375.98,59 keys,"3,375.98 ref, $102.97",2,misc,Level 1-100 Helmet,445
75,Chiroptera Venenata,Hermes,3175.71,53–58 keys,"3,175.71 ref, $96.86",1,misc,Level 10 Hat,633
75,Chiroptera Venenata,Tough Guy's Toque,3147.1,50–60 keys,"3,147.10 ref, $95.99",3,misc,Level 1-100 Hat,97
75,Chiroptera Venenata,Dead Cone,2574.9,45 keys,"2,574.90 ref, $78.53",1,misc,Level 1-100 Hat,435
75,Chiroptera Venenata,Hetman's Headpiece,2460.46,43 keys,"2,460.46 ref, $75.04",2,misc,Level 1-100 Hat,436
75,Chiroptera Venenata,One-Man Army,2403.24,40–44 keys,"2,403.24 ref, $73.30",1,misc,Level 10 Hair,601
75,Chiroptera Venenata,Stately Steel Toe,2346.02,41 keys,"2,346.02 ref, $71.55",1,misc,Level 1-100 Hat,481
75,Chiroptera Venenata,Madame Dixie,2174.36,38 keys,"2,174.36 ref, $66.32",2,misc,Level 1-100 Hat,321
75,Chiroptera Venenata,Plumber's Pipe,2059.92,36 keys,"2,059.92 ref, $62.83",2,misc,Level 1-100 Hat,30022
75,Chiroptera Venenata,Dread Knot,1373.28,22–26 keys,"1,373.28 ref, $41.89",2,misc,Level 1-100 Hair,358
44,Misty Skull,Crone's Dome,190714.26,3333 keys,"190,714.26 ref, $5816.78",1,misc,Level 1-100 Hat,920
44,Misty Skull,Coffin Kit,177382,3100 keys,"177,382.00 ref, $5410.15",1,misc,Level 1-100 Backpack,938
44,Misty Skull,Exquisite Rack,171660,3000 keys,"171,660.00 ref, $5235.63",1,misc,Level 1-100 Cosmetic Item,339
44,Misty Skull,Soldier's Stash,125884,2200 keys,"125,884.00 ref, $3839.46",1,misc,Level 1-100 Cosmetic Item,54
44,Misty Skull,Nasty Norsemann,120162,2100 keys,"120,162.00 ref, $3664.94",3,misc,Level 1-100 Helmet,30810
44,Misty Skull,Master's Yellow Belt,98418.4,1640–1800 keys,"98,418.40 ref, $3001.76",7,misc,Level 1-100 Hat,110
44,Misty Skull,Grimm Hatte,88691,1550 keys,"88,691.00 ref, $2705.08",5,misc,Level 1-100 Hat,383
44,Misty Skull,Samur-Eye,82969,1450 keys,"82,969.00 ref, $2530.55",2,misc,Level 1-100 Helmet,359
44,Misty Skull,Merc's Mohawk,77247,1350 keys,"77,247.00 ref, $2356.03",1,misc,Level 1-100 Hair,30413
44,Misty Skull,Crown of the Old Kingdom,74386,1300 keys,"74,386.00 ref, $2268.77",1,misc,Level 1-100 Hat,30567
44,Misty Skull,Jungle Wreath,72955.5,1050–1500 keys,"72,955.50 ref, $2225.14",2,misc,Level 1-100 Hat,30882
44,Misty Skull,Killer Exclusive,71525,1250 keys,"71,525.00 ref, $2181.51",2,misc,Level 10 Hat,538
44,Misty Skull,Bonk Boy,68664,1200 keys,"68,664.00 ref, $2094.25",5,misc,Level 1-100 Mask,451
44,Misty Skull,Anger,62942,1100 keys,"62,942.00 ref, $1919.73",2,misc,Level 10 Hood,518
44,Misty Skull,Large Luchador,62255.36,1088 keys,"62,255.36 ref, $1898.79",1,misc,Level 1-100 Mask,380
44,Misty Skull,Duck Billed Hatypus,60081,1050 keys,"60,081.00 ref, $1832.47",1,misc,Level 1-100 Hat,30700
44,Misty Skull,Pyromancer's Mask,60081,1050 keys,"60,081.00 ref, $1832.47",5,misc,Level 1-100 Mask,316
44,Misty Skull,Polar Pullover,57220,1000 keys,"57,220.00 ref, $1745.21",1,misc,Level 1-100 Hat,30329
44,Misty Skull,Villain's Veil,57220,1000 keys,"57,220.00 ref, $1745.21",2,misc,Level 1-100 Bandana,393
44,Misty Skull,Le Party Phantom,55789.5,975 keys,"55,789.50 ref, $1701.58",2,misc,Level 1-100 Mask,337
44,Misty Skull,Company Man,54359,950 keys,"54,359.00 ref, $1657.95",5,misc,Level 10 Hat,523
44,Misty Skull,Demoman's Fro,54359,950 keys,"54,359.00 ref, $1657.95",1,misc,Level 1-100 Hair,47
44,Misty Skull,Pestering Jester,53786.8,940 keys,"53,786.80 ref, $1640.50",1,misc,Level 1-100 Hat,30811
44,Misty Skull,Charmer's Chapeau,52413.52,916 keys,"52,413.52 ref, $1598.61",3,misc,Level 1-100 Hat,397
44,Misty Skull,El Jefe,51498,900 keys,"51,498.00 ref, $1570.69",2,misc,Level 10 Hat,539
44,Misty Skull,Sergeant's Drill Hat,50067.5,875 keys,"50,067.50 ref, $1527.06",4,misc,Level 1-100 Hat,183
44,Misty Skull,Team Captain,47861.31147541,787.24–885.65 keys,"47,861.31 ref, 836.44 keys",1,misc,Level 1-100 Hat,378
44,Misty Skull,Flipped Trilby,46348.2,810 keys,"46,348.20 ref, $1413.62",5,misc,Level 1-100 Hat,324
44,Misty Skull,Nuke,45203.8,790 keys,"45,203.80 ref, $1378.72",4,misc,Level 1-100 Hair,30885
44,Misty Skull,Executioner,42915,750 keys,"42,915.00 ref, $1308.91",4,misc,Level 1-100 Hat,921
44,Misty Skull,Desert Marauder,41484.5,725 keys,"41,484.50 ref, $1265.28",3,misc,Level 1-100 Hat,400
44,Misty Skull,Shellmet,40054,700 keys,"40,054.00 ref, $1221.65",0,misc,Level 1-100 Helmet,30897
44,Misty Skull,Scotsman's Stove Pipe,39481.8,690 keys,"39,481.80 ref, $1204.19",3,misc,Level 1-100 Hat,120
44,Misty Skull,Law,39367.36,688 keys,"39,367.36 ref, $1200.70",1,misc,Level 1-100 Hat,30362
44,Misty Skull,Brown Bomber,37479.1,655 keys,"37,479.10 ref, $1143.11",2,misc,Level 1-100 Hat,671
44,Misty Skull,Backbiter's Billycock,37193,650 keys,"37,193.00 ref, $1134.39",4,misc,Level 1-100 Hat,108
44,Misty Skull,Blast Defense,37193,650 keys,"37,193.00 ref, $1134.39",0,misc,Level 1-100 Headgear,30863
44,Misty Skull,Reggaelator,37193,650 keys,"37,193.00 ref, $1134.39",1,misc,Level 1-100 Hat,390
44,Misty Skull,Surgeon's Stahlhelm,36906.9,590–700 keys,"36,906.90 ref, $1125.66",2,misc,Level 10 Helmet,616
44,Misty Skull,Whoopee Cap,35476.4,620 keys,"35,476.40 ref, $1082.03",4,misc,Level 1-100 Hat,174
44,Misty Skull,Armored Authority,34904.2,610 keys,"34,904.20 ref, $1064.58",6,misc,Level 1-100 Helmet,445
44,Misty Skull,Tam O' Shanter,34904.2,610 keys,"34,904.20 ref, $1064.58",6,misc,Level 1-100 Hat,480
44,Misty Skull,Tyrant's Helm,34618.1,605 keys,"34,618.10 ref, $1055.85",2,misc,Level 1-100 Helmet,99
44,Misty Skull,Backwards Ballcap,34332,600 keys,"34,332.00 ref, $1047.13",4,misc,Level 10 Hat,617
44,Misty Skull,Cosa Nostra Cap,34332,600 keys,"34,332.00 ref, $1047.13",4,misc,Level 1-100 Hat,459
44,Misty Skull,Dr's Dapper Topper,34332,600 keys,"34,332.00 ref, $1047.13",2,misc,Level 1-100 Hat,252
44,Misty Skull,Your Worst Nightmare,34332,600 keys,"34,332.00 ref, $1047.13",4,misc,Level 10 Hair,600
44,Misty Skull,Gentleman's Gatsby,33187.6,555–605 keys,"33,187.60 ref, $1012.22",4,misc,Level 1-100 Hat,184
44,Misty Skull,Private Eye,31614.05,435–670 keys,"31,614.05 ref, $964.23",2,misc,Level 1-100 Hat,388
44,Misty Skull,A Rather Festive Tree,31471,550 keys,"31,471.00 ref, $959.87",2,misc,Level 1-100 Hat,341
44,Misty Skull,Brain Bucket,30040.5,525 keys,"30,040.50 ref, $916.24",1,misc,Level 1-100 Hat,434
44,Misty Skull,Noble Amassment of Hats,30040.5,525 keys,"30,040.50 ref, $916.24",2,misc,Level 1-100 Hat,137
44,Misty Skull,Swagman's Swatter,29754.4,520 keys,"29,754.40 ref, $907.51",4,misc,Level 10 Hat,626
44,Misty Skull,Texas Ten Gallon,29067.76,482–534 keys,"29,067.76 ref, $886.57",3,misc,Level 1-100 Hat,94
44,Misty Skull,Dragonborn Helmet,28610,500 keys,"28,610.00 ref, $872.61",3,misc,Level 10 Helmet,517
44,Misty Skull,Liquidator's Lid,28610,500 keys,"28,610.00 ref, $872.61",5,misc,Level 1-100 Hat,779
44,Misty Skull,Ze Goggles,28610,500 keys,"28,610.00 ref, $872.61",3,misc,Level 1-100 Glasses,177
44,Misty Skull,Bonk Helm,27751.7,485 keys,"27,751.70 ref, $846.43",2,misc,Level 1-100 Helmet,106
44,Misty Skull,Pyro's Beanie,27465.6,480 keys,"27,465.60 ref, $837.70",2,misc,Level 1-100 Hat,51
44,Misty Skull,Furious Fukaamigasa,27179.5,450–500 keys,"27,179.50 ref, $828.97",1,misc,Level 1-100 Hat,395
44,Misty Skull,Human Cannonball,26607.3,380–550 keys,"26,607.30 ref, $811.52",5,misc,Level 1-100 Helmet,817
44,Misty Skull,Burning Bandana,25749,450 keys,"25,749.00 ref, $785.34",2,misc,Level 1-100 Bandana,30091
44,Misty Skull,Larrikin Robin,25749,450 keys,"25,749.00 ref, $785.34",1,misc,Level 1-100 Hat,314
44,Misty Skull,Professor's Peculiarity,25749,450 keys,"25,749.00 ref, $785.34",1,misc,Level 1-100 Hair,384
44,Misty Skull,Virtual Reality Headset,25176.8,440 keys,"25,176.80 ref, $767.89",6,misc,Level 10 Headset,628
44,Misty Skull,Gym Rat,24890.7,435 keys,"24,890.70 ref, $759.17",3,misc,Level 10 Hair,613
44,Misty Skull,Lord Cockswain's Pith Helmet,24032.4,420 keys,"24,032.40 ref, $732.99",2,misc,Level 1-100 Headgear,439
44,Misty Skull,Strontium Stove Pipe,23917.96,418 keys,"23,917.96 ref, $729.50",1,misc,Level 1-100 Hat,30037
44,Misty Skull,Blighted Beak,23689.08,414 keys,"23,689.08 ref, $722.52",5,misc,Level 1-100 Mask,315
44,Misty Skull,Otolaryngologist's Mirror,23460.2,410 keys,"23,460.20 ref, $715.54",2,misc,Level 1-100 Hat,104
44,Misty Skull,Stainless Pot,23460.2,410 keys,"23,460.20 ref, $715.54",3,misc,Level 1-100 Hat,98
44,Misty Skull,Fancy Fedora,22888,400 keys,"22,888.00 ref, $698.08",2,misc,Level 1-100 Hat,55
44,Misty Skull,Jumper's Jeepcap,22888,400 keys,"22,888.00 ref, $698.08",3,misc,Level 1-100 Hat,417
44,Misty Skull,Lucky Shot,22888,400 keys,"22,888.00 ref, $698.08",1,misc,Level 1-100 Helmet,701
44,Misty Skull,Prancer's Pride,22888,400 keys,"22,888.00 ref, $698.08",4,misc,Level 1-100 Hat,318
44,Misty Skull,Scotch Bonnet,22888,400 keys,"22,888.00 ref, $698.08",2,misc,Level 1-100 Headgear,306
44,Misty Skull,Brainiac Hairpiece,22744.95,345–450 keys,"22,744.95 ref, $693.72",1,misc,Level 1-100 Facial Hair,590
44,Misty Skull,Wraith Wrap,22458.032786885,375.62–409.35 keys,"22,458.03 ref, 392.49 keys",1,misc,Level 1-100 Apparel,937
44,Misty Skull,Bolted Birdcage,22315.8,390 keys,"22,315.80 ref, $680.63",2,misc,Level 1-100 Hat,30057
44,Misty Skull,Hound Dog,22315.8,390 keys,"22,315.80 ref, $680.63",5,misc,Level 1-100 Hair,145
44,Misty Skull,Elf Esteem,21743.6,380 keys,"21,743.60 ref, $663.18",0,misc,Level 1-100 Hat,30836
44,Misty Skull,Buccaneer's Bicorne,21171.4,370 keys,"21,171.40 ref, $645.73",3,misc,Level 10 Hat,607
44,Misty Skull,Grenadier's Softcap,21171.4,370 keys,"21,171.40 ref, $645.73",3,misc,Level 1-100 Hat,227
44,Misty Skull,Big Chief,20599.2,360 keys,"20,599.20 ref, $628.28",4,misc,Level 1-100 Hat,309
44,Misty Skull,Horrific Headsplitter,20599.2,360 keys,"20,599.20 ref, $628.28",1,misc,Level 31 Hat,291
44,Misty Skull,Tavish DeGroot Experience,20599.2,360 keys,"20,599.20 ref, $628.28",6,misc,Level 10 Hat,604
44,Misty Skull,Troublemaker's Tossle Cap,20599.2,330–390 keys,"20,599.20 ref, $628.28",5,misc,Level 1-100 Hat,150
44,Misty Skull,Football Helmet,20313.1,350–360 keys,"20,313.10 ref, $619.55",6,misc,Level 1-100 Helmet,49
44,Misty Skull,Cyborg Stunt Helmet,20027,350 keys,"20,027.00 ref, $610.82",1,misc,Level 1-100 Helmet,30024
44,Misty Skull,Das Übersternmann,20027,350 keys,"20,027.00 ref, $610.82",0,misc,Level 1-100 Hat,30097
44,Misty Skull,Stormin' Norman,20027,350 keys,"20,027.00 ref, $610.82",1,misc,Level 1-100 Helmet,30112
44,Misty Skull,Sultan's Ceremonial,19740.9,345 keys,"19,740.90 ref, $602.10",4,misc,Level 1-100 Hat,403
44,Misty Skull,One-Man Army,19454.8,340 keys,"19,454.80 ref, $593.37",5,misc,Level 10 Hair,601
44,Misty Skull,Tartan Tyrolean,19025.65,300–365 keys,"19,025.65 ref, $580.28",0,misc,Level 1-100 Hat,30334
44,Misty Skull,Birdcage,18882.6,330 keys,"18,882.60 ref, $575.92",6,misc,Level 10 Hat,615
44,Misty Skull,Gentleman's Ushanka,18882.6,330 keys,"18,882.60 ref, $575.92",1,misc,Level 1-100 Hat,778
44,Misty Skull,Medic's Mountain Cap,18310.4,290–350 keys,"18,310.40 ref, $558.47",7,misc,Level 1-100 Hat,381
44,Misty Skull,Trophy Belt,18310.4,320 keys,"18,310.40 ref, $558.47",1,misc,Level 1-100 Hat,53
44,Misty Skull,Détective Noir,18024.3,315 keys,"18,024.30 ref, $549.74",3,misc,Level 1-100 Hat,319
44,Misty Skull,Stout Shako,17566.54,307 keys,"17,566.54 ref, $535.78",5,misc,Level 1-100 Hat,251
44,Misty Skull,Janissary Ketche,17452.1,305 keys,"17,452.10 ref, $532.29",3,misc,Level 1-100 Hat,437
44,Misty Skull,B'aaarrgh-n-Bicorne,17166,300 keys,"17,166.00 ref, $523.56",1,misc,Level 1-100 Hat,30718
44,Misty Skull,Berliner's Bucket Helm,17166,300 keys,"17,166.00 ref, $523.56",1,misc,Level 1-100 Helmet,303
44,Misty Skull,Bubble Pipe,17166,300 keys,"17,166.00 ref, $523.56",2,misc,Level 1-100 Helmet,597
44,Misty Skull,Firewall Helmet,17166,300 keys,"17,166.00 ref, $523.56",1,misc,Level 1-100 Helmet,30038
44,Misty Skull,Gilded Guard,17166,300 keys,"17,166.00 ref, $523.56",1,misc,Level 1-100 Helmet,1093
44,Misty Skull,Stately Steel Toe,17166,300 keys,"17,166.00 ref, $523.56",3,misc,Level 1-100 Hat,481
44,Misty Skull,Waxy Wayfinder,17166,300 keys,"17,166.00 ref, $523.56",1,misc,Level 1-100 Hat,753
44,Misty Skull,Wet Works,17166,300 keys,"17,166.00 ref, $523.56",1,misc,Level 1-100 Hat,30135
44,Misty Skull,Handyman's Handle,16879.9,295 keys,"16,879.90 ref, $514.84",4,misc,Level 1-100 Hat,253
44,Misty Skull,Hermes,16593.8,290 keys,"16,593.80 ref, $506.11",3,misc,Level 10 Hat,633
44,Misty Skull,Dread Hiding Hood,16021.6,280 keys,"16,021.60 ref, $488.66",1,misc,Level 1-100 Hood,1095
44,Misty Skull,Frenchman's Beret,16021.6,280 keys,"16,021.60 ref, $488.66",2,misc,Level 1-100 Hat,180
44,Misty Skull,Old Guadalajara,16021.6,280 keys,"16,021.60 ref, $488.66",4,misc,Level 1-100 Hat,247
44,Misty Skull,Woolen Warmer,15792.72,276 keys,"15,792.72 ref, $481.68",0,misc,Level 1-100 Hat,30833
44,Misty Skull,Killer's Kabuto,15735.5,275 keys,"15,735.50 ref, $479.93",1,misc,Level 1-100 Helmet,152
44,Misty Skull,Pampered Pyro,15449.4,270 keys,"15,449.40 ref, $471.21",1,misc,Level 1-100 Towel,30139
44,Misty Skull,Hard Counter,15334.96,268 keys,"15,334.96 ref, $467.72",3,misc,Level 1-100 Hat,254
44,Misty Skull,Brain-Warming Wear,15163.3,265 keys,"15,163.30 ref, $462.48",0,misc,Level 1-100 Hat,30827
44,Misty Skull,Attendant,14305,250 keys,"14,305.00 ref, $436.30",6,misc,Level 1-100 Hat,213
44,Misty Skull,Western Wear,13732.8,240 keys,"13,732.80 ref, $418.85",3,misc,Level 1-100 Hat,379
44,Misty Skull,Tough Guy's Toque,13589.75,225–250 keys,"13,589.75 ref, $414.49",6,misc,Level 1-100 Hat,97
44,Misty Skull,Defiant Spartan,13446.7,235 keys,"13,446.70 ref, $410.12",2,misc,Level 1-100 Helmet,340
44,Misty Skull,Engineer's Cap,13446.7,235 keys,"13,446.70 ref, $410.12",1,misc,Level 1-100 Hat,95
44,Misty Skull,Fed-Fightin' Fedora,13217.82,170–292 keys,"13,217.82 ref, $403.14",2,misc,Level 1-100 Hat,780
44,Misty Skull,Dread Knot,13160.6,215–245 keys,"13,160.60 ref, $401.40",3,misc,Level 1-100 Hair,358
44,Misty Skull,Magnificent Mongolian,12874.5,225 keys,"12,874.50 ref, $392.67",2,misc,Level 1-100 Hat,313
44,Misty Skull,Warhood,12588.4,195–245 keys,"12,588.40 ref, $383.95",0,misc,Level 1-100 Hood,30866
44,Misty Skull,Pencil Pusher,12302.3,215 keys,"12,302.30 ref, $375.22",2,misc,Level 10 Hair,605
44,Misty Skull,Doctor's Sack,12245.08,214 keys,"12,245.08 ref, $373.47",2,misc,Level 1-100 Hat,398
44,Misty Skull,Hetman's Headpiece,12016.2,210 keys,"12,016.20 ref, $366.49",2,misc,Level 1-100 Hat,436
44,Misty Skull,Brigade Helm,11630.655737705,180.68–225.85 keys,"11,630.66 ref, 203.26 keys",1,misc,Level 1-100 Helmet,105
44,Misty Skull,Big Elfin Deal,11444,200 keys,"11,444.00 ref, $349.04",3,misc,Level 1-100 Hat,652
44,Misty Skull,Mining Light,11444,200 keys,"11,444.00 ref, $349.04",1,misc,Level 1-100 Cosmetic Item,48
44,Misty Skull,Respectless Rubber Glove,11444,200 keys,"11,444.00 ref, $349.04",2,misc,Level 1-100 Hat,102
44,Misty Skull,Fruit Shoot,10871.8,190 keys,"10,871.80 ref, $331.59",2,misc,Level 1-100 Hat,759
44,Misty Skull,L'Inspecteur,10871.8,190 keys,"10,871.80 ref, $331.59",5,misc,Level 10 Hat,622
44,Misty Skull,Aztec Aggressor,10356.82,181 keys,"10,356.82 ref, $315.88",1,misc,Level 1-100 Headgear,30914
44,Misty Skull,Towering Titanium Pillar of Hats,10299.6,180 keys,"10,299.60 ref, $314.14",1,misc,Level 1-100 Hat,30008
44,Misty Skull,Allbrero,10013.5,175 keys,"10,013.50 ref, $305.41",1,misc,Level 1-100 Hat,30429
44,Misty Skull,Bloke's Bucket Hat,10013.5,175 keys,"10,013.50 ref, $305.41",3,misc,Level 1-100 Hat,181
44,Misty Skull,Head Warmer,9298.25,160–165 keys,"9,298.25 ref, $283.60",1,misc,Level 1-100 Hat,644
44,Misty Skull,Safe'n'Sound,9269.64,162 keys,"9,269.64 ref, $282.72",4,misc,Level 1-100 Hat,178
44,Misty Skull,Combustible Kabuto,9155.2,160 keys,"9,155.20 ref, $279.23",1,misc,Level 1-100 Hat,30418
44,Misty Skull,Towering Pillar of Hats,9155.2,160 keys,"9,155.20 ref, $279.23",2,misc,Level 1-100 Hat,135
44,Misty Skull,Honcho's Headgear,9040.76,158 keys,"9,040.76 ref, $275.74",5,misc,Level 1-100 Hat,391
44,Misty Skull,Officer's Ushanka,8583,150 keys,"8,583.00 ref, $261.78",1,misc,Level 1-100 Hat,96
44,Misty Skull,Nanobalaclava,8296.9,145 keys,"8,296.90 ref, $253.06",3,misc,Level 10 Hat,521
44,Misty Skull,Glengarry Bonnet,8010.4918032787,129.23–150.76 keys,"8,010.49 ref, 139.99 keys",0,misc,Level 1-100 Hat,100
44,Misty Skull,Batter's Helmet,7531.9672131148,123.27–139.99 keys,"7,531.97 ref, 131.63 keys",2,misc,Level 1-100 Helmet,52
44,Misty Skull,Hottie's Hoodie,7467.21,111–150 keys,"7,467.21 ref, $227.75",2,misc,Level 1-100 Hood,377
44,Misty Skull,Big Country,7292.6229508197,116.83–138.07 keys,"7,292.62 ref, 127.45 keys",1,misc,Level 1-100 Hair,382
44,Misty Skull,Vintage Merryweather,7186.8852459016,120.95–130.25 keys,"7,186.89 ref, 125.60 keys",2,misc,Level 1-100 Helmet,182
44,Misty Skull,Napper's Respite,7152.5,125 keys,"7,152.50 ref, $218.15",3,misc,Level 1-100 Hat,248
44,Misty Skull,Heavy Duty Rag,7007.868852459,122.47 keys,"7,007.87 ref, 122.47 keys",2,misc,Level 1-100 Bandana,185
44,Misty Skull,Wing Mann,6980.84,122 keys,"6,980.84 ref, $212.92",1,misc,Level 1-100 Hat,30809
44,Misty Skull,Modest Metal Pile of Scrap,6866.4,120 keys,"6,866.40 ref, $209.43",1,misc,Level 1-100 Hat,30001
44,Misty Skull,Capo's Capper,6580.3,115 keys,"6,580.30 ref, $200.70",3,misc,Level 1-100 Hat,427
44,Misty Skull,Fortunate Son,6580.3,115 keys,"6,580.30 ref, $200.70",1,misc,Level 1-100 Helmet,30636
44,Misty Skull,Battle Boonie,6437.25,90–135 keys,"6,437.25 ref, $196.34",1,misc,Level 1-100 Hat,30907
44,Misty Skull,Caribbean Conqueror,6294.2,110 keys,"6,294.20 ref, $191.97",2,misc,Level 1-100 Hat,30116
44,Misty Skull,Hustler's Hallmark,6294.2,110 keys,"6,294.20 ref, $191.97",2,misc,Level 1-100 Hat,146
44,Misty Skull,Powdered Practitioner,6294.2,110 keys,"6,294.20 ref, $191.97",1,misc,Level 1-100 Hat,30069
44,Misty Skull,Connoisseur's Cap,5950.88,89–119 keys,"5,950.88 ref, $181.50",3,misc,Level 1-100 Hat,394
44,Misty Skull,Chieftain's Challenge,5722,100 keys,"5,722.00 ref, $174.52",1,misc,Level 1-100 Hat,250
44,Misty Skull,Sober Stuntman,5722,100 keys,"5,722.00 ref, $174.52",2,misc,Level 1-100 Helmet,255
44,Misty Skull,Classy Capper,5550.34,77–117 keys,"5,550.34 ref, $169.29",0,misc,Level 1-100 Hat,30893
44,Misty Skull,Hot Dogger,5550.34,97 keys,"5,550.34 ref, $169.29",4,misc,Level 10 Hat,614
44,Misty Skull,Front Runner,5493.12,92–100 keys,"5,493.12 ref, $167.54",1,misc,Level 1-100 Hat,760
44,Misty Skull,Professional's Panama,5435.9,95 keys,"5,435.90 ref, $165.79",5,misc,Level 1-100 Hat,109
44,Misty Skull,Geisha Boy,5310.1639344262,92.8 keys,"5,310.16 ref, 92.80 keys",1,misc,Level 1-100 Hair,363
44,Misty Skull,Vintage Tyrolean,5149.8,90 keys,"5,149.80 ref, $157.07",2,misc,Level 1-100 Hat,101
44,Misty Skull,Virus Doctor,5149.8,90 keys,"5,149.80 ref, $157.07",1,misc,Level 1-100 Hat,30043
44,Misty Skull,Crocleather Slouch,4577.6,80 keys,"4,577.60 ref, $139.62",1,misc,Level 1-100 Hat,344
44,Misty Skull,Fat Man's Field Cap,4577.6,80 keys,"4,577.60 ref, $139.62",2,misc,Level 1-100 Hat,30911
44,Misty Skull,Industrial Festivizer,4348.72,76 keys,"4,348.72 ref, $132.64",2,misc,Level 1-100 Hat,338
44,Misty Skull,Timeless Topper,4291.5,75 keys,"4,291.50 ref, $130.89",1,misc,Level 1-100 Hat,30035
44,Misty Skull,Pugilist's Protector,4163.7704918033,59–86.53 keys,"4,163.77 ref, 72.77 keys",1,misc,Level 1-100 Headgear,246
44,Misty Skull,Bombing Run,4005.4,70 keys,"4,005.40 ref, $122.16",2,misc,Level 1-100 Helmet,249
44,Misty Skull,Bunsen Brave,4005.4,70 keys,"4,005.40 ref, $122.16",1,misc,Level 1-100 Hat,30054
44,Misty Skull,Prussian Pickelhaube,4005.4,70 keys,"4,005.40 ref, $122.16",2,misc,Level 1-100 Helmet,50
44,Misty Skull,Outdoorsman,3948.18,69 keys,"3,948.18 ref, $120.42",2,misc,Level 10 Hat,603
44,Misty Skull,Helmet without a Home,3890.96,68 keys,"3,890.96 ref, $118.67",2,misc,Level 1-100 Helmet,732
44,Misty Skull,Tippler's Tricorne,3719.3,65 keys,"3,719.30 ref, $113.44",3,misc,Level 1-100 Hat,179
44,Misty Skull,Shooter's Sola Topi,3659.0163934426,59.68–68.21 keys,"3,659.02 ref, 63.95 keys",2,misc,Level 1-100 Helmet,158
44,Misty Skull,Counterfeit Billycock,3604.86,56–70 keys,"3,604.86 ref, $109.95",3,misc,Level 10 Hat,602
44,Misty Skull,Little Buddy,3586.5573770492,52.23–73.13 keys,"3,586.56 ref, 62.68 keys",1,misc,Level 10 Hat,612
44,Misty Skull,German Gonzila,3318.76,52–64 keys,"3,318.76 ref, $101.22",2,misc,Level 1-100 Hat,323
44,Misty Skull,Familiar Fez,3061.27,48–59 keys,"3,061.27 ref, $93.37",3,misc,Level 1-100 Hat,223
44,Misty Skull,Pardner's Pompadour,3032.66,53 keys,"3,032.66 ref, $92.50",1,misc,Level 1-100 Hair,30099
44,Misty Skull,Hotrod,2918.22,51 keys,"2,918.22 ref, $89.01",1,misc,Level 1-100 Mask,148
44,Misty Skull,Rimmed Raincatcher,2861,50 keys,"2,861.00 ref, $87.26",2,misc,Level 1-100 Hat,216
44,Misty Skull,Copper's Hard Top,2603.51,41–50 keys,"2,603.51 ref, $79.41",1,misc,Level 1-100 Helmet,478
44,Misty Skull,Conquistador,2288.8,40 keys,"2,288.80 ref, $69.81",3,misc,Level 1-100 Helmet,721
44,Misty Skull,Carouser's Capotain,2117.14,35–39 keys,"2,117.14 ref, $64.57",4,misc,Level 1-100 Hat,259
44,Misty Skull,Dead Cone,2117.14,36–38 keys,"2,117.14 ref, $64.57",2,misc,Level 1-100 Hat,435
44,Misty Skull,Buckaroo's Hat,1716.6,30 keys,"1,716.60 ref, $52.36",3,misc,Level 1-100 Hat,322
44,Misty Skull,Prehistoric Pullover,0,,,1,misc,Level 1-100 Hood,30704
116,The Dark Doorway,Blast Defense,220297,3850 keys,"220,297.00 ref, $6719.06",0,misc,Level 1-100 Headgear,30863
116,The Dark Doorway,Lucky Cat Hat,160216,2800 keys,"160,216.00 ref, $4886.59",6,misc,Level 1-100 Hat,30998
116,The Dark Doorway,Head Prize,137328,2400 keys,"137,328.00 ref, $4188.50",2,misc,Level 1-100 Hat,30838
116,The Dark Doorway,Rotation Sensation,107688.04,1882 keys,"107,688.04 ref, $3284.49",0,misc,Level 1-100 Hat,30623
116,The Dark Doorway,Aztec Warrior,105857,1850 keys,"105,857.00 ref, $3228.64",1,misc,Level 1-100 Headgear,30879
116,The Dark Doorway,Caribou Companion,85830,1500 keys,"85,830.00 ref, $2617.82",0,misc,Level 1-100 Hat,30974
116,The Dark Doorway,Patriot Peak,82969,1450 keys,"82,969.00 ref, $2530.55",10,misc,Level 1-100 Hat,30743
116,The Dark Doorway,Starboard Crusader,76388.7,1335 keys,"76,388.70 ref, $2329.86",1,misc,Level 1-100 Hat,30981
116,The Dark Doorway,Tundra Top,74386,1300 keys,"74,386.00 ref, $2268.77",6,misc,Level 1-100 Hat,30976
116,The Dark Doorway,Chill Chullo,65803,1150 keys,"65,803.00 ref, $2006.99",4,misc,Level 1-100 Hat,30748
116,The Dark Doorway,Woolen Warmer,62942,1100 keys,"62,942.00 ref, $1919.73",0,misc,Level 1-100 Hat,30833
116,The Dark Doorway,Shellmet,51498,900 keys,"51,498.00 ref, $1570.69",0,misc,Level 1-100 Helmet,30897
116,The Dark Doorway,Field Practice,42915,750 keys,"42,915.00 ref, $1308.91",0,misc,Level 1-100 Headgear,30862
116,The Dark Doorway,A Well Wrapped Hat,28610,500 keys,"28,610.00 ref, $872.61",1,misc,Level 1-100 Hat,30746
116,The Dark Doorway,Bomb Beanie,28610,500 keys,"28,610.00 ref, $872.61",0,misc,Level 1-100 Hat,30823
116,The Dark Doorway,Coldfront Commander,28610,500 keys,"28,610.00 ref, $872.61",1,misc,Level 1-100 Hat,30939
116,The Dark Doorway,A Hat to Kill For,26035.1,455 keys,"26,035.10 ref, $794.07",0,misc,Level 1-100 Hat,30753
116,The Dark Doorway,Berlin Brain Bowl,19454.8,330–350 keys,"19,454.80 ref, $593.37",10,misc,Level 1-100 Headgear,30755
116,The Dark Doorway,Cranial Carcharodon,17738.2,310 keys,"17,738.20 ref, $541.02",3,misc,Level 1-100 Hat,30800
116,The Dark Doorway,Sinner's Shade,17166,300 keys,"17,166.00 ref, $523.56",0,misc,Level 1-100 Hat,30959
116,The Dark Doorway,Commando Elite,16307.7,285 keys,"16,307.70 ref, $497.38",1,misc,Level 1-100 Helmet,30912
116,The Dark Doorway,Defragmenting Hard Hat 17%,15163.3,265 keys,"15,163.30 ref, $462.48",11,misc,Level 1-100 Helmet,31011
116,The Dark Doorway,Pithy Professional,14018.9,245 keys,"14,018.90 ref, $427.58",2,misc,Level 1-100 Hat,30915
116,The Dark Doorway,Universal Translator,13160.6,230 keys,"13,160.60 ref, $401.40",3,misc,Level 1-100 Hat,30658
116,The Dark Doorway,Nuke,12016.2,210 keys,"12,016.20 ref, $366.49",0,misc,Level 1-100 Hair,30885
116,The Dark Doorway,Antarctic Eyewear,10871.8,190 keys,"10,871.80 ref, $331.59",5,misc,Level 1-100 Apparel,30977
116,The Dark Doorway,Archer's Sterling,10871.8,190 keys,"10,871.80 ref, $331.59",0,misc,Level 1-100 Helmet,30874
116,The Dark Doorway,Polar Bear,10585.7,185 keys,"10,585.70 ref, $322.86",2,misc,Level 1-100 Hat,30964
116,The Dark Doorway,Mo'Horn,10013.5,175 keys,"10,013.50 ref, $305.41",1,misc,Level 1-100 Hat,30812
116,The Dark Doorway,Warhood,9956.28,174 keys,"9,956.28 ref, $303.67",0,misc,Level 1-100 Hood,30866
116,The Dark Doorway,Brass Bucket,9441.3,165 keys,"9,441.30 ref, $287.96",2,misc,Level 1-100 Helmet,30969
116,The Dark Doorway,Battle Boonie,8583,150 keys,"8,583.00 ref, $261.78",1,misc,Level 1-100 Hat,30907
116,The Dark Doorway,Head Hedge,6637.52,116 keys,"6,637.52 ref, $202.44",0,misc,Level 1-100 Helmet,30978
116,The Dark Doorway,Brain-Warming Wear,6608.91,106–125 keys,"6,608.91 ref, $201.57",0,misc,Level 1-100 Hat,30827
116,The Dark Doorway,Vampire Vanquisher,5607.56,95–101 keys,"5,607.56 ref, $171.03",102,misc,Level 1-100 Hat,31003
116,The Dark Doorway,Wing Mann,4978.14,76–98 keys,"4,978.14 ref, $151.83",1,misc,Level 1-100 Hat,30809
116,The Dark Doorway,Elf Esteem,4863.7,85 keys,"4,863.70 ref, $148.34",0,misc,Level 1-100 Hat,30836
116,The Dark Doorway,Sky High Fly Guy,4005.4,70 keys,"4,005.40 ref, $122.16",0,misc,Level 1-100 Hat,30984
116,The Dark Doorway,Highway Star,3547.64,59–65 keys,"3,547.64 ref, $108.20",104,misc,Level 1-100 Bandana,31010
116,The Dark Doorway,Hephaistos' Handcraft,3375.98,59 keys,"3,375.98 ref, $102.97",39,misc,Level 1-100 Helmet,31000
116,The Dark Doorway,Fat Man's Field Cap,2975.44,52 keys,"2,975.44 ref, $90.75",0,misc,Level 1-100 Hat,30911
116,The Dark Doorway,Murderer's Motif,2803.78,44–54 keys,"2,803.78 ref, $85.52",78,misc,Level 1-100 Hat,31016
116,The Dark Doorway,Tank Top,2803.78,48–50 keys,"2,803.78 ref, $85.52",40,misc,Level 1-100 Helmet,31002
116,The Dark Doorway,Mann-O-War,2174.36,36–40 keys,"2,174.36 ref, $66.32",90,misc,Level 1-100 Hat,31008
116,The Dark Doorway,Punk's Pomp,0,,,1,misc,Level 1-100 Hair,30993
93,Subatomic,Corona Australis,97274,1700 keys,"97,274.00 ref, $2966.86",8,misc,Level 1-100 Cosmetic Augmentation,30648
93,Subatomic,Captain Space Mann,71525,1250 keys,"71,525.00 ref, $2181.51",14,misc,Level 1-100 Helmet,30646
93,Subatomic,Sucker Slug,15449.4,270 keys,"15,449.40 ref, $471.21",3,misc,Level 1-100 Hat,30653
93,Subatomic,Universal Translator,1373.28,21–27 keys,"1,373.28 ref, $41.89",482,misc,Level 1-100 Hat,30658
93,Subatomic,Phononaut,1173.01,20–21 keys,"1,173.01 ref, $35.78",74,misc,Level 1-100 Hat,30647
93,Subatomic,A Head Full of Hot Air,486.37,7–10 keys,"486.37 ref, $14.83",432,misc,Level 1-100 Hat,30662
115,The Eldritch Opening,Frag Proof Fragger,137328,2400 keys,"137,328.00 ref, $4188.50",1,misc,Level 1-100 Helmet,30979
115,The Eldritch Opening,Lucky Cat Hat,125884,2200 keys,"125,884.00 ref, $3839.46",4,misc,Level 1-100 Hat,30998
115,The Eldritch Opening,Burning Question,91552,1600 keys,"91,552.00 ref, $2792.34",1,misc,Level 1-100 Hat,30987
115,The Eldritch Opening,Patriot Peak,88691,1550 keys,"88,691.00 ref, $2705.08",0,misc,Level 1-100 Hat,30743
115,The Eldritch Opening,Caribou Companion,71525,1250 keys,"71,525.00 ref, $2181.51",0,misc,Level 1-100 Hat,30974
115,The Eldritch Opening,Hellmet,60081,1050 keys,"60,081.00 ref, $1832.47",3,misc,Level 1-100 Helmet,30708
115,The Eldritch Opening,Classy Capper,55503.4,970 keys,"55,503.40 ref, $1692.85",2,misc,Level 1-100 Hat,30893
115,The Eldritch Opening,Tundra Top,49495.3,865 keys,"49,495.30 ref, $1509.61",0,misc,Level 1-100 Hat,30976
115,The Eldritch Opening,Field Practice,42915,750 keys,"42,915.00 ref, $1308.91",5,misc,Level 1-100 Headgear,30862
115,The Eldritch Opening,Universal Translator,37765.2,660 keys,"37,765.20 ref, $1151.84",5,misc,Level 1-100 Hat,30658
115,The Eldritch Opening,Rotation Sensation,32329.3,565 keys,"32,329.30 ref, $986.04",2,misc,Level 1-100 Hat,30623
115,The Eldritch Opening,A Hat to Kill For,28610,500 keys,"28,610.00 ref, $872.61",5,misc,Level 1-100 Hat,30753
115,The Eldritch Opening,A Well Wrapped Hat,28037.8,490 keys,"28,037.80 ref, $855.15",2,misc,Level 1-100 Hat,30746
115,The Eldritch Opening,Woolen Warmer,26035.1,455 keys,"26,035.10 ref, $794.07",0,misc,Level 1-100 Hat,30833
115,The Eldritch Opening,Berlin Brain Bowl,25176.8,440 keys,"25,176.80 ref, $767.89",5,misc,Level 1-100 Headgear,30755
115,The Eldritch Opening,Sinner's Shade,25176.8,440 keys,"25,176.80 ref, $767.89",2,misc,Level 1-100 Hat,30959
115,The Eldritch Opening,Brass Bucket,23746.3,415 keys,"23,746.30 ref, $724.26",2,misc,Level 1-100 Helmet,30969
115,The Eldritch Opening,Battle Boonie,20656.42,361 keys,"20,656.42 ref, $630.02",4,misc,Level 1-100 Hat,30907
115,The Eldritch Opening,Antarctic Eyewear,18882.6,330 keys,"18,882.60 ref, $575.92",6,misc,Level 1-100 Apparel,30977
115,The Eldritch Opening,Nuke,16879.9,295 keys,"16,879.90 ref, $514.84",2,misc,Level 1-100 Hair,30885
115,The Eldritch Opening,Trucker's Topper,16593.8,220–360 keys,"16,593.80 ref, $506.11",3,misc,Level 1-100 Hat,30930
115,The Eldritch Opening,Shellmet,14305,250 keys,"14,305.00 ref, $436.30",0,misc,Level 1-100 Helmet,30897
115,The Eldritch Opening,Defragmenting Hard Hat 17%,11444,200 keys,"11,444.00 ref, $349.04",7,misc,Level 1-100 Helmet,31011
115,The Eldritch Opening,Blast Defense,8583,150 keys,"8,583.00 ref, $261.78",0,misc,Level 1-100 Headgear,30863
115,The Eldritch Opening,Smokey Sombrero,8296.9,145 keys,"8,296.90 ref, $253.06",3,misc,Level 1-100 Hat,30682
115,The Eldritch Opening,Sky High Fly Guy,6809.18,119 keys,"6,809.18 ref, $207.68",5,misc,Level 1-100 Hat,30984
115,The Eldritch Opening,Fat Man's Field Cap,6580.3,115 keys,"6,580.30 ref, $200.70",0,misc,Level 1-100 Hat,30911
115,The Eldritch Opening,Wing Mann,5722,100 keys,"5,722.00 ref, $174.52",10,misc,Level 1-100 Hat,30809
115,The Eldritch Opening,Brain-Warming Wear,5607.56,98 keys,"5,607.56 ref, $171.03",0,misc,Level 1-100 Hat,30827
115,The Eldritch Opening,Vampire Vanquisher,5149.8,90 keys,"5,149.80 ref, $157.07",92,misc,Level 1-100 Hat,31003
115,The Eldritch Opening,Murderer's Motif,4835.09,80–89 keys,"4,835.09 ref, $147.47",122,misc,Level 1-100 Hat,31016
115,The Eldritch Opening,Polar Bear,4749.26,80–86 keys,"4,749.26 ref, $144.85",3,misc,Level 1-100 Hat,30964
115,The Eldritch Opening,Elf Esteem,4005.4,70 keys,"4,005.40 ref, $122.16",0,misc,Level 1-100 Hat,30836
115,The Eldritch Opening,Puffy Polar Cap,3461.81,55–66 keys,"3,461.81 ref, $105.59",2,misc,Level 1-100 Hat,30958
115,The Eldritch Opening,Highway Star,3089.88,49–59 keys,"3,089.88 ref, $94.24",108,misc,Level 1-100 Bandana,31010
115,The Eldritch Opening,Hephaistos' Handcraft,2632.12,45–47 keys,"2,632.12 ref, $80.28",104,misc,Level 1-100 Helmet,31000
115,The Eldritch Opening,Mann-O-War,2002.7,35 keys,"2,002.70 ref, $61.08",108,misc,Level 1-100 Hat,31008
115,The Eldritch Opening,Tank Top,1659.38,29 keys,"1,659.38 ref, $50.61",102,misc,Level 1-100 Helmet,31002
115,The Eldritch Opening,Coldfront Commander,0,,,1,misc,Level 1-100 Hat,30939
114,Galactic Gateway,Lucky Cat Hat,160216,2800 keys,"160,216.00 ref, $4886.59",3,misc,Level 1-100 Hat,30998
114,Galactic Gateway,Patriot Peak,91552,1600 keys,"91,552.00 ref, $2792.34",5,misc,Level 1-100 Hat,30743
114,Galactic Gateway,Tundra Top,74386,1300 keys,"74,386.00 ref, $2268.77",0,misc,Level 1-100 Hat,30976
114,Galactic Gateway,Woolen Warmer,68664,1200 keys,"68,664.00 ref, $2094.25",2,misc,Level 1-100 Hat,30833
114,Galactic Gateway,Outta Sight,57220,1000 keys,"57,220.00 ref, $1745.21",1,misc,Level 1-100 Hat,30628
114,Galactic Gateway,Antarctic Eyewear,51211.9,895 keys,"51,211.90 ref, $1561.96",0,misc,Level 1-100 Apparel,30977
114,Galactic Gateway,Cranial Carcharodon,48637,850 keys,"48,637.00 ref, $1483.43",4,misc,Level 1-100 Hat,30800
114,Galactic Gateway,Pithy Professional,47778.7,835 keys,"47,778.70 ref, $1457.25",2,misc,Level 1-100 Hat,30915
114,Galactic Gateway,Universal Translator,45032.14,787 keys,"45,032.14 ref, $1373.48",6,misc,Level 1-100 Hat,30658
114,Galactic Gateway,Caribou Companion,40683.42,711 keys,"40,683.42 ref, $1240.84",0,misc,Level 1-100 Hat,30974
114,Galactic Gateway,Prehistoric Pullover,37193,650 keys,"37,193.00 ref, $1134.39",3,misc,Level 1-100 Hood,30704
114,Galactic Gateway,Starboard Crusader,37193,650 keys,"37,193.00 ref, $1134.39",2,misc,Level 1-100 Hat,30981
114,Galactic Gateway,Rotation Sensation,34332,600 keys,"34,332.00 ref, $1047.13",3,misc,Level 1-100 Hat,30623
114,Galactic Gateway,Battle Boonie,30898.8,540 keys,"30,898.80 ref, $942.41",3,misc,Level 1-100 Hat,30907
114,Galactic Gateway,Chill Chullo,29697.18,519 keys,"29,697.18 ref, $905.76",0,misc,Level 1-100 Hat,30748
114,Galactic Gateway,Nuke,25749,450 keys,"25,749.00 ref, $785.34",0,misc,Level 1-100 Hair,30885
114,Galactic Gateway,A Hat to Kill For,25176.8,440 keys,"25,176.80 ref, $767.89",0,misc,Level 1-100 Hat,30753
114,Galactic Gateway,Wide-Brimmed Bandito,21457.5,375 keys,"21,457.50 ref, $654.45",3,misc,Level 1-100 Hat,30805
114,Galactic Gateway,Sinner's Shade,20027,350 keys,"20,027.00 ref, $610.82",2,misc,Level 1-100 Hat,30959
114,Galactic Gateway,Defragmenting Hard Hat 17%,19454.8,310–370 keys,"19,454.80 ref, $593.37",8,misc,Level 1-100 Helmet,31011
114,Galactic Gateway,Warhood,18310.4,320 keys,"18,310.40 ref, $558.47",0,misc,Level 1-100 Hood,30866
114,Galactic Gateway,Head Hedge,16021.6,280 keys,"16,021.60 ref, $488.66",5,misc,Level 1-100 Helmet,30978
114,Galactic Gateway,Fat Man's Field Cap,14305,250 keys,"14,305.00 ref, $436.30",2,misc,Level 1-100 Hat,30911
114,Galactic Gateway,Trucker's Topper,11243.73,173–220 keys,"11,243.73 ref, $342.93",4,misc,Level 1-100 Hat,30930
114,Galactic Gateway,Burning Question,9899.06,173 keys,"9,899.06 ref, $301.92",1,misc,Level 1-100 Hat,30987
114,Galactic Gateway,Berlin Brain Bowl,8182.46,143 keys,"8,182.46 ref, $249.57",0,misc,Level 1-100 Headgear,30755
114,Galactic Gateway,Brain-Warming Wear,8010.8,140 keys,"8,010.80 ref, $244.33",0,misc,Level 1-100 Hat,30827
114,Galactic Gateway,Polar Bear,7438.6,130 keys,"7,438.60 ref, $226.88",0,misc,Level 1-100 Hat,30964
114,Galactic Gateway,Puffy Polar Cap,6694.74,117 keys,"6,694.74 ref, $204.19",0,misc,Level 1-100 Hat,30958
114,Galactic Gateway,Airdog,5435.9,90–100 keys,"5,435.90 ref, $165.79",0,misc,Level 1-100 Helmet,30767
114,Galactic Gateway,Murderer's Motif,4692.04,61–103 keys,"4,692.04 ref, $143.11",48,misc,Level 1-100 Hat,31016
114,Galactic Gateway,Elf Esteem,4577.6,80 keys,"4,577.60 ref, $139.62",0,misc,Level 1-100 Hat,30836
114,Galactic Gateway,Vampire Vanquisher,4434.55,74–81 keys,"4,434.55 ref, $135.25",100,misc,Level 1-100 Hat,31003
114,Galactic Gateway,Archer's Sterling,3719.3,65 keys,"3,719.30 ref, $113.44",3,misc,Level 1-100 Helmet,30874
114,Galactic Gateway,Highway Star,3576.25,62–63 keys,"3,576.25 ref, $109.08",56,misc,Level 1-100 Bandana,31010
114,Galactic Gateway,Hephaistos' Handcraft,3490.42,54–68 keys,"3,490.42 ref, $106.46",96,misc,Level 1-100 Helmet,31000
114,Galactic Gateway,Tank Top,2861,50 keys,"2,861.00 ref, $87.26",42,misc,Level 1-100 Helmet,31002
114,Galactic Gateway,Sky High Fly Guy,2574.9,45 keys,"2,574.90 ref, $78.53",8,misc,Level 1-100 Hat,30984
114,Galactic Gateway,Mann-O-War,2145.75,36–39 keys,"2,145.75 ref, $65.45",55,misc,Level 1-100 Hat,31008
71,Green Black Hole,Polar Pullover,493236.4,8620 keys,"493,236.40 ref, $15043.71",1,misc,Level 1-100 Hat,30329
71,Green Black Hole,Team Captain,218866.5,3825 keys,"218,866.50 ref, $6675.43",4,misc,Level 1-100 Hat,378
71,Green Black Hole,Exquisite Rack,201700.5,3375–3675 keys,"201,700.50 ref, $6151.87",5,misc,Level 1-100 Cosmetic Item,339
71,Green Black Hole,Pencil Pusher,128745,2250 keys,"128,745.00 ref, $3926.72",2,misc,Level 10 Hair,605
71,Green Black Hole,Antlers,125884,2200 keys,"125,884.00 ref, $3839.46",3,misc,Level 1-100 Cosmetic Item,993
71,Green Black Hole,Bonk Boy,125884,2200 keys,"125,884.00 ref, $3839.46",4,misc,Level 1-100 Mask,451
71,Green Black Hole,Master's Yellow Belt,120162,2100 keys,"120,162.00 ref, $3664.94",1,misc,Level 1-100 Hat,110
71,Green Black Hole,Crone's Dome,114440,2000 keys,"114,440.00 ref, $3490.42",2,misc,Level 1-100 Hat,920
71,Green Black Hole,Killer Exclusive,111579,1950 keys,"111,579.00 ref, $3403.16",4,misc,Level 10 Hat,538
71,Green Black Hole,Blighted Beak,105857,1850 keys,"105,857.00 ref, $3228.64",3,misc,Level 1-100 Mask,315
71,Green Black Hole,Soldered Sensei,99848.9,1745 keys,"99,848.90 ref, $3045.39",3,misc,Level 1-100 Hat,30004
71,Green Black Hole,Whirly Warrior,81824.6,1430 keys,"81,824.60 ref, $2495.65",1,misc,Level 1-100 Helmet,30118
71,Green Black Hole,Brotherhood of Arms,80108,1400 keys,"80,108.00 ref, $2443.29",1,misc,Level 1-100 Hat,30066
71,Green Black Hole,Le Party Phantom,78677.5,1350–1400 keys,"78,677.50 ref, $2399.66",4,misc,Level 1-100 Mask,337
71,Green Black Hole,Dr's Dapper Topper,74386,1100–1500 keys,"74,386.00 ref, $2268.77",3,misc,Level 1-100 Hat,252
71,Green Black Hole,Salty Dog,68664,1200 keys,"68,664.00 ref, $2094.25",5,misc,Level 10 Hat,611
71,Green Black Hole,Pyromancer's Mask,65803,1150 keys,"65,803.00 ref, $2006.99",4,misc,Level 1-100 Mask,316
71,Green Black Hole,Large Luchador,64658.6,1130 keys,"64,658.60 ref, $1972.09",3,misc,Level 1-100 Mask,380
71,Green Black Hole,Tough Stuff Muffs,61511.5,1050–1100 keys,"61,511.50 ref, $1876.10",5,misc,Level 1-100 Hat,984
71,Green Black Hole,Flamboyant Flamenco,57220,1000 keys,"57,220.00 ref, $1745.21",3,misc,Level 10 Hat,627
71,Green Black Hole,Well-Rounded Rifleman,45776,800 keys,"45,776.00 ref, $1396.17",2,misc,Level 1-100 Hat,30067
71,Green Black Hole,Nunhood,44059.4,770 keys,"44,059.40 ref, $1343.81",1,misc,Level 1-100 Hat,30311
71,Green Black Hole,Samur-Eye,44059.4,770 keys,"44,059.40 ref, $1343.81",5,misc,Level 1-100 Helmet,359
71,Green Black Hole,War Pig,44059.4,770 keys,"44,059.40 ref, $1343.81",2,misc,Level 1-100 Headgear,829
71,Green Black Hole,Conjurer's Cowl,42915,750 keys,"42,915.00 ref, $1308.91",2,misc,Level 1-100 Hood,465
71,Green Black Hole,Reggaelator,40626.2,710 keys,"40,626.20 ref, $1239.10",4,misc,Level 1-100 Hat,390
71,Green Black Hole,Company Man,40054,700 keys,"40,054.00 ref, $1221.65",4,misc,Level 10 Hat,523
71,Green Black Hole,Danger,40054,700 keys,"40,054.00 ref, $1221.65",1,misc,Level 1-100 Apparel,30420
71,Green Black Hole,Hustler's Hallmark,40054,700 keys,"40,054.00 ref, $1221.65",7,misc,Level 1-100 Hat,146
71,Green Black Hole,Texas Ten Gallon,39481.8,690 keys,"39,481.80 ref, $1204.19",3,misc,Level 1-100 Hat,94
71,Green Black Hole,Charmer's Chapeau,37193,650 keys,"37,193.00 ref, $1134.39",6,misc,Level 1-100 Hat,397
71,Green Black Hole,Brigade Helm,36906.9,645 keys,"36,906.90 ref, $1125.66",4,misc,Level 1-100 Helmet,105
71,Green Black Hole,Stainless Pot,36620.8,640 keys,"36,620.80 ref, $1116.93",3,misc,Level 1-100 Hat,98
71,Green Black Hole,A Rather Festive Tree,34332,600 keys,"34,332.00 ref, $1047.13",4,misc,Level 1-100 Hat,341
71,Green Black Hole,Hat with No Name,34332,600 keys,"34,332.00 ref, $1047.13",5,misc,Level 10 Hat,631
71,Green Black Hole,Tyrantium Helmet,34332,600 keys,"34,332.00 ref, $1047.13",4,misc,Level 1-100 Helmet,30014
71,Green Black Hole,Virtual Viewfinder,30326.6,500–560 keys,"30,326.60 ref, $924.96",1,misc,Level 1-100 Headset,30140
71,Green Black Hole,Surgeon's Stahlhelm,29983.28,524 keys,"29,983.28 ref, $914.49",4,misc,Level 10 Helmet,616
71,Green Black Hole,Chieftain's Challenge,29182.2,510 keys,"29,182.20 ref, $890.06",5,misc,Level 1-100 Hat,250
71,Green Black Hole,Armored Authority,28610,500 keys,"28,610.00 ref, $872.61",2,misc,Level 1-100 Helmet,445
71,Green Black Hole,Bot Dogger,28610,500 keys,"28,610.00 ref, $872.61",1,misc,Level 1-100 Hat,30018
71,Green Black Hole,Deep Cover Operator,28610,500 keys,"28,610.00 ref, $872.61",1,misc,Level 1-100 Hat,30375
71,Green Black Hole,Modest Metal Pile of Scrap,28610,500 keys,"28,610.00 ref, $872.61",2,misc,Level 1-100 Hat,30001
71,Green Black Hole,Modest Pile of Hat,28610,500 keys,"28,610.00 ref, $872.61",3,misc,Level 1-100 Hat,139
71,Green Black Hole,Neckwear Headwear,28610,500 keys,"28,610.00 ref, $872.61",1,misc,Level 1-100 Hat,30307
71,Green Black Hole,Flipped Trilby,28266.68,494 keys,"28,266.68 ref, $862.13",3,misc,Level 1-100 Hat,324
71,Green Black Hole,Brim-Full of Bullets,28037.8,490 keys,"28,037.80 ref, $855.15",3,misc,Level 1-100 Hat,30173
71,Green Black Hole,Cold Killer,27179.5,475 keys,"27,179.50 ref, $828.97",2,misc,Level 1-100 Hat,981
71,Green Black Hole,Gentleman's Gatsby,27179.5,475 keys,"27,179.50 ref, $828.97",5,misc,Level 1-100 Hat,184
71,Green Black Hole,Tartan Tyrolean,27179.5,475 keys,"27,179.50 ref, $828.97",1,misc,Level 1-100 Hat,30334
71,Green Black Hole,Anger,26607.3,465 keys,"26,607.30 ref, $811.52",3,misc,Level 10 Hood,518
71,Green Black Hole,Das Übersternmann,25749,450 keys,"25,749.00 ref, $785.34",1,misc,Level 1-100 Hat,30097
71,Green Black Hole,Slo-Poke,25319.85,400–485 keys,"25,319.85 ref, $772.26",4,misc,Level 1-100 Hat,30314
71,Green Black Hole,Hat of Cards,24890.7,370–500 keys,"24,890.70 ref, $759.17",2,misc,Level 1-100 Hat,825
71,Green Black Hole,Fed-Fightin' Fedora,24032.4,420 keys,"24,032.40 ref, $732.99",5,misc,Level 1-100 Hat,780
71,Green Black Hole,Galvanized Gibus,24032.4,420 keys,"24,032.40 ref, $732.99",1,misc,Level 1-100 Hat,30003
71,Green Black Hole,Kiss King,24032.4,420 keys,"24,032.40 ref, $732.99",1,misc,Level 1-100 Hat,30313
71,Green Black Hole,Officer's Ushanka,22888,400 keys,"22,888.00 ref, $698.08",3,misc,Level 1-100 Hat,96
71,Green Black Hole,Prince Tavish's Crown,22888,300–500 keys,"22,888.00 ref, $698.08",4,misc,Level 1-100 Hat,342
71,Green Black Hole,Screamin' Eagle,22888,400 keys,"22,888.00 ref, $698.08",1,misc,Level 1-100 Hat,30548
71,Green Black Hole,Stormin' Norman,22888,400 keys,"22,888.00 ref, $698.08",1,misc,Level 1-100 Helmet,30112
71,Green Black Hole,Ye Olde Baker Boy,22888,400 keys,"22,888.00 ref, $698.08",6,misc,Level 1-100 Hat,107
71,Green Black Hole,Your Worst Nightmare,22888,400 keys,"22,888.00 ref, $698.08",3,misc,Level 10 Hair,600
71,Green Black Hole,Cotton Head,22601.9,340–450 keys,"22,601.90 ref, $689.36",4,misc,Level 1-100 Hat,30175
71,Green Black Hole,Head Warmer,22601.9,395 keys,"22,601.90 ref, $689.36",4,misc,Level 1-100 Hat,644
71,Green Black Hole,Defiant Spartan,21743.6,380 keys,"21,743.60 ref, $663.18",3,misc,Level 1-100 Helmet,340
71,Green Black Hole,Milkman,21743.6,380 keys,"21,743.60 ref, $663.18",4,misc,Level 1-100 Hat,219
71,Green Black Hole,Black Watch,21171.4,350–390 keys,"21,171.40 ref, $645.73",1,misc,Level 1-100 Hat,30105
71,Green Black Hole,Glasgow Great Helm,20885.3,365 keys,"20,885.30 ref, $637.00",3,misc,Level 1-100 Helmet,30082
71,Green Black Hole,Brainiac Hairpiece,20599.2,360 keys,"20,599.20 ref, $628.28",1,misc,Level 1-100 Facial Hair,590
71,Green Black Hole,Liquidator's Lid,20599.2,360 keys,"20,599.20 ref, $628.28",2,misc,Level 1-100 Hat,779
71,Green Black Hole,Teutonic Toque,20599.2,360 keys,"20,599.20 ref, $628.28",1,misc,Level 1-100 Hat,30351
71,Green Black Hole,Vintage Merryweather,20599.2,360 keys,"20,599.20 ref, $628.28",2,misc,Level 1-100 Helmet,182
71,Green Black Hole,Federal Casemaker,20027,350 keys,"20,027.00 ref, $610.82",1,misc,Level 1-100 Hat,30119
71,Green Black Hole,Honcho's Headgear,20027,320–380 keys,"20,027.00 ref, $610.82",4,misc,Level 1-100 Hat,391
71,Green Black Hole,Little Buddy,20027,350 keys,"20,027.00 ref, $610.82",3,misc,Level 10 Hat,612
71,Green Black Hole,Gilded Guard,19454.8,280–400 keys,"19,454.80 ref, $593.37",1,misc,Level 1-100 Helmet,1093
71,Green Black Hole,Professional's Panama,19454.8,340 keys,"19,454.80 ref, $593.37",3,misc,Level 1-100 Hat,109
71,Green Black Hole,L'Inspecteur,18882.6,330 keys,"18,882.60 ref, $575.92",5,misc,Level 10 Hat,622
71,Green Black Hole,Hound Dog,18596.5,325 keys,"18,596.50 ref, $567.19",5,misc,Level 1-100 Hair,145
71,Green Black Hole,Frenchman's Beret,18310.4,290–350 keys,"18,310.40 ref, $558.47",3,misc,Level 1-100 Hat,180
71,Green Black Hole,Attendant,18024.3,315 keys,"18,024.30 ref, $549.74",3,misc,Level 1-100 Hat,213
71,Green Black Hole,Front Runner,17738.2,310 keys,"17,738.20 ref, $541.02",3,misc,Level 1-100 Hat,760
71,Green Black Hole,Full Metal Drill Hat,17738.2,310 keys,"17,738.20 ref, $541.02",8,misc,Level 1-100 Hat,30026
71,Green Black Hole,Rebel Rouser,17738.2,310 keys,"17,738.20 ref, $541.02",1,misc,Level 1-100 Hat,30120
71,Green Black Hole,Safe'n'Sound,17566.54,307 keys,"17,566.54 ref, $535.78",5,misc,Level 1-100 Hat,178
71,Green Black Hole,Harmburg,17452.1,305 keys,"17,452.10 ref, $532.29",1,misc,Level 1-100 Hat,30123
71,Green Black Hole,German Gonzila,17166,300 keys,"17,166.00 ref, $523.56",2,misc,Level 1-100 Hat,323
71,Green Black Hole,Industrial Festivizer,17166,300 keys,"17,166.00 ref, $523.56",8,misc,Level 1-100 Hat,338
71,Green Black Hole,Engineer's Cap,16593.8,290 keys,"16,593.80 ref, $506.11",1,misc,Level 1-100 Hat,95
71,Green Black Hole,Vintage Tyrolean,16593.8,290 keys,"16,593.80 ref, $506.11",5,misc,Level 1-100 Hat,101
71,Green Black Hole,FR-0,16021.6,280 keys,"16,021.60 ref, $488.66",3,misc,Level 1-100 Hat,30016
71,Green Black Hole,Backwards Ballcap,15735.5,275 keys,"15,735.50 ref, $479.93",6,misc,Level 10 Hat,617
71,Green Black Hole,Bonk Leadwear,15735.5,275 keys,"15,735.50 ref, $479.93",7,misc,Level 1-100 Helmet,30030
71,Green Black Hole,Conquistador,15735.5,275 keys,"15,735.50 ref, $479.93",4,misc,Level 1-100 Helmet,721
71,Green Black Hole,Familiar Fez,15735.5,260–290 keys,"15,735.50 ref, $479.93",3,misc,Level 1-100 Hat,223
71,Green Black Hole,Executioner,15678.28,274 keys,"15,678.28 ref, $478.19",3,misc,Level 1-100 Hat,921
71,Green Black Hole,Desert Marauder,15449.4,270 keys,"15,449.40 ref, $471.21",2,misc,Level 1-100 Hat,400
71,Green Black Hole,Firewall Helmet,15449.4,270 keys,"15,449.40 ref, $471.21",4,misc,Level 1-100 Helmet,30038
71,Green Black Hole,Fruit Shoot,15449.4,270 keys,"15,449.40 ref, $471.21",2,misc,Level 1-100 Hat,759
71,Green Black Hole,Stout Shako,15449.4,270 keys,"15,449.40 ref, $471.21",4,misc,Level 1-100 Hat,251
71,Green Black Hole,Pardner's Pompadour,15392.18,269 keys,"15,392.18 ref, $469.46",1,misc,Level 1-100 Hair,30099
71,Green Black Hole,Bear Necessities,15277.74,267 keys,"15,277.74 ref, $465.97",1,misc,Level 1-100 Spirit Animal,30122
71,Green Black Hole,Base Metal Billycock,14877.2,260 keys,"14,877.20 ref, $453.75",1,misc,Level 1-100 Hat,30007
71,Green Black Hole,Infernal Impaler,14734.15,250–265 keys,"14,734.15 ref, $449.39",1,misc,Level 13 Headgear,575
71,Green Black Hole,Halogen Head Lamp,14591.1,255 keys,"14,591.10 ref, $445.03",2,misc,Level 1-100 Hat,30041
71,Green Black Hole,Jumper's Jeepcap,14448.05,220–285 keys,"14,448.05 ref, $440.67",4,misc,Level 1-100 Hat,417
71,Green Black Hole,Madame Dixie,14305,250 keys,"14,305.00 ref, $436.30",2,misc,Level 1-100 Hat,321
71,Green Black Hole,Ol' Snaggletooth,14305,250 keys,"14,305.00 ref, $436.30",1,misc,Level 1-100 Hat,229
71,Green Black Hole,Tartan Spartan,14305,250 keys,"14,305.00 ref, $436.30",3,misc,Level 1-100 Helmet,30106
71,Green Black Hole,Whoopee Cap,14305,250 keys,"14,305.00 ref, $436.30",3,misc,Level 1-100 Hat,174
71,Green Black Hole,Tam O' Shanter,14018.9,190–300 keys,"14,018.90 ref, $427.58",7,misc,Level 1-100 Hat,480
71,Green Black Hole,Virus Doctor,14018.9,220–270 keys,"14,018.90 ref, $427.58",3,misc,Level 1-100 Hat,30043
71,Green Black Hole,Larrikin Robin,13732.8,240 keys,"13,732.80 ref, $418.85",2,misc,Level 1-100 Hat,314
71,Green Black Hole,Lord Cockswain's Pith Helmet,13732.8,230–250 keys,"13,732.80 ref, $418.85",5,misc,Level 1-100 Headgear,439
71,Green Black Hole,Dread Knot,13503.92,236 keys,"13,503.92 ref, $411.87",3,misc,Level 1-100 Hair,358
71,Green Black Hole,Old Guadalajara,13446.7,235 keys,"13,446.70 ref, $410.12",2,misc,Level 1-100 Hat,247
71,Green Black Hole,Sergeant's Drill Hat,13303.65,200–265 keys,"13,303.65 ref, $405.76",2,misc,Level 1-100 Hat,183
71,Green Black Hole,Copper's Hard Top,13160.6,230 keys,"13,160.60 ref, $401.40",7,misc,Level 1-100 Helmet,478
71,Green Black Hole,Texas Tin-Gallon,12874.5,225 keys,"12,874.50 ref, $392.67",5,misc,Level 1-100 Hat,30044
71,Green Black Hole,Greased Lightning,12588.4,220 keys,"12,588.40 ref, $383.95",1,misc,Level 1-100 Hair,30078
71,Green Black Hole,Metal Slug,12588.4,220 keys,"12,588.40 ref, $383.95",7,misc,Level 1-100 Hat,30028
71,Green Black Hole,Pampered Pyro,12302.3,215 keys,"12,302.30 ref, $375.22",3,misc,Level 1-100 Towel,30139
71,Green Black Hole,Pom-Pommed Provocateur,12302.3,215 keys,"12,302.30 ref, $375.22",4,misc,Level 1-100 Mask,30072
71,Green Black Hole,Tungsten Toque,12187.86,213 keys,"12,187.86 ref, $371.73",3,misc,Level 1-100 Hat,30049
71,Green Black Hole,Buckaroo's Hat,12016.2,210 keys,"12,016.20 ref, $366.49",7,misc,Level 1-100 Hat,322
71,Green Black Hole,Scotch Bonnet,11730.1,160–250 keys,"11,730.10 ref, $357.77",3,misc,Level 1-100 Headgear,306
71,Green Black Hole,Cloud Crasher,11444,200 keys,"11,444.00 ref, $349.04",2,misc,Level 1-100 Helmet,30071
71,Green Black Hole,Waxy Wayfinder,11444,200 keys,"11,444.00 ref, $349.04",3,misc,Level 1-100 Hat,753
71,Green Black Hole,Troublemaker's Tossle Cap,11386.78,199 keys,"11,386.78 ref, $347.30",3,misc,Level 1-100 Hat,150
71,Green Black Hole,Platinum Pickelhaube,11329.56,198 keys,"11,329.56 ref, $345.55",6,misc,Level 1-100 Helmet,30042
71,Green Black Hole,Cyborg Stunt Helmet,10929.02,191 keys,"10,929.02 ref, $333.34",5,misc,Level 1-100 Helmet,30024
71,Green Black Hole,Broadband Bonnet,10871.8,190 keys,"10,871.80 ref, $331.59",8,misc,Level 1-100 Hat,30029
71,Green Black Hole,Tough Guy's Toque,10871.8,190 keys,"10,871.80 ref, $331.59",2,misc,Level 1-100 Hat,97
71,Green Black Hole,Berliner's Bucket Helm,10585.7,185 keys,"10,585.70 ref, $322.86",6,misc,Level 1-100 Helmet,303
71,Green Black Hole,Big Chief,10585.7,185 keys,"10,585.70 ref, $322.86",5,misc,Level 1-100 Hat,309
71,Green Black Hole,Ze Goggles,10013.5,175 keys,"10,013.50 ref, $305.41",4,misc,Level 1-100 Glasses,177
71,Green Black Hole,Bolted Birdcage,9727.4,170 keys,"9,727.40 ref, $296.69",4,misc,Level 1-100 Hat,30057
71,Green Black Hole,Shooter's Tin Topi,9727.4,170 keys,"9,727.40 ref, $296.69",5,misc,Level 1-100 Hat,30005
71,Green Black Hole,Gym Rat,9555.74,154–180 keys,"9,555.74 ref, $291.45",8,misc,Level 10 Hair,613
71,Green Black Hole,Détective Noir,9298.25,150–175 keys,"9,298.25 ref, $283.60",1,misc,Level 1-100 Hat,319
71,Green Black Hole,Bonk Helm,9155.2,120–200 keys,"9,155.20 ref, $279.23",4,misc,Level 1-100 Helmet,106
71,Green Black Hole,Cosa Nostra Cap,9155.2,160 keys,"9,155.20 ref, $279.23",3,misc,Level 1-100 Hat,459
71,Green Black Hole,Titanium Tyrolean,9155.2,160 keys,"9,155.20 ref, $279.23",5,misc,Level 1-100 Hat,30045
71,Green Black Hole,Noble Nickel Amassment of Hats,9012.15,150–165 keys,"9,012.15 ref, $274.87",6,misc,Level 1-100 Hat,30006
71,Green Black Hole,Medic's Mountain Cap,8869.1,120–190 keys,"8,869.10 ref, $270.51",3,misc,Level 1-100 Hat,381
71,Green Black Hole,Electric Escorter,8525.78,149 keys,"8,525.78 ref, $260.04",4,misc,Level 1-100 Hat,30025
71,Green Black Hole,Wraith Wrap,8354.12,146 keys,"8,354.12 ref, $254.80",4,misc,Level 1-100 Apparel,937
71,Green Black Hole,Hard Counter,8010.8,140 keys,"8,010.80 ref, $244.33",3,misc,Level 1-100 Hat,254
71,Green Black Hole,Pirate Bandana,7867.75,100–175 keys,"7,867.75 ref, $239.97",2,misc,Level 1-100 Hat,30180
71,Green Black Hole,Prancer's Pride,7724.7,135 keys,"7,724.70 ref, $235.60",5,misc,Level 1-100 Hat,318
71,Green Black Hole,Towering Pillar of Hats,7724.7,135 keys,"7,724.70 ref, $235.60",2,misc,Level 1-100 Hat,135
71,Green Black Hole,Handyman's Handle,7438.6,130 keys,"7,438.60 ref, $226.88",4,misc,Level 1-100 Hat,253
71,Green Black Hole,Data Mining Light,7324.16,128 keys,"7,324.16 ref, $223.39",3,misc,Level 1-100 Helmet,30051
71,Green Black Hole,Glengarry Bonnet,7152.5,100–150 keys,"7,152.50 ref, $218.15",4,misc,Level 1-100 Hat,100
71,Green Black Hole,Timeless Topper,7152.5,125 keys,"7,152.50 ref, $218.15",8,misc,Level 1-100 Hat,30035
71,Green Black Hole,Bomber's Bucket Hat,6866.4,120 keys,"6,866.40 ref, $209.43",1,misc,Level 1-100 Hat,30547
71,Green Black Hole,Caribbean Conqueror,6866.4,120 keys,"6,866.40 ref, $209.43",2,misc,Level 1-100 Hat,30116
71,Green Black Hole,L'homme Burglerre,6866.4,120 keys,"6,866.40 ref, $209.43",3,misc,Level 1-100 Hat,30182
71,Green Black Hole,Doctor's Sack,6437.25,100–125 keys,"6,437.25 ref, $196.34",3,misc,Level 1-100 Hat,398
71,Green Black Hole,Gentleman's Ushanka,6408.64,112 keys,"6,408.64 ref, $195.46",3,misc,Level 1-100 Hat,778
71,Green Black Hole,Magistrate's Mullet,6294.2,100–120 keys,"6,294.20 ref, $191.97",5,misc,Level 1-100 Hair,147
71,Green Black Hole,Lucky Shot,6151.15,90–125 keys,"6,151.15 ref, $187.61",2,misc,Level 1-100 Helmet,701
71,Green Black Hole,Human Cannonball,6065.32,106 keys,"6,065.32 ref, $184.99",4,misc,Level 1-100 Helmet,817
71,Green Black Hole,Strontium Stove Pipe,6008.1,105 keys,"6,008.10 ref, $183.25",3,misc,Level 1-100 Hat,30037
71,Green Black Hole,Ground Control,5950.88,104 keys,"5,950.88 ref, $181.50",1,misc,Level 1-100 Hat,30338
71,Green Black Hole,Killer's Kabuto,5893.66,103 keys,"5,893.66 ref, $179.76",3,misc,Level 1-100 Helmet,152
71,Green Black Hole,Hotrod,5865.05,90–115 keys,"5,865.05 ref, $178.88",2,misc,Level 1-100 Mask,148
71,Green Black Hole,Grenadier's Softcap,5722,100 keys,"5,722.00 ref, $174.52",2,misc,Level 1-100 Hat,227
71,Green Black Hole,Pure Tin Capotain,5722,100 keys,"5,722.00 ref, $174.52",2,misc,Level 1-100 Hat,30021
71,Green Black Hole,Triboniophorus Tyrannus,5207.02,89–93 keys,"5,207.02 ref, $158.81",2,misc,Level 1-100 Mascot,151
71,Green Black Hole,Bunsen Brave,5149.8,81–99 keys,"5,149.80 ref, $157.07",0,misc,Level 1-100 Hat,30054
71,Green Black Hole,Bone Dome,4920.92,86 keys,"4,920.92 ref, $150.09",1,misc,Level 1-100 Helmet,30162
71,Green Black Hole,Barnstormer,4863.7,85 keys,"4,863.70 ref, $148.34",3,misc,Level 1-100 Hat,988
71,Green Black Hole,Dragonborn Helmet,4863.7,80–90 keys,"4,863.70 ref, $148.34",6,misc,Level 10 Helmet,517
71,Green Black Hole,Hetman's Headpiece,4863.7,85 keys,"4,863.70 ref, $148.34",2,misc,Level 1-100 Hat,436
71,Green Black Hole,Katyusha,4692.04,82 keys,"4,692.04 ref, $143.11",1,misc,Level 1-100 Hat,30094
71,Green Black Hole,Backbiter's Billycock,4577.6,66–94 keys,"4,577.60 ref, $139.62",2,misc,Level 1-100 Hat,108
71,Green Black Hole,Soldier's Slope Scopers,4577.6,80 keys,"4,577.60 ref, $139.62",4,misc,Level 1-100 Hat,980
71,Green Black Hole,Crocleather Slouch,4520.38,79 keys,"4,520.38 ref, $137.87",2,misc,Level 1-100 Hat,344
71,Green Black Hole,Hottie's Hoodie,4491.77,74–83 keys,"4,491.77 ref, $137.00",3,misc,Level 1-100 Hood,377
71,Green Black Hole,Big Country,4463.16,78 keys,"4,463.16 ref, $136.13",3,misc,Level 1-100 Hair,382
71,Green Black Hole,Noble Amassment of Hats,4405.94,77 keys,"4,405.94 ref, $134.38",2,misc,Level 1-100 Hat,137
71,Green Black Hole,Shooter's Sola Topi,4291.5,75 keys,"4,291.50 ref, $130.89",7,misc,Level 1-100 Helmet,158
71,Green Black Hole,Tyrant's Helm,4062.62,64–78 keys,"4,062.62 ref, $123.91",0,misc,Level 1-100 Helmet,99
71,Green Black Hole,Napper's Respite,3890.96,68 keys,"3,890.96 ref, $118.67",1,misc,Level 1-100 Hat,248
71,Green Black Hole,Wet Works,3862.35,65–70 keys,"3,862.35 ref, $117.80",1,misc,Level 1-100 Hat,30135
71,Green Black Hole,Birdcage,3854.9180327869,65.33–69.41 keys,"3,854.92 ref, 67.37 keys",4,misc,Level 10 Hat,615
71,Green Black Hole,Nanobalaclava,3776.52,57–75 keys,"3,776.52 ref, $115.18",3,misc,Level 10 Hat,521
71,Green Black Hole,Bootleg Base Metal Billycock,3719.3,65 keys,"3,719.30 ref, $113.44",2,misc,Level 1-100 Hat,30047
71,Green Black Hole,Private Eye,3719.3,65 keys,"3,719.30 ref, $113.44",2,misc,Level 1-100 Hat,388
71,Green Black Hole,Towering Titanium Pillar of Hats,3719.3,65 keys,"3,719.30 ref, $113.44",3,misc,Level 1-100 Hat,30008
71,Green Black Hole,Stately Steel Toe,3662.08,64 keys,"3,662.08 ref, $111.69",5,misc,Level 1-100 Hat,481
71,Green Black Hole,Helmet without a Home,3461.81,51–70 keys,"3,461.81 ref, $105.59",2,misc,Level 1-100 Helmet,732
71,Green Black Hole,Hermes,3433.2,60 keys,"3,433.20 ref, $104.71",3,misc,Level 10 Hat,633
71,Green Black Hole,Ye Oiled Baker Boy,3375.98,59 keys,"3,375.98 ref, $102.97",2,misc,Level 1-100 Hat,30019
71,Green Black Hole,Brain Bucket,3318.76,49–67 keys,"3,318.76 ref, $101.22",2,misc,Level 1-100 Hat,434
71,Green Black Hole,Otolaryngologist's Mirror,3290.15,55–60 keys,"3,290.15 ref, $100.35",5,misc,Level 1-100 Hat,104
71,Green Black Hole,Connoisseur's Cap,3147.1,55 keys,"3,147.10 ref, $95.99",2,misc,Level 1-100 Hat,394
71,Green Black Hole,Scotsman's Stove Pipe,3147.1,55 keys,"3,147.10 ref, $95.99",3,misc,Level 1-100 Hat,120
71,Green Black Hole,Bloke's Bucket Hat,2968.8524590164,50.82–52.94 keys,"2,968.85 ref, 51.88 keys",2,misc,Level 1-100 Hat,181
71,Green Black Hole,Capo's Capper,2861,50 keys,"2,861.00 ref, $87.26",1,misc,Level 1-100 Hat,427
71,Green Black Hole,Western Wear,2803.78,48–50 keys,"2,803.78 ref, $85.52",1,misc,Level 1-100 Hat,379
71,Green Black Hole,Eliminator's Safeguard,2775.17,46–51 keys,"2,775.17 ref, $84.64",1,misc,Level 1-100 Helmet,30369
71,Green Black Hole,One-Man Army,2660.73,45–48 keys,"2,660.73 ref, $81.15",4,misc,Level 10 Hair,601
71,Green Black Hole,Outdoorsman,2574.9,45 keys,"2,574.90 ref, $78.53",2,misc,Level 10 Hat,603
71,Green Black Hole,Bolted Bicorne,2546.29,41–48 keys,"2,546.29 ref, $77.66",7,misc,Level 1-100 Hat,30034
71,Green Black Hole,Dead Cone,2403.24,40–44 keys,"2,403.24 ref, $73.30",3,misc,Level 1-100 Hat,435
71,Green Black Hole,Tippler's Tricorne,2403.24,42 keys,"2,403.24 ref, $73.30",3,misc,Level 1-100 Hat,179
71,Green Black Hole,Mann of Reason,2346.02,41 keys,"2,346.02 ref, $71.55",2,misc,Level 1-100 Hat,30318
71,Green Black Hole,Smoking Skid Lid,2346.02,41 keys,"2,346.02 ref, $71.55",2,misc,Level 1-100 Hat,30399
71,Green Black Hole,Baron von Havenaplane,2288.8,40 keys,"2,288.80 ref, $69.81",1,misc,Level 1-100 Hat,30136
71,Green Black Hole,Carouser's Capotain,2288.8,40 keys,"2,288.80 ref, $69.81",6,misc,Level 1-100 Hat,259
71,Green Black Hole,Plumber's Pipe,2288.8,40 keys,"2,288.80 ref, $69.81",4,misc,Level 1-100 Hat,30022
71,Green Black Hole,Sultan's Ceremonial,2260.19,35–44 keys,"2,260.19 ref, $68.94",3,misc,Level 1-100 Hat,403
71,Green Black Hole,Bombing Run,2117.14,37 keys,"2,117.14 ref, $64.57",1,misc,Level 1-100 Helmet,249
71,Green Black Hole,Gridiron Guardian,2059.92,36 keys,"2,059.92 ref, $62.83",2,misc,Level 1-100 Helmet,30013
71,Green Black Hole,Respectless Rubber Glove,2031.31,30–41 keys,"2,031.31 ref, $61.95",1,misc,Level 1-100 Hat,102
71,Green Black Hole,Trencher's Topper,2002.7,35 keys,"2,002.70 ref, $61.08",1,misc,Level 1-100 Helmet,30336
71,Green Black Hole,Pyro's Boron Beanie,1974.09,33–36 keys,"1,974.09 ref, $60.21",3,misc,Level 1-100 Hat,30040
71,Green Black Hole,Rimmed Raincatcher,1888.26,32–34 keys,"1,888.26 ref, $57.59",4,misc,Level 1-100 Hat,216
71,Green Black Hole,Tsarboosh,1773.82,31 keys,"1,773.82 ref, $54.10",1,misc,Level 1-100 Hat,30081
71,Green Black Hole,Counterfeit Billycock,1716.6,30 keys,"1,716.60 ref, $52.36",2,misc,Level 10 Hat,602
71,Green Black Hole,Letch's LED,1687.99,29–30 keys,"1,687.99 ref, $51.48",2,misc,Level 1-100 Hat,30002
71,Green Black Hole,Runner's Warm-Up,1602.16,28 keys,"1,602.16 ref, $48.87",1,misc,Level 1-100 Hat,30332
71,Green Black Hole,Coupe D'isaster,1430.5,25 keys,"1,430.50 ref, $43.63",2,misc,Level 1-100 Hair,330
71,Green Black Hole,Pugilist's Protector,1344.67,21–26 keys,"1,344.67 ref, $41.01",3,misc,Level 1-100 Headgear,246
71,Green Black Hole,Janissary Ketche,1258.84,21–23 keys,"1,258.84 ref, $38.39",3,misc,Level 1-100 Hat,437
71,Green Black Hole,Dark Falkirk Helm,0,,,2,misc,Level 1-100 Helmet,30357
69,Anti-Freeze,Antlers,280378,4900 keys,"280,378.00 ref, $8551.53",3,misc,Level 1-100 Cosmetic Item,993
69,Anti-Freeze,Exquisite Rack,183104,3200 keys,"183,104.00 ref, $5584.67",5,misc,Level 1-100 Cosmetic Item,339
69,Anti-Freeze,Blighted Beak,171660,3000 keys,"171,660.00 ref, $5235.63",4,misc,Level 1-100 Mask,315
69,Anti-Freeze,Bonk Boy,123023,2150 keys,"123,023.00 ref, $3752.20",1,misc,Level 1-100 Mask,451
69,Anti-Freeze,Whirly Warrior,114440,2000 keys,"114,440.00 ref, $3490.42",2,misc,Level 1-100 Helmet,30118
69,Anti-Freeze,Hong Kong Cone,107287.5,1550–2200 keys,"107,287.50 ref, $3272.27",4,misc,Level 1-100 Hat,30177
69,Anti-Freeze,Brainiac Hairpiece,97274,1700 keys,"97,274.00 ref, $2966.86",4,misc,Level 1-100 Facial Hair,590
69,Anti-Freeze,Pyromancer's Mask,91552,1600 keys,"91,552.00 ref, $2792.34",5,misc,Level 1-100 Mask,316
69,Anti-Freeze,Horrific Headsplitter,85830,1500 keys,"85,830.00 ref, $2617.82",1,misc,Level 31 Hat,291
69,Anti-Freeze,Le Party Phantom,85830,1500 keys,"85,830.00 ref, $2617.82",7,misc,Level 1-100 Mask,337
69,Anti-Freeze,Master's Yellow Belt,80108,1400 keys,"80,108.00 ref, $2443.29",3,misc,Level 1-100 Hat,110
69,Anti-Freeze,Killer Exclusive,77247,1350 keys,"77,247.00 ref, $2356.03",8,misc,Level 10 Hat,538
69,Anti-Freeze,Large Luchador,77247,1350 keys,"77,247.00 ref, $2356.03",3,misc,Level 1-100 Mask,380
69,Anti-Freeze,Texas Ten Gallon,57220,1000 keys,"57,220.00 ref, $1745.21",4,misc,Level 1-100 Hat,94
69,Anti-Freeze,Team Captain,56647.8,990 keys,"56,647.80 ref, $1727.76",5,misc,Level 1-100 Hat,378
69,Anti-Freeze,Troublemaker's Tossle Cap,47206.5,825 keys,"47,206.50 ref, $1439.80",1,misc,Level 1-100 Hat,150
69,Anti-Freeze,Law,42915,750 keys,"42,915.00 ref, $1308.91",1,misc,Level 1-100 Hat,30362
69,Anti-Freeze,Nunhood,42915,750 keys,"42,915.00 ref, $1308.91",3,misc,Level 1-100 Hat,30311
69,Anti-Freeze,Killer's Kabuto,42056.7,664–806 keys,"42,056.70 ref, $1282.73",6,misc,Level 1-100 Helmet,152
69,Anti-Freeze,Villain's Veil,41484.5,725 keys,"41,484.50 ref, $1265.28",1,misc,Level 1-100 Bandana,393
69,Anti-Freeze,Salty Dog,38623.5,675 keys,"38,623.50 ref, $1178.02",7,misc,Level 10 Hat,611
69,Anti-Freeze,Mask of the Shaman,37765.2,660 keys,"37,765.20 ref, $1151.84",1,misc,Level 10 Mask,514
69,Anti-Freeze,Merc's Mohawk,37479.1,655 keys,"37,479.10 ref, $1143.11",3,misc,Level 1-100 Hair,30413
69,Anti-Freeze,Federal Casemaker,34904.2,570–650 keys,"34,904.20 ref, $1064.58",1,misc,Level 1-100 Hat,30119
69,Anti-Freeze,Company Man,34045.9,595 keys,"34,045.90 ref, $1038.40",3,misc,Level 10 Hat,523
69,Anti-Freeze,El Jefe,32043.2,560 keys,"32,043.20 ref, $977.32",5,misc,Level 10 Hat,539
69,Anti-Freeze,Armored Authority,31471,550 keys,"31,471.00 ref, $959.87",5,misc,Level 1-100 Helmet,445
69,Anti-Freeze,Grimm Hatte,31471,550 keys,"31,471.00 ref, $959.87",4,misc,Level 1-100 Hat,383
69,Anti-Freeze,Lucky Shot,30326.6,530 keys,"30,326.60 ref, $924.96",3,misc,Level 1-100 Helmet,701
69,Anti-Freeze,Sergeant's Drill Hat,28610,500 keys,"28,610.00 ref, $872.61",1,misc,Level 1-100 Hat,183
69,Anti-Freeze,Bomber's Bucket Hat,28037.8,490 keys,"28,037.80 ref, $855.15",1,misc,Level 1-100 Hat,30547
69,Anti-Freeze,Fed-Fightin' Fedora,28037.8,470–510 keys,"28,037.80 ref, $855.15",4,misc,Level 1-100 Hat,780
69,Anti-Freeze,Defiant Spartan,25749,450 keys,"25,749.00 ref, $785.34",3,misc,Level 1-100 Helmet,340
69,Anti-Freeze,War Pig,24604.6,430 keys,"24,604.60 ref, $750.44",9,misc,Level 1-100 Headgear,829
69,Anti-Freeze,Vive la France,24318.5,425 keys,"24,318.50 ref, $741.71",1,misc,Level 1-100 Hat,30422
69,Anti-Freeze,Modest Pile of Hat,23460.2,410 keys,"23,460.20 ref, $715.54",5,misc,Level 1-100 Hat,139
69,Anti-Freeze,Buccaneer's Bicorne,22888,400 keys,"22,888.00 ref, $698.08",4,misc,Level 10 Hat,607
69,Anti-Freeze,Charmer's Chapeau,22888,400 keys,"22,888.00 ref, $698.08",3,misc,Level 1-100 Hat,397
69,Anti-Freeze,Front Runner,22888,400 keys,"22,888.00 ref, $698.08",7,misc,Level 1-100 Hat,760
69,Anti-Freeze,Swagman's Swatter,22888,400 keys,"22,888.00 ref, $698.08",5,misc,Level 10 Hat,626
69,Anti-Freeze,Towering Pillar of Hats,22888,400 keys,"22,888.00 ref, $698.08",2,misc,Level 1-100 Hat,135
69,Anti-Freeze,Infernal Impaler,22258.58,389 keys,"22,258.58 ref, $678.89",1,misc,Level 13 Headgear,575
69,Anti-Freeze,Backwards Ballcap,22029.7,370–400 keys,"22,029.70 ref, $671.91",3,misc,Level 10 Hat,617
69,Anti-Freeze,Frickin' Sweet Ninja Hood,21743.6,380 keys,"21,743.60 ref, $663.18",1,misc,Level 1-100 Hood,30394
69,Anti-Freeze,Head Warmer,21171.4,370 keys,"21,171.40 ref, $645.73",4,misc,Level 1-100 Hat,644
69,Anti-Freeze,Hustler's Hallmark,21171.4,340–400 keys,"21,171.40 ref, $645.73",2,misc,Level 1-100 Hat,146
69,Anti-Freeze,Tough Stuff Muffs,21171.4,350–390 keys,"21,171.40 ref, $645.73",3,misc,Level 1-100 Hat,984
69,Anti-Freeze,Brown Bomber,20599.2,360 keys,"20,599.20 ref, $628.28",3,misc,Level 1-100 Hat,671
69,Anti-Freeze,Tyrant's Helm,20599.2,360 keys,"20,599.20 ref, $628.28",4,misc,Level 1-100 Helmet,99
69,Anti-Freeze,Dark Falkirk Helm,20027,320–380 keys,"20,027.00 ref, $610.82",1,misc,Level 1-100 Helmet,30357
69,Anti-Freeze,Liquidator's Lid,20027,350 keys,"20,027.00 ref, $610.82",3,misc,Level 1-100 Hat,779
69,Anti-Freeze,Neckwear Headwear,20027,350 keys,"20,027.00 ref, $610.82",1,misc,Level 1-100 Hat,30307
69,Anti-Freeze,Tartan Tyrolean,19740.9,345 keys,"19,740.90 ref, $602.10",1,misc,Level 1-100 Hat,30334
69,Anti-Freeze,Familiar Fez,19454.8,340 keys,"19,454.80 ref, $593.37",3,misc,Level 1-100 Hat,223
69,Anti-Freeze,Cloud Crasher,19168.7,335 keys,"19,168.70 ref, $584.65",1,misc,Level 1-100 Helmet,30071
69,Anti-Freeze,Stainless Pot,19025.65,315–350 keys,"19,025.65 ref, $580.28",4,misc,Level 1-100 Hat,98
69,Anti-Freeze,Hound Dog,17738.2,310 keys,"17,738.20 ref, $541.02",4,misc,Level 1-100 Hair,145
69,Anti-Freeze,Hat with No Name,17452.1,305 keys,"17,452.10 ref, $532.29",1,misc,Level 10 Hat,631
69,Anti-Freeze,Geisha Boy,17166,300 keys,"17,166.00 ref, $523.56",2,misc,Level 1-100 Hair,363
69,Anti-Freeze,Pencil Pusher,16450.75,268–307 keys,"16,450.75 ref, $501.75",2,misc,Level 10 Hair,605
69,Anti-Freeze,Vintage Merryweather,16450.75,225–350 keys,"16,450.75 ref, $501.75",3,misc,Level 1-100 Helmet,182
69,Anti-Freeze,Crocleather Slouch,16307.7,250–320 keys,"16,307.70 ref, $497.38",2,misc,Level 1-100 Hat,344
69,Anti-Freeze,Berliner's Bucket Helm,16021.6,280 keys,"16,021.60 ref, $488.66",1,misc,Level 1-100 Helmet,303
69,Anti-Freeze,Data Mining Light,16021.6,280 keys,"16,021.60 ref, $488.66",6,misc,Level 1-100 Helmet,30051
69,Anti-Freeze,Brigade Helm,15735.5,275 keys,"15,735.50 ref, $479.93",8,misc,Level 1-100 Helmet,105
69,Anti-Freeze,Doctor's Sack,15735.5,275 keys,"15,735.50 ref, $479.93",1,misc,Level 1-100 Hat,398
69,Anti-Freeze,Flipped Trilby,15735.5,260–290 keys,"15,735.50 ref, $479.93",6,misc,Level 1-100 Hat,324
69,Anti-Freeze,Hive Minder,15449.4,270 keys,"15,449.40 ref, $471.21",0,misc,Level 1-100 Hat,30093
69,Anti-Freeze,Surgeon's Stahlhelm,15449.4,270 keys,"15,449.40 ref, $471.21",4,misc,Level 10 Helmet,616
69,Anti-Freeze,Western Wear,15449.4,270 keys,"15,449.40 ref, $471.21",3,misc,Level 1-100 Hat,379
69,Anti-Freeze,Professional's Panama,15163.3,265 keys,"15,163.30 ref, $462.48",2,misc,Level 1-100 Hat,109
69,Anti-Freeze,Virus Doctor,15163.3,230–300 keys,"15,163.30 ref, $462.48",2,misc,Level 1-100 Hat,30043
69,Anti-Freeze,Anger,14877.2,260 keys,"14,877.20 ref, $453.75",1,misc,Level 10 Hood,518
69,Anti-Freeze,Détective Noir,14877.2,260 keys,"14,877.20 ref, $453.75",5,misc,Level 1-100 Hat,319
69,Anti-Freeze,Galvanized Gibus,14877.2,260 keys,"14,877.20 ref, $453.75",6,misc,Level 1-100 Hat,30003
69,Anti-Freeze,Noble Amassment of Hats,14877.2,260 keys,"14,877.20 ref, $453.75",3,misc,Level 1-100 Hat,137
69,Anti-Freeze,Towering Titanium Pillar of Hats,14877.2,260 keys,"14,877.20 ref, $453.75",4,misc,Level 1-100 Hat,30008
69,Anti-Freeze,Larrikin Robin,14591.1,255 keys,"14,591.10 ref, $445.03",1,misc,Level 1-100 Hat,314
69,Anti-Freeze,Brim-Full of Bullets,14305,250 keys,"14,305.00 ref, $436.30",2,misc,Level 1-100 Hat,30173
69,Anti-Freeze,Cold Killer,14305,250 keys,"14,305.00 ref, $436.30",3,misc,Level 1-100 Hat,981
69,Anti-Freeze,Jumper's Jeepcap,14305,250 keys,"14,305.00 ref, $436.30",3,misc,Level 1-100 Hat,417
69,Anti-Freeze,Medic's Mountain Cap,14305,250 keys,"14,305.00 ref, $436.30",4,misc,Level 1-100 Hat,381
69,Anti-Freeze,Old Guadalajara,14305,250 keys,"14,305.00 ref, $436.30",1,misc,Level 1-100 Hat,247
69,Anti-Freeze,Hotrod,14247.78,249 keys,"14,247.78 ref, $434.56",6,misc,Level 1-100 Mask,148
69,Anti-Freeze,Grenadier's Softcap,14161.95,225–270 keys,"14,161.95 ref, $431.94",5,misc,Level 1-100 Hat,227
69,Anti-Freeze,One-Man Army,13732.8,240 keys,"13,732.80 ref, $418.85",6,misc,Level 10 Hair,601
69,Anti-Freeze,Timeless Topper,13160.6,230 keys,"13,160.60 ref, $401.40",3,misc,Level 1-100 Hat,30035
69,Anti-Freeze,Mann of Reason,13046.16,228 keys,"13,046.16 ref, $397.91",1,misc,Level 1-100 Hat,30318
69,Anti-Freeze,Cosa Nostra Cap,12874.5,215–235 keys,"12,874.50 ref, $392.67",4,misc,Level 1-100 Hat,459
69,Anti-Freeze,Pirate Bandana,12874.5,225 keys,"12,874.50 ref, $392.67",2,misc,Level 1-100 Hat,30180
69,Anti-Freeze,Samur-Eye,12588.4,220 keys,"12,588.40 ref, $383.95",2,misc,Level 1-100 Helmet,359
69,Anti-Freeze,Vintage Tyrolean,12588.4,220 keys,"12,588.40 ref, $383.95",5,misc,Level 1-100 Hat,101
69,Anti-Freeze,Das Übersternmann,12531.18,219 keys,"12,531.18 ref, $382.20",0,misc,Level 1-100 Hat,30097
69,Anti-Freeze,Soviet Gentleman,12302.3,215 keys,"12,302.30 ref, $375.22",5,misc,Level 1-100 Hat,821
69,Anti-Freeze,Scotch Bonnet,12159.25,200–225 keys,"12,159.25 ref, $370.86",6,misc,Level 1-100 Headgear,306
69,Anti-Freeze,Big Chief,12016.2,210 keys,"12,016.20 ref, $366.49",4,misc,Level 1-100 Hat,309
69,Anti-Freeze,Modest Metal Pile of Scrap,12016.2,210 keys,"12,016.20 ref, $366.49",4,misc,Level 1-100 Hat,30001
69,Anti-Freeze,Napper's Respite,12016.2,210 keys,"12,016.20 ref, $366.49",6,misc,Level 1-100 Hat,248
69,Anti-Freeze,Helmet without a Home,11558.44,202 keys,"11,558.44 ref, $352.53",2,misc,Level 1-100 Helmet,732
69,Anti-Freeze,Buckaroo's Hat,11444,200 keys,"11,444.00 ref, $349.04",3,misc,Level 1-100 Hat,322
69,Anti-Freeze,Conquistador,11444,200 keys,"11,444.00 ref, $349.04",5,misc,Level 1-100 Helmet,721
69,Anti-Freeze,German Gonzila,11444,200 keys,"11,444.00 ref, $349.04",5,misc,Level 1-100 Hat,323
69,Anti-Freeze,Harmburg,11444,200 keys,"11,444.00 ref, $349.04",1,misc,Level 1-100 Hat,30123
69,Anti-Freeze,Honcho's Headgear,11444,200 keys,"11,444.00 ref, $349.04",4,misc,Level 1-100 Hat,391
69,Anti-Freeze,Hottie's Hoodie,11444,200 keys,"11,444.00 ref, $349.04",7,misc,Level 1-100 Hood,377
69,Anti-Freeze,Industrial Festivizer,11444,200 keys,"11,444.00 ref, $349.04",5,misc,Level 1-100 Hat,338
69,Anti-Freeze,Safe'n'Sound,11444,200 keys,"11,444.00 ref, $349.04",5,misc,Level 1-100 Hat,178
69,Anti-Freeze,Scout Shako,11444,200 keys,"11,444.00 ref, $349.04",1,misc,Level 1-100 Hat,30326
69,Anti-Freeze,Combustible Kabuto,11300.95,165–230 keys,"11,300.95 ref, $344.68",1,misc,Level 1-100 Hat,30418
69,Anti-Freeze,Glengarry Bonnet,11157.9,195 keys,"11,157.90 ref, $340.32",3,misc,Level 1-100 Hat,100
69,Anti-Freeze,Human Cannonball,10986.24,192 keys,"10,986.24 ref, $335.08",3,misc,Level 1-100 Helmet,817
69,Anti-Freeze,Pomade Prince,10986.24,192 keys,"10,986.24 ref, $335.08",2,misc,Level 1-100 Hair,30428
69,Anti-Freeze,Whoopee Cap,10871.8,190 keys,"10,871.80 ref, $331.59",1,misc,Level 1-100 Hat,174
69,Anti-Freeze,Shooter's Sola Topi,10642.92,186 keys,"10,642.92 ref, $324.61",4,misc,Level 1-100 Helmet,158
69,Anti-Freeze,Firewall Helmet,10585.7,185 keys,"10,585.70 ref, $322.86",5,misc,Level 1-100 Helmet,30038
69,Anti-Freeze,Ye Oiled Baker Boy,10585.7,185 keys,"10,585.70 ref, $322.86",6,misc,Level 1-100 Hat,30019
69,Anti-Freeze,Caribbean Conqueror,10299.6,180 keys,"10,299.60 ref, $314.14",3,misc,Level 1-100 Hat,30116
69,Anti-Freeze,Gym Rat,10299.6,180 keys,"10,299.60 ref, $314.14",1,misc,Level 10 Hair,613
69,Anti-Freeze,Attendant,10185.16,178 keys,"10,185.16 ref, $310.65",3,misc,Level 1-100 Hat,213
69,Anti-Freeze,Letch's LED,10013.5,175 keys,"10,013.50 ref, $305.41",4,misc,Level 1-100 Hat,30002
69,Anti-Freeze,Soldered Sensei,10013.5,175 keys,"10,013.50 ref, $305.41",2,misc,Level 1-100 Hat,30004
69,Anti-Freeze,Voodoo JuJu (Slight Return),10013.5,175 keys,"10,013.50 ref, $305.41",3,misc,Level 1-100 Hat,935
69,Anti-Freeze,Halogen Head Lamp,9984.89,171–178 keys,"9,984.89 ref, $304.54",7,misc,Level 1-100 Hat,30041
69,Anti-Freeze,Prancer's Pride,9956.28,138–210 keys,"9,956.28 ref, $303.67",7,misc,Level 1-100 Hat,318
69,Anti-Freeze,Rimmed Raincatcher,9784.62,171 keys,"9,784.62 ref, $298.43",7,misc,Level 1-100 Hat,216
69,Anti-Freeze,Bear Necessities,9727.4,170 keys,"9,727.40 ref, $296.69",2,misc,Level 1-100 Spirit Animal,30122
69,Anti-Freeze,Fruit Shoot,9727.4,170 keys,"9,727.40 ref, $296.69",4,misc,Level 1-100 Hat,759
69,Anti-Freeze,Ground Control,9727.4,170 keys,"9,727.40 ref, $296.69",1,misc,Level 1-100 Hat,30338
69,Anti-Freeze,Slo-Poke,9212.42,142–180 keys,"9,212.42 ref, $280.98",1,misc,Level 1-100 Hat,30314
69,Anti-Freeze,Pom-Pommed Provocateur,9097.98,159 keys,"9,097.98 ref, $277.49",1,misc,Level 1-100 Mask,30072
69,Anti-Freeze,Baron von Havenaplane,9012.15,140–175 keys,"9,012.15 ref, $274.87",3,misc,Level 1-100 Hat,30136
69,Anti-Freeze,A Rather Festive Tree,8983.54,157 keys,"8,983.54 ref, $274.00",6,misc,Level 1-100 Hat,341
69,Anti-Freeze,Private Eye,8970.9836065574,153.58–159.98 keys,"8,970.98 ref, 156.78 keys",2,misc,Level 1-100 Hat,388
69,Anti-Freeze,Dead Cone,8583,150 keys,"8,583.00 ref, $261.78",5,misc,Level 1-100 Hat,435
69,Anti-Freeze,Heavy Duty Rag,8583,150 keys,"8,583.00 ref, $261.78",1,misc,Level 1-100 Bandana,185
69,Anti-Freeze,Madame Dixie,8583,150 keys,"8,583.00 ref, $261.78",5,misc,Level 1-100 Hat,321
69,Anti-Freeze,Pyro's Boron Beanie,8583,150 keys,"8,583.00 ref, $261.78",1,misc,Level 1-100 Hat,30040
69,Anti-Freeze,Shooter's Tin Topi,8583,150 keys,"8,583.00 ref, $261.78",2,misc,Level 1-100 Hat,30005
69,Anti-Freeze,Your Worst Nightmare,8583,150 keys,"8,583.00 ref, $261.78",5,misc,Level 10 Hair,600
69,Anti-Freeze,Desert Marauder,8182.46,143 keys,"8,182.46 ref, $249.57",1,misc,Level 1-100 Hat,400
69,Anti-Freeze,Platinum Pickelhaube,8010.8,140 keys,"8,010.80 ref, $244.33",5,misc,Level 1-100 Helmet,30042
69,Anti-Freeze,Tsarboosh,7839.14,137 keys,"7,839.14 ref, $239.09",1,misc,Level 1-100 Hat,30081
69,Anti-Freeze,Bunsen Brave,7724.7,135 keys,"7,724.70 ref, $235.60",3,misc,Level 1-100 Hat,30054
69,Anti-Freeze,Magnificent Mongolian,7610.26,133 keys,"7,610.26 ref, $232.11",4,misc,Level 1-100 Hat,313
69,Anti-Freeze,FR-0,7438.6,130 keys,"7,438.60 ref, $226.88",4,misc,Level 1-100 Hat,30016
69,Anti-Freeze,Hat of Cards,7295.55,115–140 keys,"7,295.55 ref, $222.51",2,misc,Level 1-100 Hat,825
69,Anti-Freeze,Connoisseur's Cap,7152.5,125 keys,"7,152.50 ref, $218.15",6,misc,Level 1-100 Hat,394
69,Anti-Freeze,Counterfeit Billycock,7152.5,125 keys,"7,152.50 ref, $218.15",5,misc,Level 10 Hat,602
69,Anti-Freeze,Outdoorsman,7152.5,125 keys,"7,152.50 ref, $218.15",5,misc,Level 10 Hat,603
69,Anti-Freeze,Runner's Warm-Up,7152.5,120–130 keys,"7,152.50 ref, $218.15",2,misc,Level 1-100 Hat,30332
69,Anti-Freeze,Base Metal Billycock,6866.4,120 keys,"6,866.40 ref, $209.43",6,misc,Level 1-100 Hat,30007
69,Anti-Freeze,Coupe D'isaster,6866.4,120 keys,"6,866.40 ref, $209.43",4,misc,Level 1-100 Hair,330
69,Anti-Freeze,Tyrantium Helmet,6866.4,120 keys,"6,866.40 ref, $209.43",5,misc,Level 1-100 Helmet,30014
69,Anti-Freeze,L'Inspecteur,6580.3,115 keys,"6,580.30 ref, $200.70",5,misc,Level 10 Hat,622
69,Anti-Freeze,Soldier's Slope Scopers,6580.3,115 keys,"6,580.30 ref, $200.70",2,misc,Level 1-100 Hat,980
69,Anti-Freeze,Hetman's Headpiece,6437.25,100–125 keys,"6,437.25 ref, $196.34",3,misc,Level 1-100 Hat,436
69,Anti-Freeze,Bonk Helm,6408.64,112 keys,"6,408.64 ref, $195.46",1,misc,Level 1-100 Helmet,106
69,Anti-Freeze,Employee of the Mmmph,6408.64,109–115 keys,"6,408.64 ref, $195.46",5,misc,Level 1-100 Hat,30416
69,Anti-Freeze,Frenchman's Beret,6408.64,112 keys,"6,408.64 ref, $195.46",3,misc,Level 1-100 Hat,180
69,Anti-Freeze,Otolaryngologist's Mirror,6380.03,100–123 keys,"6,380.03 ref, $194.59",2,misc,Level 1-100 Hat,104
69,Anti-Freeze,Electric Escorter,6294.2,110 keys,"6,294.20 ref, $191.97",4,misc,Level 1-100 Hat,30025
69,Anti-Freeze,Slick Cut,6179.76,108 keys,"6,179.76 ref, $188.48",2,misc,Level 1-100 Hair,30187
69,Anti-Freeze,Strontium Stove Pipe,6151.15,88–127 keys,"6,151.15 ref, $187.61",1,misc,Level 1-100 Hat,30037
69,Anti-Freeze,Full Metal Drill Hat,6036.71,91–120 keys,"6,036.71 ref, $184.12",7,misc,Level 1-100 Hat,30026
69,Anti-Freeze,Barnstormer,6008.1,85–125 keys,"6,008.10 ref, $183.25",2,misc,Level 1-100 Hat,988
69,Anti-Freeze,Prince Tavish's Crown,6008.1,105 keys,"6,008.10 ref, $183.25",3,misc,Level 1-100 Hat,342
69,Anti-Freeze,Stout Shako,6008.1,105 keys,"6,008.10 ref, $183.25",2,misc,Level 1-100 Hat,251
69,Anti-Freeze,Chieftain's Challenge,5893.66,103 keys,"5,893.66 ref, $179.76",3,misc,Level 1-100 Hat,250
69,Anti-Freeze,Katyusha,5865.05,100–105 keys,"5,865.05 ref, $178.88",3,misc,Level 1-100 Hat,30094
69,Anti-Freeze,Milkman,5779.22,101 keys,"5,779.22 ref, $176.27",1,misc,Level 1-100 Hat,219
69,Anti-Freeze,Cyborg Stunt Helmet,5722,100 keys,"5,722.00 ref, $174.52",4,misc,Level 1-100 Helmet,30024
69,Anti-Freeze,Janissary Ketche,5722,100 keys,"5,722.00 ref, $174.52",2,misc,Level 1-100 Hat,437
69,Anti-Freeze,Professor's Peculiarity,5722,100 keys,"5,722.00 ref, $174.52",1,misc,Level 1-100 Hair,384
69,Anti-Freeze,Sammy Cap,5722,100 keys,"5,722.00 ref, $174.52",3,misc,Level 1-100 Hat,30374
69,Anti-Freeze,Sultan's Ceremonial,5722,100 keys,"5,722.00 ref, $174.52",3,misc,Level 1-100 Hat,403
69,Anti-Freeze,Carouser's Capotain,5607.56,98 keys,"5,607.56 ref, $171.03",3,misc,Level 1-100 Hat,259
69,Anti-Freeze,Bone Dome,5435.9,95 keys,"5,435.90 ref, $165.79",1,misc,Level 1-100 Helmet,30162
69,Anti-Freeze,Greased Lightning,5435.9,95 keys,"5,435.90 ref, $165.79",2,misc,Level 1-100 Hair,30078
69,Anti-Freeze,Das Maddendoktor,5378.68,84–104 keys,"5,378.68 ref, $164.05",0,misc,Level 1-100 Hair,30121
69,Anti-Freeze,Backbiter's Billycock,5292.85,90–95 keys,"5,292.85 ref, $161.43",3,misc,Level 1-100 Hat,108
69,Anti-Freeze,Tam O' Shanter,5149.8,90 keys,"5,149.80 ref, $157.07",6,misc,Level 1-100 Hat,480
69,Anti-Freeze,Bot Dogger,4863.7,85 keys,"4,863.70 ref, $148.34",2,misc,Level 1-100 Hat,30018
69,Anti-Freeze,Ze Goggles,4863.7,85 keys,"4,863.70 ref, $148.34",3,misc,Level 1-100 Glasses,177
69,Anti-Freeze,Lord Cockswain's Pith Helmet,4749.26,83 keys,"4,749.26 ref, $144.85",2,misc,Level 1-100 Headgear,439
69,Anti-Freeze,Gentleman's Gatsby,4692.04,82 keys,"4,692.04 ref, $143.11",3,misc,Level 1-100 Hat,184
69,Anti-Freeze,Little Buddy,4577.6,80 keys,"4,577.60 ref, $139.62",4,misc,Level 10 Hat,612
69,Anti-Freeze,Triboniophorus Tyrannus,4577.6,80 keys,"4,577.60 ref, $139.62",4,misc,Level 1-100 Mascot,151
69,Anti-Freeze,Hard Counter,4463.16,78 keys,"4,463.16 ref, $136.13",1,misc,Level 1-100 Hat,254
69,Anti-Freeze,Pardner's Pompadour,4405.94,77 keys,"4,405.94 ref, $134.38",1,misc,Level 1-100 Hair,30099
69,Anti-Freeze,Hermes,4348.72,75–77 keys,"4,348.72 ref, $132.64",6,misc,Level 10 Hat,633
69,Anti-Freeze,Ol' Snaggletooth,4348.72,76 keys,"4,348.72 ref, $132.64",3,misc,Level 1-100 Hat,229
69,Anti-Freeze,Engineer's Cap,4234.28,74 keys,"4,234.28 ref, $129.15",1,misc,Level 1-100 Hat,95
69,Anti-Freeze,Tartan Spartan,4234.28,71–77 keys,"4,234.28 ref, $129.15",3,misc,Level 1-100 Helmet,30106
69,Anti-Freeze,Toy Soldier,4119.84,72 keys,"4,119.84 ref, $125.66",2,misc,Level 1-100 Hat,30316
69,Anti-Freeze,Pugilist's Protector,3747.91,65–66 keys,"3,747.91 ref, $114.31",2,misc,Level 1-100 Headgear,246
69,Anti-Freeze,Broadband Bonnet,3662.08,58–70 keys,"3,662.08 ref, $111.69",2,misc,Level 1-100 Hat,30029
69,Anti-Freeze,Nanobalaclava,3604.86,54–72 keys,"3,604.86 ref, $109.95",2,misc,Level 10 Hat,521
69,Anti-Freeze,Plug-In Prospector,3557.3770491803,49.74–74.6 keys,"3,557.38 ref, 62.17 keys",1,misc,Level 1-100 Hat,30031
69,Anti-Freeze,Bombing Run,3433.2,60 keys,"3,433.20 ref, $104.71",2,misc,Level 1-100 Helmet,249
69,Anti-Freeze,Copper's Hard Top,3204.32,56 keys,"3,204.32 ref, $97.73",1,misc,Level 1-100 Helmet,478
69,Anti-Freeze,Magistrate's Mullet,3147.1,50–60 keys,"3,147.10 ref, $95.99",4,misc,Level 1-100 Hair,147
69,Anti-Freeze,Steel Shako,3147.1,55 keys,"3,147.10 ref, $95.99",2,misc,Level 1-100 Hat,30017
69,Anti-Freeze,Ol' Geezer,3089.88,48–60 keys,"3,089.88 ref, $94.24",3,misc,Level 1-100 Hat,399
69,Anti-Freeze,Titanium Tyrolean,3032.66,53 keys,"3,032.66 ref, $92.50",3,misc,Level 1-100 Hat,30045
69,Anti-Freeze,Big Country,2975.44,52 keys,"2,975.44 ref, $90.75",4,misc,Level 1-100 Hair,382
69,Anti-Freeze,Sober Stuntman,2861,50 keys,"2,861.00 ref, $87.26",1,misc,Level 1-100 Helmet,255
69,Anti-Freeze,Capo's Capper,2803.78,49 keys,"2,803.78 ref, $85.52",7,misc,Level 1-100 Hat,427
69,Anti-Freeze,Furious Fukaamigasa,2803.78,49 keys,"2,803.78 ref, $85.52",4,misc,Level 1-100 Hat,395
69,Anti-Freeze,Bolted Birdcage,2689.34,46–48 keys,"2,689.34 ref, $82.02",2,misc,Level 1-100 Hat,30057
69,Anti-Freeze,Respectless Rubber Glove,2689.34,47 keys,"2,689.34 ref, $82.02",4,misc,Level 1-100 Hat,102
69,Anti-Freeze,Virtual Reality Headset,2574.9,45 keys,"2,574.90 ref, $78.53",2,misc,Level 10 Headset,628
69,Anti-Freeze,Bonk Leadwear,2460.46,38–48 keys,"2,460.46 ref, $75.04",3,misc,Level 1-100 Helmet,30030
69,Anti-Freeze,Tippler's Tricorne,2460.46,43 keys,"2,460.46 ref, $75.04",3,misc,Level 1-100 Hat,179
69,Anti-Freeze,Big Elfin Deal,2403.24,42 keys,"2,403.24 ref, $73.30",3,misc,Level 1-100 Hat,652
69,Anti-Freeze,Handyman's Handle,2374.63,38–45 keys,"2,374.63 ref, $72.43",4,misc,Level 1-100 Hat,253
69,Anti-Freeze,Respectless Robo-Glove,2346.02,37–45 keys,"2,346.02 ref, $71.55",4,misc,Level 1-100 Hat,30039
69,Anti-Freeze,Tungsten Toque,2288.8,40 keys,"2,288.80 ref, $69.81",2,misc,Level 1-100 Hat,30049
69,Anti-Freeze,Metal Slug,1630.77,26–31 keys,"1,630.77 ref, $49.74",2,misc,Level 1-100 Hat,30028
97,Galactic Codex,Corona Australis,100135,1750 keys,"100,135.00 ref, $3054.12",1,misc,Level 1-100 Cosmetic Augmentation,30648
97,Galactic Codex,Captain Space Mann,30326.6,525–535 keys,"30,326.60 ref, $924.96",42,misc,Level 1-100 Helmet,30646
97,Galactic Codex,Sucker Slug,6866.4,120 keys,"6,866.40 ref, $209.43",2,misc,Level 1-100 Hat,30653
97,Galactic Codex,Phononaut,1029.96,18 keys,"1,029.96 ref, $31.41",35,misc,Level 1-100 Hat,30647
97,Galactic Codex,Universal Translator,972.74,16–18 keys,"972.74 ref, $29.67",418,misc,Level 1-100 Hat,30658
97,Galactic Codex,A Head Full of Hot Air,543.59,9–10 keys,"543.59 ref, $16.58",366,misc,Level 1-100 Hat,30662
294,Stellar Ascent,Demonic Dome,148772,2600 keys,"148,772.00 ref, $4537.55",1,misc,Level 1-100 Hat,31384
294,Stellar Ascent,Gauzed Gaze,104426.5,1825 keys,"104,426.50 ref, $3185.01",4,misc,Level 1-100 Hat,30786
294,Stellar Ascent,Prehistoric Pullover,91552,1600 keys,"91,552.00 ref, $2792.34",1,misc,Level 1-100 Hood,30704
294,Stellar Ascent,Patriot Peak,85830,1500 keys,"85,830.00 ref, $2617.82",7,misc,Level 1-100 Hat,30743
294,Stellar Ascent,Toadstool Topper,85830,1500 keys,"85,830.00 ref, $2617.82",1,misc,Level 1-100 Hat,30796
294,Stellar Ascent,Herald's Helm,60081,1050 keys,"60,081.00 ref, $1832.47",3,misc,Level 1-100 Helmet,30769
294,Stellar Ascent,Bare Bear Bones,57792.2,770–1250 keys,"57,792.20 ref, $1762.66",2,misc,Level 1-100 Hat,31402
294,Stellar Ascent,White Russian,57220,1000 keys,"57,220.00 ref, $1745.21",1,misc,Level 1-100 Hair,30644
294,Stellar Ascent,Starlight Sorcerer,56647.8,930–1050 keys,"56,647.80 ref, $1727.76",6,misc,Level 1-100 Hat,31294
294,Stellar Ascent,Seared Sorcerer,55503.4,970 keys,"55,503.40 ref, $1692.85",4,misc,Level 1-100 Hat,31143
294,Stellar Ascent,Blast Defense,51498,900 keys,"51,498.00 ref, $1570.69",6,misc,Level 1-100 Headgear,30863
294,Stellar Ascent,Alakablamicon,45776,800 keys,"45,776.00 ref, $1396.17",0,misc,Level 1-100 Hat,31215
294,Stellar Ascent,Burning Question,40054,700 keys,"40,054.00 ref, $1221.65",3,misc,Level 1-100 Hat,30987
294,Stellar Ascent,Racc Mann,38108.52,666 keys,"38,108.52 ref, $1162.31",1,misc,Level 1-100 Mask,31071
294,Stellar Ascent,Power Spike,38051.3,600–730 keys,"38,051.30 ref, $1160.56",6,misc,Level 1-100 Hair,31401
294,Stellar Ascent,Chill Chullo,35476.4,620 keys,"35,476.40 ref, $1082.03",8,misc,Level 1-100 Hat,30748
294,Stellar Ascent,Gnome Dome,32043.2,560 keys,"32,043.20 ref, $977.32",2,misc,Level 1-100 Hat,31242
294,Stellar Ascent,Murderer's Motif,27465.6,480 keys,"27,465.60 ref, $837.70",2,misc,Level 1-100 Hat,31016
294,Stellar Ascent,Brothers in Blues,27179.5,475 keys,"27,179.50 ref, $828.97",8,misc,Level 1-100 Hat,31356
294,Stellar Ascent,Headhunter's Brim,25749,450 keys,"25,749.00 ref, $785.34",4,misc,Level 1-100 Hat,31313
294,Stellar Ascent,Lumbercap,25749,450 keys,"25,749.00 ref, $785.34",3,misc,Level 1-100 Hat,31326
294,Stellar Ascent,Tundra Top,25749,450 keys,"25,749.00 ref, $785.34",12,misc,Level 1-100 Hat,30976
294,Stellar Ascent,Hawaiian Hunter,22888,400 keys,"22,888.00 ref, $698.08",0,misc,Level 1-100 Hat,31271
294,Stellar Ascent,Breach and Bomb,21743.6,380 keys,"21,743.60 ref, $663.18",1,misc,Level 1-100 Hat,31113
294,Stellar Ascent,Firearm Protector,18882.6,330 keys,"18,882.60 ref, $575.92",2,misc,Level 1-100 Hat,31310
294,Stellar Ascent,Shellmet,18882.6,260–400 keys,"18,882.60 ref, $575.92",3,misc,Level 1-100 Helmet,30897
294,Stellar Ascent,Brass Bucket,18195.96,261–375 keys,"18,195.96 ref, $554.98",0,misc,Level 1-100 Helmet,30969
294,Stellar Ascent,More Gun Marshal,17166,300 keys,"17,166.00 ref, $523.56",8,misc,Level 1-100 Hat,31298
294,Stellar Ascent,Sightseer,17166,300 keys,"17,166.00 ref, $523.56",8,misc,Level 1-100 Hat,31404
294,Stellar Ascent,Caribou Companion,16593.8,290 keys,"16,593.80 ref, $506.11",3,misc,Level 1-100 Hat,30974
294,Stellar Ascent,Hat Outta Hell,16593.8,280–300 keys,"16,593.80 ref, $506.11",0,misc,Level 1-100 Hat,31216
294,Stellar Ascent,Smokey Sombrero,16307.7,285 keys,"16,307.70 ref, $497.38",1,misc,Level 1-100 Hat,30682
294,Stellar Ascent,A Hat to Kill For,15735.5,275 keys,"15,735.50 ref, $479.93",7,misc,Level 1-100 Hat,30753
294,Stellar Ascent,Sophisticated Smoker,15163.3,265 keys,"15,163.30 ref, $462.48",6,misc,Level 1-100 Hat,31106
294,Stellar Ascent,Dancing Doe,14305,250 keys,"14,305.00 ref, $436.30",2,misc,Level 1-100 Bandana,31045
294,Stellar Ascent,Oktoberfester,14305,250 keys,"14,305.00 ref, $436.30",1,misc,Level 1-100 Hat,31344
294,Stellar Ascent,Classy Capper,13732.8,210–270 keys,"13,732.80 ref, $418.85",4,misc,Level 1-100 Hat,30893
294,Stellar Ascent,California Cap,13446.7,235 keys,"13,446.70 ref, $410.12",2,misc,Level 1-100 Hat,31117
294,Stellar Ascent,Antarctic Eyewear,13160.6,230 keys,"13,160.60 ref, $401.40",5,misc,Level 1-100 Apparel,30977
294,Stellar Ascent,Trucker's Topper,12931.72,226 keys,"12,931.72 ref, $394.42",0,misc,Level 1-100 Hat,30930
294,Stellar Ascent,Twisted Topper,12302.3,150–280 keys,"12,302.30 ref, $375.22",0,misc,Level 1-100 Hat,31211
294,Stellar Ascent,Berlin Brain Bowl,12016.2,210 keys,"12,016.20 ref, $366.49",0,misc,Level 1-100 Headgear,30755
294,Stellar Ascent,Mean Captain,11730.1,190–220 keys,"11,730.10 ref, $357.77",256,misc,Level 1-100 Hat,31385
294,Stellar Ascent,Brimmed Bootlegger,11444,200 keys,"11,444.00 ref, $349.04",2,misc,Level 1-100 Hat,31366
294,Stellar Ascent,Firestalker,11444,200 keys,"11,444.00 ref, $349.04",3,misc,Level 1-100 Hat,31359
294,Stellar Ascent,Missing Piece,11444,200 keys,"11,444.00 ref, $349.04",3,misc,Level 1-100 Hat,31101
294,Stellar Ascent,Spooky Head-Bouncers,11444,200 keys,"11,444.00 ref, $349.04",6,misc,Level 1-100 Hat,31209
294,Stellar Ascent,Puffy Polar Cap,10871.8,190 keys,"10,871.80 ref, $331.59",0,misc,Level 1-100 Hat,30958
294,Stellar Ascent,Thousand-Yard Stare,10871.8,190 keys,"10,871.80 ref, $331.59",1,misc,Level 1-100 Hat,31200
294,Stellar Ascent,Nightbane Brim,10585.7,185 keys,"10,585.70 ref, $322.86",2,misc,Level 1-100 Hat,31308
294,Stellar Ascent,Bat Hat,10299.6,180 keys,"10,299.60 ref, $314.14",0,misc,Level 1-100 Hat,31058
294,Stellar Ascent,Partizan,9670.18,169 keys,"9,670.18 ref, $294.94",1,misc,Level 1-100 Hat,31329
294,Stellar Ascent,Sky High Fly Guy,9441.3,165 keys,"9,441.30 ref, $287.96",10,misc,Level 1-100 Hat,30984
294,Stellar Ascent,Soft Hard Hat,8869.1,155 keys,"8,869.10 ref, $270.51",4,misc,Level 1-100 Hat,31331
294,Stellar Ascent,Bomb Beanie,8583,150 keys,"8,583.00 ref, $261.78",0,misc,Level 1-100 Hat,30823
294,Stellar Ascent,El Mostacho,8583,150 keys,"8,583.00 ref, $261.78",6,misc,Level 1-100 Hat,31074
294,Stellar Ascent,Elf Ignition,8583,150 keys,"8,583.00 ref, $261.78",1,misc,Level 1-100 Hat,31253
294,Stellar Ascent,Calamitous Cauldron,8296.9,145 keys,"8,296.90 ref, $253.06",0,misc,Level 1-100 Cauldron,31146
294,Stellar Ascent,Archer's Sterling,7724.7,135 keys,"7,724.70 ref, $235.60",0,misc,Level 1-100 Helmet,30874
294,Stellar Ascent,Detective,7724.7,135 keys,"7,724.70 ref, $235.60",1,misc,Level 1-100 Hat,31277
294,Stellar Ascent,Optic Nerve,7724.7,135 keys,"7,724.70 ref, $235.60",0,misc,Level 1-100 Hat,31224
294,Stellar Ascent,Throttlehead,7724.7,135 keys,"7,724.70 ref, $235.60",3,misc,Level 1-100 Hat,31282
294,Stellar Ascent,Head Hedge,7438.6,130 keys,"7,438.60 ref, $226.88",0,misc,Level 1-100 Helmet,30978
294,Stellar Ascent,Cozy Catchers,6751.96,100–136 keys,"6,751.96 ref, $205.93",1,misc,Level 1-100 Hat,31250
294,Stellar Ascent,Warhood,6294.2,110 keys,"6,294.20 ref, $191.97",9,misc,Level 1-100 Hood,30866
294,Stellar Ascent,Elf Defense,5722,100 keys,"5,722.00 ref, $174.52",1,misc,Level 1-100 Hat,31256
294,Stellar Ascent,Horror Shawl,5722,100 keys,"5,722.00 ref, $174.52",4,misc,Level 1-100 Hat,31304
294,Stellar Ascent,Undercover Brolly,5722,100 keys,"5,722.00 ref, $174.52",4,misc,Level 1-100 Hat,31262
294,Stellar Ascent,Glow from Below,4291.5,75 keys,"4,291.50 ref, $130.89",2,misc,Level 1-100 Fish,31149
294,Stellar Ascent,Head of Defense,4291.5,75 keys,"4,291.50 ref, $130.89",0,misc,Level 1-100 Hat,31114
294,Stellar Ascent,Bombard Brigadier,4119.84,72 keys,"4,119.84 ref, $125.66",3,misc,Level 1-100 Hat,31309
294,Stellar Ascent,Convict Cap,4091.23,54–89 keys,"4,091.23 ref, $124.78",3,misc,Level 1-100 Hat,31080
294,Stellar Ascent,Airdog,2660.73,43–50 keys,"2,660.73 ref, $81.15",34,misc,Level 1-100 Helmet,30767
294,Stellar Ascent,Blast Bowl,2231.58,39 keys,"2,231.58 ref, $68.06",18,misc,Level 1-100 Helmet,31371
294,Stellar Ascent,Ludicrously Lunatic Lunon Fedora,2117.14,36–38 keys,"2,117.14 ref, $64.57",264,misc,Level 1-100 Hat,31383
294,Stellar Ascent,Elf Esteem,1716.6,30 keys,"1,716.60 ref, $52.36",8,misc,Level 1-100 Hat,30836
294,Stellar Ascent,Thunder Dome,1316.06,19–27 keys,"1,316.06 ref, $40.14",294,misc,Level 1-100 Helmet,31391
294,Stellar Ascent,Splitting Headache,1230.23,21–22 keys,"1,230.23 ref, $37.52",104,misc,Level 1-100 Headache,31390
294,Stellar Ascent,Dell Dynamic,829.69,12–17 keys,"829.69 ref, $25.31",105,misc,Level 1-100 Helmet,31394
87,Frostbite,Virtual Viewfinder,552173,9650 keys,"552,173.00 ref, $16841.28",3,misc,Level 1-100 Headset,30140
87,Frostbite,Polar Pullover,433441.5,5550–9600 keys,"433,441.50 ref, $13219.97",3,misc,Level 1-100 Hat,30329
87,Frostbite,Blighted Beak,210998.75,3675–3700 keys,"210,998.75 ref, $6435.46",5,misc,Level 1-100 Mask,315
87,Frostbite,Crone's Dome,208853,3650 keys,"208,853.00 ref, $6370.02",4,misc,Level 1-100 Hat,920
87,Frostbite,Exquisite Rack,174521,3050 keys,"174,521.00 ref, $5322.89",7,misc,Level 1-100 Cosmetic Item,339
87,Frostbite,Team Captain,145911,2550 keys,"145,911.00 ref, $4450.29",7,misc,Level 1-100 Hat,378
87,Frostbite,A Rather Festive Tree,88691,1550 keys,"88,691.00 ref, $2705.08",3,misc,Level 1-100 Hat,341
87,Frostbite,Killer Exclusive,85830,1500 keys,"85,830.00 ref, $2617.82",5,misc,Level 10 Hat,538
87,Frostbite,Killer's Kabuto,85830,1500 keys,"85,830.00 ref, $2617.82",5,misc,Level 1-100 Helmet,152
87,Frostbite,Soldered Sensei,81538.5,1200–1650 keys,"81,538.50 ref, $2486.92",4,misc,Level 1-100 Hat,30004
87,Frostbite,Hong Kong Cone,80108,1200–1600 keys,"80,108.00 ref, $2443.29",17,misc,Level 1-100 Hat,30177
87,Frostbite,Sergeant's Drill Hat,65803,1150 keys,"65,803.00 ref, $2006.99",10,misc,Level 1-100 Hat,183
87,Frostbite,Brotherhood of Arms,57220,1000 keys,"57,220.00 ref, $1745.21",6,misc,Level 1-100 Hat,30066
87,Frostbite,Head Warmer,57220,1000 keys,"57,220.00 ref, $1745.21",5,misc,Level 1-100 Hat,644
87,Frostbite,Merc's Mohawk,55789.5,975 keys,"55,789.50 ref, $1701.58",4,misc,Level 1-100 Hair,30413
87,Frostbite,Tyrant's Helm,55503.4,920–1020 keys,"55,503.40 ref, $1692.85",5,misc,Level 1-100 Helmet,99
87,Frostbite,Troublemaker's Tossle Cap,52070.2,910 keys,"52,070.20 ref, $1588.14",3,misc,Level 1-100 Hat,150
87,Frostbite,Brown Bomber,51498,900 keys,"51,498.00 ref, $1570.69",5,misc,Level 1-100 Hat,671
87,Frostbite,Hat with No Name,50639.7,770–1000 keys,"50,639.70 ref, $1544.51",9,misc,Level 10 Hat,631
87,Frostbite,War Pig,49552.52,866 keys,"49,552.52 ref, $1511.35",8,misc,Level 1-100 Headgear,829
87,Frostbite,Vive la France,48637,850 keys,"48,637.00 ref, $1483.43",2,misc,Level 1-100 Hat,30422
87,Frostbite,Pyromancer's Mask,45261.02,791 keys,"45,261.02 ref, $1380.46",1,misc,Level 1-100 Mask,316
87,Frostbite,Salty Dog,45203.8,790 keys,"45,203.80 ref, $1378.72",5,misc,Level 10 Hat,611
87,Frostbite,Winter Woodsman,44631.6,780 keys,"44,631.60 ref, $1361.26",9,misc,Level 1-100 Hat,30549
87,Frostbite,Tough Stuff Muffs,42915,750 keys,"42,915.00 ref, $1308.91",8,misc,Level 1-100 Hat,984
87,Frostbite,Well-Rounded Rifleman,42915,750 keys,"42,915.00 ref, $1308.91",4,misc,Level 1-100 Hat,30067
87,Frostbite,Crown of the Old Kingdom,42342.8,740 keys,"42,342.80 ref, $1291.46",4,misc,Level 1-100 Hat,30567
87,Frostbite,Cotton Head,41484.5,725 keys,"41,484.50 ref, $1265.28",13,misc,Level 1-100 Hat,30175
87,Frostbite,Le Party Phantom,41198.4,720 keys,"41,198.40 ref, $1256.55",7,misc,Level 1-100 Mask,337
87,Frostbite,Cold Killer,40054,700 keys,"40,054.00 ref, $1221.65",7,misc,Level 1-100 Hat,981
87,Frostbite,Conjurer's Cowl,40054,700 keys,"40,054.00 ref, $1221.65",7,misc,Level 1-100 Hood,465
87,Frostbite,Vintage Tyrolean,38852.38,679 keys,"38,852.38 ref, $1185.00",8,misc,Level 1-100 Hat,101
87,Frostbite,Federal Casemaker,35762.5,625 keys,"35,762.50 ref, $1090.76",2,misc,Level 1-100 Hat,30119
87,Frostbite,Surgeon's Stahlhelm,35476.4,620 keys,"35,476.40 ref, $1082.03",5,misc,Level 10 Helmet,616
87,Frostbite,Antlers,34332,600 keys,"34,332.00 ref, $1047.13",1,misc,Level 1-100 Cosmetic Item,993
87,Frostbite,Law,34332,550–650 keys,"34,332.00 ref, $1047.13",6,misc,Level 1-100 Hat,30362
87,Frostbite,Nunhood,33759.8,590 keys,"33,759.80 ref, $1029.67",8,misc,Level 1-100 Hat,30311
87,Frostbite,Stainless Pot,33473.7,585 keys,"33,473.70 ref, $1020.95",7,misc,Level 1-100 Hat,98
87,Frostbite,Bomber's Bucket Hat,32214.86,563 keys,"32,214.86 ref, $982.55",7,misc,Level 1-100 Hat,30547
87,Frostbite,Prince Tavish's Crown,31471,550 keys,"31,471.00 ref, $959.87",4,misc,Level 1-100 Hat,342
87,Frostbite,Ye Olde Baker Boy,31471,550 keys,"31,471.00 ref, $959.87",8,misc,Level 1-100 Hat,107
87,Frostbite,Large Luchador,30326.6,500–560 keys,"30,326.60 ref, $924.96",2,misc,Level 1-100 Mask,380
87,Frostbite,Sleeveless in Siberia,29754.4,520 keys,"29,754.40 ref, $907.51",1,misc,Level 1-100 Vest,30556
87,Frostbite,Boxcar Bomber,28610,500 keys,"28,610.00 ref, $872.61",5,misc,Level 1-100 Hat,30546
87,Frostbite,Neckwear Headwear,28610,500 keys,"28,610.00 ref, $872.61",5,misc,Level 1-100 Hat,30307
87,Frostbite,Lucky Shot,28037.8,490 keys,"28,037.80 ref, $855.15",5,misc,Level 1-100 Helmet,701
87,Frostbite,Anger,27522.82,437–525 keys,"27,522.82 ref, $839.45",5,misc,Level 10 Hood,518
87,Frostbite,Das Maddendoktor,27465.6,480 keys,"27,465.60 ref, $837.70",4,misc,Level 1-100 Hair,30121
87,Frostbite,Brigade Helm,25749,450 keys,"25,749.00 ref, $785.34",7,misc,Level 1-100 Helmet,105
87,Frostbite,Das Übersternmann,25749,450 keys,"25,749.00 ref, $785.34",8,misc,Level 1-100 Hat,30097
87,Frostbite,Dread Hiding Hood,25749,450 keys,"25,749.00 ref, $785.34",4,misc,Level 1-100 Hood,1095
87,Frostbite,Soldier's Slope Scopers,25749,450 keys,"25,749.00 ref, $785.34",5,misc,Level 1-100 Hat,980
87,Frostbite,Your Worst Nightmare,25749,450 keys,"25,749.00 ref, $785.34",5,misc,Level 10 Hair,600
87,Frostbite,Coldsnap Cap,24032.4,420 keys,"24,032.40 ref, $732.99",4,misc,Level 1-100 Hat,30542
87,Frostbite,Company Man,23746.3,415 keys,"23,746.30 ref, $724.26",8,misc,Level 10 Hat,523
87,Frostbite,Dr's Dapper Topper,23746.3,415 keys,"23,746.30 ref, $724.26",10,misc,Level 1-100 Hat,252
87,Frostbite,Grimm Hatte,23574.64,380–444 keys,"23,574.64 ref, $719.03",9,misc,Level 1-100 Hat,383
87,Frostbite,Hustler's Hallmark,23460.2,410 keys,"23,460.20 ref, $715.54",4,misc,Level 1-100 Hat,146
87,Frostbite,Swagman's Swatter,23460.2,410 keys,"23,460.20 ref, $715.54",9,misc,Level 10 Hat,626
87,Frostbite,Backwards Ballcap,22888,400 keys,"22,888.00 ref, $698.08",5,misc,Level 10 Hat,617
87,Frostbite,Das Gutenkutteharen,22888,400 keys,"22,888.00 ref, $698.08",5,misc,Level 1-100 Hair,30127
87,Frostbite,Horrific Headsplitter,22830.78,399 keys,"22,830.78 ref, $696.34",4,misc,Level 31 Hat,291
87,Frostbite,Charmer's Chapeau,22029.7,385 keys,"22,029.70 ref, $671.91",7,misc,Level 1-100 Hat,397
87,Frostbite,Deep Cover Operator,21915.26,383 keys,"21,915.26 ref, $668.42",8,misc,Level 1-100 Hat,30375
87,Frostbite,Dragonborn Helmet,21457.5,375 keys,"21,457.50 ref, $654.45",7,misc,Level 10 Helmet,517
87,Frostbite,Tyrantium Helmet,21457.5,375 keys,"21,457.50 ref, $654.45",6,misc,Level 1-100 Helmet,30014
87,Frostbite,Fed-Fightin' Fedora,20885.3,365 keys,"20,885.30 ref, $637.00",10,misc,Level 1-100 Hat,780
87,Frostbite,Hat of Cards,20599.2,360 keys,"20,599.20 ref, $628.28",1,misc,Level 1-100 Hat,825
87,Frostbite,Liquidator's Lid,20599.2,360 keys,"20,599.20 ref, $628.28",2,misc,Level 1-100 Hat,779
87,Frostbite,Slo-Poke,20170.05,305–400 keys,"20,170.05 ref, $615.19",11,misc,Level 1-100 Hat,30314
87,Frostbite,Defiant Spartan,20027,350 keys,"20,027.00 ref, $610.82",5,misc,Level 1-100 Helmet,340
87,Frostbite,Front Runner,20027,350 keys,"20,027.00 ref, $610.82",11,misc,Level 1-100 Hat,760
87,Frostbite,Otolaryngologist's Mirror,20027,350 keys,"20,027.00 ref, $610.82",3,misc,Level 1-100 Hat,104
87,Frostbite,Bear Necessities,19454.8,340 keys,"19,454.80 ref, $593.37",6,misc,Level 1-100 Spirit Animal,30122
87,Frostbite,Honcho's Headgear,19168.7,335 keys,"19,168.70 ref, $584.65",4,misc,Level 1-100 Hat,391
87,Frostbite,Lord Cockswain's Pith Helmet,18310.4,320 keys,"18,310.40 ref, $558.47",5,misc,Level 1-100 Headgear,439
87,Frostbite,Samur-Eye,17852.64,312 keys,"17,852.64 ref, $544.51",6,misc,Level 1-100 Helmet,359
87,Frostbite,Danger,17738.2,310 keys,"17,738.20 ref, $541.02",4,misc,Level 1-100 Apparel,30420
87,Frostbite,Brainiac Hairpiece,17680.98,309 keys,"17,680.98 ref, $539.27",3,misc,Level 1-100 Facial Hair,590
87,Frostbite,Buccaneer's Bicorne,17309.05,260–345 keys,"17,309.05 ref, $527.93",7,misc,Level 10 Hat,607
87,Frostbite,Condor Cap,17166,300 keys,"17,166.00 ref, $523.56",8,misc,Level 1-100 Hat,30553
87,Frostbite,Galvanized Gibus,17166,300 keys,"17,166.00 ref, $523.56",8,misc,Level 1-100 Hat,30003
87,Frostbite,Jumper's Jeepcap,17166,300 keys,"17,166.00 ref, $523.56",7,misc,Level 1-100 Hat,417
87,Frostbite,Pirate Bandana,17166,300 keys,"17,166.00 ref, $523.56",9,misc,Level 1-100 Hat,30180
87,Frostbite,Rebel Rouser,17166,300 keys,"17,166.00 ref, $523.56",7,misc,Level 1-100 Hat,30120
87,Frostbite,Vintage Merryweather,17166,300 keys,"17,166.00 ref, $523.56",6,misc,Level 1-100 Helmet,182
87,Frostbite,Cosa Nostra Cap,16593.8,290 keys,"16,593.80 ref, $506.11",6,misc,Level 1-100 Hat,459
87,Frostbite,Medic's Mountain Cap,16593.8,290 keys,"16,593.80 ref, $506.11",5,misc,Level 1-100 Hat,381
87,Frostbite,Milkman,16593.8,290 keys,"16,593.80 ref, $506.11",4,misc,Level 1-100 Hat,219
87,Frostbite,Brim-Full of Bullets,16479.36,288 keys,"16,479.36 ref, $502.62",13,misc,Level 1-100 Hat,30173
87,Frostbite,Spook Specs,16307.7,255–315 keys,"16,307.70 ref, $497.38",12,misc,Level 1-100 Hat,30390
87,Frostbite,Safe'n'Sound,16250.48,284 keys,"16,250.48 ref, $495.64",5,misc,Level 1-100 Hat,178
87,Frostbite,Modest Metal Pile of Scrap,16021.6,280 keys,"16,021.60 ref, $488.66",2,misc,Level 1-100 Hat,30001
87,Frostbite,Napper's Respite,16021.6,280 keys,"16,021.60 ref, $488.66",5,misc,Level 1-100 Hat,248
87,Frostbite,Wet Works,15878.55,235–320 keys,"15,878.55 ref, $484.30",5,misc,Level 1-100 Hat,30135
87,Frostbite,Industrial Festivizer,15735.5,275 keys,"15,735.50 ref, $479.93",9,misc,Level 1-100 Hat,338
87,Frostbite,Armored Authority,15449.4,270 keys,"15,449.40 ref, $471.21",4,misc,Level 1-100 Helmet,445
87,Frostbite,Black Watch,15449.4,270 keys,"15,449.40 ref, $471.21",6,misc,Level 1-100 Hat,30105
87,Frostbite,Desert Marauder,15163.3,265 keys,"15,163.30 ref, $462.48",9,misc,Level 1-100 Hat,400
87,Frostbite,Glasgow Great Helm,15020.25,250–275 keys,"15,020.25 ref, $458.12",8,misc,Level 1-100 Helmet,30082
87,Frostbite,Crocleather Slouch,14877.2,245–275 keys,"14,877.20 ref, $453.75",12,misc,Level 1-100 Hat,344
87,Frostbite,One-Man Army,14848.59,254–265 keys,"14,848.59 ref, $452.88",6,misc,Level 10 Hair,601
87,Frostbite,Executioner,14591.1,240–270 keys,"14,591.10 ref, $445.03",11,misc,Level 1-100 Hat,921
87,Frostbite,Wraith Wrap,14476.66,253 keys,"14,476.66 ref, $441.54",9,misc,Level 1-100 Apparel,937
87,Frostbite,Bonk Helm,14305,250 keys,"14,305.00 ref, $436.30",5,misc,Level 1-100 Helmet,106
87,Frostbite,Frontier Djustice,14305,250 keys,"14,305.00 ref, $436.30",5,misc,Level 1-100 Hat,30421
87,Frostbite,Soviet Gentleman,14305,250 keys,"14,305.00 ref, $436.30",7,misc,Level 1-100 Hat,821
87,Frostbite,Tartan Tyrolean,14305,250 keys,"14,305.00 ref, $436.30",4,misc,Level 1-100 Hat,30334
87,Frostbite,Texas Ten Gallon,14305,250 keys,"14,305.00 ref, $436.30",4,misc,Level 1-100 Hat,94
87,Frostbite,Virus Doctor,14305,250 keys,"14,305.00 ref, $436.30",11,misc,Level 1-100 Hat,30043
87,Frostbite,Frickin' Sweet Ninja Hood,14247.78,249 keys,"14,247.78 ref, $434.56",11,misc,Level 1-100 Hood,30394
87,Frostbite,Gentleman's Ushanka,14247.78,235–263 keys,"14,247.78 ref, $434.56",7,misc,Level 1-100 Hat,778
87,Frostbite,Modest Pile of Hat,13961.68,213–275 keys,"13,961.68 ref, $425.83",10,misc,Level 1-100 Hat,139
87,Frostbite,Runner's Warm-Up,13503.92,236 keys,"13,503.92 ref, $411.87",6,misc,Level 1-100 Hat,30332
87,Frostbite,Frenchman's Beret,13446.7,235 keys,"13,446.70 ref, $410.12",9,misc,Level 1-100 Hat,180
87,Frostbite,El Jefe,13160.6,230 keys,"13,160.60 ref, $401.40",2,misc,Level 10 Hat,539
87,Frostbite,Full Metal Drill Hat,13160.6,230 keys,"13,160.60 ref, $401.40",2,misc,Level 1-100 Hat,30026
87,Frostbite,Peacenik's Ponytail,13160.6,230 keys,"13,160.60 ref, $401.40",6,misc,Level 1-100 Hair,30406
87,Frostbite,Tartan Spartan,13160.6,230 keys,"13,160.60 ref, $401.40",3,misc,Level 1-100 Helmet,30106
87,Frostbite,Tam O' Shanter,12760.06,223 keys,"12,760.06 ref, $389.18",6,misc,Level 1-100 Hat,480
87,Frostbite,Bone Dome,12588.4,220 keys,"12,588.40 ref, $383.95",5,misc,Level 1-100 Helmet,30162
87,Frostbite,Bunsen Brave,12588.4,220 keys,"12,588.40 ref, $383.95",7,misc,Level 1-100 Hat,30054
87,Frostbite,Chieftain's Challenge,12588.4,200–240 keys,"12,588.40 ref, $383.95",4,misc,Level 1-100 Hat,250
87,Frostbite,Furious Fukaamigasa,12588.4,220 keys,"12,588.40 ref, $383.95",4,misc,Level 1-100 Hat,395
87,Frostbite,Das Naggenvatcher,12445.35,160–275 keys,"12,445.35 ref, $379.58",9,misc,Level 1-100 Hat,30109
87,Frostbite,Tippler's Tricorne,12416.74,217 keys,"12,416.74 ref, $378.71",7,misc,Level 1-100 Hat,179
87,Frostbite,Bonk Boy,12302.3,200–230 keys,"12,302.30 ref, $375.22",4,misc,Level 1-100 Mask,451
87,Frostbite,Scotch Bonnet,12302.3,215 keys,"12,302.30 ref, $375.22",6,misc,Level 1-100 Headgear,306
87,Frostbite,Whoopee Cap,12302.3,215 keys,"12,302.30 ref, $375.22",5,misc,Level 1-100 Hat,174
87,Frostbite,Scotsman's Stove Pipe,12159.25,150–275 keys,"12,159.25 ref, $370.86",10,misc,Level 1-100 Hat,120
87,Frostbite,Attendant,12016.2,200–220 keys,"12,016.20 ref, $366.49",9,misc,Level 1-100 Hat,213
87,Frostbite,Harmburg,12016.2,210 keys,"12,016.20 ref, $366.49",5,misc,Level 1-100 Hat,30123
87,Frostbite,Hottie's Hoodie,12016.2,210 keys,"12,016.20 ref, $366.49",12,misc,Level 1-100 Hood,377
87,Frostbite,Magistrate's Mullet,12016.2,210 keys,"12,016.20 ref, $366.49",2,misc,Level 1-100 Hair,147
87,Frostbite,Ground Control,11958.98,209 keys,"11,958.98 ref, $364.75",7,misc,Level 1-100 Hat,30338
87,Frostbite,Geisha Boy,11873.15,200–215 keys,"11,873.15 ref, $362.13",3,misc,Level 1-100 Hair,363
87,Frostbite,Human Cannonball,11844.54,207 keys,"11,844.54 ref, $361.26",10,misc,Level 1-100 Helmet,817
87,Frostbite,Caribbean Conqueror,11730.1,200–210 keys,"11,730.10 ref, $357.77",5,misc,Level 1-100 Hat,30116
87,Frostbite,Gentleman's Gatsby,11730.1,205 keys,"11,730.10 ref, $357.77",11,misc,Level 1-100 Hat,184
87,Frostbite,Grenadier's Softcap,11730.1,205 keys,"11,730.10 ref, $357.77",5,misc,Level 1-100 Hat,227
87,Frostbite,Powdered Practitioner,11730.1,205 keys,"11,730.10 ref, $357.77",10,misc,Level 1-100 Hat,30069
87,Frostbite,Texas Tin-Gallon,11730.1,205 keys,"11,730.10 ref, $357.77",3,misc,Level 1-100 Hat,30044
87,Frostbite,Tipped Lid,11730.1,160–250 keys,"11,730.10 ref, $357.77",5,misc,Level 1-100 Hat,30425
87,Frostbite,Dark Falkirk Helm,11444,200 keys,"11,444.00 ref, $349.04",6,misc,Level 1-100 Helmet,30357
87,Frostbite,Dead Cone,11444,200 keys,"11,444.00 ref, $349.04",3,misc,Level 1-100 Hat,435
87,Frostbite,Détective Noir,11444,185–215 keys,"11,444.00 ref, $349.04",6,misc,Level 1-100 Hat,319
87,Frostbite,German Gonzila,11444,200 keys,"11,444.00 ref, $349.04",3,misc,Level 1-100 Hat,323
87,Frostbite,Glengarry Bonnet,11444,200 keys,"11,444.00 ref, $349.04",6,misc,Level 1-100 Hat,100
87,Frostbite,Greased Lightning,11444,185–215 keys,"11,444.00 ref, $349.04",10,misc,Level 1-100 Hair,30078
87,Frostbite,Letch's LED,11444,200 keys,"11,444.00 ref, $349.04",5,misc,Level 1-100 Hat,30002
87,Frostbite,Madame Dixie,11444,200 keys,"11,444.00 ref, $349.04",7,misc,Level 1-100 Hat,321
87,Frostbite,Minnesota Slick,11444,200 keys,"11,444.00 ref, $349.04",7,misc,Level 1-100 Hair,30315
87,Frostbite,Pencil Pusher,11444,200 keys,"11,444.00 ref, $349.04",3,misc,Level 10 Hair,605
87,Frostbite,Western Wear,11444,200 keys,"11,444.00 ref, $349.04",3,misc,Level 1-100 Hat,379
87,Frostbite,Backbiter's Billycock,11386.78,199 keys,"11,386.78 ref, $347.30",8,misc,Level 1-100 Hat,108
87,Frostbite,Triboniophorus Tyrannus,11300.95,170–225 keys,"11,300.95 ref, $344.68",6,misc,Level 1-100 Mascot,151
87,Frostbite,Familiar Fez,11100.68,194 keys,"11,100.68 ref, $338.57",9,misc,Level 1-100 Hat,223
87,Frostbite,Belgian Detective,10871.8,165–215 keys,"10,871.80 ref, $331.59",5,misc,Level 1-100 Hat,30128
87,Frostbite,Berliner's Bucket Helm,10871.8,190 keys,"10,871.80 ref, $331.59",4,misc,Level 1-100 Helmet,303
87,Frostbite,Big Country,10871.8,190 keys,"10,871.80 ref, $331.59",5,misc,Level 1-100 Hair,382
87,Frostbite,Data Mining Light,10871.8,180–200 keys,"10,871.80 ref, $331.59",9,misc,Level 1-100 Helmet,30051
87,Frostbite,Professional's Panama,10585.7,185 keys,"10,585.70 ref, $322.86",5,misc,Level 1-100 Hat,109
87,Frostbite,Tough Guy's Toque,10585.7,185 keys,"10,585.70 ref, $322.86",9,misc,Level 1-100 Hat,97
87,Frostbite,Hermes,10442.65,165–200 keys,"10,442.65 ref, $318.50",9,misc,Level 10 Hat,633
87,Frostbite,Gilded Guard,10299.6,180 keys,"10,299.60 ref, $314.14",4,misc,Level 1-100 Helmet,1093
87,Frostbite,Kiss King,10299.6,180 keys,"10,299.60 ref, $314.14",6,misc,Level 1-100 Hat,30313
87,Frostbite,Pardner's Pompadour,10299.6,180 keys,"10,299.60 ref, $314.14",4,misc,Level 1-100 Hair,30099
87,Frostbite,Prancer's Pride,10299.6,180 keys,"10,299.60 ref, $314.14",6,misc,Level 1-100 Hat,318
87,Frostbite,Slick Cut,10299.6,180 keys,"10,299.60 ref, $314.14",16,misc,Level 1-100 Hair,30187
87,Frostbite,Razor Cut,10070.72,176 keys,"10,070.72 ref, $307.16",6,misc,Level 1-100 Hat,30393
87,Frostbite,Bloke's Bucket Hat,9727.4,170 keys,"9,727.40 ref, $296.69",3,misc,Level 1-100 Hat,181
87,Frostbite,Bubble Pipe,9727.4,170 keys,"9,727.40 ref, $296.69",6,misc,Level 1-100 Helmet,597
87,Frostbite,Carouser's Capotain,9441.3,165 keys,"9,441.30 ref, $287.96",4,misc,Level 1-100 Hat,259
87,Frostbite,Coupe D'isaster,9441.3,165 keys,"9,441.30 ref, $287.96",6,misc,Level 1-100 Hair,330
87,Frostbite,Ol' Geezer,9441.3,150–180 keys,"9,441.30 ref, $287.96",3,misc,Level 1-100 Hat,399
87,Frostbite,Rimmed Raincatcher,9441.3,165 keys,"9,441.30 ref, $287.96",7,misc,Level 1-100 Hat,216
87,Frostbite,Bonk Leadwear,9326.86,163 keys,"9,326.86 ref, $284.47",5,misc,Level 1-100 Helmet,30030
87,Frostbite,Infernal Impaler,9012.15,150–165 keys,"9,012.15 ref, $274.87",10,misc,Level 13 Headgear,575
87,Frostbite,Big Chief,8869.1,155 keys,"8,869.10 ref, $270.51",8,misc,Level 1-100 Hat,309
87,Frostbite,Capo's Capper,8869.1,130–180 keys,"8,869.10 ref, $270.51",7,misc,Level 1-100 Hat,427
87,Frostbite,Reggaelator,8869.1,155 keys,"8,869.10 ref, $270.51",8,misc,Level 1-100 Hat,390
87,Frostbite,Towering Pillar of Hats,8869.1,155 keys,"8,869.10 ref, $270.51",8,misc,Level 1-100 Hat,135
87,Frostbite,Bombing Run,8697.44,152 keys,"8,697.44 ref, $265.27",8,misc,Level 1-100 Helmet,249
87,Frostbite,Allbrero,8583,150 keys,"8,583.00 ref, $261.78",8,misc,Level 1-100 Hat,30429
87,Frostbite,Baron von Havenaplane,8583,150 keys,"8,583.00 ref, $261.78",7,misc,Level 1-100 Hat,30136
87,Frostbite,Burning Bandana,8583,150 keys,"8,583.00 ref, $261.78",5,misc,Level 1-100 Bandana,30091
87,Frostbite,Connoisseur's Cap,8583,150 keys,"8,583.00 ref, $261.78",3,misc,Level 1-100 Hat,394
87,Frostbite,Flipped Trilby,8583,150 keys,"8,583.00 ref, $261.78",7,misc,Level 1-100 Hat,324
87,Frostbite,Halogen Head Lamp,8583,150 keys,"8,583.00 ref, $261.78",9,misc,Level 1-100 Hat,30041
87,Frostbite,Pomade Prince,8583,150 keys,"8,583.00 ref, $261.78",6,misc,Level 1-100 Hair,30428
87,Frostbite,Pugilist's Protector,8583,150 keys,"8,583.00 ref, $261.78",3,misc,Level 1-100 Headgear,246
87,Frostbite,Sober Stuntman,8583,150 keys,"8,583.00 ref, $261.78",6,misc,Level 1-100 Helmet,255
87,Frostbite,Fruit Shoot,8296.9,145 keys,"8,296.90 ref, $253.06",5,misc,Level 1-100 Hat,759
87,Frostbite,Pom-Pommed Provocateur,8296.9,130–160 keys,"8,296.90 ref, $253.06",6,misc,Level 1-100 Mask,30072
87,Frostbite,Titanium Tyrolean,8182.46,143 keys,"8,182.46 ref, $249.57",8,misc,Level 1-100 Hat,30045
87,Frostbite,Cloud Crasher,8010.8,140 keys,"8,010.80 ref, $244.33",5,misc,Level 1-100 Helmet,30071
87,Frostbite,Sole Mate,8010.8,140 keys,"8,010.80 ref, $244.33",8,misc,Level 1-100 Hat,30355
87,Frostbite,Stout Shako,8010.8,140 keys,"8,010.80 ref, $244.33",6,misc,Level 1-100 Hat,251
87,Frostbite,Hive Minder,7953.58,139 keys,"7,953.58 ref, $242.58",4,misc,Level 1-100 Hat,30093
87,Frostbite,Firewall Helmet,7724.7,120–150 keys,"7,724.70 ref, $235.60",8,misc,Level 1-100 Helmet,30038
87,Frostbite,L'homme Burglerre,7724.7,135 keys,"7,724.70 ref, $235.60",13,misc,Level 1-100 Hat,30182
87,Frostbite,Master's Yellow Belt,7724.7,120–150 keys,"7,724.70 ref, $235.60",2,misc,Level 1-100 Hat,110
87,Frostbite,Outdoorsman,7581.65,120–145 keys,"7,581.65 ref, $231.24",7,misc,Level 10 Hat,603
87,Frostbite,Ye Oiled Baker Boy,7553.04,132 keys,"7,553.04 ref, $230.37",5,misc,Level 1-100 Hat,30019
87,Frostbite,Combustible Kabuto,7438.6,130 keys,"7,438.60 ref, $226.88",7,misc,Level 1-100 Hat,30418
87,Frostbite,Sammy Cap,7438.6,130 keys,"7,438.60 ref, $226.88",18,misc,Level 1-100 Hat,30374
87,Frostbite,Ze Goggles,7438.6,130 keys,"7,438.60 ref, $226.88",10,misc,Level 1-100 Glasses,177
87,Frostbite,Noble Nickel Amassment of Hats,7324.16,128 keys,"7,324.16 ref, $223.39",10,misc,Level 1-100 Hat,30006
87,Frostbite,Conquistador,7152.5,125 keys,"7,152.50 ref, $218.15",6,misc,Level 1-100 Helmet,721
87,Frostbite,Helmet without a Home,7152.5,125 keys,"7,152.50 ref, $218.15",5,misc,Level 1-100 Helmet,732
87,Frostbite,L'Inspecteur,7152.5,125 keys,"7,152.50 ref, $218.15",7,misc,Level 10 Hat,622
87,Frostbite,Scout Shako,7152.5,125 keys,"7,152.50 ref, $218.15",6,misc,Level 1-100 Hat,30326
87,Frostbite,Teutonic Toque,7152.5,125 keys,"7,152.50 ref, $218.15",8,misc,Level 1-100 Hat,30351
87,Frostbite,Doctor's Sack,6866.4,120 keys,"6,866.40 ref, $209.43",5,misc,Level 1-100 Hat,398
87,Frostbite,Heavy Duty Rag,6866.4,120 keys,"6,866.40 ref, $209.43",9,misc,Level 1-100 Bandana,185
87,Frostbite,Hot Dogger,6866.4,120 keys,"6,866.40 ref, $209.43",6,misc,Level 10 Hat,614
87,Frostbite,Smoking Skid Lid,6866.4,120 keys,"6,866.40 ref, $209.43",7,misc,Level 1-100 Hat,30399
87,Frostbite,Trencher's Topper,6866.4,120 keys,"6,866.40 ref, $209.43",12,misc,Level 1-100 Helmet,30336
87,Frostbite,Valley Forge,6866.4,120 keys,"6,866.40 ref, $209.43",6,misc,Level 1-100 Hat,30114
87,Frostbite,Shooter's Sola Topi,6637.52,116 keys,"6,637.52 ref, $202.44",12,misc,Level 1-100 Helmet,158
87,Frostbite,Flamboyant Flamenco,6580.3,115 keys,"6,580.30 ref, $200.70",3,misc,Level 10 Hat,627
87,Frostbite,Little Buddy,6580.3,115 keys,"6,580.30 ref, $200.70",9,misc,Level 10 Hat,612
87,Frostbite,Nanobalaclava,6580.3,115 keys,"6,580.30 ref, $200.70",11,misc,Level 10 Hat,521
87,Frostbite,Ol' Snaggletooth,6580.3,115 keys,"6,580.30 ref, $200.70",7,misc,Level 1-100 Hat,229
87,Frostbite,Professor's Peculiarity,6580.3,105–125 keys,"6,580.30 ref, $200.70",6,misc,Level 1-100 Hair,384
87,Frostbite,Buckaroo's Hat,6380.03,93–130 keys,"6,380.03 ref, $194.59",7,misc,Level 1-100 Hat,322
87,Frostbite,Katyusha,6351.42,111 keys,"6,351.42 ref, $193.72",4,misc,Level 1-100 Hat,30094
87,Frostbite,Broadband Bonnet,6294.2,110 keys,"6,294.20 ref, $191.97",8,misc,Level 1-100 Hat,30029
87,Frostbite,Base Metal Billycock,6008.1,105 keys,"6,008.10 ref, $183.25",9,misc,Level 1-100 Hat,30007
87,Frostbite,Janissary Ketche,6008.1,105 keys,"6,008.10 ref, $183.25",8,misc,Level 1-100 Hat,437
87,Frostbite,Timeless Topper,5893.66,103 keys,"5,893.66 ref, $179.76",7,misc,Level 1-100 Hat,30035
87,Frostbite,Bolted Birdcage,5779.22,101 keys,"5,779.22 ref, $176.27",5,misc,Level 1-100 Hat,30057
87,Frostbite,Magnificent Mongolian,5779.22,87–115 keys,"5,779.22 ref, $176.27",2,misc,Level 1-100 Hat,313
87,Frostbite,Bolted Bicorne,5722,95–105 keys,"5,722.00 ref, $174.52",10,misc,Level 1-100 Hat,30034
87,Frostbite,Virtual Reality Headset,5722,100 keys,"5,722.00 ref, $174.52",9,misc,Level 10 Headset,628
87,Frostbite,Brain Bucket,5664.78,99 keys,"5,664.78 ref, $172.78",5,misc,Level 1-100 Hat,434
87,Frostbite,Gym Rat,5435.9,95 keys,"5,435.90 ref, $165.79",4,misc,Level 10 Hair,613
87,Frostbite,Officer's Ushanka,5435.9,95 keys,"5,435.90 ref, $165.79",6,misc,Level 1-100 Hat,96
87,Frostbite,Waxy Wayfinder,5378.68,94 keys,"5,378.68 ref, $164.05",4,misc,Level 1-100 Hat,753
87,Frostbite,Das Hazmattenhatten,5321.46,93 keys,"5,321.46 ref, $162.30",2,misc,Level 1-100 Safety Apparatus,30095
87,Frostbite,Respectless Rubber Glove,5264.24,92 keys,"5,264.24 ref, $160.56",12,misc,Level 1-100 Hat,102
87,Frostbite,Sultan's Ceremonial,5264.24,92 keys,"5,264.24 ref, $160.56",11,misc,Level 1-100 Hat,403
87,Frostbite,Birdcage,5149.8,90 keys,"5,149.80 ref, $157.07",9,misc,Level 10 Hat,615
87,Frostbite,Hotrod,5149.8,90 keys,"5,149.80 ref, $157.07",7,misc,Level 1-100 Mask,148
87,Frostbite,Hetman's Headpiece,5092.58,89 keys,"5,092.58 ref, $155.32",4,misc,Level 1-100 Hat,436
87,Frostbite,Cyborg Stunt Helmet,4863.7,85 keys,"4,863.70 ref, $148.34",6,misc,Level 1-100 Helmet,30024
87,Frostbite,Screamin' Eagle,4863.7,85 keys,"4,863.70 ref, $148.34",1,misc,Level 1-100 Hat,30548
87,Frostbite,Plug-In Prospector,4692.04,82 keys,"4,692.04 ref, $143.11",5,misc,Level 1-100 Hat,30031
87,Frostbite,Eliminator's Safeguard,4577.6,70–90 keys,"4,577.60 ref, $139.62",8,misc,Level 1-100 Helmet,30369
87,Frostbite,Employee of the Mmmph,4577.6,80 keys,"4,577.60 ref, $139.62",4,misc,Level 1-100 Hat,30416
87,Frostbite,Heer's Helmet,4577.6,80 keys,"4,577.60 ref, $139.62",4,misc,Level 1-100 Helmet,30378
87,Frostbite,Shooter's Tin Topi,4577.6,80 keys,"4,577.60 ref, $139.62",6,misc,Level 1-100 Hat,30005
87,Frostbite,Whirly Warrior,4548.99,76–83 keys,"4,548.99 ref, $138.74",3,misc,Level 1-100 Helmet,30118
87,Frostbite,FR-0,4491.77,74–83 keys,"4,491.77 ref, $137.00",6,misc,Level 1-100 Hat,30016
87,Frostbite,Larrikin Robin,4434.55,75–80 keys,"4,434.55 ref, $135.25",7,misc,Level 1-100 Hat,314
87,Frostbite,Metal Slug,4234.28,74 keys,"4,234.28 ref, $129.15",3,misc,Level 1-100 Hat,30028
87,Frostbite,Tsarboosh,4119.84,72 keys,"4,119.84 ref, $125.66",10,misc,Level 1-100 Hat,30081
87,Frostbite,Bullet Buzz,4005.4,70 keys,"4,005.40 ref, $122.16",7,misc,Level 1-100 Hair,30344
87,Frostbite,Copper's Hard Top,4005.4,70 keys,"4,005.40 ref, $122.16",4,misc,Level 1-100 Helmet,478
87,Frostbite,Stormin' Norman,4005.4,70 keys,"4,005.40 ref, $122.16",11,misc,Level 1-100 Helmet,30112
87,Frostbite,Old Guadalajara,3948.18,69 keys,"3,948.18 ref, $120.42",8,misc,Level 1-100 Hat,247
87,Frostbite,Pure Tin Capotain,3833.74,67 keys,"3,833.74 ref, $116.93",9,misc,Level 1-100 Hat,30021
87,Frostbite,Hard Counter,3805.13,65–68 keys,"3,805.13 ref, $116.06",7,misc,Level 1-100 Hat,254
87,Frostbite,Bot Dogger,3719.3,65 keys,"3,719.30 ref, $113.44",6,misc,Level 1-100 Hat,30018
87,Frostbite,Pyro's Boron Beanie,3719.3,60–70 keys,"3,719.30 ref, $113.44",7,misc,Level 1-100 Hat,30040
87,Frostbite,Hound Dog,3547.64,62 keys,"3,547.64 ref, $108.20",6,misc,Level 1-100 Hair,145
87,Frostbite,Toy Soldier,3547.64,62 keys,"3,547.64 ref, $108.20",7,misc,Level 1-100 Hat,30316
87,Frostbite,Electric Escorter,3490.42,61 keys,"3,490.42 ref, $106.46",8,misc,Level 1-100 Hat,30025
87,Frostbite,Platinum Pickelhaube,3433.2,60 keys,"3,433.20 ref, $104.71",3,misc,Level 1-100 Helmet,30042
87,Frostbite,Private Eye,3433.2,60 keys,"3,433.20 ref, $104.71",3,misc,Level 1-100 Hat,388
87,Frostbite,Towering Titanium Pillar of Hats,3433.2,60 keys,"3,433.20 ref, $104.71",4,misc,Level 1-100 Hat,30008
87,Frostbite,Respectless Robo-Glove,2975.44,49–55 keys,"2,975.44 ref, $90.75",12,misc,Level 1-100 Hat,30039
87,Frostbite,Cadaver's Cranium,2861,50 keys,"2,861.00 ref, $87.26",11,misc,Level 31 Hat,290
87,Frostbite,Voodoo JuJu (Slight Return),2832.39,49–50 keys,"2,832.39 ref, $86.39",4,misc,Level 1-100 Hat,935
87,Frostbite,Toy Tailor,2746.56,48 keys,"2,746.56 ref, $83.77",8,misc,Level 1-100 Hat,30327
87,Frostbite,Big Elfin Deal,2603.51,41–50 keys,"2,603.51 ref, $79.41",7,misc,Level 1-100 Hat,652
87,Frostbite,Dread Knot,2574.9,45 keys,"2,574.90 ref, $78.53",2,misc,Level 1-100 Hair,358
87,Frostbite,Mann of Reason,2517.68,44 keys,"2,517.68 ref, $76.79",7,misc,Level 1-100 Hat,30318
87,Frostbite,Handyman's Handle,2460.46,40–46 keys,"2,460.46 ref, $75.04",3,misc,Level 1-100 Hat,253
87,Frostbite,Pampered Pyro,2346.02,41 keys,"2,346.02 ref, $71.55",6,misc,Level 1-100 Towel,30139
87,Frostbite,Steel Shako,2288.8,40 keys,"2,288.80 ref, $69.81",3,misc,Level 1-100 Hat,30017
87,Frostbite,Engineer's Cap,1945.48,34 keys,"1,945.48 ref, $59.34",5,misc,Level 1-100 Hat,95
87,Frostbite,Stately Steel Toe,1659.38,28–30 keys,"1,659.38 ref, $50.61",3,misc,Level 1-100 Hat,481
87,Frostbite,Strontium Stove Pipe,1516.33,25–28 keys,"1,516.33 ref, $46.25",3,misc,Level 1-100 Hat,30037
87,Frostbite,Plumber's Pipe,1487.72,24–28 keys,"1,487.72 ref, $45.38",3,misc,Level 1-100 Hat,30022
87,Frostbite,Gridiron Guardian,1430.5,22–28 keys,"1,430.50 ref, $43.63",4,misc,Level 1-100 Helmet,30013
87,Frostbite,Tungsten Toque,1430.5,25 keys,"1,430.50 ref, $43.63",3,misc,Level 1-100 Hat,30049
87,Frostbite,Trash Man,1373.28,24 keys,"1,373.28 ref, $41.89",1,misc,Level 1-100 Hat,30346
87,Frostbite,Bootleg Base Metal Billycock,1230.23,18–25 keys,"1,230.23 ref, $37.52",3,misc,Level 1-100 Hat,30047
87,Frostbite,Fur-Lined Fighter,0,,,5,misc,Level 1-100 Hat,30545
13,Burning Flames,Noh Mercy,1261701,22050 keys,"1,261,701.00 ref, $38481.88",4,misc,Level 1-100 Mask,361
13,Burning Flames,Polar Pullover,572200,10000 keys,"572,200.00 ref, $17452.10",4,misc,Level 1-100 Hat,30329
13,Burning Flames,Team Captain,545735.75,7600–11475 keys,"545,735.75 ref, $16644.94",17,misc,Level 1-100 Hat,378
13,Burning Flames,Antlers,514980,9000 keys,"514,980.00 ref, $15706.89",2,misc,Level 1-100 Cosmetic Item,993
13,Burning Flames,Mask of the Shaman,360486,6300 keys,"360,486.00 ref, $10994.82",1,misc,Level 10 Mask,514
13,Burning Flames,Crown of the Old Kingdom,200270,3500 keys,"200,270.00 ref, $6108.23",3,misc,Level 1-100 Hat,30567
13,Burning Flames,Virtual Viewfinder,200270,3300–3700 keys,"200,270.00 ref, $6108.23",2,misc,Level 1-100 Headset,30140
13,Burning Flames,Class Crown,143050,2500 keys,"143,050.00 ref, $4363.02",1,misc,Level 1-100 Hat,30808
13,Burning Flames,Villain's Veil,140189,2150–2750 keys,"140,189.00 ref, $4275.76",8,misc,Level 1-100 Bandana,393
13,Burning Flames,Exquisite Rack,123023,2150 keys,"123,023.00 ref, $3752.20",47,misc,Level 1-100 Cosmetic Item,339
13,Burning Flames,Wandering Wraith,114440,2000 keys,"114,440.00 ref, $3490.42",4,misc,Level 1-100 Hat,31221
13,Burning Flames,Head Prize,101851.6,1780 keys,"101,851.60 ref, $3106.47",5,misc,Level 1-100 Hat,30838
13,Burning Flames,Bonk Boy,97274,1700 keys,"97,274.00 ref, $2966.86",13,misc,Level 1-100 Mask,451
13,Burning Flames,Blighted Beak,94413,1600–1700 keys,"94,413.00 ref, $2879.60",31,misc,Level 1-100 Mask,315
13,Burning Flames,Soldier's Stash,87260.5,1400–1650 keys,"87,260.50 ref, $2661.45",25,misc,Level 1-100 Cosmetic Item,54
13,Burning Flames,Pyromancer's Mask,85830,1500 keys,"85,830.00 ref, $2617.82",26,misc,Level 1-100 Mask,316
13,Burning Flames,Brainiac Hairpiece,80108,1400 keys,"80,108.00 ref, $2443.29",5,misc,Level 1-100 Facial Hair,590
13,Burning Flames,Master's Yellow Belt,70094.5,1200–1250 keys,"70,094.50 ref, $2137.88",29,misc,Level 1-100 Hat,110
13,Burning Flames,HazMat Headcase,68664,1200 keys,"68,664.00 ref, $2094.25",2,misc,Level 1-100 Mask,783
13,Burning Flames,Large Luchador,68664,1000–1400 keys,"68,664.00 ref, $2094.25",8,misc,Level 1-100 Mask,380
13,Burning Flames,Necroprancer,66375.2,1160 keys,"66,375.20 ref, $2024.44",1,misc,Level 1-100 Antlers,31495
13,Burning Flames,Pencil Pusher,65803,1150 keys,"65,803.00 ref, $2006.99",6,misc,Level 10 Hair,605
13,Burning Flames,Decorated Veteran,62942,1100 keys,"62,942.00 ref, $1919.73",2,misc,Level 1-100 Hat,31261
13,Burning Flames,Mountebank's Masque,62942,1100 keys,"62,942.00 ref, $1919.73",5,misc,Level 1-100 Hat,30573
13,Burning Flames,Baseball Bill's Sports Shine,59508.8,1040 keys,"59,508.80 ref, $1815.02",2,misc,Level 1-100 Cosmetic Item,111
13,Burning Flames,Cat's Pajamas,57220,1000 keys,"57,220.00 ref, $1745.21",12,misc,Level 1-100 Hood,30937
13,Burning Flames,Mining Light,57220,1000 keys,"57,220.00 ref, $1745.21",21,misc,Level 1-100 Cosmetic Item,48
13,Burning Flames,Samur-Eye,57220,1000 keys,"57,220.00 ref, $1745.21",19,misc,Level 1-100 Helmet,359
13,Burning Flames,Killer Exclusive,52356.3,850–980 keys,"52,356.30 ref, $1596.87",94,misc,Level 10 Hat,538
13,Burning Flames,Anger,45776,800 keys,"45,776.00 ref, $1396.17",9,misc,Level 10 Hood,518
13,Burning Flames,Aztec Warrior,45776,800 keys,"45,776.00 ref, $1396.17",3,misc,Level 1-100 Headgear,30879
13,Burning Flames,Gauzed Gaze,45776,800 keys,"45,776.00 ref, $1396.17",9,misc,Level 1-100 Hat,30786
13,Burning Flames,Pyromancer's Hood,45776,700–900 keys,"45,776.00 ref, $1396.17",2,misc,Level 1-100 Hood,30580
13,Burning Flames,Mean Captain,43487.2,760 keys,"43,487.20 ref, $1326.36",22,misc,Level 1-100 Hat,31385
13,Burning Flames,Jungle Wreath,42915,750 keys,"42,915.00 ref, $1308.91",2,misc,Level 1-100 Hat,30882
13,Burning Flames,Badlands Bandido,42171.14,737 keys,"42,171.14 ref, $1286.22",2,misc,Level 1-100 Hat,31488
13,Burning Flames,Bread Heads,41198.4,720 keys,"41,198.40 ref, $1256.55",2,misc,Level 1-100 Hat,31020
13,Burning Flames,Crone's Dome,40568.98,668–750 keys,"40,568.98 ref, $1237.35",92,misc,Level 1-100 Hat,920
13,Burning Flames,Bomber Knight,40054,700 keys,"40,054.00 ref, $1221.65",2,misc,Level 1-100 Helmet,30830
13,Burning Flames,Ritzy Rick's Hair Fixative,40054,700 keys,"40,054.00 ref, $1221.65",9,misc,Level 1-100 Cosmetic Item,117
13,Burning Flames,Toadstool Topper,40054,700 keys,"40,054.00 ref, $1221.65",1,misc,Level 1-100 Hat,30796
13,Burning Flames,Officer's Ushanka,38909.6,680 keys,"38,909.60 ref, $1186.74",33,misc,Level 1-100 Hat,96
13,Burning Flames,War Pig,37765.2,660 keys,"37,765.20 ref, $1151.84",40,misc,Level 1-100 Headgear,829
13,Burning Flames,El Jefe,37307.44,652 keys,"37,307.44 ref, $1137.88",13,misc,Level 10 Hat,539
13,Burning Flames,Duck Billed Hatypus,37193,540–760 keys,"37,193.00 ref, $1134.39",1,misc,Level 1-100 Hat,30700
13,Burning Flames,Whirly Warrior,37193,650 keys,"37,193.00 ref, $1134.39",26,misc,Level 1-100 Helmet,30118
13,Burning Flames,Le Party Phantom,36906.9,550–740 keys,"36,906.90 ref, $1125.66",48,misc,Level 1-100 Mask,337
13,Burning Flames,Tyrant's Helm,36620.8,640 keys,"36,620.80 ref, $1116.93",41,misc,Level 1-100 Helmet,99
13,Burning Flames,Legendary Lid,34846.98,609 keys,"34,846.98 ref, $1062.83",3,misc,Level 1-100 Hat,30868
13,Burning Flames,Flamboyant Flamenco,34332,600 keys,"34,332.00 ref, $1047.13",16,misc,Level 10 Hat,627
13,Burning Flames,Spook Specs,34332,600 keys,"34,332.00 ref, $1047.13",7,misc,Level 1-100 Hat,30390
13,Burning Flames,Patriot Peak,32901.5,500–650 keys,"32,901.50 ref, $1003.50",29,misc,Level 1-100 Hat,30743
13,Burning Flames,Hong Kong Cone,31471,520–580 keys,"31,471.00 ref, $959.87",57,misc,Level 1-100 Hat,30177
13,Burning Flames,White Russian,31471,550 keys,"31,471.00 ref, $959.87",10,misc,Level 1-100 Hair,30644
13,Burning Flames,Killer's Kabuto,30040.5,480–570 keys,"30,040.50 ref, $916.24",27,misc,Level 1-100 Helmet,152
13,Burning Flames,Bone Cone,28896.1,505 keys,"28,896.10 ref, $881.33",1,misc,Level 1-100 Hat,31218
13,Burning Flames,Burning Question,28610,500 keys,"28,610.00 ref, $872.61",22,misc,Level 1-100 Hat,30987
13,Burning Flames,Company Man,28610,500 keys,"28,610.00 ref, $872.61",11,misc,Level 10 Hat,523
13,Burning Flames,Trophy Belt,28610,500 keys,"28,610.00 ref, $872.61",22,misc,Level 1-100 Hat,53
13,Burning Flames,Eliminator's Safeguard,28323.9,495 keys,"28,323.90 ref, $863.88",14,misc,Level 1-100 Helmet,30369
13,Burning Flames,Infernal Impaler,27980.58,489 keys,"27,980.58 ref, $853.41",13,misc,Level 13 Headgear,575
13,Burning Flames,Fortunate Son,27608.65,440–525 keys,"27,608.65 ref, $842.06",8,misc,Level 1-100 Helmet,30636
13,Burning Flames,Peacebreaker,27179.5,475 keys,"27,179.50 ref, $828.97",1,misc,Level 1-100 Helmet,31044
13,Burning Flames,Prince Tavish's Crown,26979.23,454–489 keys,"26,979.23 ref, $822.87",42,misc,Level 1-100 Hat,342
13,Burning Flames,Conjurer's Cowl,26893.4,470 keys,"26,893.40 ref, $820.25",17,misc,Level 1-100 Hood,465
13,Burning Flames,Bonk Beanie,25749,450 keys,"25,749.00 ref, $785.34",3,misc,Level 1-100 Hat,31437
13,Burning Flames,Das Übersternmann,25749,450 keys,"25,749.00 ref, $785.34",15,misc,Level 1-100 Hat,30097
13,Burning Flames,Herald's Helm,25749,450 keys,"25,749.00 ref, $785.34",13,misc,Level 1-100 Helmet,30769
13,Burning Flames,Lil' Bitey,25176.8,440 keys,"25,176.80 ref, $767.89",1,misc,Level 1-100 Hat,30814
13,Burning Flames,Brotherhood of Arms,24862.09,421–448 keys,"24,862.09 ref, $758.29",48,misc,Level 1-100 Hat,30066
13,Burning Flames,Fancy Fedora,24604.6,430 keys,"24,604.60 ref, $750.44",24,misc,Level 1-100 Hat,55
13,Burning Flames,Flash of Inspiration,24604.6,430 keys,"24,604.60 ref, $750.44",1,misc,Level 1-100 Hair,30871
13,Burning Flames,Death Racer's Helmet,24318.5,425 keys,"24,318.50 ref, $741.71",1,misc,Level 1-100 Helmet,30686
13,Burning Flames,Salty Dog,23746.3,380–450 keys,"23,746.30 ref, $724.26",43,misc,Level 10 Hat,611
13,Burning Flames,Soldered Sensei,23746.3,415 keys,"23,746.30 ref, $724.26",1,misc,Level 1-100 Hat,30004
13,Burning Flames,A Hat to Kill For,23488.81,400–421 keys,"23,488.81 ref, $716.41",30,misc,Level 1-100 Hat,30753
13,Burning Flames,Lucky Shot,23345.76,370–446 keys,"23,345.76 ref, $712.05",46,misc,Level 1-100 Helmet,701
13,Burning Flames,Rotation Sensation,23317.15,385–430 keys,"23,317.15 ref, $711.17",39,misc,Level 1-100 Hat,30623
13,Burning Flames,Grimm Hatte,23174.1,405 keys,"23,174.10 ref, $706.81",22,misc,Level 1-100 Hat,383
13,Burning Flames,Close Quarters Cover,22888,400 keys,"22,888.00 ref, $698.08",3,misc,Level 1-100 Hair,31378
13,Burning Flames,Prehistoric Pullover,22888,400 keys,"22,888.00 ref, $698.08",5,misc,Level 1-100 Hood,30704
13,Burning Flames,Scot Bonnet,22888,400 keys,"22,888.00 ref, $698.08",2,misc,Level 1-100 Hat,30604
13,Burning Flames,Siberian Facehugger,22888,400 keys,"22,888.00 ref, $698.08",1,misc,Level 1-100 Hat,30588
13,Burning Flames,Das Hazmattenhatten,22601.9,360–430 keys,"22,601.90 ref, $689.36",2,misc,Level 1-100 Safety Apparatus,30095
13,Burning Flames,Bomber's Bucket Hat,22315.8,380–400 keys,"22,315.80 ref, $680.63",12,misc,Level 1-100 Hat,30547
13,Burning Flames,Brigade Helm,22315.8,380–400 keys,"22,315.80 ref, $680.63",38,misc,Level 1-100 Helmet,105
13,Burning Flames,Wraith Wrap,22315.8,390 keys,"22,315.80 ref, $680.63",17,misc,Level 1-100 Apparel,937
13,Burning Flames,Racc Mann,21886.65,320–445 keys,"21,886.65 ref, $667.54",7,misc,Level 1-100 Mask,31071
13,Burning Flames,Colonel Kringle,21743.6,380 keys,"21,743.60 ref, $663.18",4,misc,Level 1-100 Hat,31325
13,Burning Flames,Hat with No Name,21142.79,340–399 keys,"21,142.79 ref, $644.86",74,misc,Level 10 Hat,631
13,Burning Flames,Texas Ten Gallon,20885.3,365 keys,"20,885.30 ref, $637.00",26,misc,Level 1-100 Hat,94
13,Burning Flames,Mister Bones,20541.98,359 keys,"20,541.98 ref, $626.53",1,misc,Level 1-100 Hat,31059
13,Burning Flames,Hat of Cards,20027,350 keys,"20,027.00 ref, $610.82",14,misc,Level 1-100 Hat,825
13,Burning Flames,Outta Sight,20027,350 keys,"20,027.00 ref, $610.82",5,misc,Level 1-100 Hat,30628
13,Burning Flames,Backwards Ballcap,19883.95,345–350 keys,"19,883.95 ref, $606.46",20,misc,Level 10 Hat,617
13,Burning Flames,Nunhood,19855.34,299–395 keys,"19,855.34 ref, $605.59",14,misc,Level 1-100 Hat,30311
13,Burning Flames,Frag Proof Fragger,19740.9,340–350 keys,"19,740.90 ref, $602.10",11,misc,Level 1-100 Helmet,30979
13,Burning Flames,Armored Authority,19454.8,340 keys,"19,454.80 ref, $593.37",18,misc,Level 1-100 Helmet,445
13,Burning Flames,Dread Hiding Hood,19454.8,340 keys,"19,454.80 ref, $593.37",5,misc,Level 1-100 Hood,1095
13,Burning Flames,Reggaelator,18882.6,330 keys,"18,882.60 ref, $575.92",17,misc,Level 1-100 Hat,390
13,Burning Flames,Sheriff's Stetson,18882.6,330 keys,"18,882.60 ref, $575.92",3,misc,Level 1-100 Hat,30634
13,Burning Flames,Troublemaker's Tossle Cap,18882.6,300–360 keys,"18,882.60 ref, $575.92",42,misc,Level 1-100 Hat,150
13,Burning Flames,Professional's Pom-Pom,18596.5,325 keys,"18,596.50 ref, $567.19",12,misc,Level 1-100 Hat,31170
13,Burning Flames,Glasgow Great Helm,18424.84,322 keys,"18,424.84 ref, $561.96",13,misc,Level 1-100 Helmet,30082
13,Burning Flames,Sergeant's Drill Hat,18024.3,315 keys,"18,024.30 ref, $549.74",28,misc,Level 1-100 Hat,183
13,Burning Flames,Charmer's Chapeau,17852.64,312 keys,"17,852.64 ref, $544.51",16,misc,Level 1-100 Hat,397
13,Burning Flames,Frontier Djustice,17738.2,310 keys,"17,738.20 ref, $541.02",24,misc,Level 1-100 Hat,30421
13,Burning Flames,Hellmet,17738.2,310 keys,"17,738.20 ref, $541.02",3,misc,Level 1-100 Helmet,30708
13,Burning Flames,Cosa Nostra Cap,17166,300 keys,"17,166.00 ref, $523.56",15,misc,Level 1-100 Hat,459
13,Burning Flames,Frickin' Sweet Ninja Hood,17166,300 keys,"17,166.00 ref, $523.56",15,misc,Level 1-100 Hood,30394
13,Burning Flames,Horrific Headsplitter,17166,300 keys,"17,166.00 ref, $523.56",12,misc,Level 31 Hat,291
13,Burning Flames,Seared Sorcerer,17166,300 keys,"17,166.00 ref, $523.56",26,misc,Level 1-100 Hat,31143
13,Burning Flames,Towering Pile of Presents,17166,300 keys,"17,166.00 ref, $523.56",1,misc,Level 1-100 Hat,31173
13,Burning Flames,Hustler's Hallmark,17022.95,275–320 keys,"17,022.95 ref, $519.20",31,misc,Level 1-100 Hat,146
13,Burning Flames,Professional's Ushanka,16937.12,296 keys,"16,937.12 ref, $516.58",2,misc,Level 1-100 Hat,30598
13,Burning Flames,Hat Outta Hell,16879.9,265–325 keys,"16,879.90 ref, $514.84",21,misc,Level 1-100 Hat,31216
13,Burning Flames,Tyrantium Helmet,16822.68,294 keys,"16,822.68 ref, $513.09",15,misc,Level 1-100 Helmet,30014
13,Burning Flames,Stainless Pot,16593.8,270–310 keys,"16,593.80 ref, $506.11",34,misc,Level 1-100 Hat,98
13,Burning Flames,Texas Slim's Dome Shine,16593.8,260–320 keys,"16,593.80 ref, $506.11",7,misc,Level 1-100 Cosmetic Item,118
13,Burning Flames,Vintage Tyrolean,16307.7,285 keys,"16,307.70 ref, $497.38",34,misc,Level 1-100 Hat,101
13,Burning Flames,Batter's Helmet,16021.6,280 keys,"16,021.60 ref, $488.66",20,misc,Level 1-100 Helmet,52
13,Burning Flames,Defragmenting Hard Hat 17%,16021.6,280 keys,"16,021.60 ref, $488.66",5,misc,Level 1-100 Helmet,31011
13,Burning Flames,Nasty Norsemann,16021.6,280 keys,"16,021.60 ref, $488.66",7,misc,Level 1-100 Helmet,30810
13,Burning Flames,Commonwealth Commander,15735.5,275 keys,"15,735.50 ref, $479.93",1,misc,Level 1-100 Helmet,31586
13,Burning Flames,Cranial Carcharodon,15735.5,275 keys,"15,735.50 ref, $479.93",6,misc,Level 1-100 Hat,30800
13,Burning Flames,Das Naggenvatcher,15735.5,220–330 keys,"15,735.50 ref, $479.93",17,misc,Level 1-100 Hat,30109
13,Burning Flames,Starboard Crusader,15735.5,275 keys,"15,735.50 ref, $479.93",21,misc,Level 1-100 Hat,30981
13,Burning Flames,Your Worst Nightmare,15735.5,275 keys,"15,735.50 ref, $479.93",38,misc,Level 10 Hair,600
13,Burning Flames,Well-Rounded Rifleman,15649.67,245–302 keys,"15,649.67 ref, $477.31",104,misc,Level 1-100 Hat,30067
13,Burning Flames,Das Gutenkutteharen,15592.45,270–275 keys,"15,592.45 ref, $475.57",13,misc,Level 1-100 Hair,30127
13,Burning Flames,Cold Killer,15506.62,271 keys,"15,506.62 ref, $472.95",28,misc,Level 1-100 Hat,981
13,Burning Flames,Bruce's Bonnet,15449.4,230–310 keys,"15,449.40 ref, $471.21",1,misc,Level 1-100 Headgear,30627
13,Burning Flames,Tavish DeGroot Experience,15392.18,269 keys,"15,392.18 ref, $469.46",16,misc,Level 10 Hat,604
13,Burning Flames,Shellmet,15163.3,265 keys,"15,163.30 ref, $462.48",28,misc,Level 1-100 Helmet,30897
13,Burning Flames,Starlight Sorcerer,15163.3,250–280 keys,"15,163.30 ref, $462.48",17,misc,Level 1-100 Hat,31294
13,Burning Flames,Black Watch,15020.25,250–275 keys,"15,020.25 ref, $458.12",12,misc,Level 1-100 Hat,30105
13,Burning Flames,Merc's Mohawk,14877.2,260 keys,"14,877.20 ref, $453.75",102,misc,Level 1-100 Hair,30413
13,Burning Flames,Polar Charger,14877.2,260 keys,"14,877.20 ref, $453.75",10,misc,Level 1-100 Hat,31507
13,Burning Flames,Law,14734.15,240–275 keys,"14,734.15 ref, $449.39",41,misc,Level 1-100 Hat,30362
13,Burning Flames,Demoman's Fro,14591.1,240–270 keys,"14,591.10 ref, $445.03",29,misc,Level 1-100 Hair,47
13,Burning Flames,Sophisticated Smoker,14476.66,253 keys,"14,476.66 ref, $441.54",22,misc,Level 1-100 Hat,31106
13,Burning Flames,Dr's Dapper Topper,14333.61,244–257 keys,"14,333.61 ref, $437.18",35,misc,Level 1-100 Hat,252
13,Burning Flames,Danger,14305,250 keys,"14,305.00 ref, $436.30",13,misc,Level 1-100 Apparel,30420
13,Burning Flames,Dragonborn Helmet,14305,250 keys,"14,305.00 ref, $436.30",18,misc,Level 10 Helmet,517
13,Burning Flames,Feathered Fiend,14305,250 keys,"14,305.00 ref, $436.30",3,misc,Level 1-100 Headgear,30903
13,Burning Flames,Front Runner,14305,250 keys,"14,305.00 ref, $436.30",16,misc,Level 1-100 Hat,760
13,Burning Flames,Hunter in Darkness,14305,250 keys,"14,305.00 ref, $436.30",32,misc,Level 1-100 Hat,30877
13,Burning Flames,Mo'Horn,14305,250 keys,"14,305.00 ref, $436.30",2,misc,Level 1-100 Hat,30812
13,Burning Flames,Napper's Respite,14305,250 keys,"14,305.00 ref, $436.30",20,misc,Level 1-100 Hat,248
13,Burning Flames,Old Man Frost,14305,250 keys,"14,305.00 ref, $436.30",3,misc,Level 1-100 Hat,30589
13,Burning Flames,Soviet Gentleman,14076.12,246 keys,"14,076.12 ref, $429.32",6,misc,Level 1-100 Hat,821
13,Burning Flames,Swagman's Swatter,13933.07,215–272 keys,"13,933.07 ref, $424.96",22,misc,Level 10 Hat,626
13,Burning Flames,A Well Wrapped Hat,13732.8,240 keys,"13,732.80 ref, $418.85",24,misc,Level 1-100 Hat,30746
13,Burning Flames,Surgeon's Stahlhelm,13732.8,240 keys,"13,732.80 ref, $418.85",19,misc,Level 10 Helmet,616
13,Burning Flames,Thirst Blood,13732.8,240 keys,"13,732.80 ref, $418.85",46,misc,Level 1-100 Hair,30479
13,Burning Flames,Federal Casemaker,13589.75,235–240 keys,"13,589.75 ref, $414.49",84,misc,Level 1-100 Hat,30119
13,Burning Flames,Fleet Commander,13503.92,236 keys,"13,503.92 ref, $411.87",9,misc,Level 1-100 Hat,31469
13,Burning Flames,Honcho's Headgear,13446.7,230–240 keys,"13,446.70 ref, $410.12",17,misc,Level 1-100 Hat,391
13,Burning Flames,Tippler's Tricorne,13446.7,235 keys,"13,446.70 ref, $410.12",16,misc,Level 1-100 Hat,179
13,Burning Flames,Burning Bandana,13160.6,230 keys,"13,160.60 ref, $401.40",12,misc,Level 1-100 Bandana,30091
13,Burning Flames,Détective Noir,13160.6,230 keys,"13,160.60 ref, $401.40",47,misc,Level 1-100 Hat,319
13,Burning Flames,Scotsman's Stove Pipe,13160.6,230 keys,"13,160.60 ref, $401.40",33,misc,Level 1-100 Hat,120
13,Burning Flames,Screamin' Eagle,13160.6,230 keys,"13,160.60 ref, $401.40",15,misc,Level 1-100 Hat,30548
13,Burning Flames,Woolen Warmer,13160.6,230 keys,"13,160.60 ref, $401.40",16,misc,Level 1-100 Hat,30833
13,Burning Flames,Ye Olde Baker Boy,13160.6,230 keys,"13,160.60 ref, $401.40",33,misc,Level 1-100 Hat,107
13,Burning Flames,Punk's Pomp,13046.16,228 keys,"13,046.16 ref, $397.91",23,misc,Level 1-100 Hair,30993
13,Burning Flames,Tundra Top,12988.94,227 keys,"12,988.94 ref, $396.16",130,misc,Level 1-100 Hat,30976
13,Burning Flames,Burning Beanie,12874.5,210–240 keys,"12,874.50 ref, $392.67",26,misc,Level 1-100 Hat,30936
13,Burning Flames,Chill Chullo,12874.5,210–240 keys,"12,874.50 ref, $392.67",38,misc,Level 1-100 Hat,30748
13,Burning Flames,Head Warmer,12874.5,225 keys,"12,874.50 ref, $392.67",20,misc,Level 1-100 Hat,644
13,Burning Flames,Hotrod,12874.5,225 keys,"12,874.50 ref, $392.67",31,misc,Level 1-100 Mask,148
13,Burning Flames,Rebel Rouser,12874.5,180–270 keys,"12,874.50 ref, $392.67",16,misc,Level 1-100 Hat,30120
13,Burning Flames,Furious Fukaamigasa,12702.84,222 keys,"12,702.84 ref, $387.44",20,misc,Level 1-100 Hat,395
13,Burning Flames,Vintage Merryweather,12588.4,220 keys,"12,588.40 ref, $383.95",31,misc,Level 1-100 Helmet,182
13,Burning Flames,Thousand-Yard Stare,12531.18,210–228 keys,"12,531.18 ref, $382.20",66,misc,Level 1-100 Hat,31200
13,Burning Flames,Jumper's Jeepcap,12416.74,217 keys,"12,416.74 ref, $378.71",23,misc,Level 1-100 Hat,417
13,Burning Flames,Pirate Bandana,12416.74,214–220 keys,"12,416.74 ref, $378.71",25,misc,Level 1-100 Hat,30180
13,Burning Flames,Familiar Fez,12302.3,215 keys,"12,302.30 ref, $375.22",12,misc,Level 1-100 Hat,223
13,Burning Flames,Prussian Pickelhaube,12302.3,215 keys,"12,302.30 ref, $375.22",18,misc,Level 1-100 Helmet,50
13,Burning Flames,Tough Stuff Muffs,12073.42,211 keys,"12,073.42 ref, $368.24",38,misc,Level 1-100 Hat,984
13,Burning Flames,Bubble Pipe,12016.2,210 keys,"12,016.20 ref, $366.49",13,misc,Level 1-100 Helmet,597
13,Burning Flames,Coldfront Commander,12016.2,210 keys,"12,016.20 ref, $366.49",20,misc,Level 1-100 Hat,30939
13,Burning Flames,Dayjogger,12016.2,210 keys,"12,016.20 ref, $366.49",12,misc,Level 1-100 Hat,30779
13,Burning Flames,Desert Marauder,12016.2,200–220 keys,"12,016.20 ref, $366.49",18,misc,Level 1-100 Hat,400
13,Burning Flames,Cotton Head,11730.1,200–210 keys,"11,730.10 ref, $357.77",118,misc,Level 1-100 Hat,30175
13,Burning Flames,Pomade Prince,11558.44,202 keys,"11,558.44 ref, $352.53",11,misc,Level 1-100 Hair,30428
13,Burning Flames,Flamehawk,11444,200 keys,"11,444.00 ref, $349.04",4,misc,Level 1-100 Hair,31107
13,Burning Flames,Heer's Helmet,11444,200 keys,"11,444.00 ref, $349.04",11,misc,Level 1-100 Helmet,30378
13,Burning Flames,Surgeon's Shako,11444,200 keys,"11,444.00 ref, $349.04",1,misc,Level 1-100 Hat,30596
13,Burning Flames,Professional's Panama,11386.78,148–250 keys,"11,386.78 ref, $347.30",26,misc,Level 1-100 Hat,109
13,Burning Flames,Slo-Poke,11358.17,175–222 keys,"11,358.17 ref, $346.42",14,misc,Level 1-100 Hat,30314
13,Burning Flames,Brimmed Bootlegger,11157.9,195 keys,"11,157.90 ref, $340.32",15,misc,Level 1-100 Hat,31366
13,Burning Flames,Capo's Capper,11157.9,195 keys,"11,157.90 ref, $340.32",14,misc,Level 1-100 Hat,427
13,Burning Flames,Brand Loyalist,10871.8,185–195 keys,"10,871.80 ref, $331.59",8,misc,Level 1-100 Hat,31443
13,Burning Flames,Crit Cloak,10871.8,190 keys,"10,871.80 ref, $331.59",20,misc,Level 1-100 Hood,30899
13,Burning Flames,Hound Dog,10871.8,190 keys,"10,871.80 ref, $331.59",36,misc,Level 1-100 Hair,145
13,Burning Flames,Medic's Mountain Cap,10871.8,155–225 keys,"10,871.80 ref, $331.59",15,misc,Level 1-100 Hat,381
13,Burning Flames,Modest Pile of Hat,10871.8,170–210 keys,"10,871.80 ref, $331.59",77,misc,Level 1-100 Hat,139
13,Burning Flames,Whoopee Cap,10871.8,190 keys,"10,871.80 ref, $331.59",25,misc,Level 1-100 Hat,174
13,Burning Flames,Brown Bomber,10728.75,185–190 keys,"10,728.75 ref, $327.23",59,misc,Level 1-100 Hat,671
13,Burning Flames,Gentleman's Ushanka,10700.14,175–199 keys,"10,700.14 ref, $326.35",16,misc,Level 1-100 Hat,778
13,Burning Flames,Classy Capper,10642.92,182–190 keys,"10,642.92 ref, $324.61",27,misc,Level 1-100 Hat,30893
13,Burning Flames,Condor Cap,10585.7,185 keys,"10,585.70 ref, $322.86",9,misc,Level 1-100 Hat,30553
13,Burning Flames,Fed-Fightin' Fedora,10585.7,185 keys,"10,585.70 ref, $322.86",14,misc,Level 1-100 Hat,780
13,Burning Flames,Galvanized Gibus,10585.7,175–195 keys,"10,585.70 ref, $322.86",94,misc,Level 1-100 Hat,30003
13,Burning Flames,Cloud Crasher,10471.26,183 keys,"10,471.26 ref, $319.37",14,misc,Level 1-100 Helmet,30071
13,Burning Flames,Blast Defense,10356.82,181 keys,"10,356.82 ref, $315.88",106,misc,Level 1-100 Headgear,30863
13,Burning Flames,Das Maddendoktor,10328.21,140–221 keys,"10,328.21 ref, $315.01",15,misc,Level 1-100 Hair,30121
13,Burning Flames,Alakablamicon,10299.6,180 keys,"10,299.60 ref, $314.14",8,misc,Level 1-100 Hat,31215
13,Burning Flames,Brim-Full of Bullets,10299.6,180 keys,"10,299.60 ref, $314.14",14,misc,Level 1-100 Hat,30173
13,Burning Flames,Connoisseur's Cap,10299.6,180 keys,"10,299.60 ref, $314.14",12,misc,Level 1-100 Hat,394
13,Burning Flames,Flipped Trilby,10299.6,180 keys,"10,299.60 ref, $314.14",39,misc,Level 1-100 Hat,324
13,Burning Flames,Greased Lightning,10299.6,180 keys,"10,299.60 ref, $314.14",17,misc,Level 1-100 Hair,30078
13,Burning Flames,Skullbrero,10299.6,180 keys,"10,299.60 ref, $314.14",8,misc,Level 1-100 Hat,31066
13,Burning Flames,Universal Translator,10299.6,180 keys,"10,299.60 ref, $314.14",52,misc,Level 1-100 Hat,30658
13,Burning Flames,Vampire Vanquisher,10299.6,180 keys,"10,299.60 ref, $314.14",13,misc,Level 1-100 Hat,31003
13,Burning Flames,Virus Doctor,10299.6,180 keys,"10,299.60 ref, $314.14",17,misc,Level 1-100 Hat,30043
13,Burning Flames,Fire Fighter,10185.16,178 keys,"10,185.16 ref, $310.65",18,misc,Level 1-100 Hair,31108
13,Burning Flames,Scotch Bonnet,10185.16,156–200 keys,"10,185.16 ref, $310.65",23,misc,Level 1-100 Headgear,306
13,Burning Flames,Bumble Beenie,10127.94,171–183 keys,"10,127.94 ref, $308.90",23,misc,Level 1-100 Hat,31085
13,Burning Flames,Vive la France,10099.33,165–188 keys,"10,099.33 ref, $308.03",68,misc,Level 1-100 Hat,30422
13,Burning Flames,Minnesota Slick,10013.5,175 keys,"10,013.50 ref, $305.41",15,misc,Level 1-100 Hair,30315
13,Burning Flames,Nuke,9956.28,145–203 keys,"9,956.28 ref, $303.67",20,misc,Level 1-100 Hair,30885
13,Burning Flames,Hermes,9870.45,165–180 keys,"9,870.45 ref, $301.05",18,misc,Level 10 Hat,633
13,Burning Flames,Teutonic Toque,9870.45,140–205 keys,"9,870.45 ref, $301.05",8,misc,Level 1-100 Hat,30351
13,Burning Flames,Triboniophorus Gentlemannus,9841.84,172 keys,"9,841.84 ref, $300.18",9,misc,Level 1-100 Hat,31470
13,Burning Flames,Boxcar Bomber,9727.4,170 keys,"9,727.40 ref, $296.69",46,misc,Level 1-100 Hat,30546
13,Burning Flames,Brim of Fire,9727.4,170 keys,"9,727.40 ref, $296.69",58,misc,Level 1-100 Hat,31185
13,Burning Flames,Buccaneer's Bicorne,9727.4,170 keys,"9,727.40 ref, $296.69",32,misc,Level 10 Hat,607
13,Burning Flames,Executioner,9727.4,170 keys,"9,727.40 ref, $296.69",44,misc,Level 1-100 Hat,921
13,Burning Flames,Heavy Duty Rag,9727.4,170 keys,"9,727.40 ref, $296.69",30,misc,Level 1-100 Bandana,185
13,Burning Flames,Lord Cockswain's Pith Helmet,9727.4,170 keys,"9,727.40 ref, $296.69",13,misc,Level 1-100 Headgear,439
13,Burning Flames,One-Man Army,9727.4,170 keys,"9,727.40 ref, $296.69",10,misc,Level 10 Hair,601
13,Burning Flames,Physician's Protector,9727.4,170 keys,"9,727.40 ref, $296.69",4,misc,Level 1-100 Helmet,30625
13,Burning Flames,Wet Works,9698.79,169–170 keys,"9,698.79 ref, $295.81",24,misc,Level 1-100 Hat,30135
13,Burning Flames,Defiant Spartan,9612.96,168 keys,"9,612.96 ref, $293.20",46,misc,Level 1-100 Helmet,340
13,Burning Flames,Cleaner's Cap,9441.3,165 keys,"9,441.30 ref, $287.96",2,misc,Level 1-100 Hat,31376
13,Burning Flames,Deep Cover Operator,9412.69,164–165 keys,"9,412.69 ref, $287.09",42,misc,Level 1-100 Hat,30375
13,Burning Flames,Tartan Spartan,9384.08,164 keys,"9,384.08 ref, $286.21",19,misc,Level 1-100 Helmet,30106
13,Burning Flames,Breach and Bomb,9298.25,130–195 keys,"9,298.25 ref, $283.60",15,misc,Level 1-100 Hat,31113
13,Burning Flames,Field Practice,9298.25,150–175 keys,"9,298.25 ref, $283.60",106,misc,Level 1-100 Headgear,30862
13,Burning Flames,Reindoonibeanie,9269.64,145–179 keys,"9,269.64 ref, $282.72",20,misc,Level 1-100 Hat,31171
13,Burning Flames,Gilded Guard,9241.03,159–164 keys,"9,241.03 ref, $281.85",5,misc,Level 1-100 Helmet,1093
13,Burning Flames,Geisha Boy,9212.42,152–170 keys,"9,212.42 ref, $280.98",13,misc,Level 1-100 Hair,363
13,Burning Flames,A Handsome Handy Thing,9155.2,160 keys,"9,155.20 ref, $279.23",11,misc,Level 1-100 Handsome Hand,31129
13,Burning Flames,Chieftain's Challenge,9155.2,160 keys,"9,155.20 ref, $279.23",36,misc,Level 1-100 Hat,250
13,Burning Flames,Clue Hairdo,9155.2,160 keys,"9,155.20 ref, $279.23",10,misc,Level 1-100 Hair,31425
13,Burning Flames,Gnome Dome,9155.2,160 keys,"9,155.20 ref, $279.23",14,misc,Level 1-100 Hat,31242
13,Burning Flames,Texas Tin-Gallon,9155.2,160 keys,"9,155.20 ref, $279.23",12,misc,Level 1-100 Hat,30044
13,Burning Flames,Winter Woodsman,9155.2,160 keys,"9,155.20 ref, $279.23",70,misc,Level 1-100 Hat,30549
13,Burning Flames,Glengarry Bonnet,9097.98,159 keys,"9,097.98 ref, $277.49",32,misc,Level 1-100 Hat,100
13,Burning Flames,Peacenik's Ponytail,8983.54,157 keys,"8,983.54 ref, $274.00",9,misc,Level 1-100 Hair,30406
13,Burning Flames,Berlin Brain Bowl,8926.32,156 keys,"8,926.32 ref, $272.25",44,misc,Level 1-100 Headgear,30755
13,Burning Flames,Crocleather Slouch,8897.71,146–165 keys,"8,897.71 ref, $271.38",14,misc,Level 1-100 Hat,344
13,Burning Flames,Bare Necessities,8869.1,155 keys,"8,869.10 ref, $270.51",2,misc,Level 1-100 Hat,31054
13,Burning Flames,Antarctic Eyewear,8783.27,152–155 keys,"8,783.27 ref, $267.89",62,misc,Level 1-100 Apparel,30977
13,Burning Flames,Bear Necessities,8754.66,153 keys,"8,754.66 ref, $267.02",22,misc,Level 1-100 Spirit Animal,30122
13,Burning Flames,Smokey Sombrero,8697.44,152 keys,"8,697.44 ref, $265.27",5,misc,Level 1-100 Hat,30682
13,Burning Flames,Coldsnap Cap,8611.61,140–161 keys,"8,611.61 ref, $262.65",98,misc,Level 1-100 Hat,30542
13,Burning Flames,Allbrero,8583,150 keys,"8,583.00 ref, $261.78",10,misc,Level 1-100 Hat,30429
13,Burning Flames,Attendant,8583,150 keys,"8,583.00 ref, $261.78",25,misc,Level 1-100 Hat,213
13,Burning Flames,Aztec Aggressor,8583,150 keys,"8,583.00 ref, $261.78",6,misc,Level 1-100 Headgear,30914
13,Burning Flames,Big Topper,8583,150 keys,"8,583.00 ref, $261.78",2,misc,Level 1-100 Hat,30798
13,Burning Flames,Bobby Bonnet,8583,150 keys,"8,583.00 ref, $261.78",8,misc,Level 1-100 Hat,31057
13,Burning Flames,Conquistador,8583,150 keys,"8,583.00 ref, $261.78",19,misc,Level 1-100 Helmet,721
13,Burning Flames,Football Helmet,8583,150 keys,"8,583.00 ref, $261.78",23,misc,Level 1-100 Helmet,49
13,Burning Flames,Ground Control,8583,150 keys,"8,583.00 ref, $261.78",22,misc,Level 1-100 Hat,30338
13,Burning Flames,Pardner's Pompadour,8583,150 keys,"8,583.00 ref, $261.78",10,misc,Level 1-100 Hair,30099
13,Burning Flames,Towering Patch of Pumpkins,8583,150 keys,"8,583.00 ref, $261.78",1,misc,Level 1-100 Hat,31210
13,Burning Flames,Ze Goggles,8583,150 keys,"8,583.00 ref, $261.78",33,misc,Level 1-100 Glasses,177
13,Burning Flames,Neckwear Headwear,8525.78,149 keys,"8,525.78 ref, $260.04",37,misc,Level 1-100 Hat,30307
13,Burning Flames,Headhunter's Brim,8439.95,145–150 keys,"8,439.95 ref, $257.42",7,misc,Level 1-100 Hat,31313
13,Burning Flames,Lumbercap,8411.34,147 keys,"8,411.34 ref, $256.55",10,misc,Level 1-100 Hat,31326
13,Burning Flames,Bunsen Brave,8296.9,145 keys,"8,296.90 ref, $253.06",12,misc,Level 1-100 Hat,30054
13,Burning Flames,Liquidator's Lid,8296.9,145 keys,"8,296.90 ref, $253.06",16,misc,Level 1-100 Hat,779
13,Burning Flames,Razor Cut,8296.9,145 keys,"8,296.90 ref, $253.06",7,misc,Level 1-100 Hat,30393
13,Burning Flames,Tam O' Shanter,8296.9,140–150 keys,"8,296.90 ref, $253.06",21,misc,Level 1-100 Hat,480
13,Burning Flames,Sightseer,8153.85,140–145 keys,"8,153.85 ref, $248.69",3,misc,Level 1-100 Hat,31404
13,Burning Flames,Valley Forge,8068.02,141 keys,"8,068.02 ref, $246.07",14,misc,Level 1-100 Hat,30114
13,Burning Flames,Backbiter's Billycock,8010.8,140 keys,"8,010.80 ref, $244.33",40,misc,Level 1-100 Hat,108
13,Burning Flames,Hottie's Hoodie,8010.8,140 keys,"8,010.80 ref, $244.33",17,misc,Level 1-100 Hood,377
13,Burning Flames,Monsieur Grenouille,8010.8,140 keys,"8,010.80 ref, $244.33",4,misc,Level 1-100 Mascot,31280
13,Burning Flames,Plaid Lad,8010.8,140 keys,"8,010.80 ref, $244.33",16,misc,Level 1-100 Hat,31341
13,Burning Flames,Respectless Rubber Glove,8010.8,140 keys,"8,010.80 ref, $244.33",40,misc,Level 1-100 Hat,102
13,Burning Flames,Safe'n'Sound,7953.58,139 keys,"7,953.58 ref, $242.58",29,misc,Level 1-100 Hat,178
13,Burning Flames,Triboniophorus Tyrannus,7953.58,139 keys,"7,953.58 ref, $242.58",28,misc,Level 1-100 Mascot,151
13,Burning Flames,Buck's Brim,7724.7,135 keys,"7,724.70 ref, $235.60",4,misc,Level 1-100 Hat,31514
13,Burning Flames,More Gun Marshal,7724.7,135 keys,"7,724.70 ref, $235.60",40,misc,Level 1-100 Hat,31298
13,Burning Flames,Soldier's Slope Scopers,7724.7,135 keys,"7,724.70 ref, $235.60",20,misc,Level 1-100 Hat,980
13,Burning Flames,Harmburg,7638.87,133–134 keys,"7,638.87 ref, $232.99",19,misc,Level 1-100 Hat,30123
13,Burning Flames,Professor's Peculiarity,7581.65,128–137 keys,"7,581.65 ref, $231.24",11,misc,Level 1-100 Hair,384
13,Burning Flames,Battle Boonie,7553.04,132 keys,"7,553.04 ref, $230.37",21,misc,Level 1-100 Hat,30907
13,Burning Flames,Horror Shawl,7553.04,132 keys,"7,553.04 ref, $230.37",14,misc,Level 1-100 Hat,31304
13,Burning Flames,Brain Bucket,7495.82,131 keys,"7,495.82 ref, $228.62",23,misc,Level 1-100 Hat,434
13,Burning Flames,Big Country,7438.6,130 keys,"7,438.60 ref, $226.88",26,misc,Level 1-100 Hair,382
13,Burning Flames,Dark Falkirk Helm,7438.6,120–140 keys,"7,438.60 ref, $226.88",74,misc,Level 1-100 Helmet,30357
13,Burning Flames,Frenchman's Beret,7438.6,130 keys,"7,438.60 ref, $226.88",22,misc,Level 1-100 Hat,180
13,Burning Flames,Metal Slug,7438.6,130 keys,"7,438.60 ref, $226.88",15,misc,Level 1-100 Hat,30028
13,Burning Flames,Milkman,7438.6,130 keys,"7,438.60 ref, $226.88",14,misc,Level 1-100 Hat,219
13,Burning Flames,Smoking Skid Lid,7438.6,130 keys,"7,438.60 ref, $226.88",8,misc,Level 1-100 Hat,30399
13,Burning Flames,California Cap,7381.38,129 keys,"7,381.38 ref, $225.13",23,misc,Level 1-100 Hat,31117
13,Burning Flames,Bonk Helm,7324.16,128 keys,"7,324.16 ref, $223.39",31,misc,Level 1-100 Helmet,106
13,Burning Flames,Otolaryngologist's Mirror,7324.16,122–134 keys,"7,324.16 ref, $223.39",27,misc,Level 1-100 Hat,104
13,Burning Flames,Wanderer's Wool,7209.72,126 keys,"7,209.72 ref, $219.90",20,misc,Level 1-100 Hat,31419
13,Burning Flames,Lawnmaker,7152.5,125 keys,"7,152.50 ref, $218.15",7,misc,Level 1-100 Hat,31272
13,Burning Flames,Tipped Lid,7152.5,120–130 keys,"7,152.50 ref, $218.15",52,misc,Level 1-100 Hat,30425
13,Burning Flames,Voodoo JuJu (Slight Return),7152.5,125 keys,"7,152.50 ref, $218.15",30,misc,Level 1-100 Hat,935
13,Burning Flames,German Gonzila,7038.06,123 keys,"7,038.06 ref, $214.66",42,misc,Level 1-100 Hat,323
13,Burning Flames,Millennial Mercenary,7038.06,123 keys,"7,038.06 ref, $214.66",5,misc,Level 1-100 Hair,31023
13,Burning Flames,Waxy Wayfinder,6923.62,121 keys,"6,923.62 ref, $211.17",13,misc,Level 1-100 Hat,753
13,Burning Flames,Bone Dome,6866.4,115–125 keys,"6,866.40 ref, $209.43",9,misc,Level 1-100 Helmet,30162
13,Burning Flames,Commonwealth Commando,6866.4,120 keys,"6,866.40 ref, $209.43",9,misc,Level 1-100 Hat,31459
13,Burning Flames,Dumb Bell,6866.4,120 keys,"6,866.40 ref, $209.43",5,misc,Level 1-100 Bell,31035
13,Burning Flames,Fruit Shoot,6866.4,120 keys,"6,866.40 ref, $209.43",20,misc,Level 1-100 Hat,759
13,Burning Flames,Hazard Headgear,6866.4,120 keys,"6,866.40 ref, $209.43",11,misc,Level 1-100 Hat,31115
13,Burning Flames,Hollowed Helm,6866.4,110–130 keys,"6,866.40 ref, $209.43",24,misc,Level 1-100 Hat,31128
13,Burning Flames,L'Inspecteur,6866.4,120 keys,"6,866.40 ref, $209.43",19,misc,Level 10 Hat,622
13,Burning Flames,Murderer's Motif,6866.4,115–125 keys,"6,866.40 ref, $209.43",34,misc,Level 1-100 Hat,31016
13,Burning Flames,Ol' Reliable,6866.4,120 keys,"6,866.40 ref, $209.43",7,misc,Level 1-100 Helmet,31345
13,Burning Flames,Surgeon General,6866.4,90–150 keys,"6,866.40 ref, $209.43",2,misc,Level 1-100 Hat,31476
13,Burning Flames,Wing Mann,6866.4,120 keys,"6,866.40 ref, $209.43",4,misc,Level 1-100 Hat,30809
13,Burning Flames,Aviator Assassin,6751.96,118 keys,"6,751.96 ref, $205.93",11,misc,Level 1-100 Hat,30404
13,Burning Flames,Big Chief,6723.35,115–120 keys,"6,723.35 ref, $205.06",21,misc,Level 1-100 Hat,309
13,Burning Flames,Brass Bucket,6694.74,115–119 keys,"6,694.74 ref, $204.19",32,misc,Level 1-100 Helmet,30969
13,Burning Flames,Pithy Professional,6694.74,117 keys,"6,694.74 ref, $204.19",17,misc,Level 1-100 Hat,30915
13,Burning Flames,Full Metal Drill Hat,6637.52,116 keys,"6,637.52 ref, $202.44",21,misc,Level 1-100 Hat,30026
13,Burning Flames,Partizan,6637.52,116 keys,"6,637.52 ref, $202.44",18,misc,Level 1-100 Hat,31329
13,Burning Flames,Gym Rat,6580.3,115 keys,"6,580.30 ref, $200.70",8,misc,Level 10 Hair,613
13,Burning Flames,Madame Dixie,6580.3,105–125 keys,"6,580.30 ref, $200.70",37,misc,Level 1-100 Hat,321
13,Burning Flames,Private Eye,6580.3,115 keys,"6,580.30 ref, $200.70",17,misc,Level 1-100 Hat,388
13,Burning Flames,Rimmed Raincatcher,6580.3,115 keys,"6,580.30 ref, $200.70",16,misc,Level 1-100 Hat,216
13,Burning Flames,Voodoo Vizier,6580.3,110–120 keys,"6,580.30 ref, $200.70",14,misc,Level 1-100 Hat,31072
13,Burning Flames,Reel Fly Hat,6551.69,110–119 keys,"6,551.69 ref, $199.83",60,misc,Level 1-100 Hat,31186
13,Burning Flames,Titanium Tyrolean,6551.69,109–120 keys,"6,551.69 ref, $199.83",10,misc,Level 1-100 Hat,30045
13,Burning Flames,Giftcrafter,6465.86,113 keys,"6,465.86 ref, $197.21",13,misc,Level 1-100 Hat,31246
13,Burning Flames,Employee of the Mmmph,6437.25,109–116 keys,"6,437.25 ref, $196.34",12,misc,Level 1-100 Hat,30416
13,Burning Flames,Slick Cut,6437.25,105–120 keys,"6,437.25 ref, $196.34",21,misc,Level 1-100 Hair,30187
13,Burning Flames,El Zapateador,6351.42,111 keys,"6,351.42 ref, $193.72",5,misc,Level 1-100 Hat,31069
13,Burning Flames,Barnstormer,6294.2,110 keys,"6,294.20 ref, $191.97",38,misc,Level 1-100 Hat,988
13,Burning Flames,Bottle Cap,6294.2,100–120 keys,"6,294.20 ref, $191.97",15,misc,Level 1-100 Hat,31042
13,Burning Flames,Caribbean Conqueror,6294.2,110 keys,"6,294.20 ref, $191.97",7,misc,Level 1-100 Hat,30116
13,Burning Flames,Combustible Kabuto,6294.2,110 keys,"6,294.20 ref, $191.97",11,misc,Level 1-100 Hat,30418
13,Burning Flames,Dancing Doe,6294.2,110 keys,"6,294.20 ref, $191.97",24,misc,Level 1-100 Bandana,31045
13,Burning Flames,Feathered Foe,6294.2,95–125 keys,"6,294.20 ref, $191.97",4,misc,Level 1-100 Hat,31559
13,Burning Flames,Grenadier's Softcap,6294.2,110 keys,"6,294.20 ref, $191.97",13,misc,Level 1-100 Hat,227
13,Burning Flames,Squatter's Right,6294.2,110 keys,"6,294.20 ref, $191.97",9,misc,Level 1-100 Hat,31267
13,Burning Flames,Sultan's Ceremonial,6294.2,110 keys,"6,294.20 ref, $191.97",20,misc,Level 1-100 Hat,403
13,Burning Flames,Professor Photon,6179.76,108 keys,"6,179.76 ref, $188.48",6,misc,Level 1-100 Hair,31569
13,Burning Flames,El Fiestibrero,6151.15,105–110 keys,"6,151.15 ref, $187.61",28,misc,Level 1-100 Hat,31241
13,Burning Flames,Tartan Tyrolean,6151.15,100–115 keys,"6,151.15 ref, $187.61",22,misc,Level 1-100 Hat,30334
13,Burning Flames,Impact Impaler,6093.93,100–113 keys,"6,093.93 ref, $185.86",42,misc,Level 1-100 Helmet,31432
13,Burning Flames,Soda Cap,6065.32,106 keys,"6,065.32 ref, $184.99",3,misc,Level 1-100 Hat,31265
13,Burning Flames,Belgian Detective,6008.1,105 keys,"6,008.10 ref, $183.25",10,misc,Level 1-100 Hat,30128
13,Burning Flames,Berliner's Bucket Helm,6008.1,105 keys,"6,008.10 ref, $183.25",19,misc,Level 1-100 Helmet,303
13,Burning Flames,Vaudeville Visor,6008.1,100–110 keys,"6,008.10 ref, $183.25",7,misc,Level 1-100 Helmet,31461
13,Burning Flames,Hot Spaniel,5865.05,85–120 keys,"5,865.05 ref, $178.88",26,misc,Level 1-100 Hat,31497
13,Burning Flames,Sir Pumpkinton,5865.05,85–120 keys,"5,865.05 ref, $178.88",4,misc,Level 1-100 Hat,31131
13,Burning Flames,Letch's LED,5836.44,102 keys,"5,836.44 ref, $178.01",23,misc,Level 1-100 Hat,30002
13,Burning Flames,Buckaroo's Hat,5722,100 keys,"5,722.00 ref, $174.52",34,misc,Level 1-100 Hat,322
13,Burning Flames,Caribou Companion,5722,100 keys,"5,722.00 ref, $174.52",28,misc,Level 1-100 Hat,30974
13,Burning Flames,Dead Cone,5722,100 keys,"5,722.00 ref, $174.52",19,misc,Level 1-100 Hat,435
13,Burning Flames,Engineer's Cap,5722,100 keys,"5,722.00 ref, $174.52",33,misc,Level 1-100 Hat,95
13,Burning Flames,Neptune's Nightmare,5722,100 keys,"5,722.00 ref, $174.52",1,misc,Level 1-100 Helmet,30684
13,Burning Flames,Provisions Cap,5722,100 keys,"5,722.00 ref, $174.52",3,misc,Level 1-100 Hat,31097
13,Burning Flames,Stout Shako,5722,100 keys,"5,722.00 ref, $174.52",31,misc,Level 1-100 Hat,251
13,Burning Flames,Hive Minder,5664.78,99 keys,"5,664.78 ref, $172.78",17,misc,Level 1-100 Hat,30093
13,Burning Flames,Hawaiian Hunter,5607.56,87–109 keys,"5,607.56 ref, $171.03",53,misc,Level 1-100 Hat,31271
13,Burning Flames,Prancer's Pride,5607.56,98 keys,"5,607.56 ref, $171.03",21,misc,Level 1-100 Hat,318
13,Burning Flames,Timeless Topper,5607.56,98 keys,"5,607.56 ref, $171.03",10,misc,Level 1-100 Hat,30035
13,Burning Flames,Gentleman's Gatsby,5578.95,88–107 keys,"5,578.95 ref, $170.16",37,misc,Level 1-100 Hat,184
13,Burning Flames,Western Wear,5578.95,95–100 keys,"5,578.95 ref, $170.16",24,misc,Level 1-100 Hat,379
13,Burning Flames,Birdcage,5550.34,97 keys,"5,550.34 ref, $169.29",11,misc,Level 10 Hat,615
13,Burning Flames,Beanie the All-Gnawing,5493.12,96 keys,"5,493.12 ref, $167.54",56,misc,Level 1-100 Hat,31212
13,Burning Flames,Counterfeit Billycock,5493.12,96 keys,"5,493.12 ref, $167.54",12,misc,Level 10 Hat,602
13,Burning Flames,Towering Pillar of Hats,5464.51,92–99 keys,"5,464.51 ref, $166.67",136,misc,Level 1-100 Hat,135
13,Burning Flames,Cool Capuchon,5435.9,95 keys,"5,435.90 ref, $165.79",19,misc,Level 1-100 Hood,31029
13,Burning Flames,Elf Ignition,5435.9,95 keys,"5,435.90 ref, $165.79",6,misc,Level 1-100 Hat,31253
13,Burning Flames,Industrial Festivizer,5435.9,86–104 keys,"5,435.90 ref, $165.79",40,misc,Level 1-100 Hat,338
13,Burning Flames,Optic Nerve,5435.9,95 keys,"5,435.90 ref, $165.79",11,misc,Level 1-100 Hat,31224
13,Burning Flames,Roaming Roman,5435.9,95 keys,"5,435.90 ref, $165.79",21,misc,Level 1-100 Hat,31198
13,Burning Flames,Runner's Warm-Up,5435.9,90–100 keys,"5,435.90 ref, $165.79",9,misc,Level 1-100 Hat,30332
13,Burning Flames,Smissmas Sorcerer,5435.9,95 keys,"5,435.90 ref, $165.79",8,misc,Level 1-100 Hat,31166
13,Burning Flames,Bolted Bicorne,5378.68,94 keys,"5,378.68 ref, $164.05",6,misc,Level 1-100 Hat,30034
13,Burning Flames,L'homme Burglerre,5321.46,93 keys,"5,321.46 ref, $162.30",20,misc,Level 1-100 Hat,30182
13,Burning Flames,Sole Mate,5321.46,93 keys,"5,321.46 ref, $162.30",16,misc,Level 1-100 Hat,30355
13,Burning Flames,Climbing Commander,5264.24,67–117 keys,"5,264.24 ref, $160.56",28,misc,Level 1-100 Hood,31025
13,Burning Flames,Bat Hat,5149.8,87–93 keys,"5,149.80 ref, $157.07",26,misc,Level 1-100 Hat,31058
13,Burning Flames,Dapper Noel,5149.8,85–95 keys,"5,149.80 ref, $157.07",62,misc,Level 1-100 Hat,31494
13,Burning Flames,Firewall Helmet,5149.8,90 keys,"5,149.80 ref, $157.07",6,misc,Level 1-100 Helmet,30038
13,Burning Flames,Frostbite Bonnet,5149.8,90 keys,"5,149.80 ref, $157.07",8,misc,Level 1-100 Hat,31337
13,Burning Flames,Magistrate's Mullet,5149.8,80–100 keys,"5,149.80 ref, $157.07",34,misc,Level 1-100 Hair,147
13,Burning Flames,Oktoberfester,5149.8,90 keys,"5,149.80 ref, $157.07",16,misc,Level 1-100 Hat,31344
13,Burning Flames,Old Guadalajara,5149.8,90 keys,"5,149.80 ref, $157.07",36,misc,Level 1-100 Hat,247
13,Burning Flames,Pyro's Beanie,5149.8,90 keys,"5,149.80 ref, $157.07",17,misc,Level 1-100 Hat,51
13,Burning Flames,Semi-Tame Trapper's Hat,5149.8,90 keys,"5,149.80 ref, $157.07",12,misc,Level 1-100 Mascot,31147
13,Burning Flames,Twisted Topper,5121.19,87–92 keys,"5,121.19 ref, $156.20",29,misc,Level 1-100 Hat,31211
13,Burning Flames,A Rather Festive Tree,5063.97,77–100 keys,"5,063.97 ref, $154.45",41,misc,Level 1-100 Hat,341
13,Burning Flames,Crustaceous Cowl,5063.97,79–98 keys,"5,063.97 ref, $154.45",5,misc,Level 1-100 Hat,31194
13,Burning Flames,El Mostacho,5035.36,88 keys,"5,035.36 ref, $153.58",25,misc,Level 1-100 Hat,31074
13,Burning Flames,Outdoorsman,5035.36,86–90 keys,"5,035.36 ref, $153.58",17,misc,Level 10 Hat,603
13,Burning Flames,Pampered Pyro,5035.36,88 keys,"5,035.36 ref, $153.58",8,misc,Level 1-100 Towel,30139
13,Burning Flames,Mann of the Hour,5006.75,80–95 keys,"5,006.75 ref, $152.71",5,misc,Level 1-100 Hat,31536
13,Burning Flames,Citizen Cane,4949.53,73–100 keys,"4,949.53 ref, $150.96",46,misc,Level 1-100 Hat,31091
13,Burning Flames,Sammy Cap,4949.53,76–97 keys,"4,949.53 ref, $150.96",14,misc,Level 1-100 Hat,30374
13,Burning Flames,Hawk Warrior,4920.92,86 keys,"4,920.92 ref, $150.09",3,misc,Level 1-100 Hat,31111
13,Burning Flames,Hot Dogger,4920.92,85–87 keys,"4,920.92 ref, $150.09",39,misc,Level 10 Hat,614
13,Burning Flames,Stately Steel Toe,4920.92,86 keys,"4,920.92 ref, $150.09",21,misc,Level 1-100 Hat,481
13,Burning Flames,Data Mining Light,4892.31,84–87 keys,"4,892.31 ref, $149.22",8,misc,Level 1-100 Helmet,30051
13,Burning Flames,Warhood,4892.31,84–87 keys,"4,892.31 ref, $149.22",50,misc,Level 1-100 Hood,30866
13,Burning Flames,Firestalker,4863.7,85 keys,"4,863.70 ref, $148.34",11,misc,Level 1-100 Hat,31359
13,Burning Flames,Fur-Lined Fighter,4863.7,85 keys,"4,863.70 ref, $148.34",18,misc,Level 1-100 Hat,30545
13,Burning Flames,Hazard Handler,4863.7,85 keys,"4,863.70 ref, $148.34",3,misc,Level 1-100 Helmet,31374
13,Burning Flames,Ol' Snaggletooth,4863.7,85 keys,"4,863.70 ref, $148.34",22,misc,Level 1-100 Hat,229
13,Burning Flames,Ludicrously Lunatic Lunon Fedora,4835.09,79–90 keys,"4,835.09 ref, $147.47",18,misc,Level 1-100 Hat,31383
13,Burning Flames,Dread Knot,4806.48,84 keys,"4,806.48 ref, $146.60",21,misc,Level 1-100 Hair,358
13,Burning Flames,Hephaistos' Handcraft,4806.48,78–90 keys,"4,806.48 ref, $146.60",34,misc,Level 1-100 Helmet,31000
13,Burning Flames,Shoestring Santa,4806.48,84 keys,"4,806.48 ref, $146.60",22,misc,Level 1-100 Hat,31169
13,Burning Flames,Nanobalaclava,4749.26,83 keys,"4,749.26 ref, $144.85",15,misc,Level 10 Hat,521
13,Burning Flames,Stormin' Norman,4720.65,75–90 keys,"4,720.65 ref, $143.98",9,misc,Level 1-100 Helmet,30112
13,Burning Flames,Trucker's Topper,4720.65,75–90 keys,"4,720.65 ref, $143.98",22,misc,Level 1-100 Hat,30930
13,Burning Flames,Jolly Jingler,4692.04,82 keys,"4,692.04 ref, $143.11",38,misc,Level 1-100 Hat,31165
13,Burning Flames,Powdered Practitioner,4692.04,82 keys,"4,692.04 ref, $143.11",90,misc,Level 1-100 Hat,30069
13,Burning Flames,Human Cannonball,4577.6,76–84 keys,"4,577.60 ref, $139.62",51,misc,Level 1-100 Helmet,817
13,Burning Flames,Mighty Mitre,4577.6,80 keys,"4,577.60 ref, $139.62",66,misc,Level 1-100 Hat,31034
13,Burning Flames,Plug-In Prospector,4577.6,80 keys,"4,577.60 ref, $139.62",9,misc,Level 1-100 Hat,30031
13,Burning Flames,Trash Man,4577.6,80 keys,"4,577.60 ref, $139.62",15,misc,Level 1-100 Hat,30346
13,Burning Flames,Nightcap,4548.99,77–82 keys,"4,548.99 ref, $138.74",22,misc,Level 1-100 Hat,31422
13,Burning Flames,Firearm Protector,4520.38,79 keys,"4,520.38 ref, $137.87",9,misc,Level 1-100 Hat,31310
13,Burning Flames,Melted Mop,4520.38,79 keys,"4,520.38 ref, $137.87",26,misc,Level 1-100 Ice Cream Cone,31041
13,Burning Flames,Pom-Pommed Provocateur,4491.77,78–79 keys,"4,491.77 ref, $137.00",12,misc,Level 1-100 Mask,30072
13,Burning Flames,Copper's Hard Top,4463.16,78 keys,"4,463.16 ref, $136.13",15,misc,Level 1-100 Helmet,478
13,Burning Flames,Pugilist's Protector,4463.16,78 keys,"4,463.16 ref, $136.13",34,misc,Level 1-100 Headgear,246
13,Burning Flames,Ye Oiled Baker Boy,4463.16,78 keys,"4,463.16 ref, $136.13",11,misc,Level 1-100 Hat,30019
13,Burning Flames,Bomb Beanie,4434.55,65–90 keys,"4,434.55 ref, $135.25",20,misc,Level 1-100 Hat,30823
13,Burning Flames,Mooshanka,4405.94,55–99 keys,"4,405.94 ref, $134.38",6,misc,Level 1-100 Hat,31255
13,Burning Flames,Napoleon Complex,4405.94,77 keys,"4,405.94 ref, $134.38",26,misc,Level 1-100 Hat,30360
13,Burning Flames,Trencher's Topper,4405.94,77 keys,"4,405.94 ref, $134.38",9,misc,Level 1-100 Helmet,30336
13,Burning Flames,Tough Guy's Toque,4348.72,76 keys,"4,348.72 ref, $132.64",26,misc,Level 1-100 Hat,97
13,Burning Flames,Nightbane Brim,4320.11,66–85 keys,"4,320.11 ref, $131.76",13,misc,Level 1-100 Hat,31308
13,Burning Flames,Bloke's Bucket Hat,4291.5,73–77 keys,"4,291.50 ref, $130.89",28,misc,Level 1-100 Hat,181
13,Burning Flames,Little Buddy,4291.5,75 keys,"4,291.50 ref, $130.89",17,misc,Level 10 Hat,612
13,Burning Flames,Modest Metal Pile of Scrap,4291.5,75 keys,"4,291.50 ref, $130.89",88,misc,Level 1-100 Hat,30001
13,Burning Flames,Splitting Headache,4291.5,75 keys,"4,291.50 ref, $130.89",12,misc,Level 1-100 Headache,31390
13,Burning Flames,Le Sapeur,4234.28,74 keys,"4,234.28 ref, $129.15",5,misc,Level 1-100 Helmet,31540
13,Burning Flames,Tsarboosh,4234.28,74 keys,"4,234.28 ref, $129.15",11,misc,Level 1-100 Hat,30081
13,Burning Flames,Broadband Bonnet,4205.67,67–80 keys,"4,205.67 ref, $128.27",18,misc,Level 1-100 Hat,30029
13,Burning Flames,Highway Star,4177.06,73 keys,"4,177.06 ref, $127.40",9,misc,Level 1-100 Bandana,31010
13,Burning Flames,Larrikin Robin,4177.06,73 keys,"4,177.06 ref, $127.40",43,misc,Level 1-100 Hat,314
13,Burning Flames,Pyro's Boron Beanie,4177.06,73 keys,"4,177.06 ref, $127.40",2,misc,Level 1-100 Hat,30040
13,Burning Flames,Spiky Viking,4177.06,73 keys,"4,177.06 ref, $127.40",60,misc,Level 1-100 Helmet,31100
13,Burning Flames,Bombing Run,4148.45,66–79 keys,"4,148.45 ref, $126.53",26,misc,Level 1-100 Helmet,249
13,Burning Flames,Coupe D'isaster,4091.23,65–78 keys,"4,091.23 ref, $124.78",34,misc,Level 1-100 Hair,330
13,Burning Flames,Globetrotter,4062.62,71 keys,"4,062.62 ref, $123.91",14,misc,Level 1-100 Snow Globe,31090
13,Burning Flames,Wide-Brimmed Bandito,4062.62,60–82 keys,"4,062.62 ref, $123.91",3,misc,Level 1-100 Hat,30805
13,Burning Flames,Aimframe,4005.4,70 keys,"4,005.40 ref, $122.16",12,misc,Level 1-100 Helmet,31458
13,Burning Flames,Cozy Catchers,4005.4,70 keys,"4,005.40 ref, $122.16",14,misc,Level 1-100 Hat,31250
13,Burning Flames,Hetman's Headpiece,4005.4,70 keys,"4,005.40 ref, $122.16",13,misc,Level 1-100 Hat,436
13,Burning Flames,Respectless Robo-Glove,4005.4,70 keys,"4,005.40 ref, $122.16",6,misc,Level 1-100 Hat,30039
13,Burning Flames,SandMann's Brush,4005.4,70 keys,"4,005.40 ref, $122.16",8,misc,Level 1-100 Hat,31178
13,Burning Flames,Steel Shako,4005.4,70 keys,"4,005.40 ref, $122.16",15,misc,Level 1-100 Hat,30017
13,Burning Flames,Sky High Fly Guy,3976.79,64–75 keys,"3,976.79 ref, $121.29",80,misc,Level 1-100 Hat,30984
13,Burning Flames,Boston Brain Bucket,3948.18,69 keys,"3,948.18 ref, $120.42",6,misc,Level 1-100 Hat,31284
13,Burning Flames,Bulb Bonnet,3948.18,69 keys,"3,948.18 ref, $120.42",18,misc,Level 1-100 Hat,31335
13,Burning Flames,Missing Piece,3948.18,69 keys,"3,948.18 ref, $120.42",62,misc,Level 1-100 Hat,31101
13,Burning Flames,Toy Tailor,3919.57,63–74 keys,"3,919.57 ref, $119.55",12,misc,Level 1-100 Hat,30327
13,Burning Flames,Throttlehead,3890.96,62–74 keys,"3,890.96 ref, $118.67",118,misc,Level 1-100 Hat,31282
13,Burning Flames,Witch Doctor,3890.96,68 keys,"3,890.96 ref, $118.67",10,misc,Level 1-100 Hat,31475
13,Burning Flames,Magnificent Mongolian,3833.74,62–72 keys,"3,833.74 ref, $116.93",41,misc,Level 1-100 Hat,313
13,Burning Flames,Mannhattan Protect,3833.74,67 keys,"3,833.74 ref, $116.93",10,misc,Level 1-100 Hat,31484
13,Burning Flames,Shutterbug,3833.74,67 keys,"3,833.74 ref, $116.93",44,misc,Level 1-100 Hat,31048
13,Burning Flames,Spooky Head-Bouncers,3833.74,62–72 keys,"3,833.74 ref, $116.93",30,misc,Level 1-100 Hat,31209
13,Burning Flames,Strikeout,3833.74,67 keys,"3,833.74 ref, $116.93",7,misc,Level 1-100 Helmet,31480
13,Burning Flames,Bombard Brigadier,3776.52,66 keys,"3,776.52 ref, $115.18",13,misc,Level 1-100 Hat,31309
13,Burning Flames,Handyman's Handle,3776.52,66 keys,"3,776.52 ref, $115.18",38,misc,Level 1-100 Hat,253
13,Burning Flames,Kiss King,3776.52,58–74 keys,"3,776.52 ref, $115.18",116,misc,Level 1-100 Hat,30313
13,Burning Flames,Bonk Leadwear,3747.91,60–71 keys,"3,747.91 ref, $114.31",20,misc,Level 1-100 Helmet,30030
13,Burning Flames,Phononaut,3747.91,62–69 keys,"3,747.91 ref, $114.31",6,misc,Level 1-100 Hat,30647
13,Burning Flames,Sober Stuntman,3719.3,65 keys,"3,719.30 ref, $113.44",31,misc,Level 1-100 Helmet,255
13,Burning Flames,Covert Covers,3662.08,64 keys,"3,662.08 ref, $111.69",21,misc,Level 1-100 Hat,31428
13,Burning Flames,Frigid Fashion,3633.47,56–71 keys,"3,633.47 ref, $110.82",32,misc,Level 1-100 Hat,31421
13,Burning Flames,FR-0,3604.86,63 keys,"3,604.86 ref, $109.95",14,misc,Level 1-100 Hat,30016
13,Burning Flames,Helmet without a Home,3547.64,62 keys,"3,547.64 ref, $108.20",11,misc,Level 1-100 Helmet,732
13,Burning Flames,Telefragger Toque,3547.64,55–69 keys,"3,547.64 ref, $108.20",8,misc,Level 1-100 Hat,31098
13,Burning Flames,Noble Nickel Amassment of Hats,3519.03,55–68 keys,"3,519.03 ref, $107.33",52,misc,Level 1-100 Hat,30006
13,Burning Flames,Towering Titanium Pillar of Hats,3519.03,59–64 keys,"3,519.03 ref, $107.33",92,misc,Level 1-100 Hat,30008
13,Burning Flames,Blast Bowl,3490.42,61 keys,"3,490.42 ref, $106.46",12,misc,Level 1-100 Helmet,31371
13,Burning Flames,Dell Dynamic,3490.42,59–63 keys,"3,490.42 ref, $106.46",16,misc,Level 1-100 Helmet,31394
13,Burning Flames,Puffy Polar Cap,3490.42,58–64 keys,"3,490.42 ref, $106.46",66,misc,Level 1-100 Hat,30958
13,Burning Flames,Platinum Pickelhaube,3461.81,56–65 keys,"3,461.81 ref, $105.59",11,misc,Level 1-100 Helmet,30042
13,Burning Flames,A Head Full of Hot Air,3433.2,60 keys,"3,433.20 ref, $104.71",34,misc,Level 1-100 Hat,30662
13,Burning Flames,Blitzen Bowl,3433.2,60 keys,"3,433.20 ref, $104.71",6,misc,Level 1-100 Hat,31175
13,Burning Flames,Brain Interface,3433.2,60 keys,"3,433.20 ref, $104.71",15,misc,Level 1-100 Cosmetic Augmentation,31049
13,Burning Flames,Crack Pot,3433.2,60 keys,"3,433.20 ref, $104.71",60,misc,Level 1-100 Flower Pot,31024
13,Burning Flames,Crimbo Cap,3433.2,60 keys,"3,433.20 ref, $104.71",29,misc,Level 1-100 Hat,31505
13,Burning Flames,Fat Man's Field Cap,3433.2,60 keys,"3,433.20 ref, $104.71",17,misc,Level 1-100 Hat,30911
13,Burning Flames,Fried Batter,3433.2,60 keys,"3,433.20 ref, $104.71",31,misc,Level 1-100 Hat,31197
13,Burning Flames,Head Hedge,3433.2,60 keys,"3,433.20 ref, $104.71",132,misc,Level 1-100 Helmet,30978
13,Burning Flames,Katyusha,3433.2,60 keys,"3,433.20 ref, $104.71",11,misc,Level 1-100 Hat,30094
13,Burning Flames,King Cardbeard,3433.2,60 keys,"3,433.20 ref, $104.71",7,misc,Level 1-100 Hat,31130
13,Burning Flames,Sinner's Shade,3433.2,60 keys,"3,433.20 ref, $104.71",50,misc,Level 1-100 Hat,30959
13,Burning Flames,Yule Hog,3433.2,60 keys,"3,433.20 ref, $104.71",26,misc,Level 1-100 Pork Product,31087
13,Burning Flames,Commando Elite,3404.59,59–60 keys,"3,404.59 ref, $103.84",25,misc,Level 1-100 Helmet,30912
13,Burning Flames,Base Metal Billycock,3375.98,59 keys,"3,375.98 ref, $102.97",18,misc,Level 1-100 Hat,30007
13,Burning Flames,Noble Amassment of Hats,3347.37,54–63 keys,"3,347.37 ref, $102.09",128,misc,Level 1-100 Hat,137
13,Burning Flames,Virtual Reality Headset,3261.54,57 keys,"3,261.54 ref, $99.48",14,misc,Level 10 Headset,628
13,Burning Flames,Scout Shako,3232.93,54–59 keys,"3,232.93 ref, $98.60",8,misc,Level 1-100 Hat,30326
13,Burning Flames,Soft Hard Hat,3232.93,54–59 keys,"3,232.93 ref, $98.60",16,misc,Level 1-100 Hat,31331
13,Burning Flames,Electric Escorter,3204.32,47–65 keys,"3,204.32 ref, $97.73",4,misc,Level 1-100 Hat,30025
13,Burning Flames,Polar Bear,3204.32,54–58 keys,"3,204.32 ref, $97.73",26,misc,Level 1-100 Hat,30964
13,Burning Flames,Bullet Buzz,3147.1,55 keys,"3,147.10 ref, $95.99",20,misc,Level 1-100 Hair,30344
13,Burning Flames,Crabe de Chapeau,3147.1,55 keys,"3,147.10 ref, $95.99",23,misc,Level 1-100 Hat,31109
13,Burning Flames,Halogen Head Lamp,3147.1,55 keys,"3,147.10 ref, $95.99",16,misc,Level 1-100 Hat,30041
13,Burning Flames,Backbreaker's Skullcracker,3089.88,54 keys,"3,089.88 ref, $94.24",14,misc,Level 1-100 Helmet,31038
13,Burning Flames,Balkans Brute,3061.27,52–55 keys,"3,061.27 ref, $93.37",12,misc,Level 1-100 Hat,31434
13,Burning Flames,Carouser's Capotain,3061.27,49–58 keys,"3,061.27 ref, $93.37",24,misc,Level 1-100 Hat,259
13,Burning Flames,Tank Top,3061.27,53–54 keys,"3,061.27 ref, $93.37",13,misc,Level 1-100 Helmet,31002
13,Burning Flames,Arctic Mole,2918.22,42–60 keys,"2,918.22 ref, $89.01",17,misc,Level 1-100 Hat,31333
13,Burning Flames,Shooter's Sola Topi,2918.22,49–53 keys,"2,918.22 ref, $89.01",51,misc,Level 1-100 Helmet,158
13,Burning Flames,Strontium Stove Pipe,2918.22,51 keys,"2,918.22 ref, $89.01",5,misc,Level 1-100 Hat,30037
13,Burning Flames,Toy Soldier,2918.22,51 keys,"2,918.22 ref, $89.01",90,misc,Level 1-100 Hat,30316
13,Burning Flames,Bolted Birdcage,2861,50 keys,"2,861.00 ref, $87.26",14,misc,Level 1-100 Hat,30057
13,Burning Flames,Big Elfin Deal,2803.78,49 keys,"2,803.78 ref, $85.52",17,misc,Level 1-100 Hat,652
13,Burning Flames,Janissary Ketche,2803.78,49 keys,"2,803.78 ref, $85.52",21,misc,Level 1-100 Hat,437
13,Burning Flames,Train of Thought,2803.78,49 keys,"2,803.78 ref, $85.52",5,misc,Level 1-100 Hat,31254
13,Burning Flames,Airdog,2746.56,47–49 keys,"2,746.56 ref, $83.77",172,misc,Level 1-100 Helmet,30767
13,Burning Flames,Elf Defense,2746.56,48 keys,"2,746.56 ref, $83.77",8,misc,Level 1-100 Hat,31256
13,Burning Flames,Mann of Reason,2746.56,48 keys,"2,746.56 ref, $83.77",11,misc,Level 1-100 Hat,30318
13,Burning Flames,Bot Dogger,2660.73,45–48 keys,"2,660.73 ref, $81.15",90,misc,Level 1-100 Hat,30018
13,Burning Flames,Killing Tree,2603.51,41–50 keys,"2,603.51 ref, $79.41",22,misc,Level 1-100 Hat,31181
13,Burning Flames,Bazaar Bauble,2574.9,45 keys,"2,574.90 ref, $78.53",24,misc,Level 1-100 Hat,31112
13,Burning Flames,Gridiron Guardian,2574.9,45 keys,"2,574.90 ref, $78.53",6,misc,Level 1-100 Helmet,30013
13,Burning Flames,Undercover Brolly,2546.29,42–47 keys,"2,546.29 ref, $77.66",43,misc,Level 1-100 Hat,31262
13,Burning Flames,Ol' Geezer,2489.07,38–49 keys,"2,489.07 ref, $75.92",19,misc,Level 1-100 Hat,399
13,Burning Flames,Archer's Sterling,2431.85,40–45 keys,"2,431.85 ref, $74.17",24,misc,Level 1-100 Helmet,30874
13,Burning Flames,Pure Tin Capotain,2403.24,42 keys,"2,403.24 ref, $73.30",9,misc,Level 1-100 Hat,30021
13,Burning Flames,Convict Cap,2374.63,40–43 keys,"2,374.63 ref, $72.43",22,misc,Level 1-100 Hat,31080
13,Burning Flames,Cyborg Stunt Helmet,2374.63,41–42 keys,"2,374.63 ref, $72.43",8,misc,Level 1-100 Helmet,30024
13,Burning Flames,Wild Brim Slouch,2346.02,39–43 keys,"2,346.02 ref, $71.55",64,misc,Level 1-100 Hat,31192
13,Burning Flames,Calamitous Cauldron,2317.41,36–45 keys,"2,317.41 ref, $70.68",8,misc,Level 1-100 Cauldron,31146
13,Burning Flames,Snack Stack,2317.41,36–45 keys,"2,317.41 ref, $70.68",58,misc,Level 1-100 Snack,31190
13,Burning Flames,Doctor's Sack,2288.8,40 keys,"2,288.80 ref, $69.81",17,misc,Level 1-100 Hat,398
13,Burning Flames,Elf Care Provider,2288.8,39–41 keys,"2,288.80 ref, $69.81",20,misc,Level 1-100 Hat,31176
13,Burning Flames,Tungsten Toque,2288.8,40 keys,"2,288.80 ref, $69.81",18,misc,Level 1-100 Hat,30049
13,Burning Flames,Mann-O-War,2231.58,39 keys,"2,231.58 ref, $68.06",21,misc,Level 1-100 Hat,31008
13,Burning Flames,Snowcapped,2231.58,35–43 keys,"2,231.58 ref, $68.06",58,misc,Level 1-100 Hat,31028
13,Burning Flames,Bootleg Base Metal Billycock,2202.97,38–39 keys,"2,202.97 ref, $67.19",15,misc,Level 1-100 Hat,30047
13,Burning Flames,Hard Counter,2174.36,37–39 keys,"2,174.36 ref, $66.32",29,misc,Level 1-100 Hat,254
13,Burning Flames,Head of Defense,2117.14,32–42 keys,"2,117.14 ref, $64.57",27,misc,Level 1-100 Hat,31114
13,Burning Flames,Cadaver's Cranium,1945.48,34 keys,"1,945.48 ref, $59.34",8,misc,Level 31 Hat,290
13,Burning Flames,Brain-Warming Wear,1802.43,29–34 keys,"1,802.43 ref, $54.97",70,misc,Level 1-100 Hat,30827
13,Burning Flames,Elf Esteem,1773.82,30–32 keys,"1,773.82 ref, $54.10",104,misc,Level 1-100 Hat,30836
13,Burning Flames,Plumber's Pipe,1602.16,27–29 keys,"1,602.16 ref, $48.87",13,misc,Level 1-100 Hat,30022
13,Burning Flames,Shooter's Tin Topi,1602.16,27–29 keys,"1,602.16 ref, $48.87",15,misc,Level 1-100 Hat,30005
13,Burning Flames,Festive Cover-Up,1459.11,22–29 keys,"1,459.11 ref, $44.50",10,misc,Level 1-100 Hat,31257
13,Burning Flames,Cattleman's Kettle,0,,,9,misc,Level 1-100 Helmet,31523
13,Burning Flames,Top Brass,0,,,1,misc,Level 1-100 Hat,31511
13,Burning Flames,Victorian Villainy,0,,,2,misc,Level 1-100 Hair,31300
293,Celestial Summit,Legendary Lid,145911,2550 keys,"145,911.00 ref, $4450.29",1,misc,Level 1-100 Hat,30868
293,Celestial Summit,Head Prize,102996,1800 keys,"102,996.00 ref, $3141.38",1,misc,Level 1-100 Hat,30838
293,Celestial Summit,Gauzed Gaze,77247,1350 keys,"77,247.00 ref, $2356.03",3,misc,Level 1-100 Hat,30786
293,Celestial Summit,Patriot Peak,71525,1250 keys,"71,525.00 ref, $2181.51",0,misc,Level 1-100 Hat,30743
293,Celestial Summit,Starlight Sorcerer,71525,1250 keys,"71,525.00 ref, $2181.51",2,misc,Level 1-100 Hat,31294
293,Celestial Summit,Demonic Dome,64944.7,880–1390 keys,"64,944.70 ref, $1980.81",2,misc,Level 1-100 Hat,31384
293,Celestial Summit,Wandering Wraith,54931.2,960 keys,"54,931.20 ref, $1675.40",1,misc,Level 1-100 Hat,31221
293,Celestial Summit,Starboard Crusader,37193,650 keys,"37,193.00 ref, $1134.39",0,misc,Level 1-100 Hat,30981
293,Celestial Summit,Power Spike,35476.4,620 keys,"35,476.40 ref, $1082.03",6,misc,Level 1-100 Hair,31401
293,Celestial Summit,Aztec Warrior,30898.8,540 keys,"30,898.80 ref, $942.41",1,misc,Level 1-100 Headgear,30879
293,Celestial Summit,A Hat to Kill For,22888,400 keys,"22,888.00 ref, $698.08",0,misc,Level 1-100 Hat,30753
293,Celestial Summit,Antarctic Eyewear,21171.4,370 keys,"21,171.40 ref, $645.73",5,misc,Level 1-100 Apparel,30977
293,Celestial Summit,Blast Defense,21171.4,350–390 keys,"21,171.40 ref, $645.73",0,misc,Level 1-100 Headgear,30863
293,Celestial Summit,Brothers in Blues,20027,350 keys,"20,027.00 ref, $610.82",4,misc,Level 1-100 Hat,31356
293,Celestial Summit,Alakablamicon,18024.3,300–330 keys,"18,024.30 ref, $549.74",2,misc,Level 1-100 Hat,31215
293,Celestial Summit,Dayjogger,17738.2,310 keys,"17,738.20 ref, $541.02",1,misc,Level 1-100 Hat,30779
293,Celestial Summit,Horror Shawl,15735.5,275 keys,"15,735.50 ref, $479.93",0,misc,Level 1-100 Hat,31304
293,Celestial Summit,Twisted Topper,15735.5,275 keys,"15,735.50 ref, $479.93",0,misc,Level 1-100 Hat,31211
293,Celestial Summit,King Cardbeard,14305,250 keys,"14,305.00 ref, $436.30",0,misc,Level 1-100 Hat,31130
293,Celestial Summit,Cool Capuchon,13732.8,240 keys,"13,732.80 ref, $418.85",1,misc,Level 1-100 Hood,31029
293,Celestial Summit,Field Practice,13446.7,235 keys,"13,446.70 ref, $410.12",0,misc,Level 1-100 Headgear,30862
293,Celestial Summit,Punk's Pomp,12302.3,215 keys,"12,302.30 ref, $375.22",2,misc,Level 1-100 Hair,30993
293,Celestial Summit,Caribou Companion,11444,200 keys,"11,444.00 ref, $349.04",3,misc,Level 1-100 Hat,30974
293,Celestial Summit,Dustbowl Devil,11444,200 keys,"11,444.00 ref, $349.04",2,misc,Level 1-100 Hat,31297
293,Celestial Summit,More Gun Marshal,11444,200 keys,"11,444.00 ref, $349.04",2,misc,Level 1-100 Hat,31298
293,Celestial Summit,Spooky Head-Bouncers,11444,200 keys,"11,444.00 ref, $349.04",0,misc,Level 1-100 Hat,31209
293,Celestial Summit,Oktoberfester,11386.78,199 keys,"11,386.78 ref, $347.30",2,misc,Level 1-100 Hat,31344
293,Celestial Summit,Sky High Fly Guy,10585.7,185 keys,"10,585.70 ref, $322.86",0,misc,Level 1-100 Hat,30984
293,Celestial Summit,Sightseer,10299.6,180 keys,"10,299.60 ref, $314.14",12,misc,Level 1-100 Hat,31404
293,Celestial Summit,Shellmet,9727.4,170 keys,"9,727.40 ref, $296.69",0,misc,Level 1-100 Helmet,30897
293,Celestial Summit,Pithy Professional,9412.69,161–168 keys,"9,412.69 ref, $287.09",0,misc,Level 1-100 Hat,30915
293,Celestial Summit,El Fiestibrero,8754.66,153 keys,"8,754.66 ref, $267.02",1,misc,Level 1-100 Hat,31241
293,Celestial Summit,Berlin Brain Bowl,8583,150 keys,"8,583.00 ref, $261.78",0,misc,Level 1-100 Headgear,30755
293,Celestial Summit,Brimmed Bootlegger,7438.6,130 keys,"7,438.60 ref, $226.88",2,misc,Level 1-100 Hat,31366
293,Celestial Summit,Head of Defense,7152.5,125 keys,"7,152.50 ref, $218.15",0,misc,Level 1-100 Hat,31114
293,Celestial Summit,Mann-O-War,7152.5,125 keys,"7,152.50 ref, $218.15",0,misc,Level 1-100 Hat,31008
293,Celestial Summit,Vampire Vanquisher,7152.5,125 keys,"7,152.50 ref, $218.15",0,misc,Level 1-100 Hat,31003
293,Celestial Summit,Mean Captain,6866.4,110–130 keys,"6,866.40 ref, $209.43",64,misc,Level 1-100 Hat,31385
293,Celestial Summit,El Zapateador,6580.3,115 keys,"6,580.30 ref, $200.70",1,misc,Level 1-100 Hat,31069
293,Celestial Summit,Beanie the All-Gnawing,6294.2,110 keys,"6,294.20 ref, $191.97",5,misc,Level 1-100 Hat,31212
293,Celestial Summit,Trucker's Topper,6294.2,110 keys,"6,294.20 ref, $191.97",3,misc,Level 1-100 Hat,30930
293,Celestial Summit,Hazard Handler,5722,100 keys,"5,722.00 ref, $174.52",2,misc,Level 1-100 Helmet,31374
293,Celestial Summit,Head Hedge,5722,85–115 keys,"5,722.00 ref, $174.52",0,misc,Level 1-100 Helmet,30978
293,Celestial Summit,Warhood,5722,100 keys,"5,722.00 ref, $174.52",0,misc,Level 1-100 Hood,30866
293,Celestial Summit,Firestalker,5435.9,95 keys,"5,435.90 ref, $165.79",5,misc,Level 1-100 Hat,31359
293,Celestial Summit,Polar Bear,5149.8,90 keys,"5,149.80 ref, $157.07",0,misc,Level 1-100 Hat,30964
293,Celestial Summit,A Head Full of Hot Air,4463.16,78 keys,"4,463.16 ref, $136.13",0,misc,Level 1-100 Hat,30662
293,Celestial Summit,Glow from Below,3719.3,65 keys,"3,719.30 ref, $113.44",1,misc,Level 1-100 Fish,31149
293,Celestial Summit,Archer's Sterling,2803.78,49 keys,"2,803.78 ref, $85.52",4,misc,Level 1-100 Helmet,30874
293,Celestial Summit,Crack Pot,2517.68,44 keys,"2,517.68 ref, $76.79",0,misc,Level 1-100 Flower Pot,31024
293,Celestial Summit,Airdog,2460.46,40–46 keys,"2,460.46 ref, $75.04",0,misc,Level 1-100 Helmet,30767
293,Celestial Summit,Ludicrously Lunatic Lunon Fedora,2174.36,35–41 keys,"2,174.36 ref, $66.32",43,misc,Level 1-100 Hat,31383
293,Celestial Summit,Spiky Viking,1716.6,30 keys,"1,716.60 ref, $52.36",0,misc,Level 1-100 Helmet,31100
293,Celestial Summit,Brain-Warming Wear,1373.28,24 keys,"1,373.28 ref, $41.89",0,misc,Level 1-100 Hat,30827
293,Celestial Summit,Splitting Headache,1201.62,21 keys,"1,201.62 ref, $36.65",57,misc,Level 1-100 Headache,31390
293,Celestial Summit,Thunder Dome,1201.62,18–24 keys,"1,201.62 ref, $36.65",73,misc,Level 1-100 Helmet,31391
293,Celestial Summit,Dell Dynamic,772.47,13–14 keys,"772.47 ref, $23.56",39,misc,Level 1-100 Helmet,31394
293,Celestial Summit,Bombard Brigadier,0,,,2,misc,Level 1-100 Hat,31309
293,Celestial Summit,Jolly Jingler,0,,,1,misc,Level 1-100 Hat,31165
293,Celestial Summit,Wrap-a-Khamon,0,,,1,misc,Level 1-100 Hat,31132
64,Sulphurous,Villain's Veil,105857,1850 keys,"105,857.00 ref, $3228.64",3,misc,Level 1-100 Bandana,393
64,Sulphurous,Blighted Beak,95843.5,1675 keys,"95,843.50 ref, $2923.23",7,misc,Level 1-100 Mask,315
64,Sulphurous,Antlers,88691,1550 keys,"88,691.00 ref, $2705.08",2,misc,Level 1-100 Cosmetic Item,993
64,Sulphurous,Master's Yellow Belt,85830,1500 keys,"85,830.00 ref, $2617.82",2,misc,Level 1-100 Hat,110
64,Sulphurous,Team Captain,80336.88,1404 keys,"80,336.88 ref, $2450.27",4,misc,Level 1-100 Hat,378
64,Sulphurous,Soldered Sensei,65803,1150 keys,"65,803.00 ref, $2006.99",5,misc,Level 1-100 Hat,30004
64,Sulphurous,Brainiac Hairpiece,64372.5,1125 keys,"64,372.50 ref, $1963.36",5,misc,Level 1-100 Facial Hair,590
64,Sulphurous,Bonk Boy,62942,1100 keys,"62,942.00 ref, $1919.73",3,misc,Level 1-100 Mask,451
64,Sulphurous,Killer Exclusive,50010.28,874 keys,"50,010.28 ref, $1525.31",2,misc,Level 10 Hat,538
64,Sulphurous,Whirly Warrior,41770.6,590–870 keys,"41,770.60 ref, $1274.00",2,misc,Level 1-100 Helmet,30118
64,Sulphurous,Killer's Kabuto,35762.5,625 keys,"35,762.50 ref, $1090.76",2,misc,Level 1-100 Helmet,152
64,Sulphurous,Flipped Trilby,34618.1,605 keys,"34,618.10 ref, $1055.85",4,misc,Level 1-100 Hat,324
64,Sulphurous,Flamboyant Flamenco,33759.8,590 keys,"33,759.80 ref, $1029.67",6,misc,Level 10 Hat,627
64,Sulphurous,Le Party Phantom,30326.6,530 keys,"30,326.60 ref, $924.96",5,misc,Level 1-100 Mask,337
64,Sulphurous,Pyromancer's Mask,28610,500 keys,"28,610.00 ref, $872.61",3,misc,Level 1-100 Mask,316
64,Sulphurous,Das Übersternmann,24032.4,420 keys,"24,032.40 ref, $732.99",1,misc,Level 1-100 Hat,30097
64,Sulphurous,Polar Pullover,23603.25,390–435 keys,"23,603.25 ref, $719.90",1,misc,Level 1-100 Hat,30329
64,Sulphurous,Tough Stuff Muffs,22888,400 keys,"22,888.00 ref, $698.08",3,misc,Level 1-100 Hat,984
64,Sulphurous,Crone's Dome,22601.9,380–410 keys,"22,601.90 ref, $689.36",3,misc,Level 1-100 Hat,920
64,Sulphurous,Hong Kong Cone,21457.5,375 keys,"21,457.50 ref, $654.45",1,misc,Level 1-100 Hat,30177
64,Sulphurous,Conjurer's Cowl,21171.4,370 keys,"21,171.40 ref, $645.73",4,misc,Level 1-100 Hood,465
64,Sulphurous,Cotton Head,21171.4,370 keys,"21,171.40 ref, $645.73",2,misc,Level 1-100 Hat,30175
64,Sulphurous,Exquisite Rack,20027,350 keys,"20,027.00 ref, $610.82",4,misc,Level 1-100 Cosmetic Item,339
64,Sulphurous,Ye Oiled Baker Boy,20027,350 keys,"20,027.00 ref, $610.82",2,misc,Level 1-100 Hat,30019
64,Sulphurous,Anger,19454.8,340 keys,"19,454.80 ref, $593.37",5,misc,Level 10 Hood,518
64,Sulphurous,Backwards Ballcap,18882.6,330 keys,"18,882.60 ref, $575.92",2,misc,Level 10 Hat,617
64,Sulphurous,Company Man,17166,300 keys,"17,166.00 ref, $523.56",2,misc,Level 10 Hat,523
64,Sulphurous,Officer's Ushanka,16307.7,285 keys,"16,307.70 ref, $497.38",3,misc,Level 1-100 Hat,96
64,Sulphurous,Engineer's Cap,15735.5,275 keys,"15,735.50 ref, $479.93",3,misc,Level 1-100 Hat,95
64,Sulphurous,Stainless Pot,15735.5,275 keys,"15,735.50 ref, $479.93",5,misc,Level 1-100 Hat,98
64,Sulphurous,Surgeon's Stahlhelm,15645.573770492,253.1–293.75 keys,"15,645.57 ref, 273.43 keys",1,misc,Level 10 Helmet,616
64,Sulphurous,El Jefe,15277.37704918,266.99 keys,"15,277.38 ref, 266.99 keys",3,misc,Level 10 Hat,539
64,Sulphurous,Cosa Nostra Cap,14305,250 keys,"14,305.00 ref, $436.30",3,misc,Level 1-100 Hat,459
64,Sulphurous,Professor's Peculiarity,14305,250 keys,"14,305.00 ref, $436.30",2,misc,Level 1-100 Hair,384
64,Sulphurous,Sergeant's Drill Hat,14305,250 keys,"14,305.00 ref, $436.30",5,misc,Level 1-100 Hat,183
64,Sulphurous,Troublemaker's Tossle Cap,13875.85,225–260 keys,"13,875.85 ref, $423.21",4,misc,Level 1-100 Hat,150
64,Sulphurous,Coldsnap Cap,13732.8,240 keys,"13,732.80 ref, $418.85",1,misc,Level 1-100 Hat,30542
64,Sulphurous,Crocleather Slouch,13732.8,240 keys,"13,732.80 ref, $418.85",3,misc,Level 1-100 Hat,344
64,Sulphurous,Horrific Headsplitter,13446.7,235 keys,"13,446.70 ref, $410.12",2,misc,Level 31 Hat,291
64,Sulphurous,Pomade Prince,13446.7,235 keys,"13,446.70 ref, $410.12",3,misc,Level 1-100 Hair,30428
64,Sulphurous,Brotherhood of Arms,12874.5,225 keys,"12,874.50 ref, $392.67",2,misc,Level 1-100 Hat,30066
64,Sulphurous,Front Runner,12874.5,225 keys,"12,874.50 ref, $392.67",5,misc,Level 1-100 Hat,760
64,Sulphurous,Tyrantium Helmet,12874.5,225 keys,"12,874.50 ref, $392.67",6,misc,Level 1-100 Helmet,30014
64,Sulphurous,Charmer's Chapeau,12588.4,220 keys,"12,588.40 ref, $383.95",5,misc,Level 1-100 Hat,397
64,Sulphurous,Samur-Eye,12588.4,220 keys,"12,588.40 ref, $383.95",6,misc,Level 1-100 Helmet,359
64,Sulphurous,Soviet Gentleman,12588.4,220 keys,"12,588.40 ref, $383.95",4,misc,Level 1-100 Hat,821
64,Sulphurous,Capo's Capper,12302.3,215 keys,"12,302.30 ref, $375.22",4,misc,Level 1-100 Hat,427
64,Sulphurous,Allbrero,12016.2,210 keys,"12,016.20 ref, $366.49",1,misc,Level 1-100 Hat,30429
64,Sulphurous,Prince Tavish's Crown,12016.2,210 keys,"12,016.20 ref, $366.49",4,misc,Level 1-100 Hat,342
64,Sulphurous,Data Mining Light,11444,200 keys,"11,444.00 ref, $349.04",7,misc,Level 1-100 Helmet,30051
64,Sulphurous,Hat of Cards,11444,200 keys,"11,444.00 ref, $349.04",2,misc,Level 1-100 Hat,825
64,Sulphurous,Screamin' Eagle,11157.9,195 keys,"11,157.90 ref, $340.32",1,misc,Level 1-100 Hat,30548
64,Sulphurous,Counterfeit Billycock,10299.6,180 keys,"10,299.60 ref, $314.14",3,misc,Level 10 Hat,602
64,Sulphurous,Fed-Fightin' Fedora,10299.6,180 keys,"10,299.60 ref, $314.14",6,misc,Level 1-100 Hat,780
64,Sulphurous,Frenchman's Beret,10299.6,180 keys,"10,299.60 ref, $314.14",6,misc,Level 1-100 Hat,180
64,Sulphurous,Hat with No Name,10185.16,178 keys,"10,185.16 ref, $310.65",5,misc,Level 10 Hat,631
64,Sulphurous,Dark Falkirk Helm,10013.5,175 keys,"10,013.50 ref, $305.41",1,misc,Level 1-100 Helmet,30357
64,Sulphurous,Tartan Tyrolean,10013.5,175 keys,"10,013.50 ref, $305.41",3,misc,Level 1-100 Hat,30334
64,Sulphurous,Cold Killer,9727.4,170 keys,"9,727.40 ref, $296.69",3,misc,Level 1-100 Hat,981
64,Sulphurous,Détective Noir,9727.4,170 keys,"9,727.40 ref, $296.69",6,misc,Level 1-100 Hat,319
64,Sulphurous,Modest Pile of Hat,9727.4,170 keys,"9,727.40 ref, $296.69",5,misc,Level 1-100 Hat,139
64,Sulphurous,A Rather Festive Tree,9441.3,165 keys,"9,441.30 ref, $287.96",4,misc,Level 1-100 Hat,341
64,Sulphurous,Fruit Shoot,9441.3,165 keys,"9,441.30 ref, $287.96",2,misc,Level 1-100 Hat,759
64,Sulphurous,Platinum Pickelhaube,9269.64,162 keys,"9,269.64 ref, $282.72",2,misc,Level 1-100 Helmet,30042
64,Sulphurous,Hustler's Hallmark,9155.2,160 keys,"9,155.20 ref, $279.23",4,misc,Level 1-100 Hat,146
64,Sulphurous,Familiar Fez,8583,150 keys,"8,583.00 ref, $261.78",5,misc,Level 1-100 Hat,223
64,Sulphurous,Industrial Festivizer,8583,150 keys,"8,583.00 ref, $261.78",8,misc,Level 1-100 Hat,338
64,Sulphurous,Hottie's Hoodie,8525.78,149 keys,"8,525.78 ref, $260.04",4,misc,Level 1-100 Hood,377
64,Sulphurous,Armored Authority,8296.9,145 keys,"8,296.90 ref, $253.06",9,misc,Level 1-100 Helmet,445
64,Sulphurous,Brim-Full of Bullets,8296.9,145 keys,"8,296.90 ref, $253.06",1,misc,Level 1-100 Hat,30173
64,Sulphurous,Hotrod,8010.8,140 keys,"8,010.80 ref, $244.33",6,misc,Level 1-100 Mask,148
64,Sulphurous,Reggaelator,8010.8,140 keys,"8,010.80 ref, $244.33",2,misc,Level 1-100 Hat,390
64,Sulphurous,Slick Cut,8010.8,140 keys,"8,010.80 ref, $244.33",1,misc,Level 1-100 Hair,30187
64,Sulphurous,Virus Doctor,8010.8,140 keys,"8,010.80 ref, $244.33",3,misc,Level 1-100 Hat,30043
64,Sulphurous,Stout Shako,7839.14,137 keys,"7,839.14 ref, $239.09",6,misc,Level 1-100 Hat,251
64,Sulphurous,Salty Dog,7724.7,135 keys,"7,724.70 ref, $235.60",3,misc,Level 10 Hat,611
64,Sulphurous,Carouser's Capotain,7553.04,132 keys,"7,553.04 ref, $230.37",3,misc,Level 1-100 Hat,259
64,Sulphurous,Bot Dogger,7438.6,130 keys,"7,438.60 ref, $226.88",2,misc,Level 1-100 Hat,30018
64,Sulphurous,Brain Bucket,7438.6,130 keys,"7,438.60 ref, $226.88",4,misc,Level 1-100 Hat,434
64,Sulphurous,Hot Dogger,7438.6,130 keys,"7,438.60 ref, $226.88",4,misc,Level 10 Hat,614
64,Sulphurous,Liquidator's Lid,7438.6,130 keys,"7,438.60 ref, $226.88",4,misc,Level 1-100 Hat,779
64,Sulphurous,Hermes,7209.72,126 keys,"7,209.72 ref, $219.90",8,misc,Level 10 Hat,633
64,Sulphurous,Caribbean Conqueror,7152.5,125 keys,"7,152.50 ref, $218.15",2,misc,Level 1-100 Hat,30116
64,Sulphurous,Timeless Topper,7152.5,125 keys,"7,152.50 ref, $218.15",2,misc,Level 1-100 Hat,30035
64,Sulphurous,Attendant,6866.4,120 keys,"6,866.40 ref, $209.43",6,misc,Level 1-100 Hat,213
64,Sulphurous,Executioner,6866.4,120 keys,"6,866.40 ref, $209.43",3,misc,Level 1-100 Hat,921
64,Sulphurous,Firewall Helmet,6866.4,120 keys,"6,866.40 ref, $209.43",5,misc,Level 1-100 Helmet,30038
64,Sulphurous,Triboniophorus Tyrannus,6866.4,120 keys,"6,866.40 ref, $209.43",3,misc,Level 1-100 Mascot,151
64,Sulphurous,Kiss King,6751.96,118 keys,"6,751.96 ref, $205.93",1,misc,Level 1-100 Hat,30313
64,Sulphurous,Bunsen Brave,6580.3,115 keys,"6,580.30 ref, $200.70",4,misc,Level 1-100 Hat,30054
64,Sulphurous,Dr's Dapper Topper,6580.3,108–122 keys,"6,580.30 ref, $200.70",4,misc,Level 1-100 Hat,252
64,Sulphurous,Galvanized Gibus,6580.3,115 keys,"6,580.30 ref, $200.70",3,misc,Level 1-100 Hat,30003
64,Sulphurous,Pardner's Pompadour,6580.3,115 keys,"6,580.30 ref, $200.70",2,misc,Level 1-100 Hair,30099
64,Sulphurous,Brown Bomber,6294.2,110 keys,"6,294.20 ref, $191.97",3,misc,Level 1-100 Hat,671
64,Sulphurous,Noble Amassment of Hats,6294.2,110 keys,"6,294.20 ref, $191.97",2,misc,Level 1-100 Hat,137
64,Sulphurous,Otolaryngologist's Mirror,6294.2,105–115 keys,"6,294.20 ref, $191.97",3,misc,Level 1-100 Hat,104
64,Sulphurous,Wraith Wrap,5922.27,97–110 keys,"5,922.27 ref, $180.63",6,misc,Level 1-100 Apparel,937
64,Sulphurous,Whoopee Cap,5785.737704918,97.37–104.86 keys,"5,785.74 ref, 101.11 keys",2,misc,Level 1-100 Hat,174
64,Sulphurous,Head Warmer,5779.22,92–110 keys,"5,779.22 ref, $176.27",5,misc,Level 1-100 Hat,644
64,Sulphurous,Bolted Bicorne,5722,100 keys,"5,722.00 ref, $174.52",3,misc,Level 1-100 Hat,30034
64,Sulphurous,Human Cannonball,5722,100 keys,"5,722.00 ref, $174.52",2,misc,Level 1-100 Helmet,817
64,Sulphurous,Metal Slug,5722,100 keys,"5,722.00 ref, $174.52",3,misc,Level 1-100 Hat,30028
64,Sulphurous,Voodoo JuJu (Slight Return),5607.56,98 keys,"5,607.56 ref, $171.03",4,misc,Level 1-100 Hat,935
64,Sulphurous,Waxy Wayfinder,5607.56,98 keys,"5,607.56 ref, $171.03",6,misc,Level 1-100 Hat,753
64,Sulphurous,Modest Metal Pile of Scrap,5493.12,96 keys,"5,493.12 ref, $167.54",5,misc,Level 1-100 Hat,30001
64,Sulphurous,Towering Pillar of Hats,5493.12,96 keys,"5,493.12 ref, $167.54",3,misc,Level 1-100 Hat,135
64,Sulphurous,Valley Forge,5493.12,96 keys,"5,493.12 ref, $167.54",2,misc,Level 1-100 Hat,30114
64,Sulphurous,Brigade Helm,5435.9,95 keys,"5,435.90 ref, $165.79",3,misc,Level 1-100 Helmet,105
64,Sulphurous,FR-0,5435.9,95 keys,"5,435.90 ref, $165.79",7,misc,Level 1-100 Hat,30016
64,Sulphurous,Full Metal Drill Hat,5435.9,87–103 keys,"5,435.90 ref, $165.79",5,misc,Level 1-100 Hat,30026
64,Sulphurous,Gym Rat,5435.9,95 keys,"5,435.90 ref, $165.79",5,misc,Level 10 Hair,613
64,Sulphurous,Katyusha,5435.9,95 keys,"5,435.90 ref, $165.79",4,misc,Level 1-100 Hat,30094
64,Sulphurous,Ol' Snaggletooth,5321.46,93 keys,"5,321.46 ref, $162.30",4,misc,Level 1-100 Hat,229
64,Sulphurous,Connoisseur's Cap,5207.02,91 keys,"5,207.02 ref, $158.81",10,misc,Level 1-100 Hat,394
64,Sulphurous,Steel Shako,5207.02,91 keys,"5,207.02 ref, $158.81",4,misc,Level 1-100 Hat,30017
64,Sulphurous,Bootleg Base Metal Billycock,5149.8,90 keys,"5,149.80 ref, $157.07",8,misc,Level 1-100 Hat,30047
64,Sulphurous,Medic's Mountain Cap,5149.8,90 keys,"5,149.80 ref, $157.07",4,misc,Level 1-100 Hat,381
64,Sulphurous,Respectless Rubber Glove,5149.8,90 keys,"5,149.80 ref, $157.07",6,misc,Level 1-100 Hat,102
64,Sulphurous,Western Wear,5149.8,90 keys,"5,149.80 ref, $157.07",5,misc,Level 1-100 Hat,379
64,Sulphurous,Employee of the Mmmph,4978.14,78–96 keys,"4,978.14 ref, $151.83",2,misc,Level 1-100 Hat,30416
64,Sulphurous,Magistrate's Mullet,4863.7,85 keys,"4,863.70 ref, $148.34",5,misc,Level 1-100 Hair,147
64,Sulphurous,Old Guadalajara,4863.7,85 keys,"4,863.70 ref, $148.34",6,misc,Level 1-100 Hat,247
64,Sulphurous,Tam O' Shanter,4863.7,85 keys,"4,863.70 ref, $148.34",3,misc,Level 1-100 Hat,480
64,Sulphurous,Rimmed Raincatcher,4749.26,83 keys,"4,749.26 ref, $144.85",1,misc,Level 1-100 Hat,216
64,Sulphurous,Magnificent Mongolian,4634.82,80–82 keys,"4,634.82 ref, $141.36",2,misc,Level 1-100 Hat,313
64,Sulphurous,Doctor's Sack,4577.6,80 keys,"4,577.60 ref, $139.62",2,misc,Level 1-100 Hat,398
64,Sulphurous,Harmburg,4577.6,80 keys,"4,577.60 ref, $139.62",1,misc,Level 1-100 Hat,30123
64,Sulphurous,Noble Nickel Amassment of Hats,4577.6,80 keys,"4,577.60 ref, $139.62",3,misc,Level 1-100 Hat,30006
64,Sulphurous,Conquistador,4520.38,79 keys,"4,520.38 ref, $137.87",3,misc,Level 1-100 Helmet,721
64,Sulphurous,Honcho's Headgear,4491.77,75–82 keys,"4,491.77 ref, $137.00",3,misc,Level 1-100 Hat,391
64,Sulphurous,Virtual Reality Headset,4484.9180327869,78.38 keys,"4,484.92 ref, 78.38 keys",2,misc,Level 10 Headset,628
64,Sulphurous,Ze Goggles,4377.33,68–85 keys,"4,377.33 ref, $133.51",4,misc,Level 1-100 Glasses,177
64,Sulphurous,Titanium Tyrolean,4348.72,62–90 keys,"4,348.72 ref, $132.64",7,misc,Level 1-100 Hat,30045
64,Sulphurous,Birdcage,4291.5,75 keys,"4,291.50 ref, $130.89",6,misc,Level 10 Hat,615
64,Sulphurous,Heavy Duty Rag,4291.5,75 keys,"4,291.50 ref, $130.89",3,misc,Level 1-100 Bandana,185
64,Sulphurous,Strontium Stove Pipe,4291.5,75 keys,"4,291.50 ref, $130.89",6,misc,Level 1-100 Hat,30037
64,Sulphurous,Shooter's Sola Topi,4262.89,59–90 keys,"4,262.89 ref, $130.02",3,misc,Level 1-100 Helmet,158
64,Sulphurous,Bloke's Bucket Hat,4204.5901639344,73.48 keys,"4,204.59 ref, 73.48 keys",1,misc,Level 1-100 Hat,181
64,Sulphurous,Defiant Spartan,4119.84,72 keys,"4,119.84 ref, $125.66",3,misc,Level 1-100 Helmet,340
64,Sulphurous,Janissary Ketche,4062.62,71 keys,"4,062.62 ref, $123.91",6,misc,Level 1-100 Hat,437
64,Sulphurous,Backbiter's Billycock,4005.4,70 keys,"4,005.40 ref, $122.16",3,misc,Level 1-100 Hat,108
64,Sulphurous,Texas Ten Gallon,4005.4,70 keys,"4,005.40 ref, $122.16",1,misc,Level 1-100 Hat,94
64,Sulphurous,Berliner's Bucket Helm,3890.96,68 keys,"3,890.96 ref, $118.67",7,misc,Level 1-100 Helmet,303
64,Sulphurous,Soldier's Slope Scopers,3890.96,68 keys,"3,890.96 ref, $118.67",1,misc,Level 1-100 Hat,980
64,Sulphurous,Vintage Tyrolean,3890.96,68 keys,"3,890.96 ref, $118.67",4,misc,Level 1-100 Hat,101
64,Sulphurous,Bolted Birdcage,3776.52,66 keys,"3,776.52 ref, $115.18",4,misc,Level 1-100 Hat,30057
64,Sulphurous,Das Maddendoktor,3719.3,65 keys,"3,719.30 ref, $113.44",1,misc,Level 1-100 Hair,30121
64,Sulphurous,Dragonborn Helmet,3719.3,55–75 keys,"3,719.30 ref, $113.44",3,misc,Level 10 Helmet,517
64,Sulphurous,Helmet without a Home,3719.3,65 keys,"3,719.30 ref, $113.44",3,misc,Level 1-100 Helmet,732
64,Sulphurous,Hetman's Headpiece,3719.3,65 keys,"3,719.30 ref, $113.44",4,misc,Level 1-100 Hat,436
64,Sulphurous,Grenadier's Softcap,3662.08,63–65 keys,"3,662.08 ref, $111.69",2,misc,Level 1-100 Hat,227
64,Sulphurous,One-Man Army,3604.86,63 keys,"3,604.86 ref, $109.95",2,misc,Level 10 Hair,601
64,Sulphurous,Your Worst Nightmare,3604.86,63 keys,"3,604.86 ref, $109.95",3,misc,Level 10 Hair,600
64,Sulphurous,Barnstormer,3576.25,60–65 keys,"3,576.25 ref, $109.08",4,misc,Level 1-100 Hat,988
64,Sulphurous,Tyrant's Helm,3547.64,62 keys,"3,547.64 ref, $108.20",3,misc,Level 1-100 Helmet,99
64,Sulphurous,Toy Tailor,3519.03,60–63 keys,"3,519.03 ref, $107.33",2,misc,Level 1-100 Hat,30327
64,Sulphurous,Electric Escorter,3433.2,60 keys,"3,433.20 ref, $104.71",2,misc,Level 1-100 Hat,30025
64,Sulphurous,Towering Titanium Pillar of Hats,3433.2,60 keys,"3,433.20 ref, $104.71",8,misc,Level 1-100 Hat,30008
64,Sulphurous,Buckaroo's Hat,3404.59,54–65 keys,"3,404.59 ref, $103.84",3,misc,Level 1-100 Hat,322
64,Sulphurous,Hard Counter,3375.98,59 keys,"3,375.98 ref, $102.97",3,misc,Level 1-100 Hat,254
64,Sulphurous,Razor Cut,3375.98,59 keys,"3,375.98 ref, $102.97",1,misc,Level 1-100 Hat,30393
64,Sulphurous,Larrikin Robin,3147.1,55 keys,"3,147.10 ref, $95.99",2,misc,Level 1-100 Hat,314
64,Sulphurous,Nanobalaclava,3147.1,55 keys,"3,147.10 ref, $95.99",3,misc,Level 10 Hat,521
64,Sulphurous,Plug-In Prospector,3147.1,55 keys,"3,147.10 ref, $95.99",6,misc,Level 1-100 Hat,30031
64,Sulphurous,Tavish DeGroot Experience,3147.1,53–57 keys,"3,147.10 ref, $95.99",2,misc,Level 10 Hat,604
64,Sulphurous,Gridiron Guardian,3089.88,54 keys,"3,089.88 ref, $94.24",1,misc,Level 1-100 Helmet,30013
64,Sulphurous,Swagman's Swatter,3089.88,54 keys,"3,089.88 ref, $94.24",3,misc,Level 10 Hat,626
64,Sulphurous,Napper's Respite,3032.66,53 keys,"3,032.66 ref, $92.50",2,misc,Level 1-100 Hat,248
64,Sulphurous,Geisha Boy,3004.05,45–60 keys,"3,004.05 ref, $91.62",6,misc,Level 1-100 Hair,363
64,Sulphurous,Pure Tin Capotain,3004.05,50–55 keys,"3,004.05 ref, $91.62",6,misc,Level 1-100 Hat,30021
64,Sulphurous,Shooter's Tin Topi,3004.05,50–55 keys,"3,004.05 ref, $91.62",4,misc,Level 1-100 Hat,30005
64,Sulphurous,Gentleman's Ushanka,2918.22,51 keys,"2,918.22 ref, $89.01",4,misc,Level 1-100 Hat,778
64,Sulphurous,Powdered Practitioner,2918.22,51 keys,"2,918.22 ref, $89.01",1,misc,Level 1-100 Hat,30069
64,Sulphurous,Grimm Hatte,2861,50 keys,"2,861.00 ref, $87.26",4,misc,Level 1-100 Hat,383
64,Sulphurous,Handyman's Handle,2861,50 keys,"2,861.00 ref, $87.26",2,misc,Level 1-100 Hat,253
64,Sulphurous,Scotsman's Stove Pipe,2861,50 keys,"2,861.00 ref, $87.26",3,misc,Level 1-100 Hat,120
64,Sulphurous,Ye Olde Baker Boy,2861,50 keys,"2,861.00 ref, $87.26",3,misc,Level 1-100 Hat,107
64,Sulphurous,Safe'n'Sound,2717.95,45–50 keys,"2,717.95 ref, $82.90",3,misc,Level 1-100 Hat,178
64,Sulphurous,Buccaneer's Bicorne,2574.9,45 keys,"2,574.90 ref, $78.53",3,misc,Level 10 Hat,607
64,Sulphurous,Jumper's Jeepcap,2574.9,45 keys,"2,574.90 ref, $78.53",1,misc,Level 1-100 Hat,417
64,Sulphurous,Madame Dixie,2574.9,45 keys,"2,574.90 ref, $78.53",3,misc,Level 1-100 Hat,321
64,Sulphurous,Tough Guy's Toque,2574.9,45 keys,"2,574.90 ref, $78.53",4,misc,Level 1-100 Hat,97
64,Sulphurous,Hive Minder,2517.68,44 keys,"2,517.68 ref, $76.79",1,misc,Level 1-100 Hat,30093
64,Sulphurous,Base Metal Billycock,2460.46,43 keys,"2,460.46 ref, $75.04",2,misc,Level 1-100 Hat,30007
64,Sulphurous,Big Elfin Deal,2460.46,43 keys,"2,460.46 ref, $75.04",2,misc,Level 1-100 Hat,652
64,Sulphurous,Milkman,2403.24,42 keys,"2,403.24 ref, $73.30",4,misc,Level 1-100 Hat,219
64,Sulphurous,Napoleon Complex,2403.24,42 keys,"2,403.24 ref, $73.30",1,misc,Level 1-100 Hat,30360
64,Sulphurous,Private Eye,2403.24,42 keys,"2,403.24 ref, $73.30",1,misc,Level 1-100 Hat,388
64,Sulphurous,Respectless Robo-Glove,2403.24,42 keys,"2,403.24 ref, $73.30",4,misc,Level 1-100 Hat,30039
64,Sulphurous,Big Country,2346.02,41 keys,"2,346.02 ref, $71.55",1,misc,Level 1-100 Hair,382
64,Sulphurous,Halogen Head Lamp,2288.8,40 keys,"2,288.80 ref, $69.81",1,misc,Level 1-100 Hat,30041
64,Sulphurous,Scotch Bonnet,2288.8,40 keys,"2,288.80 ref, $69.81",2,misc,Level 1-100 Headgear,306
64,Sulphurous,Vintage Merryweather,2288.8,40 keys,"2,288.80 ref, $69.81",3,misc,Level 1-100 Helmet,182
64,Sulphurous,L'Inspecteur,2231.58,39 keys,"2,231.58 ref, $68.06",3,misc,Level 10 Hat,622
64,Sulphurous,Professional's Panama,2231.58,39 keys,"2,231.58 ref, $68.06",4,misc,Level 1-100 Hat,109
64,Sulphurous,Bombing Run,2174.36,38 keys,"2,174.36 ref, $66.32",6,misc,Level 1-100 Helmet,249
64,Sulphurous,Pirate Bandana,2174.36,38 keys,"2,174.36 ref, $66.32",1,misc,Level 1-100 Hat,30180
64,Sulphurous,Little Buddy,2002.7,35 keys,"2,002.70 ref, $61.08",3,misc,Level 10 Hat,612
64,Sulphurous,Letch's LED,1945.48,32–36 keys,"1,945.48 ref, $59.34",2,misc,Level 1-100 Hat,30002
64,Sulphurous,Bear Necessities,1916.87,28–39 keys,"1,916.87 ref, $58.46",2,misc,Level 1-100 Spirit Animal,30122
64,Sulphurous,Gentleman's Gatsby,1888.26,33 keys,"1,888.26 ref, $57.59",3,misc,Level 1-100 Hat,184
64,Sulphurous,Lord Cockswain's Pith Helmet,1831.04,32 keys,"1,831.04 ref, $55.85",2,misc,Level 1-100 Headgear,439
64,Sulphurous,Pugilist's Protector,1773.82,31 keys,"1,773.82 ref, $54.10",5,misc,Level 1-100 Headgear,246
64,Sulphurous,Bonk Leadwear,1716.6,30 keys,"1,716.60 ref, $52.36",6,misc,Level 1-100 Helmet,30030
64,Sulphurous,Glengarry Bonnet,1716.6,30 keys,"1,716.60 ref, $52.36",2,misc,Level 1-100 Hat,100
64,Sulphurous,Pom-Pommed Provocateur,1716.6,30 keys,"1,716.60 ref, $52.36",2,misc,Level 1-100 Mask,30072
64,Sulphurous,Stormin' Norman,1716.6,30 keys,"1,716.60 ref, $52.36",1,misc,Level 1-100 Helmet,30112
64,Sulphurous,German Gonzila,1630.77,25–32 keys,"1,630.77 ref, $49.74",3,misc,Level 1-100 Hat,323
64,Sulphurous,Big Chief,1602.16,28 keys,"1,602.16 ref, $48.87",5,misc,Level 1-100 Hat,309
64,Sulphurous,Tippler's Tricorne,1516.33,23–30 keys,"1,516.33 ref, $46.25",2,misc,Level 1-100 Hat,179
64,Sulphurous,Tungsten Toque,1487.72,26 keys,"1,487.72 ref, $45.38",3,misc,Level 1-100 Hat,30049
64,Sulphurous,Plumber's Pipe,1430.5,25 keys,"1,430.50 ref, $43.63",3,misc,Level 1-100 Hat,30022
64,Sulphurous,Stately Steel Toe,1430.5,25 keys,"1,430.50 ref, $43.63",3,misc,Level 1-100 Hat,481
64,Sulphurous,Dread Knot,1373.28,24 keys,"1,373.28 ref, $41.89",4,misc,Level 1-100 Hair,358
64,Sulphurous,Coupe D'isaster,1258.84,22 keys,"1,258.84 ref, $38.39",4,misc,Level 1-100 Hair,330
64,Sulphurous,Cadaver's Cranium,1001.35,15–20 keys,"1,001.35 ref, $30.54",3,misc,Level 31 Hat,290
64,Sulphurous,Cyborg Stunt Helmet,915.52,16 keys,"915.52 ref, $27.92",1,misc,Level 1-100 Helmet,30024
64,Sulphurous,Prancer's Pride,915.52,16 keys,"915.52 ref, $27.92",6,misc,Level 1-100 Hat,318
64,Sulphurous,Fur-Lined Fighter,0,,,2,misc,Level 1-100 Hat,30545
100,Death by Disco,Prehistoric Pullover,31184.9,520–570 keys,"31,184.90 ref, $951.14",142,misc,Level 1-100 Hood,30704
100,Death by Disco,B'aaarrgh-n-Bicorne,22888,400 keys,"22,888.00 ref, $698.08",16,misc,Level 1-100 Hat,30718
100,Death by Disco,Death Racer's Helmet,20599.2,360 keys,"20,599.20 ref, $628.28",21,misc,Level 1-100 Helmet,30686
100,Death by Disco,Smokey Sombrero,18310.4,310–330 keys,"18,310.40 ref, $558.47",110,misc,Level 1-100 Hat,30682
100,Death by Disco,Neptune's Nightmare,16021.6,280 keys,"16,021.60 ref, $488.66",22,misc,Level 1-100 Helmet,30684
100,Death by Disco,Duck Billed Hatypus,14877.2,220–300 keys,"14,877.20 ref, $453.75",32,misc,Level 1-100 Hat,30700
100,Death by Disco,Hellmet,12988.94,227 keys,"12,988.94 ref, $396.16",130,misc,Level 1-100 Helmet,30708
286,Celestial Starburst,Head Prize,211714,3700 keys,"211,714.00 ref, $6457.28",1,misc,Level 1-100 Hat,30838
286,Celestial Starburst,Legendary Lid,127600.6,2230 keys,"127,600.60 ref, $3891.82",1,misc,Level 1-100 Hat,30868
286,Celestial Starburst,Bone Cone,88691,1550 keys,"88,691.00 ref, $2705.08",1,misc,Level 1-100 Hat,31218
286,Celestial Starburst,Wandering Wraith,62942,1100 keys,"62,942.00 ref, $1919.73",1,misc,Level 1-100 Hat,31221
286,Celestial Starburst,Herald's Helm,34332,600 keys,"34,332.00 ref, $1047.13",4,misc,Level 1-100 Helmet,30769
286,Celestial Starburst,Hat Outta Hell,31471,550 keys,"31,471.00 ref, $959.87",4,misc,Level 1-100 Hat,31216
286,Celestial Starburst,Starboard Crusader,31471,550 keys,"31,471.00 ref, $959.87",3,misc,Level 1-100 Hat,30981
286,Celestial Starburst,Punk's Pomp,30755.75,525–550 keys,"30,755.75 ref, $938.05",0,misc,Level 1-100 Hair,30993
286,Celestial Starburst,Blast Defense,27179.5,475 keys,"27,179.50 ref, $828.97",0,misc,Level 1-100 Headgear,30863
286,Celestial Starburst,Antarctic Eyewear,24032.4,420 keys,"24,032.40 ref, $732.99",5,misc,Level 1-100 Apparel,30977
286,Celestial Starburst,Seared Sorcerer,22888,400 keys,"22,888.00 ref, $698.08",5,misc,Level 1-100 Hat,31143
286,Celestial Starburst,Alakablamicon,19740.9,345 keys,"19,740.90 ref, $602.10",5,misc,Level 1-100 Hat,31215
286,Celestial Starburst,Caribou Companion,18138.74,317 keys,"18,138.74 ref, $553.23",4,misc,Level 1-100 Hat,30974
286,Celestial Starburst,Classy Capper,17166,300 keys,"17,166.00 ref, $523.56",2,misc,Level 1-100 Hat,30893
286,Celestial Starburst,Field Practice,17166,300 keys,"17,166.00 ref, $523.56",6,misc,Level 1-100 Headgear,30862
286,Celestial Starburst,Oktoberfester,15735.5,275 keys,"15,735.50 ref, $479.93",2,misc,Level 1-100 Hat,31344
286,Celestial Starburst,Reindoonibeanie,15449.4,270 keys,"15,449.40 ref, $471.21",0,misc,Level 1-100 Hat,31171
286,Celestial Starburst,Flame Warrior,15020.25,250–275 keys,"15,020.25 ref, $458.12",4,misc,Level 1-100 Helmet,31357
286,Celestial Starburst,Bumble Beenie,14591.1,250–260 keys,"14,591.10 ref, $445.03",0,misc,Level 1-100 Hat,31085
286,Celestial Starburst,Brothers in Blues,14305,250 keys,"14,305.00 ref, $436.30",87,misc,Level 1-100 Hat,31356
286,Celestial Starburst,Spooky Head-Bouncers,12931.72,226 keys,"12,931.72 ref, $394.42",5,misc,Level 1-100 Hat,31209
286,Celestial Starburst,Nuke,12588.4,220 keys,"12,588.40 ref, $383.95",0,misc,Level 1-100 Hair,30885
286,Celestial Starburst,Detective,11730.1,205 keys,"11,730.10 ref, $357.77",1,misc,Level 1-100 Hat,31277
286,Celestial Starburst,Burning Question,11444,200 keys,"11,444.00 ref, $349.04",2,misc,Level 1-100 Hat,30987
286,Celestial Starburst,Twisted Topper,11444,200 keys,"11,444.00 ref, $349.04",0,misc,Level 1-100 Hat,31211
286,Celestial Starburst,Dayjogger,10814.58,189 keys,"10,814.58 ref, $329.84",1,misc,Level 1-100 Hat,30779
286,Celestial Starburst,Hawaiian Hunter,10471.26,180–186 keys,"10,471.26 ref, $319.37",3,misc,Level 1-100 Hat,31271
286,Celestial Starburst,Berlin Brain Bowl,9612.96,168 keys,"9,612.96 ref, $293.20",0,misc,Level 1-100 Headgear,30755
286,Celestial Starburst,Close Quarters Cover,9584.35,160–175 keys,"9,584.35 ref, $292.32",22,misc,Level 1-100 Hair,31378
286,Celestial Starburst,More Gun Marshal,9155.2,160 keys,"9,155.20 ref, $279.23",4,misc,Level 1-100 Hat,31298
286,Celestial Starburst,Brim of Fire,8869.1,155 keys,"8,869.10 ref, $270.51",0,misc,Level 1-100 Hat,31185
286,Celestial Starburst,Sky High Fly Guy,8869.1,155 keys,"8,869.10 ref, $270.51",0,misc,Level 1-100 Hat,30984
286,Celestial Starburst,Jolly Jingler,8726.05,140–165 keys,"8,726.05 ref, $266.14",3,misc,Level 1-100 Hat,31165
286,Celestial Starburst,Brass Bucket,8583,150 keys,"8,583.00 ref, $261.78",0,misc,Level 1-100 Helmet,30969
286,Celestial Starburst,Mooshanka,8583,150 keys,"8,583.00 ref, $261.78",1,misc,Level 1-100 Hat,31255
286,Celestial Starburst,Partizan,8583,150 keys,"8,583.00 ref, $261.78",3,misc,Level 1-100 Hat,31329
286,Celestial Starburst,Puffy Polar Cap,8468.56,148 keys,"8,468.56 ref, $258.29",0,misc,Level 1-100 Hat,30958
286,Celestial Starburst,Sinner's Shade,7438.6,130 keys,"7,438.60 ref, $226.88",3,misc,Level 1-100 Hat,30959
286,Celestial Starburst,Trucker's Topper,7438.6,130 keys,"7,438.60 ref, $226.88",0,misc,Level 1-100 Hat,30930
286,Celestial Starburst,Fat Man's Field Cap,7324.16,128 keys,"7,324.16 ref, $223.39",3,misc,Level 1-100 Hat,30911
286,Celestial Starburst,Arctic Mole,7152.5,125 keys,"7,152.50 ref, $218.15",2,misc,Level 1-100 Hat,31333
286,Celestial Starburst,Head Hedge,7152.5,100–150 keys,"7,152.50 ref, $218.15",7,misc,Level 1-100 Helmet,30978
286,Celestial Starburst,Brimmed Bootlegger,6208.37,92–125 keys,"6,208.37 ref, $189.36",118,misc,Level 1-100 Hat,31366
286,Celestial Starburst,Warhood,5779.22,82–120 keys,"5,779.22 ref, $176.27",9,misc,Level 1-100 Hood,30866
286,Celestial Starburst,Hephaistos' Handcraft,5722,75–125 keys,"5,722.00 ref, $174.52",3,misc,Level 1-100 Helmet,31000
286,Celestial Starburst,Squatter's Right,5722,100 keys,"5,722.00 ref, $174.52",1,misc,Level 1-100 Hat,31267
286,Celestial Starburst,Firearm Protector,5607.56,98 keys,"5,607.56 ref, $171.03",0,misc,Level 1-100 Hat,31310
286,Celestial Starburst,Undercover Brolly,5435.9,95 keys,"5,435.90 ref, $165.79",5,misc,Level 1-100 Hat,31262
286,Celestial Starburst,Cleaner's Cap,5350.07,87–100 keys,"5,350.07 ref, $163.18",22,misc,Level 1-100 Hat,31376
286,Celestial Starburst,Fried Batter,5035.36,88 keys,"5,035.36 ref, $153.58",1,misc,Level 1-100 Hat,31197
286,Celestial Starburst,Hazard Handler,4863.7,85 keys,"4,863.70 ref, $148.34",21,misc,Level 1-100 Helmet,31374
286,Celestial Starburst,Cranium Cover,4577.6,80 keys,"4,577.60 ref, $139.62",6,misc,Level 1-100 Helmet,31362
286,Celestial Starburst,Tank Top,4577.6,80 keys,"4,577.60 ref, $139.62",0,misc,Level 1-100 Helmet,31002
286,Celestial Starburst,Head of Defense,4234.28,74 keys,"4,234.28 ref, $129.15",3,misc,Level 1-100 Hat,31114
286,Celestial Starburst,Archer's Sterling,4005.4,70 keys,"4,005.40 ref, $122.16",8,misc,Level 1-100 Helmet,30874
286,Celestial Starburst,Backbreaker's Skullcracker,3204.32,42–70 keys,"3,204.32 ref, $97.73",2,misc,Level 1-100 Helmet,31038
286,Celestial Starburst,Brain-Warming Wear,3089.88,54 keys,"3,089.88 ref, $94.24",0,misc,Level 1-100 Hat,30827
286,Celestial Starburst,Firestalker,2746.56,42–54 keys,"2,746.56 ref, $83.77",150,misc,Level 1-100 Hat,31359
286,Celestial Starburst,Blast Bowl,2174.36,38 keys,"2,174.36 ref, $66.32",70,misc,Level 1-100 Helmet,31371
286,Celestial Starburst,Bottle Cap,0,,,2,misc,Level 1-100 Hat,31042
286,Celestial Starburst,Missing Piece,0,,,2,misc,Level 1-100 Hat,31101
286,Celestial Starburst,Reel Fly Hat,0,,,1,misc,Level 1-100 Hat,31186
286,Celestial Starburst,Soft Hard Hat,0,,,2,misc,Level 1-100 Hat,31331
395,Spectrum Inferno,Legendary Lid,114440,2000 keys,"114,440.00 ref, $3490.42",0,misc,Level 1-100 Hat,30868
395,Spectrum Inferno,Gauzed Gaze,68664,1200 keys,"68,664.00 ref, $2094.25",0,misc,Level 1-100 Hat,30786
395,Spectrum Inferno,Blast Defense,45776,800 keys,"45,776.00 ref, $1396.17",0,misc,Level 1-100 Headgear,30863
395,Spectrum Inferno,Herald's Helm,45776,800 keys,"45,776.00 ref, $1396.17",0,misc,Level 1-100 Helmet,30769
395,Spectrum Inferno,Duality of Mantle,44345.5,775 keys,"44,345.50 ref, $1352.54",1,misc,Level 1-100 Hood,31472
395,Spectrum Inferno,Tundra Top,27465.6,480 keys,"27,465.60 ref, $837.70",0,misc,Level 1-100 Hat,30976
395,Spectrum Inferno,Sightseer,15735.5,275 keys,"15,735.50 ref, $479.93",1,misc,Level 1-100 Hat,31404
395,Spectrum Inferno,Commonwealth Commander,10871.8,190 keys,"10,871.80 ref, $331.59",7,misc,Level 1-100 Helmet,31586
395,Spectrum Inferno,Burning Beanie,8583,150 keys,"8,583.00 ref, $261.78",0,misc,Level 1-100 Hat,30936
395,Spectrum Inferno,Feathered Foe,8583,150 keys,"8,583.00 ref, $261.78",2,misc,Level 1-100 Hat,31559
395,Spectrum Inferno,Brimmed Bootlegger,7495.82,131 keys,"7,495.82 ref, $228.62",0,misc,Level 1-100 Hat,31366
395,Spectrum Inferno,Shadow of Doubt,7438.6,115–145 keys,"7,438.60 ref, $226.88",1,misc,Level 1-100 Hat,31543
395,Spectrum Inferno,Misdirector,7152.5,100–150 keys,"7,152.50 ref, $218.15",1,misc,Level 1-100 Hat,31566
395,Spectrum Inferno,El Mostacho,6523.08,96–132 keys,"6,523.08 ref, $198.95",0,misc,Level 1-100 Hat,31074
395,Spectrum Inferno,Beanie the All-Gnawing,5149.8,80–100 keys,"5,149.80 ref, $157.07",0,misc,Level 1-100 Hat,31212
395,Spectrum Inferno,Frigid Fashion,4005.4,70 keys,"4,005.40 ref, $122.16",2,misc,Level 1-100 Hat,31421
395,Spectrum Inferno,Spiky Viking,3719.3,65 keys,"3,719.30 ref, $113.44",0,misc,Level 1-100 Helmet,31100
395,Spectrum Inferno,Highway Star,3433.2,60 keys,"3,433.20 ref, $104.71",2,misc,Level 1-100 Bandana,31010
395,Spectrum Inferno,Splitting Headache,3433.2,60 keys,"3,433.20 ref, $104.71",0,misc,Level 1-100 Headache,31390
395,Spectrum Inferno,Le Sapeur,3032.66,53 keys,"3,032.66 ref, $92.50",1,misc,Level 1-100 Helmet,31540
395,Spectrum Inferno,Fat Man's Field Cap,2918.22,51 keys,"2,918.22 ref, $89.01",0,misc,Level 1-100 Hat,30911
395,Spectrum Inferno,Hunk of Monk,2460.46,43 keys,"2,460.46 ref, $75.04",4,misc,Level 1-100 Hair,31525
395,Spectrum Inferno,Train of Thought,2346.02,41 keys,"2,346.02 ref, $71.55",1,misc,Level 1-100 Hat,31254
395,Spectrum Inferno,Bombard Brigadier,1144.4,20 keys,"1,144.40 ref, $34.90",0,misc,Level 1-100 Hat,31309
395,Spectrum Inferno,Blizzard Bonnet,0,,,4,misc,Level 1-100 Hat,31589
82,Amaranthine,Tough Stuff Muffs,143050,2500 keys,"143,050.00 ref, $4363.02",1,misc,Level 1-100 Hat,984
82,Amaranthine,Tyrant's Helm,111579,1950 keys,"111,579.00 ref, $3403.16",1,misc,Level 1-100 Helmet,99
82,Amaranthine,Duck Billed Hatypus,97274,1700 keys,"97,274.00 ref, $2966.86",1,misc,Level 1-100 Hat,30700
82,Amaranthine,Das Übersternmann,91666.44,1602 keys,"91,666.44 ref, $2795.83",1,misc,Level 1-100 Hat,30097
82,Amaranthine,Cotton Head,67004.62,1171 keys,"67,004.62 ref, $2043.64",4,misc,Level 1-100 Hat,30175
82,Amaranthine,Crone's Dome,66947.4,1170 keys,"66,947.40 ref, $2041.90",1,misc,Level 1-100 Hat,920
82,Amaranthine,War Pig,62942,1100 keys,"62,942.00 ref, $1919.73",1,misc,Level 1-100 Headgear,829
82,Amaranthine,Brown Bomber,58650.5,1000–1050 keys,"58,650.50 ref, $1788.84",2,misc,Level 1-100 Hat,671
82,Amaranthine,Détective Noir,57220,1000 keys,"57,220.00 ref, $1745.21",2,misc,Level 1-100 Hat,319
82,Amaranthine,Rotation Sensation,57220,1000 keys,"57,220.00 ref, $1745.21",2,misc,Level 1-100 Hat,30623
82,Amaranthine,Polar Pullover,55331.74,967 keys,"55,331.74 ref, $1687.62",2,misc,Level 1-100 Hat,30329
82,Amaranthine,Das Gutenkutteharen,45776,800 keys,"45,776.00 ref, $1396.17",1,misc,Level 1-100 Hair,30127
82,Amaranthine,Vintage Tyrolean,45776,800 keys,"45,776.00 ref, $1396.17",1,misc,Level 1-100 Hat,101
82,Amaranthine,Flamboyant Flamenco,45203.8,790 keys,"45,203.80 ref, $1378.72",2,misc,Level 10 Hat,627
82,Amaranthine,Brigade Helm,42915,750 keys,"42,915.00 ref, $1308.91",1,misc,Level 1-100 Helmet,105
82,Amaranthine,Federal Casemaker,42915,750 keys,"42,915.00 ref, $1308.91",2,misc,Level 1-100 Hat,30119
82,Amaranthine,Frickin' Sweet Ninja Hood,41484.5,725 keys,"41,484.50 ref, $1265.28",1,misc,Level 1-100 Hood,30394
82,Amaranthine,Galvanized Gibus,40340.1,705 keys,"40,340.10 ref, $1230.37",2,misc,Level 1-100 Hat,30003
82,Amaranthine,Bomber's Bucket Hat,40054,700 keys,"40,054.00 ref, $1221.65",1,misc,Level 1-100 Hat,30547
82,Amaranthine,Antlers,38623.5,675 keys,"38,623.50 ref, $1178.02",2,misc,Level 1-100 Cosmetic Item,993
82,Amaranthine,Flipped Trilby,38337.4,670 keys,"38,337.40 ref, $1169.29",3,misc,Level 1-100 Hat,324
82,Amaranthine,Black Watch,38108.52,666 keys,"38,108.52 ref, $1162.31",2,misc,Level 1-100 Hat,30105
82,Amaranthine,Harmburg,38108.52,666 keys,"38,108.52 ref, $1162.31",1,misc,Level 1-100 Hat,30123
82,Amaranthine,Shellmet,38108.52,666 keys,"38,108.52 ref, $1162.31",2,misc,Level 1-100 Helmet,30897
82,Amaranthine,Executioner,36048.6,630 keys,"36,048.60 ref, $1099.48",2,misc,Level 1-100 Hat,921
82,Amaranthine,Dr's Dapper Topper,34332,600 keys,"34,332.00 ref, $1047.13",2,misc,Level 1-100 Hat,252
82,Amaranthine,Napoleon Complex,34332,600 keys,"34,332.00 ref, $1047.13",1,misc,Level 1-100 Hat,30360
82,Amaranthine,Tippler's Tricorne,33759.8,590 keys,"33,759.80 ref, $1029.67",2,misc,Level 1-100 Hat,179
82,Amaranthine,Gilded Guard,33187.6,580 keys,"33,187.60 ref, $1012.22",1,misc,Level 1-100 Helmet,1093
82,Amaranthine,Nuke,32329.3,430–700 keys,"32,329.30 ref, $986.04",4,misc,Level 1-100 Hair,30885
82,Amaranthine,Frontier Djustice,30898.8,540 keys,"30,898.80 ref, $942.41",2,misc,Level 1-100 Hat,30421
82,Amaranthine,Backbiter's Billycock,30326.6,530 keys,"30,326.60 ref, $924.96",2,misc,Level 1-100 Hat,108
82,Amaranthine,Classy Capper,30097.72,526 keys,"30,097.72 ref, $917.98",3,misc,Level 1-100 Hat,30893
82,Amaranthine,Bonk Helm,29754.4,520 keys,"29,754.40 ref, $907.51",1,misc,Level 1-100 Helmet,106
82,Amaranthine,Cloud Crasher,28610,500 keys,"28,610.00 ref, $872.61",1,misc,Level 1-100 Helmet,30071
82,Amaranthine,Cosa Nostra Cap,28610,500 keys,"28,610.00 ref, $872.61",3,misc,Level 1-100 Hat,459
82,Amaranthine,Mask of the Shaman,28610,500 keys,"28,610.00 ref, $872.61",1,misc,Level 10 Mask,514
82,Amaranthine,Human Cannonball,28266.68,488–500 keys,"28,266.68 ref, $862.13",2,misc,Level 1-100 Helmet,817
82,Amaranthine,Dragonborn Helmet,28037.8,490 keys,"28,037.80 ref, $855.15",1,misc,Level 10 Helmet,517
82,Amaranthine,Reggaelator,28037.8,490 keys,"28,037.80 ref, $855.15",1,misc,Level 1-100 Hat,390
82,Amaranthine,Liquidator's Lid,27751.7,420–550 keys,"27,751.70 ref, $846.43",2,misc,Level 1-100 Hat,779
82,Amaranthine,Towering Pillar of Hats,27465.6,480 keys,"27,465.60 ref, $837.70",1,misc,Level 1-100 Hat,135
82,Amaranthine,Spook Specs,26321.2,460 keys,"26,321.20 ref, $802.80",1,misc,Level 1-100 Hat,30390
82,Amaranthine,Surgeon's Stahlhelm,25462.9,420–470 keys,"25,462.90 ref, $776.62",3,misc,Level 10 Helmet,616
82,Amaranthine,Brim-Full of Bullets,25176.8,440 keys,"25,176.80 ref, $767.89",5,misc,Level 1-100 Hat,30173
82,Amaranthine,Towering Titanium Pillar of Hats,24032.4,420 keys,"24,032.40 ref, $732.99",1,misc,Level 1-100 Hat,30008
82,Amaranthine,Pom-Pommed Provocateur,22888,400 keys,"22,888.00 ref, $698.08",1,misc,Level 1-100 Mask,30072
82,Amaranthine,Vive la France,22888,400 keys,"22,888.00 ref, $698.08",1,misc,Level 1-100 Hat,30422
82,Amaranthine,Wet Works,22315.8,330–450 keys,"22,315.80 ref, $680.63",1,misc,Level 1-100 Hat,30135
82,Amaranthine,Combustible Kabuto,21629.16,378 keys,"21,629.16 ref, $659.69",1,misc,Level 1-100 Hat,30418
82,Amaranthine,Helmet without a Home,21457.5,375 keys,"21,457.50 ref, $654.45",2,misc,Level 1-100 Helmet,732
82,Amaranthine,Bunsen Brave,21171.4,330–410 keys,"21,171.40 ref, $645.73",2,misc,Level 1-100 Hat,30054
82,Amaranthine,Old Guadalajara,21171.4,370 keys,"21,171.40 ref, $645.73",1,misc,Level 1-100 Hat,247
82,Amaranthine,Exquisite Rack,20456.15,350–365 keys,"20,456.15 ref, $623.91",0,misc,Level 1-100 Cosmetic Item,339
82,Amaranthine,Jungle Wreath,20027,350 keys,"20,027.00 ref, $610.82",2,misc,Level 1-100 Hat,30882
82,Amaranthine,Electric Escorter,19283.14,337 keys,"19,283.14 ref, $588.14",2,misc,Level 1-100 Hat,30025
82,Amaranthine,Conquistador,19168.7,335 keys,"19,168.70 ref, $584.65",3,misc,Level 1-100 Helmet,721
82,Amaranthine,Glengarry Bonnet,18882.6,330 keys,"18,882.60 ref, $575.92",1,misc,Level 1-100 Hat,100
82,Amaranthine,Pencil Pusher,18882.6,330 keys,"18,882.60 ref, $575.92",1,misc,Level 10 Hair,605
82,Amaranthine,Minnesota Slick,18138.74,317 keys,"18,138.74 ref, $553.23",1,misc,Level 1-100 Hair,30315
82,Amaranthine,Bombing Run,17738.2,310 keys,"17,738.20 ref, $541.02",1,misc,Level 1-100 Helmet,249
82,Amaranthine,Carouser's Capotain,17738.2,310 keys,"17,738.20 ref, $541.02",2,misc,Level 1-100 Hat,259
82,Amaranthine,Das Maddendoktor,17166,300 keys,"17,166.00 ref, $523.56",2,misc,Level 1-100 Hair,30121
82,Amaranthine,Handyman's Handle,17166,300 keys,"17,166.00 ref, $523.56",2,misc,Level 1-100 Hat,253
82,Amaranthine,Shooter's Tin Topi,17166,300 keys,"17,166.00 ref, $523.56",1,misc,Level 1-100 Hat,30005
82,Amaranthine,White Russian,17166,300 keys,"17,166.00 ref, $523.56",1,misc,Level 1-100 Hair,30644
82,Amaranthine,Furious Fukaamigasa,16593.8,290 keys,"16,593.80 ref, $506.11",2,misc,Level 1-100 Hat,395
82,Amaranthine,Bolted Bicorne,16021.6,280 keys,"16,021.60 ref, $488.66",2,misc,Level 1-100 Hat,30034
82,Amaranthine,L'Inspecteur,16021.6,280 keys,"16,021.60 ref, $488.66",1,misc,Level 10 Hat,622
82,Amaranthine,Hustler's Hallmark,15449.4,240–300 keys,"15,449.40 ref, $471.21",1,misc,Level 1-100 Hat,146
82,Amaranthine,Soldered Sensei,15449.4,270 keys,"15,449.40 ref, $471.21",0,misc,Level 1-100 Hat,30004
82,Amaranthine,Metal Slug,14877.2,260 keys,"14,877.20 ref, $453.75",1,misc,Level 1-100 Hat,30028
82,Amaranthine,Bear Necessities,14305,250 keys,"14,305.00 ref, $436.30",3,misc,Level 1-100 Spirit Animal,30122
82,Amaranthine,FR-0,14305,250 keys,"14,305.00 ref, $436.30",0,misc,Level 1-100 Hat,30016
82,Amaranthine,Frenchman's Beret,14305,250 keys,"14,305.00 ref, $436.30",1,misc,Level 1-100 Hat,180
82,Amaranthine,Gentleman's Gatsby,14305,250 keys,"14,305.00 ref, $436.30",1,misc,Level 1-100 Hat,184
82,Amaranthine,Law,14305,250 keys,"14,305.00 ref, $436.30",2,misc,Level 1-100 Hat,30362
82,Amaranthine,Employee of the Mmmph,14018.9,220–270 keys,"14,018.90 ref, $427.58",2,misc,Level 1-100 Hat,30416
82,Amaranthine,Nunhood,14018.9,240–250 keys,"14,018.90 ref, $427.58",1,misc,Level 1-100 Hat,30311
82,Amaranthine,Scout Shako,13732.8,240 keys,"13,732.80 ref, $418.85",4,misc,Level 1-100 Hat,30326
82,Amaranthine,Copper's Hard Top,13446.7,235 keys,"13,446.70 ref, $410.12",1,misc,Level 1-100 Helmet,478
82,Amaranthine,Kiss King,13217.82,198–264 keys,"13,217.82 ref, $403.14",1,misc,Level 1-100 Hat,30313
82,Amaranthine,Baron von Havenaplane,13160.6,230 keys,"13,160.60 ref, $401.40",3,misc,Level 1-100 Hat,30136
82,Amaranthine,Slick Cut,12874.5,225 keys,"12,874.50 ref, $392.67",2,misc,Level 1-100 Hair,30187
82,Amaranthine,Virus Doctor,12760.06,200–246 keys,"12,760.06 ref, $389.18",1,misc,Level 1-100 Hat,30043
82,Amaranthine,Napper's Respite,12702.84,222 keys,"12,702.84 ref, $387.44",2,misc,Level 1-100 Hat,248
82,Amaranthine,Base Metal Billycock,12588.4,220 keys,"12,588.40 ref, $383.95",2,misc,Level 1-100 Hat,30007
82,Amaranthine,Dread Knot,12588.4,210–230 keys,"12,588.40 ref, $383.95",2,misc,Level 1-100 Hair,358
82,Amaranthine,Wing Mann,12016.2,210 keys,"12,016.20 ref, $366.49",1,misc,Level 1-100 Hat,30809
82,Amaranthine,Prehistoric Pullover,11587.05,165–240 keys,"11,587.05 ref, $353.41",1,misc,Level 1-100 Hood,30704
82,Amaranthine,Birdcage,11444,200 keys,"11,444.00 ref, $349.04",4,misc,Level 10 Hat,615
82,Amaranthine,Gridiron Guardian,11444,200 keys,"11,444.00 ref, $349.04",2,misc,Level 1-100 Helmet,30013
82,Amaranthine,Janissary Ketche,11444,200 keys,"11,444.00 ref, $349.04",0,misc,Level 1-100 Hat,437
82,Amaranthine,Lord Cockswain's Pith Helmet,10871.8,190 keys,"10,871.80 ref, $331.59",1,misc,Level 1-100 Headgear,439
82,Amaranthine,Big Chief,10585.7,185 keys,"10,585.70 ref, $322.86",2,misc,Level 1-100 Hat,309
82,Amaranthine,Tartan Tyrolean,9756.01,146–195 keys,"9,756.01 ref, $297.56",2,misc,Level 1-100 Hat,30334
82,Amaranthine,Crit Cloak,9584.35,135–200 keys,"9,584.35 ref, $292.32",1,misc,Level 1-100 Hood,30899
82,Amaranthine,Well-Rounded Rifleman,9155.2,145–175 keys,"9,155.20 ref, $279.23",1,misc,Level 1-100 Hat,30067
82,Amaranthine,Brain Bucket,8726.05,140–165 keys,"8,726.05 ref, $266.14",3,misc,Level 1-100 Hat,434
82,Amaranthine,Das Naggenvatcher,8726.05,145–160 keys,"8,726.05 ref, $266.14",1,misc,Level 1-100 Hat,30109
82,Amaranthine,Field Practice,8726.05,120–185 keys,"8,726.05 ref, $266.14",0,misc,Level 1-100 Headgear,30862
82,Amaranthine,Jumper's Jeepcap,8239.68,144 keys,"8,239.68 ref, $251.31",1,misc,Level 1-100 Hat,417
82,Amaranthine,Fed-Fightin' Fedora,7724.7,135 keys,"7,724.70 ref, $235.60",1,misc,Level 1-100 Hat,780
82,Amaranthine,Connoisseur's Cap,7438.6,130 keys,"7,438.60 ref, $226.88",1,misc,Level 1-100 Hat,394
82,Amaranthine,Magnificent Mongolian,7438.6,130 keys,"7,438.60 ref, $226.88",2,misc,Level 1-100 Hat,313
82,Amaranthine,Otolaryngologist's Mirror,7438.6,130 keys,"7,438.60 ref, $226.88",3,misc,Level 1-100 Hat,104
82,Amaranthine,Smoking Skid Lid,7438.6,130 keys,"7,438.60 ref, $226.88",1,misc,Level 1-100 Hat,30399
82,Amaranthine,Voodoo JuJu (Slight Return),7152.5,125 keys,"7,152.50 ref, $218.15",1,misc,Level 1-100 Hat,935
82,Amaranthine,Blast Defense,6866.4,100–140 keys,"6,866.40 ref, $209.43",0,misc,Level 1-100 Headgear,30863
82,Amaranthine,Fat Man's Field Cap,6694.74,117 keys,"6,694.74 ref, $204.19",1,misc,Level 1-100 Hat,30911
82,Amaranthine,Sole Mate,5779.22,101 keys,"5,779.22 ref, $176.27",1,misc,Level 1-100 Hat,30355
82,Amaranthine,Nanobalaclava,5722,100 keys,"5,722.00 ref, $174.52",0,misc,Level 10 Hat,521
82,Amaranthine,Plumber's Pipe,5722,100 keys,"5,722.00 ref, $174.52",1,misc,Level 1-100 Hat,30022
82,Amaranthine,Rebel Rouser,5722,80–120 keys,"5,722.00 ref, $174.52",1,misc,Level 1-100 Hat,30120
82,Amaranthine,Whoopee Cap,5722,100 keys,"5,722.00 ref, $174.52",3,misc,Level 1-100 Hat,174
82,Amaranthine,Tavish DeGroot Experience,5550.34,97 keys,"5,550.34 ref, $169.29",1,misc,Level 10 Hat,604
82,Amaranthine,Geisha Boy,5435.9,95 keys,"5,435.90 ref, $165.79",2,misc,Level 1-100 Hair,363
82,Amaranthine,Industrial Festivizer,5435.9,95 keys,"5,435.90 ref, $165.79",1,misc,Level 1-100 Hat,338
82,Amaranthine,Waxy Wayfinder,5435.9,95 keys,"5,435.90 ref, $165.79",2,misc,Level 1-100 Hat,753
82,Amaranthine,Company Man,5321.46,93 keys,"5,321.46 ref, $162.30",1,misc,Level 10 Hat,523
82,Amaranthine,Prince Tavish's Crown,5207.02,91 keys,"5,207.02 ref, $158.81",1,misc,Level 1-100 Hat,342
82,Amaranthine,Bonk Leadwear,5149.8,90 keys,"5,149.80 ref, $157.07",3,misc,Level 1-100 Helmet,30030
82,Amaranthine,Ol' Geezer,5149.8,90 keys,"5,149.80 ref, $157.07",2,misc,Level 1-100 Hat,399
82,Amaranthine,Buccaneer's Bicorne,5092.58,80–98 keys,"5,092.58 ref, $155.32",0,misc,Level 10 Hat,607
82,Amaranthine,Timeless Topper,5092.58,88–90 keys,"5,092.58 ref, $155.32",1,misc,Level 1-100 Hat,30035
82,Amaranthine,Bubble Pipe,4577.6,80 keys,"4,577.60 ref, $139.62",1,misc,Level 1-100 Helmet,597
82,Amaranthine,Chieftain's Challenge,4577.6,80 keys,"4,577.60 ref, $139.62",1,misc,Level 1-100 Hat,250
82,Amaranthine,Sammy Cap,4348.72,76 keys,"4,348.72 ref, $132.64",2,misc,Level 1-100 Hat,30374
82,Amaranthine,Gentleman's Ushanka,4291.5,70–80 keys,"4,291.50 ref, $130.89",1,misc,Level 1-100 Hat,778
82,Amaranthine,Razor Cut,4291.5,75 keys,"4,291.50 ref, $130.89",2,misc,Level 1-100 Hat,30393
82,Amaranthine,Big Elfin Deal,4234.28,73–75 keys,"4,234.28 ref, $129.15",2,misc,Level 1-100 Hat,652
82,Amaranthine,Halogen Head Lamp,4005.4,70 keys,"4,005.40 ref, $122.16",2,misc,Level 1-100 Hat,30041
82,Amaranthine,Tartan Spartan,4005.4,70 keys,"4,005.40 ref, $122.16",1,misc,Level 1-100 Helmet,30106
82,Amaranthine,Full Metal Drill Hat,3662.08,64 keys,"3,662.08 ref, $111.69",1,misc,Level 1-100 Hat,30026
82,Amaranthine,Sultan's Ceremonial,3604.86,63 keys,"3,604.86 ref, $109.95",1,misc,Level 1-100 Hat,403
82,Amaranthine,Runner's Warm-Up,3547.64,62 keys,"3,547.64 ref, $108.20",1,misc,Level 1-100 Hat,30332
82,Amaranthine,Battle Boonie,3433.2,60 keys,"3,433.20 ref, $104.71",2,misc,Level 1-100 Hat,30907
82,Amaranthine,Capo's Capper,3433.2,60 keys,"3,433.20 ref, $104.71",1,misc,Level 1-100 Hat,427
82,Amaranthine,Greased Lightning,3433.2,60 keys,"3,433.20 ref, $104.71",1,misc,Level 1-100 Hair,30078
82,Amaranthine,Safe'n'Sound,3433.2,60 keys,"3,433.20 ref, $104.71",2,misc,Level 1-100 Hat,178
82,Amaranthine,Valley Forge,3433.2,60 keys,"3,433.20 ref, $104.71",1,misc,Level 1-100 Hat,30114
82,Amaranthine,Vintage Merryweather,3433.2,60 keys,"3,433.20 ref, $104.71",2,misc,Level 1-100 Helmet,182
82,Amaranthine,Swagman's Swatter,3318.76,58 keys,"3,318.76 ref, $101.22",0,misc,Level 10 Hat,626
82,Amaranthine,Professional's Panama,3204.32,54–58 keys,"3,204.32 ref, $97.73",2,misc,Level 1-100 Hat,109
82,Amaranthine,Glasgow Great Helm,3147.1,55 keys,"3,147.10 ref, $95.99",1,misc,Level 1-100 Helmet,30082
82,Amaranthine,Triboniophorus Tyrannus,3147.1,55 keys,"3,147.10 ref, $95.99",1,misc,Level 1-100 Mascot,151
82,Amaranthine,Attendant,2918.22,40–62 keys,"2,918.22 ref, $89.01",1,misc,Level 1-100 Hat,213
82,Amaranthine,Barnstormer,2861,50 keys,"2,861.00 ref, $87.26",1,misc,Level 1-100 Hat,988
82,Amaranthine,Hottie's Hoodie,2861,50 keys,"2,861.00 ref, $87.26",2,misc,Level 1-100 Hood,377
82,Amaranthine,Letch's LED,2861,50 keys,"2,861.00 ref, $87.26",1,misc,Level 1-100 Hat,30002
82,Amaranthine,Stout Shako,2861,50 keys,"2,861.00 ref, $87.26",2,misc,Level 1-100 Hat,251
82,Amaranthine,Toy Soldier,2861,50 keys,"2,861.00 ref, $87.26",2,misc,Level 1-100 Hat,30316
82,Amaranthine,Tungsten Toque,2861,50 keys,"2,861.00 ref, $87.26",1,misc,Level 1-100 Hat,30049
82,Amaranthine,One-Man Army,2574.9,45 keys,"2,574.90 ref, $78.53",3,misc,Level 10 Hair,601
82,Amaranthine,Commando Elite,2460.46,43 keys,"2,460.46 ref, $75.04",3,misc,Level 1-100 Helmet,30912
82,Amaranthine,German Gonzila,2403.24,40–44 keys,"2,403.24 ref, $73.30",0,misc,Level 1-100 Hat,323
82,Amaranthine,Cyborg Stunt Helmet,2346.02,41 keys,"2,346.02 ref, $71.55",4,misc,Level 1-100 Helmet,30024
82,Amaranthine,Larrikin Robin,2288.8,40 keys,"2,288.80 ref, $69.81",1,misc,Level 1-100 Hat,314
82,Amaranthine,Pirate Bandana,2288.8,40 keys,"2,288.80 ref, $69.81",2,misc,Level 1-100 Hat,30180
82,Amaranthine,Titanium Tyrolean,2231.58,39 keys,"2,231.58 ref, $68.06",1,misc,Level 1-100 Hat,30045
82,Amaranthine,Little Buddy,2202.97,37–40 keys,"2,202.97 ref, $67.19",2,misc,Level 10 Hat,612
82,Amaranthine,Pampered Pyro,2202.97,36–41 keys,"2,202.97 ref, $67.19",2,misc,Level 1-100 Towel,30139
82,Amaranthine,Dead Cone,2088.53,28–45 keys,"2,088.53 ref, $63.70",1,misc,Level 1-100 Hat,435
82,Amaranthine,Ye Oiled Baker Boy,2059.92,36 keys,"2,059.92 ref, $62.83",3,misc,Level 1-100 Hat,30019
82,Amaranthine,Bullet Buzz,2002.7,30–40 keys,"2,002.70 ref, $61.08",1,misc,Level 1-100 Hair,30344
82,Amaranthine,Sober Stuntman,2002.7,35 keys,"2,002.70 ref, $61.08",1,misc,Level 1-100 Helmet,255
82,Amaranthine,Plug-In Prospector,1945.48,34 keys,"1,945.48 ref, $59.34",2,misc,Level 1-100 Hat,30031
82,Amaranthine,Firewall Helmet,1716.6,30 keys,"1,716.60 ref, $52.36",3,misc,Level 1-100 Helmet,30038
82,Amaranthine,Prancer's Pride,1602.16,28 keys,"1,602.16 ref, $48.87",1,misc,Level 1-100 Hat,318
82,Amaranthine,Stately Steel Toe,1401.89,21–28 keys,"1,401.89 ref, $42.76",3,misc,Level 1-100 Hat,481
82,Amaranthine,Pugilist's Protector,1316.06,23 keys,"1,316.06 ref, $40.14",2,misc,Level 1-100 Headgear,246
82,Amaranthine,Bootleg Base Metal Billycock,1087.18,17–21 keys,"1,087.18 ref, $33.16",2,misc,Level 1-100 Hat,30047
82,Amaranthine,Fur-Lined Fighter,0,,,1,misc,Level 1-100 Hat,30545
201,Pumpkin Moon,Head Prize,108718,1900 keys,"108,718.00 ref, $3315.90",3,misc,Level 1-100 Hat,30838
201,Pumpkin Moon,Gauzed Gaze,91552,1600 keys,"91,552.00 ref, $2792.34",4,misc,Level 1-100 Hat,30786
201,Pumpkin Moon,War Eagle,65803,1150 keys,"65,803.00 ref, $2006.99",1,misc,Level 1-100 Headgear,30887
201,Pumpkin Moon,Rotation Sensation,61225.4,1010–1130 keys,"61,225.40 ref, $1867.37",9,misc,Level 1-100 Hat,30623
201,Pumpkin Moon,Prehistoric Pullover,54359,950 keys,"54,359.00 ref, $1657.95",1,misc,Level 1-100 Hood,30704
201,Pumpkin Moon,Patriot Peak,51326.34,897 keys,"51,326.34 ref, $1565.45",38,misc,Level 1-100 Hat,30743
201,Pumpkin Moon,Jungle Wreath,47778.7,835 keys,"47,778.70 ref, $1457.25",1,misc,Level 1-100 Hat,30882
201,Pumpkin Moon,Seared Sorcerer,44860.48,784 keys,"44,860.48 ref, $1368.24",6,misc,Level 1-100 Hat,31143
201,Pumpkin Moon,Bone Cone,42915,750 keys,"42,915.00 ref, $1308.91",50,misc,Level 1-100 Hat,31218
201,Pumpkin Moon,Lil' Bitey,36334.7,635 keys,"36,334.70 ref, $1108.21",1,misc,Level 1-100 Hat,30814
201,Pumpkin Moon,Sophisticated Smoker,33187.6,580 keys,"33,187.60 ref, $1012.22",2,misc,Level 1-100 Hat,31106
201,Pumpkin Moon,Citizen Cane,31757.1,555 keys,"31,757.10 ref, $968.59",3,misc,Level 1-100 Hat,31091
201,Pumpkin Moon,White Russian,31471,550 keys,"31,471.00 ref, $959.87",2,misc,Level 1-100 Hair,30644
201,Pumpkin Moon,Hunter in Darkness,29754.4,520 keys,"29,754.40 ref, $907.51",7,misc,Level 1-100 Hat,30877
201,Pumpkin Moon,Professional's Pom-Pom,28610,500 keys,"28,610.00 ref, $872.61",1,misc,Level 1-100 Hat,31170
201,Pumpkin Moon,Wandering Wraith,28552.78,499 keys,"28,552.78 ref, $870.86",46,misc,Level 1-100 Hat,31221
201,Pumpkin Moon,Feathered Fiend,27465.6,480 keys,"27,465.60 ref, $837.70",1,misc,Level 1-100 Headgear,30903
201,Pumpkin Moon,Tundra Top,27465.6,480 keys,"27,465.60 ref, $837.70",11,misc,Level 1-100 Hat,30976
201,Pumpkin Moon,Winter Wrap Up,26321.2,460 keys,"26,321.20 ref, $802.80",1,misc,Level 1-100 Hat,31094
201,Pumpkin Moon,Herald's Helm,24604.6,370–490 keys,"24,604.60 ref, $750.44",8,misc,Level 1-100 Helmet,30769
201,Pumpkin Moon,A Well Wrapped Hat,24032.4,420 keys,"24,032.40 ref, $732.99",6,misc,Level 1-100 Hat,30746
201,Pumpkin Moon,Antarctic Eyewear,22888,390–410 keys,"22,888.00 ref, $698.08",9,misc,Level 1-100 Apparel,30977
201,Pumpkin Moon,Crit Cloak,22888,400 keys,"22,888.00 ref, $698.08",3,misc,Level 1-100 Hood,30899
201,Pumpkin Moon,Punk's Pomp,22888,400 keys,"22,888.00 ref, $698.08",2,misc,Level 1-100 Hair,30993
201,Pumpkin Moon,Blast Defense,21743.6,380 keys,"21,743.60 ref, $663.18",15,misc,Level 1-100 Headgear,30863
201,Pumpkin Moon,Woolen Warmer,21171.4,370 keys,"21,171.40 ref, $645.73",4,misc,Level 1-100 Hat,30833
201,Pumpkin Moon,Starboard Crusader,20599.2,360 keys,"20,599.20 ref, $628.28",4,misc,Level 1-100 Hat,30981
201,Pumpkin Moon,Coldfront Commander,20027,350 keys,"20,027.00 ref, $610.82",4,misc,Level 1-100 Hat,30939
201,Pumpkin Moon,Hollowed Helm,20027,350 keys,"20,027.00 ref, $610.82",8,misc,Level 1-100 Hat,31128
201,Pumpkin Moon,Thousand-Yard Stare,19740.9,345 keys,"19,740.90 ref, $602.10",5,misc,Level 1-100 Hat,31200
201,Pumpkin Moon,Reindoonibeanie,19454.8,340 keys,"19,454.80 ref, $593.37",5,misc,Level 1-100 Hat,31171
201,Pumpkin Moon,Chill Chullo,18596.5,325 keys,"18,596.50 ref, $567.19",8,misc,Level 1-100 Hat,30748
201,Pumpkin Moon,Universal Translator,18596.5,325 keys,"18,596.50 ref, $567.19",4,misc,Level 1-100 Hat,30658
201,Pumpkin Moon,Wing Mann,18596.5,325 keys,"18,596.50 ref, $567.19",1,misc,Level 1-100 Hat,30809
201,Pumpkin Moon,Classy Capper,18310.4,320 keys,"18,310.40 ref, $558.47",10,misc,Level 1-100 Hat,30893
201,Pumpkin Moon,Dayjogger,17738.2,310 keys,"17,738.20 ref, $541.02",3,misc,Level 1-100 Hat,30779
201,Pumpkin Moon,Skullbrero,17738.2,310 keys,"17,738.20 ref, $541.02",8,misc,Level 1-100 Hat,31066
201,Pumpkin Moon,Towering Patch of Pumpkins,17738.2,295–325 keys,"17,738.20 ref, $541.02",20,misc,Level 1-100 Hat,31210
201,Pumpkin Moon,Sir Pumpkinton,17166,300 keys,"17,166.00 ref, $523.56",5,misc,Level 1-100 Hat,31131
201,Pumpkin Moon,Puffy Polar Cap,16307.7,285 keys,"16,307.70 ref, $497.38",6,misc,Level 1-100 Hat,30958
201,Pumpkin Moon,Pithy Professional,16021.6,280 keys,"16,021.60 ref, $488.66",6,misc,Level 1-100 Hat,30915
201,Pumpkin Moon,Shellmet,16021.6,280 keys,"16,021.60 ref, $488.66",8,misc,Level 1-100 Helmet,30897
201,Pumpkin Moon,Field Practice,15449.4,240–300 keys,"15,449.40 ref, $471.21",14,misc,Level 1-100 Headgear,30862
201,Pumpkin Moon,Smissmas Sorcerer,14591.1,255 keys,"14,591.10 ref, $445.03",2,misc,Level 1-100 Hat,31166
201,Pumpkin Moon,Breach and Bomb,14305,250 keys,"14,305.00 ref, $436.30",4,misc,Level 1-100 Hat,31113
201,Pumpkin Moon,Burning Question,14305,200–300 keys,"14,305.00 ref, $436.30",5,misc,Level 1-100 Hat,30987
201,Pumpkin Moon,Shoestring Santa,14305,250 keys,"14,305.00 ref, $436.30",3,misc,Level 1-100 Hat,31169
201,Pumpkin Moon,Fire Fighter,13732.8,240 keys,"13,732.80 ref, $418.85",1,misc,Level 1-100 Hair,31108
201,Pumpkin Moon,Nuke,13446.7,210–260 keys,"13,446.70 ref, $410.12",12,misc,Level 1-100 Hair,30885
201,Pumpkin Moon,Vampire Vanquisher,13160.6,210–250 keys,"13,160.60 ref, $401.40",5,misc,Level 1-100 Hat,31003
201,Pumpkin Moon,Wide-Brimmed Bandito,12874.5,225 keys,"12,874.50 ref, $392.67",1,misc,Level 1-100 Hat,30805
201,Pumpkin Moon,Brim of Fire,12817.28,213–235 keys,"12,817.28 ref, $390.93",6,misc,Level 1-100 Hat,31185
201,Pumpkin Moon,Mighty Mitre,12588.4,220 keys,"12,588.40 ref, $383.95",1,misc,Level 1-100 Hat,31034
201,Pumpkin Moon,Caribou Companion,12302.3,215 keys,"12,302.30 ref, $375.22",5,misc,Level 1-100 Hat,30974
201,Pumpkin Moon,Bat Hat,11730.1,200–210 keys,"11,730.10 ref, $357.77",7,misc,Level 1-100 Hat,31058
201,Pumpkin Moon,California Cap,11444,200 keys,"11,444.00 ref, $349.04",4,misc,Level 1-100 Hat,31117
201,Pumpkin Moon,Yule Hog,11444,200 keys,"11,444.00 ref, $349.04",3,misc,Level 1-100 Pork Product,31087
201,Pumpkin Moon,Crack Pot,11157.9,195 keys,"11,157.90 ref, $340.32",2,misc,Level 1-100 Flower Pot,31024
201,Pumpkin Moon,Reel Fly Hat,10700.14,187 keys,"10,700.14 ref, $326.35",5,misc,Level 1-100 Hat,31186
201,Pumpkin Moon,A Hat to Kill For,10585.7,185 keys,"10,585.70 ref, $322.86",50,misc,Level 1-100 Hat,30753
201,Pumpkin Moon,Brass Bucket,10299.6,180 keys,"10,299.60 ref, $314.14",6,misc,Level 1-100 Helmet,30969
201,Pumpkin Moon,Berlin Brain Bowl,10013.5,150–200 keys,"10,013.50 ref, $305.41",17,misc,Level 1-100 Headgear,30755
201,Pumpkin Moon,Roaming Roman,9727.4,170 keys,"9,727.40 ref, $296.69",9,misc,Level 1-100 Hat,31198
201,Pumpkin Moon,Hat Outta Hell,9698.79,160–179 keys,"9,698.79 ref, $295.81",468,misc,Level 1-100 Hat,31216
201,Pumpkin Moon,Trucker's Topper,9612.96,151–185 keys,"9,612.96 ref, $293.20",3,misc,Level 1-100 Hat,30930
201,Pumpkin Moon,Spirit of the Bombing Past,9584.35,135–200 keys,"9,584.35 ref, $292.32",2,misc,Level 1-100 Hat,30807
201,Pumpkin Moon,Highway Star,9441.3,165 keys,"9,441.30 ref, $287.96",3,misc,Level 1-100 Bandana,31010
201,Pumpkin Moon,Polar Bear,9441.3,165 keys,"9,441.30 ref, $287.96",28,misc,Level 1-100 Hat,30964
201,Pumpkin Moon,Alakablamicon,9298.25,160–165 keys,"9,298.25 ref, $283.60",152,misc,Level 1-100 Hat,31215
201,Pumpkin Moon,Mann-O-War,9298.25,160–165 keys,"9,298.25 ref, $283.60",3,misc,Level 1-100 Hat,31008
201,Pumpkin Moon,SandMann's Brush,9155.2,160 keys,"9,155.20 ref, $279.23",2,misc,Level 1-100 Hat,31178
201,Pumpkin Moon,A Handsome Handy Thing,9097.98,159 keys,"9,097.98 ref, $277.49",12,misc,Level 1-100 Handsome Hand,31129
201,Pumpkin Moon,Sinner's Shade,8869.1,155 keys,"8,869.10 ref, $270.51",5,misc,Level 1-100 Hat,30959
201,Pumpkin Moon,Sky High Fly Guy,8726.05,130–175 keys,"8,726.05 ref, $266.14",26,misc,Level 1-100 Hat,30984
201,Pumpkin Moon,Bottle Cap,8583,150 keys,"8,583.00 ref, $261.78",3,misc,Level 1-100 Hat,31042
201,Pumpkin Moon,Missing Piece,8583,125–175 keys,"8,583.00 ref, $261.78",5,misc,Level 1-100 Hat,31101
201,Pumpkin Moon,Cool Capuchon,8153.85,130–155 keys,"8,153.85 ref, $248.69",3,misc,Level 1-100 Hood,31029
201,Pumpkin Moon,El Mostacho,7724.7,135 keys,"7,724.70 ref, $235.60",9,misc,Level 1-100 Hat,31074
201,Pumpkin Moon,Head Hedge,7724.7,135 keys,"7,724.70 ref, $235.60",12,misc,Level 1-100 Helmet,30978
201,Pumpkin Moon,Fried Batter,7667.48,124–144 keys,"7,667.48 ref, $233.86",10,misc,Level 1-100 Hat,31197
201,Pumpkin Moon,Convict Cap,7438.6,130 keys,"7,438.60 ref, $226.88",5,misc,Level 1-100 Hat,31080
201,Pumpkin Moon,El Zapateador,7209.72,126 keys,"7,209.72 ref, $219.90",2,misc,Level 1-100 Hat,31069
201,Pumpkin Moon,Warhood,6923.62,121 keys,"6,923.62 ref, $211.17",42,misc,Level 1-100 Hood,30866
201,Pumpkin Moon,Elf Care Provider,6866.4,120 keys,"6,866.40 ref, $209.43",4,misc,Level 1-100 Hat,31176
201,Pumpkin Moon,Bomb Beanie,6465.86,113 keys,"6,465.86 ref, $197.21",8,misc,Level 1-100 Hat,30823
201,Pumpkin Moon,Melted Mop,6294.2,110 keys,"6,294.20 ref, $191.97",1,misc,Level 1-100 Ice Cream Cone,31041
201,Pumpkin Moon,Head of Defense,6122.54,94–120 keys,"6,122.54 ref, $186.74",3,misc,Level 1-100 Hat,31114
201,Pumpkin Moon,Calamitous Cauldron,6008.1,100–110 keys,"6,008.10 ref, $183.25",6,misc,Level 1-100 Cauldron,31146
201,Pumpkin Moon,Wild Brim Slouch,5836.44,102 keys,"5,836.44 ref, $178.01",4,misc,Level 1-100 Hat,31192
201,Pumpkin Moon,Commando Elite,5722,100 keys,"5,722.00 ref, $174.52",0,misc,Level 1-100 Helmet,30912
201,Pumpkin Moon,Fat Man's Field Cap,5664.78,99 keys,"5,664.78 ref, $172.78",4,misc,Level 1-100 Hat,30911
201,Pumpkin Moon,Twisted Topper,5664.78,88–110 keys,"5,664.78 ref, $172.78",508,misc,Level 1-100 Hat,31211
201,Pumpkin Moon,Archer's Sterling,5149.8,90 keys,"5,149.80 ref, $157.07",9,misc,Level 1-100 Helmet,30874
201,Pumpkin Moon,Snack Stack,4949.53,85–88 keys,"4,949.53 ref, $150.96",6,misc,Level 1-100 Snack,31190
201,Pumpkin Moon,Tank Top,4663.43,70–93 keys,"4,663.43 ref, $142.23",1,misc,Level 1-100 Helmet,31002
201,Pumpkin Moon,Airdog,4434.55,70–85 keys,"4,434.55 ref, $135.25",43,misc,Level 1-100 Helmet,30767
201,Pumpkin Moon,Spooky Head-Bouncers,3948.18,62–76 keys,"3,948.18 ref, $120.42",520,misc,Level 1-100 Hat,31209
201,Pumpkin Moon,Beanie the All-Gnawing,3747.91,60–71 keys,"3,747.91 ref, $114.31",508,misc,Level 1-100 Hat,31212
201,Pumpkin Moon,Killing Tree,3662.08,64 keys,"3,662.08 ref, $111.69",4,misc,Level 1-100 Hat,31181
201,Pumpkin Moon,Second-Head Headwear,3604.86,63 keys,"3,604.86 ref, $109.95",138,misc,Level 1-100 Hat,31214
201,Pumpkin Moon,Elf Esteem,3118.49,54–55 keys,"3,118.49 ref, $95.11",38,misc,Level 1-100 Hat,30836
201,Pumpkin Moon,Optic Nerve,2889.61,46–55 keys,"2,889.61 ref, $88.13",140,misc,Level 1-100 Hat,31224
201,Pumpkin Moon,Brain-Warming Wear,2746.56,39–57 keys,"2,746.56 ref, $83.77",54,misc,Level 1-100 Hat,30827
201,Pumpkin Moon,Dancing Doe,0,,,1,misc,Level 1-100 Bandana,31045
201,Pumpkin Moon,Frag Proof Fragger,0,,,1,misc,Level 1-100 Helmet,30979
201,Pumpkin Moon,Hellmet,0,,,3,misc,Level 1-100 Helmet,30708
201,Pumpkin Moon,Wrap-a-Khamon,0,,,1,misc,Level 1-100 Hat,31132
85,Ghastly Ghosts Jr,Bonk Boy,243757.2,4260 keys,"243,757.20 ref, $7434.59",1,misc,Level 1-100 Mask,451
85,Ghastly Ghosts Jr,Team Captain,218866.5,3825 keys,"218,866.50 ref, $6675.43",4,misc,Level 1-100 Hat,378
85,Ghastly Ghosts Jr,Pyromancer's Mask,174521,3050 keys,"174,521.00 ref, $5322.89",2,misc,Level 1-100 Mask,316
85,Ghastly Ghosts Jr,Soldered Sensei,125884,2200 keys,"125,884.00 ref, $3839.46",1,misc,Level 1-100 Hat,30004
85,Ghastly Ghosts Jr,Brainiac Hairpiece,95328.52,1666 keys,"95,328.52 ref, $2907.52",3,misc,Level 1-100 Facial Hair,590
85,Ghastly Ghosts Jr,Scotsman's Stove Pipe,71525,1250 keys,"71,525.00 ref, $2181.51",0,misc,Level 1-100 Hat,120
85,Ghastly Ghosts Jr,Tyrant's Helm,55789.5,975 keys,"55,789.50 ref, $1701.58",1,misc,Level 1-100 Helmet,99
85,Ghastly Ghosts Jr,Whoopee Cap,51498,900 keys,"51,498.00 ref, $1570.69",1,misc,Level 1-100 Hat,174
85,Ghastly Ghosts Jr,Neckwear Headwear,42915,750 keys,"42,915.00 ref, $1308.91",2,misc,Level 1-100 Hat,30307
85,Ghastly Ghosts Jr,Infernal Impaler,40454.54,707 keys,"40,454.54 ref, $1233.86",4,misc,Level 13 Headgear,575
85,Ghastly Ghosts Jr,Salty Dog,40054,600–800 keys,"40,054.00 ref, $1221.65",1,misc,Level 10 Hat,611
85,Ghastly Ghosts Jr,Conjurer's Cowl,37193,650 keys,"37,193.00 ref, $1134.39",3,misc,Level 1-100 Hood,465
85,Ghastly Ghosts Jr,Cotton Head,37193,650 keys,"37,193.00 ref, $1134.39",3,misc,Level 1-100 Hat,30175
85,Ghastly Ghosts Jr,Rotation Sensation,36906.9,600–690 keys,"36,906.90 ref, $1125.66",4,misc,Level 1-100 Hat,30623
85,Ghastly Ghosts Jr,Flamboyant Flamenco,34332,600 keys,"34,332.00 ref, $1047.13",1,misc,Level 10 Hat,627
85,Ghastly Ghosts Jr,Brotherhood of Arms,32958.72,576 keys,"32,958.72 ref, $1005.24",1,misc,Level 1-100 Hat,30066
85,Ghastly Ghosts Jr,Surgeon's Stahlhelm,32615.4,570 keys,"32,615.40 ref, $994.77",2,misc,Level 10 Helmet,616
85,Ghastly Ghosts Jr,Buccaneer's Bicorne,31814.32,556 keys,"31,814.32 ref, $970.34",2,misc,Level 10 Hat,607
85,Ghastly Ghosts Jr,Dr's Dapper Topper,31471,550 keys,"31,471.00 ref, $959.87",1,misc,Level 1-100 Hat,252
85,Ghastly Ghosts Jr,Pirate Bandana,29067.76,350–666 keys,"29,067.76 ref, $886.57",3,misc,Level 1-100 Hat,30180
85,Ghastly Ghosts Jr,Hot Dogger,28610,500 keys,"28,610.00 ref, $872.61",1,misc,Level 10 Hat,614
85,Ghastly Ghosts Jr,Wet Works,28610,500 keys,"28,610.00 ref, $872.61",2,misc,Level 1-100 Hat,30135
85,Ghastly Ghosts Jr,Modest Pile of Hat,28037.8,490 keys,"28,037.80 ref, $855.15",2,misc,Level 1-100 Hat,139
85,Ghastly Ghosts Jr,War Pig,26893.4,470 keys,"26,893.40 ref, $820.25",2,misc,Level 1-100 Headgear,829
85,Ghastly Ghosts Jr,Scout Shako,26778.96,468 keys,"26,778.96 ref, $816.76",2,misc,Level 1-100 Hat,30326
85,Ghastly Ghosts Jr,Cosa Nostra Cap,25749,450 keys,"25,749.00 ref, $785.34",1,misc,Level 1-100 Hat,459
85,Ghastly Ghosts Jr,Ground Control,25749,450 keys,"25,749.00 ref, $785.34",2,misc,Level 1-100 Hat,30338
85,Ghastly Ghosts Jr,Samur-Eye,25749,450 keys,"25,749.00 ref, $785.34",3,misc,Level 1-100 Helmet,359
85,Ghastly Ghosts Jr,Dragonborn Helmet,25176.8,440 keys,"25,176.80 ref, $767.89",1,misc,Level 10 Helmet,517
85,Ghastly Ghosts Jr,Defiant Spartan,24318.5,425 keys,"24,318.50 ref, $741.71",4,misc,Level 1-100 Helmet,340
85,Ghastly Ghosts Jr,Tipped Lid,24032.4,420 keys,"24,032.40 ref, $732.99",1,misc,Level 1-100 Hat,30425
85,Ghastly Ghosts Jr,Data Mining Light,22888,400 keys,"22,888.00 ref, $698.08",1,misc,Level 1-100 Helmet,30051
85,Ghastly Ghosts Jr,Executioner,22888,400 keys,"22,888.00 ref, $698.08",2,misc,Level 1-100 Hat,921
85,Ghastly Ghosts Jr,Hong Kong Cone,22888,400 keys,"22,888.00 ref, $698.08",2,misc,Level 1-100 Hat,30177
85,Ghastly Ghosts Jr,Professional's Panama,22888,400 keys,"22,888.00 ref, $698.08",2,misc,Level 1-100 Hat,109
85,Ghastly Ghosts Jr,Belgian Detective,22315.8,390 keys,"22,315.80 ref, $680.63",1,misc,Level 1-100 Hat,30128
85,Ghastly Ghosts Jr,Legendary Lid,21743.6,380 keys,"21,743.60 ref, $663.18",1,misc,Level 1-100 Hat,30868
85,Ghastly Ghosts Jr,Scotch Bonnet,21457.5,375 keys,"21,457.50 ref, $654.45",3,misc,Level 1-100 Headgear,306
85,Ghastly Ghosts Jr,Blighted Beak,20942.52,366 keys,"20,942.52 ref, $638.75",2,misc,Level 1-100 Mask,315
85,Ghastly Ghosts Jr,Spook Specs,20313.1,355 keys,"20,313.10 ref, $619.55",2,misc,Level 1-100 Hat,30390
85,Ghastly Ghosts Jr,L'Inspecteur,20084.22,351 keys,"20,084.22 ref, $612.57",1,misc,Level 10 Hat,622
85,Ghastly Ghosts Jr,Razor Cut,20027,350 keys,"20,027.00 ref, $610.82",1,misc,Level 1-100 Hat,30393
85,Ghastly Ghosts Jr,Slo-Poke,20027,350 keys,"20,027.00 ref, $610.82",2,misc,Level 1-100 Hat,30314
85,Ghastly Ghosts Jr,Classy Capper,19454.8,340 keys,"19,454.80 ref, $593.37",2,misc,Level 1-100 Hat,30893
85,Ghastly Ghosts Jr,Pencil Pusher,19454.8,340 keys,"19,454.80 ref, $593.37",3,misc,Level 10 Hair,605
85,Ghastly Ghosts Jr,Human Cannonball,19168.7,335 keys,"19,168.70 ref, $584.65",1,misc,Level 1-100 Helmet,817
85,Ghastly Ghosts Jr,Frickin' Sweet Ninja Hood,18596.5,325 keys,"18,596.50 ref, $567.19",2,misc,Level 1-100 Hood,30394
85,Ghastly Ghosts Jr,Nuke,18024.3,315 keys,"18,024.30 ref, $549.74",2,misc,Level 1-100 Hair,30885
85,Ghastly Ghosts Jr,Shellmet,17452.1,296–314 keys,"17,452.10 ref, $532.29",0,misc,Level 1-100 Helmet,30897
85,Ghastly Ghosts Jr,Crocleather Slouch,17166,300 keys,"17,166.00 ref, $523.56",1,misc,Level 1-100 Hat,344
85,Ghastly Ghosts Jr,Engineer's Cap,17166,300 keys,"17,166.00 ref, $523.56",3,misc,Level 1-100 Hat,95
85,Ghastly Ghosts Jr,Federal Casemaker,17166,300 keys,"17,166.00 ref, $523.56",2,misc,Level 1-100 Hat,30119
85,Ghastly Ghosts Jr,Front Runner,17166,300 keys,"17,166.00 ref, $523.56",1,misc,Level 1-100 Hat,760
85,Ghastly Ghosts Jr,Geisha Boy,17166,300 keys,"17,166.00 ref, $523.56",2,misc,Level 1-100 Hair,363
85,Ghastly Ghosts Jr,Little Buddy,17166,300 keys,"17,166.00 ref, $523.56",3,misc,Level 10 Hat,612
85,Ghastly Ghosts Jr,Pom-Pommed Provocateur,17166,300 keys,"17,166.00 ref, $523.56",2,misc,Level 1-100 Mask,30072
85,Ghastly Ghosts Jr,Larrikin Robin,16021.6,280 keys,"16,021.60 ref, $488.66",1,misc,Level 1-100 Hat,314
85,Ghastly Ghosts Jr,Hotrod,15506.62,271 keys,"15,506.62 ref, $472.95",2,misc,Level 1-100 Mask,148
85,Ghastly Ghosts Jr,Sole Mate,15163.3,265 keys,"15,163.30 ref, $462.48",1,misc,Level 1-100 Hat,30355
85,Ghastly Ghosts Jr,Brim-Full of Bullets,14877.2,260 keys,"14,877.20 ref, $453.75",4,misc,Level 1-100 Hat,30173
85,Ghastly Ghosts Jr,Hunter in Darkness,14877.2,260 keys,"14,877.20 ref, $453.75",0,misc,Level 1-100 Hat,30877
85,Ghastly Ghosts Jr,Horrific Headsplitter,14305,250 keys,"14,305.00 ref, $436.30",1,misc,Level 31 Hat,291
85,Ghastly Ghosts Jr,Killer Exclusive,14305,210–290 keys,"14,305.00 ref, $436.30",0,misc,Level 10 Hat,538
85,Ghastly Ghosts Jr,Big Chief,13160.6,230 keys,"13,160.60 ref, $401.40",2,misc,Level 1-100 Hat,309
85,Ghastly Ghosts Jr,Buckaroo's Hat,12874.5,225 keys,"12,874.50 ref, $392.67",2,misc,Level 1-100 Hat,322
85,Ghastly Ghosts Jr,Fruit Shoot,12874.5,225 keys,"12,874.50 ref, $392.67",1,misc,Level 1-100 Hat,759
85,Ghastly Ghosts Jr,Magistrate's Mullet,12473.96,218 keys,"12,473.96 ref, $380.46",1,misc,Level 1-100 Hair,147
85,Ghastly Ghosts Jr,Wing Mann,12016.2,210 keys,"12,016.20 ref, $366.49",1,misc,Level 1-100 Hat,30809
85,Ghastly Ghosts Jr,Vive la France,11844.54,164–250 keys,"11,844.54 ref, $361.26",1,misc,Level 1-100 Hat,30422
85,Ghastly Ghosts Jr,Broadband Bonnet,11444,200 keys,"11,444.00 ref, $349.04",4,misc,Level 1-100 Hat,30029
85,Ghastly Ghosts Jr,Cadaver's Cranium,11444,200 keys,"11,444.00 ref, $349.04",1,misc,Level 31 Hat,290
85,Ghastly Ghosts Jr,Hetman's Headpiece,11444,200 keys,"11,444.00 ref, $349.04",1,misc,Level 1-100 Hat,436
85,Ghastly Ghosts Jr,Hound Dog,11444,200 keys,"11,444.00 ref, $349.04",2,misc,Level 1-100 Hair,145
85,Ghastly Ghosts Jr,L'homme Burglerre,11444,200 keys,"11,444.00 ref, $349.04",3,misc,Level 1-100 Hat,30182
85,Ghastly Ghosts Jr,Mann of Reason,11444,200 keys,"11,444.00 ref, $349.04",3,misc,Level 1-100 Hat,30318
85,Ghastly Ghosts Jr,Plug-In Prospector,11444,200 keys,"11,444.00 ref, $349.04",2,misc,Level 1-100 Hat,30031
85,Ghastly Ghosts Jr,Bombing Run,11014.85,180–205 keys,"11,014.85 ref, $335.95",2,misc,Level 1-100 Helmet,249
85,Ghastly Ghosts Jr,Doctor's Sack,10871.8,190 keys,"10,871.80 ref, $331.59",1,misc,Level 1-100 Hat,398
85,Ghastly Ghosts Jr,Full Metal Drill Hat,10757.36,188 keys,"10,757.36 ref, $328.10",2,misc,Level 1-100 Hat,30026
85,Ghastly Ghosts Jr,Tough Stuff Muffs,10585.7,185 keys,"10,585.70 ref, $322.86",0,misc,Level 1-100 Hat,984
85,Ghastly Ghosts Jr,Détective Noir,10299.6,180 keys,"10,299.60 ref, $314.14",1,misc,Level 1-100 Hat,319
85,Ghastly Ghosts Jr,Katyusha,10185.16,178 keys,"10,185.16 ref, $310.65",1,misc,Level 1-100 Hat,30094
85,Ghastly Ghosts Jr,Kiss King,10013.5,175 keys,"10,013.50 ref, $305.41",1,misc,Level 1-100 Hat,30313
85,Ghastly Ghosts Jr,Well-Rounded Rifleman,10013.5,175 keys,"10,013.50 ref, $305.41",1,misc,Level 1-100 Hat,30067
85,Ghastly Ghosts Jr,Barnstormer,9727.4,140–200 keys,"9,727.40 ref, $296.69",3,misc,Level 1-100 Hat,988
85,Ghastly Ghosts Jr,Bonk Leadwear,9727.4,170 keys,"9,727.40 ref, $296.69",1,misc,Level 1-100 Helmet,30030
85,Ghastly Ghosts Jr,Fed-Fightin' Fedora,8010.8,140 keys,"8,010.80 ref, $244.33",1,misc,Level 1-100 Hat,780
85,Ghastly Ghosts Jr,Rimmed Raincatcher,8010.8,140 keys,"8,010.80 ref, $244.33",1,misc,Level 1-100 Hat,216
85,Ghastly Ghosts Jr,Bonk Helm,7839.14,134–140 keys,"7,839.14 ref, $239.09",3,misc,Level 1-100 Helmet,106
85,Ghastly Ghosts Jr,Voodoo JuJu (Slight Return),7839.14,137 keys,"7,839.14 ref, $239.09",2,misc,Level 1-100 Hat,935
85,Ghastly Ghosts Jr,Gym Rat,7724.7,135 keys,"7,724.70 ref, $235.60",3,misc,Level 10 Hair,613
85,Ghastly Ghosts Jr,Crit Cloak,7581.65,125–140 keys,"7,581.65 ref, $231.24",2,misc,Level 1-100 Hood,30899
85,Ghastly Ghosts Jr,Plumber's Pipe,7438.6,130 keys,"7,438.60 ref, $226.88",2,misc,Level 1-100 Hat,30022
85,Ghastly Ghosts Jr,Powdered Practitioner,7438.6,120–140 keys,"7,438.60 ref, $226.88",1,misc,Level 1-100 Hat,30069
85,Ghastly Ghosts Jr,Private Eye,6780.57,85–152 keys,"6,780.57 ref, $206.81",1,misc,Level 1-100 Hat,388
85,Ghastly Ghosts Jr,Swagman's Swatter,6751.96,118 keys,"6,751.96 ref, $205.93",2,misc,Level 10 Hat,626
85,Ghastly Ghosts Jr,Company Man,6093.93,100–113 keys,"6,093.93 ref, $185.86",1,misc,Level 10 Hat,523
85,Ghastly Ghosts Jr,Caribbean Conqueror,6008.1,90–120 keys,"6,008.10 ref, $183.25",0,misc,Level 1-100 Hat,30116
85,Ghastly Ghosts Jr,Head Warmer,6008.1,100–110 keys,"6,008.10 ref, $183.25",1,misc,Level 1-100 Hat,644
85,Ghastly Ghosts Jr,Hat of Cards,5865.05,95–110 keys,"5,865.05 ref, $178.88",3,misc,Level 1-100 Hat,825
85,Ghastly Ghosts Jr,Charmer's Chapeau,5722,100 keys,"5,722.00 ref, $174.52",1,misc,Level 1-100 Hat,397
85,Ghastly Ghosts Jr,Teutonic Toque,5722,100 keys,"5,722.00 ref, $174.52",1,misc,Level 1-100 Hat,30351
85,Ghastly Ghosts Jr,Aviator Assassin,5550.34,97 keys,"5,550.34 ref, $169.29",2,misc,Level 1-100 Hat,30404
85,Ghastly Ghosts Jr,Burning Bandana,5435.9,95 keys,"5,435.90 ref, $165.79",3,misc,Level 1-100 Bandana,30091
85,Ghastly Ghosts Jr,Greased Lightning,5435.9,95 keys,"5,435.90 ref, $165.79",1,misc,Level 1-100 Hair,30078
85,Ghastly Ghosts Jr,Lucky Shot,5235.63,90–93 keys,"5,235.63 ref, $159.69",2,misc,Level 1-100 Helmet,701
85,Ghastly Ghosts Jr,Commando Elite,5149.8,90 keys,"5,149.80 ref, $157.07",2,misc,Level 1-100 Helmet,30912
85,Ghastly Ghosts Jr,Dark Falkirk Helm,5035.36,88 keys,"5,035.36 ref, $153.58",0,misc,Level 1-100 Helmet,30357
85,Ghastly Ghosts Jr,Tartan Tyrolean,4863.7,85 keys,"4,863.70 ref, $148.34",1,misc,Level 1-100 Hat,30334
85,Ghastly Ghosts Jr,Magnificent Mongolian,4749.26,83 keys,"4,749.26 ref, $144.85",1,misc,Level 1-100 Hat,313
85,Ghastly Ghosts Jr,Heer's Helmet,4577.6,80 keys,"4,577.60 ref, $139.62",1,misc,Level 1-100 Helmet,30378
85,Ghastly Ghosts Jr,Frenchman's Beret,4520.38,79 keys,"4,520.38 ref, $137.87",2,misc,Level 1-100 Hat,180
85,Ghastly Ghosts Jr,Toy Tailor,4463.16,78 keys,"4,463.16 ref, $136.13",2,misc,Level 1-100 Hat,30327
85,Ghastly Ghosts Jr,Hive Minder,4348.72,76 keys,"4,348.72 ref, $132.64",4,misc,Level 1-100 Hat,30093
85,Ghastly Ghosts Jr,A Hat to Kill For,4291.5,75 keys,"4,291.50 ref, $130.89",0,misc,Level 1-100 Hat,30753
85,Ghastly Ghosts Jr,Lord Cockswain's Pith Helmet,4291.5,75 keys,"4,291.50 ref, $130.89",1,misc,Level 1-100 Headgear,439
85,Ghastly Ghosts Jr,Warhood,4291.5,70–80 keys,"4,291.50 ref, $130.89",0,misc,Level 1-100 Hood,30866
85,Ghastly Ghosts Jr,Jumper's Jeepcap,4177.06,73 keys,"4,177.06 ref, $127.40",1,misc,Level 1-100 Hat,417
85,Ghastly Ghosts Jr,Pomade Prince,3919.57,57–80 keys,"3,919.57 ref, $119.55",2,misc,Level 1-100 Hair,30428
85,Ghastly Ghosts Jr,A Rather Festive Tree,3890.96,68 keys,"3,890.96 ref, $118.67",1,misc,Level 1-100 Hat,341
85,Ghastly Ghosts Jr,Glasgow Great Helm,3719.3,65 keys,"3,719.30 ref, $113.44",2,misc,Level 1-100 Helmet,30082
85,Ghastly Ghosts Jr,Minnesota Slick,3604.86,63 keys,"3,604.86 ref, $109.95",2,misc,Level 1-100 Hair,30315
85,Ghastly Ghosts Jr,Fat Man's Field Cap,3547.64,62 keys,"3,547.64 ref, $108.20",1,misc,Level 1-100 Hat,30911
85,Ghastly Ghosts Jr,Sober Stuntman,3547.64,62 keys,"3,547.64 ref, $108.20",1,misc,Level 1-100 Helmet,255
85,Ghastly Ghosts Jr,Hottie's Hoodie,3519.03,58–65 keys,"3,519.03 ref, $107.33",2,misc,Level 1-100 Hood,377
85,Ghastly Ghosts Jr,Brigade Helm,3433.2,60 keys,"3,433.20 ref, $104.71",1,misc,Level 1-100 Helmet,105
85,Ghastly Ghosts Jr,Chieftain's Challenge,3433.2,60 keys,"3,433.20 ref, $104.71",1,misc,Level 1-100 Hat,250
85,Ghastly Ghosts Jr,Rebel Rouser,3433.2,60 keys,"3,433.20 ref, $104.71",1,misc,Level 1-100 Hat,30120
85,Ghastly Ghosts Jr,Safe'n'Sound,3433.2,60 keys,"3,433.20 ref, $104.71",2,misc,Level 1-100 Hat,178
85,Ghastly Ghosts Jr,Tartan Spartan,3433.2,60 keys,"3,433.20 ref, $104.71",2,misc,Level 1-100 Helmet,30106
85,Ghastly Ghosts Jr,Cloud Crasher,3147.1,55 keys,"3,147.10 ref, $95.99",1,misc,Level 1-100 Helmet,30071
85,Ghastly Ghosts Jr,Halogen Head Lamp,3147.1,55 keys,"3,147.10 ref, $95.99",2,misc,Level 1-100 Hat,30041
85,Ghastly Ghosts Jr,Heavy Duty Rag,3118.49,53–56 keys,"3,118.49 ref, $95.11",1,misc,Level 1-100 Bandana,185
85,Ghastly Ghosts Jr,Stainless Pot,3032.66,51–55 keys,"3,032.66 ref, $92.50",1,misc,Level 1-100 Hat,98
85,Ghastly Ghosts Jr,Furious Fukaamigasa,2861,50 keys,"2,861.00 ref, $87.26",1,misc,Level 1-100 Hat,395
85,Ghastly Ghosts Jr,Soldier's Slope Scopers,2861,50 keys,"2,861.00 ref, $87.26",2,misc,Level 1-100 Hat,980
85,Ghastly Ghosts Jr,Tyrantium Helmet,2717.95,47–48 keys,"2,717.95 ref, $82.90",2,misc,Level 1-100 Helmet,30014
85,Ghastly Ghosts Jr,Baron von Havenaplane,2460.46,43 keys,"2,460.46 ref, $75.04",1,misc,Level 1-100 Hat,30136
85,Ghastly Ghosts Jr,One-Man Army,2460.46,43 keys,"2,460.46 ref, $75.04",3,misc,Level 10 Hair,601
85,Ghastly Ghosts Jr,Prancer's Pride,2431.85,40–45 keys,"2,431.85 ref, $74.17",2,misc,Level 1-100 Hat,318
85,Ghastly Ghosts Jr,Peacenik's Ponytail,2403.24,39–45 keys,"2,403.24 ref, $73.30",1,misc,Level 1-100 Hair,30406
85,Ghastly Ghosts Jr,Birdcage,2288.8,40 keys,"2,288.80 ref, $69.81",1,misc,Level 10 Hat,615
85,Ghastly Ghosts Jr,Ol' Geezer,2288.8,40 keys,"2,288.80 ref, $69.81",2,misc,Level 1-100 Hat,399
85,Ghastly Ghosts Jr,Texas Tin-Gallon,2288.8,40 keys,"2,288.80 ref, $69.81",2,misc,Level 1-100 Hat,30044
85,Ghastly Ghosts Jr,Virtual Reality Headset,2231.58,39 keys,"2,231.58 ref, $68.06",1,misc,Level 10 Headset,628
85,Ghastly Ghosts Jr,Industrial Festivizer,2174.36,38 keys,"2,174.36 ref, $66.32",1,misc,Level 1-100 Hat,338
85,Ghastly Ghosts Jr,Firewall Helmet,2117.14,32–42 keys,"2,117.14 ref, $64.57",1,misc,Level 1-100 Helmet,30038
85,Ghastly Ghosts Jr,Bullet Buzz,2002.7,35 keys,"2,002.70 ref, $61.08",1,misc,Level 1-100 Hair,30344
85,Ghastly Ghosts Jr,Capo's Capper,2002.7,35 keys,"2,002.70 ref, $61.08",1,misc,Level 1-100 Hat,427
85,Ghastly Ghosts Jr,Employee of the Mmmph,1945.48,34 keys,"1,945.48 ref, $59.34",1,misc,Level 1-100 Hat,30416
85,Ghastly Ghosts Jr,Ye Oiled Baker Boy,1859.65,30–35 keys,"1,859.65 ref, $56.72",0,misc,Level 1-100 Hat,30019
85,Ghastly Ghosts Jr,Runner's Warm-Up,1716.6,30 keys,"1,716.60 ref, $52.36",1,misc,Level 1-100 Hat,30332
85,Ghastly Ghosts Jr,Janissary Ketche,1687.99,21–38 keys,"1,687.99 ref, $51.48",1,misc,Level 1-100 Hat,437
85,Ghastly Ghosts Jr,Bootleg Base Metal Billycock,1602.16,28 keys,"1,602.16 ref, $48.87",1,misc,Level 1-100 Hat,30047
85,Ghastly Ghosts Jr,Bunsen Brave,1544.94,27 keys,"1,544.94 ref, $47.12",2,misc,Level 1-100 Hat,30054
85,Ghastly Ghosts Jr,Madame Dixie,1459.11,23–28 keys,"1,459.11 ref, $44.50",1,misc,Level 1-100 Hat,321
85,Ghastly Ghosts Jr,Shooter's Sola Topi,1459.11,21–30 keys,"1,459.11 ref, $44.50",1,misc,Level 1-100 Helmet,158
85,Ghastly Ghosts Jr,Trash Man,1401.89,19–30 keys,"1,401.89 ref, $42.76",1,misc,Level 1-100 Hat,30346
85,Ghastly Ghosts Jr,Brain Bucket,1258.84,22 keys,"1,258.84 ref, $38.39",1,misc,Level 1-100 Hat,434
85,Ghastly Ghosts Jr,Dread Knot,1258.84,22 keys,"1,258.84 ref, $38.39",1,misc,Level 1-100 Hair,358
85,Ghastly Ghosts Jr,Hard Counter,1258.84,21–23 keys,"1,258.84 ref, $38.39",2,misc,Level 1-100 Hat,254
85,Ghastly Ghosts Jr,Shooter's Tin Topi,972.74,17 keys,"972.74 ref, $29.67",2,misc,Level 1-100 Hat,30005
85,Ghastly Ghosts Jr,Feathered Fiend,0,,,1,misc,Level 1-100 Headgear,30903
86,Haunted Phantasm Jr,Bonk Boy,247190.4,4320 keys,"247,190.40 ref, $7539.31",1,misc,Level 1-100 Mask,451
86,Haunted Phantasm Jr,Whirly Warrior,171660,3000 keys,"171,660.00 ref, $5235.63",1,misc,Level 1-100 Helmet,30118
86,Haunted Phantasm Jr,Master's Yellow Belt,125884,2200 keys,"125,884.00 ref, $3839.46",2,misc,Level 1-100 Hat,110
86,Haunted Phantasm Jr,Virtual Viewfinder,125025.7,2185 keys,"125,025.70 ref, $3813.28",2,misc,Level 1-100 Headset,30140
86,Haunted Phantasm Jr,Das Hazmattenhatten,111579,1950 keys,"111,579.00 ref, $3403.16",2,misc,Level 1-100 Safety Apparatus,30095
86,Haunted Phantasm Jr,Duck Billed Hatypus,100135,1750 keys,"100,135.00 ref, $3054.12",1,misc,Level 1-100 Hat,30700
86,Haunted Phantasm Jr,Prehistoric Pullover,100135,1750 keys,"100,135.00 ref, $3054.12",2,misc,Level 1-100 Hood,30704
86,Haunted Phantasm Jr,Tyrant's Helm,77247,1350 keys,"77,247.00 ref, $2356.03",2,misc,Level 1-100 Helmet,99
86,Haunted Phantasm Jr,Law,75816.5,1325 keys,"75,816.50 ref, $2312.40",1,misc,Level 1-100 Hat,30362
86,Haunted Phantasm Jr,Dark Falkirk Helm,71525,1250 keys,"71,525.00 ref, $2181.51",1,misc,Level 1-100 Helmet,30357
86,Haunted Phantasm Jr,Le Party Phantom,68664,1200 keys,"68,664.00 ref, $2094.25",2,misc,Level 1-100 Mask,337
86,Haunted Phantasm Jr,Wraith Wrap,54359,950 keys,"54,359.00 ref, $1657.95",1,misc,Level 1-100 Apparel,937
86,Haunted Phantasm Jr,Crocleather Slouch,45776,800 keys,"45,776.00 ref, $1396.17",2,misc,Level 1-100 Hat,344
86,Haunted Phantasm Jr,Killer Exclusive,44059.4,770 keys,"44,059.40 ref, $1343.81",2,misc,Level 10 Hat,538
86,Haunted Phantasm Jr,Swagman's Swatter,42915,750 keys,"42,915.00 ref, $1308.91",3,misc,Level 10 Hat,626
86,Haunted Phantasm Jr,Tough Stuff Muffs,42915,750 keys,"42,915.00 ref, $1308.91",1,misc,Level 1-100 Hat,984
86,Haunted Phantasm Jr,Blighted Beak,34332,600 keys,"34,332.00 ref, $1047.13",1,misc,Level 1-100 Mask,315
86,Haunted Phantasm Jr,Deep Cover Operator,31471,550 keys,"31,471.00 ref, $959.87",2,misc,Level 1-100 Hat,30375
86,Haunted Phantasm Jr,Brigade Helm,26607.3,465 keys,"26,607.30 ref, $811.52",4,misc,Level 1-100 Helmet,105
86,Haunted Phantasm Jr,Buccaneer's Bicorne,25749,450 keys,"25,749.00 ref, $785.34",4,misc,Level 10 Hat,607
86,Haunted Phantasm Jr,Hot Dogger,25749,450 keys,"25,749.00 ref, $785.34",2,misc,Level 10 Hat,614
86,Haunted Phantasm Jr,A Rather Festive Tree,24318.5,425 keys,"24,318.50 ref, $741.71",1,misc,Level 1-100 Hat,341
86,Haunted Phantasm Jr,Caribbean Conqueror,22888,400 keys,"22,888.00 ref, $698.08",1,misc,Level 1-100 Hat,30116
86,Haunted Phantasm Jr,Razor Cut,22888,400 keys,"22,888.00 ref, $698.08",2,misc,Level 1-100 Hat,30393
86,Haunted Phantasm Jr,Team Captain,22888,400 keys,"22,888.00 ref, $698.08",1,misc,Level 1-100 Hat,378
86,Haunted Phantasm Jr,Neckwear Headwear,22601.9,395 keys,"22,601.90 ref, $689.36",2,misc,Level 1-100 Hat,30307
86,Haunted Phantasm Jr,Hong Kong Cone,22029.7,385 keys,"22,029.70 ref, $671.91",1,misc,Level 1-100 Hat,30177
86,Haunted Phantasm Jr,Bunsen Brave,21743.6,380 keys,"21,743.60 ref, $663.18",1,misc,Level 1-100 Hat,30054
86,Haunted Phantasm Jr,Chieftain's Challenge,21457.5,375 keys,"21,457.50 ref, $654.45",3,misc,Level 1-100 Hat,250
86,Haunted Phantasm Jr,Spook Specs,21457.5,375 keys,"21,457.50 ref, $654.45",2,misc,Level 1-100 Hat,30390
86,Haunted Phantasm Jr,Harmburg,21171.4,370 keys,"21,171.40 ref, $645.73",2,misc,Level 1-100 Hat,30123
86,Haunted Phantasm Jr,Surgeon's Stahlhelm,20599.2,360 keys,"20,599.20 ref, $628.28",1,misc,Level 10 Helmet,616
86,Haunted Phantasm Jr,Front Runner,20027,350 keys,"20,027.00 ref, $610.82",2,misc,Level 1-100 Hat,760
86,Haunted Phantasm Jr,Physician's Protector,18882.6,330 keys,"18,882.60 ref, $575.92",1,misc,Level 1-100 Helmet,30625
86,Haunted Phantasm Jr,Soviet Gentleman,18882.6,330 keys,"18,882.60 ref, $575.92",1,misc,Level 1-100 Hat,821
86,Haunted Phantasm Jr,Tipped Lid,18882.6,330 keys,"18,882.60 ref, $575.92",1,misc,Level 1-100 Hat,30425
86,Haunted Phantasm Jr,Cloud Crasher,18596.5,325 keys,"18,596.50 ref, $567.19",1,misc,Level 1-100 Helmet,30071
86,Haunted Phantasm Jr,Troublemaker's Tossle Cap,18596.5,325 keys,"18,596.50 ref, $567.19",3,misc,Level 1-100 Hat,150
86,Haunted Phantasm Jr,Détective Noir,18310.4,320 keys,"18,310.40 ref, $558.47",2,misc,Level 1-100 Hat,319
86,Haunted Phantasm Jr,Whoopee Cap,18310.4,320 keys,"18,310.40 ref, $558.47",1,misc,Level 1-100 Hat,174
86,Haunted Phantasm Jr,Pomade Prince,17738.2,270–350 keys,"17,738.20 ref, $541.02",3,misc,Level 1-100 Hair,30428
86,Haunted Phantasm Jr,White Russian,17166,300 keys,"17,166.00 ref, $523.56",1,misc,Level 1-100 Hair,30644
86,Haunted Phantasm Jr,Dragonborn Helmet,16021.6,280 keys,"16,021.60 ref, $488.66",2,misc,Level 10 Helmet,517
86,Haunted Phantasm Jr,Stormin' Norman,15449.4,270 keys,"15,449.40 ref, $471.21",3,misc,Level 1-100 Helmet,30112
86,Haunted Phantasm Jr,Frickin' Sweet Ninja Hood,14934.42,261 keys,"14,934.42 ref, $455.50",2,misc,Level 1-100 Hood,30394
86,Haunted Phantasm Jr,Engineer's Cap,14305,250 keys,"14,305.00 ref, $436.30",3,misc,Level 1-100 Hat,95
86,Haunted Phantasm Jr,Valley Forge,14133.34,247 keys,"14,133.34 ref, $431.07",1,misc,Level 1-100 Hat,30114
86,Haunted Phantasm Jr,Brim-Full of Bullets,14018.9,245 keys,"14,018.90 ref, $427.58",2,misc,Level 1-100 Hat,30173
86,Haunted Phantasm Jr,Bombing Run,13732.8,240 keys,"13,732.80 ref, $418.85",3,misc,Level 1-100 Helmet,249
86,Haunted Phantasm Jr,Buckaroo's Hat,13732.8,240 keys,"13,732.80 ref, $418.85",3,misc,Level 1-100 Hat,322
86,Haunted Phantasm Jr,Das Naggenvatcher,13732.8,240 keys,"13,732.80 ref, $418.85",1,misc,Level 1-100 Hat,30109
86,Haunted Phantasm Jr,Full Metal Drill Hat,13160.6,230 keys,"13,160.60 ref, $401.40",2,misc,Level 1-100 Hat,30026
86,Haunted Phantasm Jr,Grenadier's Softcap,13160.6,230 keys,"13,160.60 ref, $401.40",3,misc,Level 1-100 Hat,227
86,Haunted Phantasm Jr,Old Guadalajara,12702.84,222 keys,"12,702.84 ref, $387.44",2,misc,Level 1-100 Hat,247
86,Haunted Phantasm Jr,Tartan Tyrolean,12016.2,210 keys,"12,016.20 ref, $366.49",5,misc,Level 1-100 Hat,30334
86,Haunted Phantasm Jr,Toy Soldier,11730.1,205 keys,"11,730.10 ref, $357.77",2,misc,Level 1-100 Hat,30316
86,Haunted Phantasm Jr,Halogen Head Lamp,11444,200 keys,"11,444.00 ref, $349.04",2,misc,Level 1-100 Hat,30041
86,Haunted Phantasm Jr,Hive Minder,11444,200 keys,"11,444.00 ref, $349.04",3,misc,Level 1-100 Hat,30093
86,Haunted Phantasm Jr,Toy Tailor,11444,200 keys,"11,444.00 ref, $349.04",1,misc,Level 1-100 Hat,30327
86,Haunted Phantasm Jr,Trencher's Topper,11444,200 keys,"11,444.00 ref, $349.04",2,misc,Level 1-100 Helmet,30336
86,Haunted Phantasm Jr,War Pig,11444,200 keys,"11,444.00 ref, $349.04",1,misc,Level 1-100 Headgear,829
86,Haunted Phantasm Jr,Handyman's Handle,11043.46,193 keys,"11,043.46 ref, $336.83",2,misc,Level 1-100 Hat,253
86,Haunted Phantasm Jr,Chill Chullo,10585.7,185 keys,"10,585.70 ref, $322.86",0,misc,Level 1-100 Hat,30748
86,Haunted Phantasm Jr,Stainless Pot,10585.7,170–200 keys,"10,585.70 ref, $322.86",2,misc,Level 1-100 Hat,98
86,Haunted Phantasm Jr,FR-0,10528.48,178–190 keys,"10,528.48 ref, $321.12",1,misc,Level 1-100 Hat,30016
86,Haunted Phantasm Jr,Cadaver's Cranium,10299.6,180 keys,"10,299.60 ref, $314.14",1,misc,Level 31 Hat,290
86,Haunted Phantasm Jr,Slick Cut,10013.5,175 keys,"10,013.50 ref, $305.41",9,misc,Level 1-100 Hair,30187
86,Haunted Phantasm Jr,Tyrantium Helmet,10013.5,175 keys,"10,013.50 ref, $305.41",3,misc,Level 1-100 Helmet,30014
86,Haunted Phantasm Jr,Modest Metal Pile of Scrap,9727.4,170 keys,"9,727.40 ref, $296.69",2,misc,Level 1-100 Hat,30001
86,Haunted Phantasm Jr,Ye Oiled Baker Boy,9441.3,165 keys,"9,441.30 ref, $287.96",3,misc,Level 1-100 Hat,30019
86,Haunted Phantasm Jr,Hat of Cards,9155.2,160 keys,"9,155.20 ref, $279.23",2,misc,Level 1-100 Hat,825
86,Haunted Phantasm Jr,Letch's LED,9155.2,160 keys,"9,155.20 ref, $279.23",1,misc,Level 1-100 Hat,30002
86,Haunted Phantasm Jr,Magnificent Mongolian,9155.2,160 keys,"9,155.20 ref, $279.23",2,misc,Level 1-100 Hat,313
86,Haunted Phantasm Jr,Commando Elite,8869.1,150–160 keys,"8,869.10 ref, $270.51",2,misc,Level 1-100 Helmet,30912
86,Haunted Phantasm Jr,Pithy Professional,8869.1,155 keys,"8,869.10 ref, $270.51",2,misc,Level 1-100 Hat,30915
86,Haunted Phantasm Jr,Kiss King,8354.12,146 keys,"8,354.12 ref, $254.80",1,misc,Level 1-100 Hat,30313
86,Haunted Phantasm Jr,Killer's Kabuto,8296.9,145 keys,"8,296.90 ref, $253.06",1,misc,Level 1-100 Helmet,152
86,Haunted Phantasm Jr,Well-Rounded Rifleman,8239.68,144 keys,"8,239.68 ref, $251.31",1,misc,Level 1-100 Hat,30067
86,Haunted Phantasm Jr,Glengarry Bonnet,8125.24,142 keys,"8,125.24 ref, $247.82",1,misc,Level 1-100 Hat,100
86,Haunted Phantasm Jr,Trash Man,8010.8,140 keys,"8,010.80 ref, $244.33",2,misc,Level 1-100 Hat,30346
86,Haunted Phantasm Jr,Rebel Rouser,7724.7,135 keys,"7,724.70 ref, $235.60",0,misc,Level 1-100 Hat,30120
86,Haunted Phantasm Jr,Big Elfin Deal,7152.5,125 keys,"7,152.50 ref, $218.15",3,misc,Level 1-100 Hat,652
86,Haunted Phantasm Jr,Bear Necessities,7038.06,123 keys,"7,038.06 ref, $214.66",1,misc,Level 1-100 Spirit Animal,30122
86,Haunted Phantasm Jr,Danger,6866.4,120 keys,"6,866.40 ref, $209.43",1,misc,Level 1-100 Apparel,30420
86,Haunted Phantasm Jr,Employee of the Mmmph,6866.4,120 keys,"6,866.40 ref, $209.43",3,misc,Level 1-100 Hat,30416
86,Haunted Phantasm Jr,Prancer's Pride,6580.3,100–130 keys,"6,580.30 ref, $200.70",2,misc,Level 1-100 Hat,318
86,Haunted Phantasm Jr,Cyborg Stunt Helmet,6437.25,90–135 keys,"6,437.25 ref, $196.34",1,misc,Level 1-100 Helmet,30024
86,Haunted Phantasm Jr,Aviator Assassin,6151.15,90–125 keys,"6,151.15 ref, $187.61",2,misc,Level 1-100 Hat,30404
86,Haunted Phantasm Jr,Modest Pile of Hat,6093.93,104–109 keys,"6,093.93 ref, $185.86",3,misc,Level 1-100 Hat,139
86,Haunted Phantasm Jr,Private Eye,6008.1,105 keys,"6,008.10 ref, $183.25",1,misc,Level 1-100 Hat,388
86,Haunted Phantasm Jr,Lucky Shot,5893.66,103 keys,"5,893.66 ref, $179.76",1,misc,Level 1-100 Helmet,701
86,Haunted Phantasm Jr,Texas Ten Gallon,5836.44,102 keys,"5,836.44 ref, $178.01",2,misc,Level 1-100 Hat,94
86,Haunted Phantasm Jr,Defiant Spartan,5722,100 keys,"5,722.00 ref, $174.52",1,misc,Level 1-100 Helmet,340
86,Haunted Phantasm Jr,Hetman's Headpiece,5722,100 keys,"5,722.00 ref, $174.52",2,misc,Level 1-100 Hat,436
86,Haunted Phantasm Jr,Berliner's Bucket Helm,5664.78,99 keys,"5,664.78 ref, $172.78",1,misc,Level 1-100 Helmet,303
86,Haunted Phantasm Jr,Cold Killer,5435.9,95 keys,"5,435.90 ref, $165.79",2,misc,Level 1-100 Hat,981
86,Haunted Phantasm Jr,Honcho's Headgear,5435.9,95 keys,"5,435.90 ref, $165.79",3,misc,Level 1-100 Hat,391
86,Haunted Phantasm Jr,Bruce's Bonnet,5321.46,90–96 keys,"5,321.46 ref, $162.30",1,misc,Level 1-100 Headgear,30627
86,Haunted Phantasm Jr,Conjurer's Cowl,5149.8,90 keys,"5,149.80 ref, $157.07",1,misc,Level 1-100 Hood,465
86,Haunted Phantasm Jr,El Jefe,4863.7,85 keys,"4,863.70 ref, $148.34",2,misc,Level 10 Hat,539
86,Haunted Phantasm Jr,Pirate Bandana,4634.82,81 keys,"4,634.82 ref, $141.36",1,misc,Level 1-100 Hat,30180
86,Haunted Phantasm Jr,Voodoo JuJu (Slight Return),4577.6,80 keys,"4,577.60 ref, $139.62",1,misc,Level 1-100 Hat,935
86,Haunted Phantasm Jr,Ze Goggles,4577.6,80 keys,"4,577.60 ref, $139.62",4,misc,Level 1-100 Glasses,177
86,Haunted Phantasm Jr,Das Maddendoktor,4405.94,77 keys,"4,405.94 ref, $134.38",1,misc,Level 1-100 Hair,30121
86,Haunted Phantasm Jr,Outta Sight,4377.33,73–80 keys,"4,377.33 ref, $133.51",4,misc,Level 1-100 Hat,30628
86,Haunted Phantasm Jr,Backwards Ballcap,4291.5,75 keys,"4,291.50 ref, $130.89",0,misc,Level 10 Hat,617
86,Haunted Phantasm Jr,Plug-In Prospector,4234.28,64–84 keys,"4,234.28 ref, $129.15",1,misc,Level 1-100 Hat,30031
86,Haunted Phantasm Jr,Bone Dome,4177.06,73 keys,"4,177.06 ref, $127.40",2,misc,Level 1-100 Helmet,30162
86,Haunted Phantasm Jr,Hotrod,4005.4,70 keys,"4,005.40 ref, $122.16",2,misc,Level 1-100 Mask,148
86,Haunted Phantasm Jr,Pencil Pusher,4005.4,70 keys,"4,005.40 ref, $122.16",2,misc,Level 10 Hair,605
86,Haunted Phantasm Jr,Spirit of the Bombing Past,4005.4,70 keys,"4,005.40 ref, $122.16",1,misc,Level 1-100 Hat,30807
86,Haunted Phantasm Jr,Ground Control,3805.13,58–75 keys,"3,805.13 ref, $116.06",1,misc,Level 1-100 Hat,30338
86,Haunted Phantasm Jr,Combustible Kabuto,3719.3,65 keys,"3,719.30 ref, $113.44",1,misc,Level 1-100 Hat,30418
86,Haunted Phantasm Jr,Minnesota Slick,3719.3,65 keys,"3,719.30 ref, $113.44",1,misc,Level 1-100 Hair,30315
86,Haunted Phantasm Jr,Doctor's Sack,3690.69,56–73 keys,"3,690.69 ref, $112.57",1,misc,Level 1-100 Hat,398
86,Haunted Phantasm Jr,Nanobalaclava,3662.08,64 keys,"3,662.08 ref, $111.69",3,misc,Level 10 Hat,521
86,Haunted Phantasm Jr,Glasgow Great Helm,3433.2,60 keys,"3,433.20 ref, $104.71",1,misc,Level 1-100 Helmet,30082
86,Haunted Phantasm Jr,Virtual Reality Headset,3433.2,60 keys,"3,433.20 ref, $104.71",2,misc,Level 10 Headset,628
86,Haunted Phantasm Jr,Gentleman's Gatsby,3347.37,53–64 keys,"3,347.37 ref, $102.09",2,misc,Level 1-100 Hat,184
86,Haunted Phantasm Jr,Cosa Nostra Cap,3318.76,58 keys,"3,318.76 ref, $101.22",1,misc,Level 1-100 Hat,459
86,Haunted Phantasm Jr,Belgian Detective,3261.54,57 keys,"3,261.54 ref, $99.48",1,misc,Level 1-100 Hat,30128
86,Haunted Phantasm Jr,Fat Man's Field Cap,3261.54,57 keys,"3,261.54 ref, $99.48",1,misc,Level 1-100 Hat,30911
86,Haunted Phantasm Jr,Gilded Guard,3204.32,56 keys,"3,204.32 ref, $97.73",1,misc,Level 1-100 Helmet,1093
86,Haunted Phantasm Jr,Bonk Leadwear,3147.1,55 keys,"3,147.10 ref, $95.99",1,misc,Level 1-100 Helmet,30030
86,Haunted Phantasm Jr,Milkman,3147.1,55 keys,"3,147.10 ref, $95.99",1,misc,Level 1-100 Hat,219
86,Haunted Phantasm Jr,Soldier's Slope Scopers,3147.1,55 keys,"3,147.10 ref, $95.99",3,misc,Level 1-100 Hat,980
86,Haunted Phantasm Jr,Dread Knot,3032.66,49–57 keys,"3,032.66 ref, $92.50",1,misc,Level 1-100 Hair,358
86,Haunted Phantasm Jr,Bot Dogger,2861,40–60 keys,"2,861.00 ref, $87.26",1,misc,Level 1-100 Hat,30018
86,Haunted Phantasm Jr,Fruit Shoot,2861,50 keys,"2,861.00 ref, $87.26",1,misc,Level 1-100 Hat,759
86,Haunted Phantasm Jr,L'homme Burglerre,2861,50 keys,"2,861.00 ref, $87.26",1,misc,Level 1-100 Hat,30182
86,Haunted Phantasm Jr,Lord Cockswain's Pith Helmet,2574.9,45 keys,"2,574.90 ref, $78.53",1,misc,Level 1-100 Headgear,439
86,Haunted Phantasm Jr,Western Wear,2574.9,45 keys,"2,574.90 ref, $78.53",2,misc,Level 1-100 Hat,379
86,Haunted Phantasm Jr,Bullet Buzz,2288.8,40 keys,"2,288.80 ref, $69.81",1,misc,Level 1-100 Hair,30344
86,Haunted Phantasm Jr,Madame Dixie,2288.8,40 keys,"2,288.80 ref, $69.81",2,misc,Level 1-100 Hat,321
86,Haunted Phantasm Jr,Scout Shako,2288.8,40 keys,"2,288.80 ref, $69.81",3,misc,Level 1-100 Hat,30326
86,Haunted Phantasm Jr,Tippler's Tricorne,2288.8,40 keys,"2,288.80 ref, $69.81",2,misc,Level 1-100 Hat,179
86,Haunted Phantasm Jr,Waxy Wayfinder,2288.8,40 keys,"2,288.80 ref, $69.81",0,misc,Level 1-100 Hat,753
86,Haunted Phantasm Jr,Stout Shako,2145.75,35–40 keys,"2,145.75 ref, $65.45",1,misc,Level 1-100 Hat,251
86,Haunted Phantasm Jr,Conquistador,2059.92,36 keys,"2,059.92 ref, $62.83",2,misc,Level 1-100 Helmet,721
86,Haunted Phantasm Jr,Counterfeit Billycock,2002.7,35 keys,"2,002.70 ref, $61.08",1,misc,Level 10 Hat,602
86,Haunted Phantasm Jr,Smokey Sombrero,2002.7,35 keys,"2,002.70 ref, $61.08",1,misc,Level 1-100 Hat,30682
86,Haunted Phantasm Jr,Magistrate's Mullet,1888.26,30–36 keys,"1,888.26 ref, $57.59",1,misc,Level 1-100 Hair,147
86,Haunted Phantasm Jr,Timeless Topper,1888.26,33 keys,"1,888.26 ref, $57.59",0,misc,Level 1-100 Hat,30035
86,Haunted Phantasm Jr,Tungsten Toque,1802.43,30–33 keys,"1,802.43 ref, $54.97",2,misc,Level 1-100 Hat,30049
86,Haunted Phantasm Jr,Noble Nickel Amassment of Hats,1773.82,31 keys,"1,773.82 ref, $54.10",1,misc,Level 1-100 Hat,30006
86,Haunted Phantasm Jr,Capo's Capper,1716.6,30 keys,"1,716.60 ref, $52.36",1,misc,Level 1-100 Hat,427
86,Haunted Phantasm Jr,Copper's Hard Top,1716.6,30 keys,"1,716.60 ref, $52.36",2,misc,Level 1-100 Helmet,478
86,Haunted Phantasm Jr,Electric Escorter,1716.6,30 keys,"1,716.60 ref, $52.36",1,misc,Level 1-100 Hat,30025
86,Haunted Phantasm Jr,Texas Tin-Gallon,1716.6,30 keys,"1,716.60 ref, $52.36",4,misc,Level 1-100 Hat,30044
86,Haunted Phantasm Jr,Shooter's Tin Topi,1659.38,29 keys,"1,659.38 ref, $50.61",2,misc,Level 1-100 Hat,30005
86,Haunted Phantasm Jr,Little Buddy,1630.77,26–31 keys,"1,630.77 ref, $49.74",1,misc,Level 10 Hat,612
86,Haunted Phantasm Jr,Bolted Birdcage,1602.16,24–32 keys,"1,602.16 ref, $48.87",2,misc,Level 1-100 Hat,30057
86,Haunted Phantasm Jr,Brain Bucket,1602.16,28 keys,"1,602.16 ref, $48.87",1,misc,Level 1-100 Hat,434
86,Haunted Phantasm Jr,Jumper's Jeepcap,1602.16,26–30 keys,"1,602.16 ref, $48.87",2,misc,Level 1-100 Hat,417
86,Haunted Phantasm Jr,Shooter's Sola Topi,1544.94,27 keys,"1,544.94 ref, $47.12",2,misc,Level 1-100 Helmet,158
86,Haunted Phantasm Jr,Salty Dog,1487.72,26 keys,"1,487.72 ref, $45.38",1,misc,Level 10 Hat,611
86,Haunted Phantasm Jr,Big Country,1430.5,25 keys,"1,430.50 ref, $43.63",3,misc,Level 1-100 Hair,382
86,Haunted Phantasm Jr,Bolted Bicorne,1430.5,25 keys,"1,430.50 ref, $43.63",3,misc,Level 1-100 Hat,30034
86,Haunted Phantasm Jr,Hard Counter,1430.5,25 keys,"1,430.50 ref, $43.63",0,misc,Level 1-100 Hat,254
86,Haunted Phantasm Jr,Tsarboosh,1430.5,25 keys,"1,430.50 ref, $43.63",1,misc,Level 1-100 Hat,30081
86,Haunted Phantasm Jr,Gridiron Guardian,1001.35,17–18 keys,"1,001.35 ref, $30.54",1,misc,Level 1-100 Helmet,30013
98,Ancient Codex,Corona Australis,45776,800 keys,"45,776.00 ref, $1396.17",8,misc,Level 1-100 Cosmetic Augmentation,30648
98,Ancient Codex,Captain Space Mann,41341.45,670–775 keys,"41,341.45 ref, $1260.91",34,misc,Level 1-100 Helmet,30646
98,Ancient Codex,Sucker Slug,14305,250 keys,"14,305.00 ref, $436.30",2,misc,Level 1-100 Hat,30653
98,Ancient Codex,Phononaut,1144.4,20 keys,"1,144.40 ref, $34.90",112,misc,Level 1-100 Hat,30647
98,Ancient Codex,Universal Translator,801.08,13–15 keys,"801.08 ref, $24.43",448,misc,Level 1-100 Hat,30658
98,Ancient Codex,A Head Full of Hot Air,543.59,9–10 keys,"543.59 ref, $16.58",354,misc,Level 1-100 Hat,30662
39,Cauldron Bubbles,Polar Pullover,200270,3500 keys,"200,270.00 ref, $6108.23",1,misc,Level 1-100 Hat,30329
39,Cauldron Bubbles,Coffin Kit,126456.2,2210 keys,"126,456.20 ref, $3856.91",2,misc,Level 1-100 Backpack,938
39,Cauldron Bubbles,Blighted Beak,125884,2200 keys,"125,884.00 ref, $3839.46",4,misc,Level 1-100 Mask,315
39,Cauldron Bubbles,Exquisite Rack,65803,1150 keys,"65,803.00 ref, $2006.99",10,misc,Level 1-100 Cosmetic Item,339
39,Cauldron Bubbles,Soldier's Stash,57220,1000 keys,"57,220.00 ref, $1745.21",4,misc,Level 1-100 Cosmetic Item,54
39,Cauldron Bubbles,Soldered Sensei,41484.5,700–750 keys,"41,484.50 ref, $1265.28",1,misc,Level 1-100 Hat,30004
39,Cauldron Bubbles,Crone's Dome,40054,700 keys,"40,054.00 ref, $1221.65",4,misc,Level 1-100 Hat,920
39,Cauldron Bubbles,Pencil Pusher,38337.4,670 keys,"38,337.40 ref, $1169.29",4,misc,Level 10 Hair,605
39,Cauldron Bubbles,Killer's Kabuto,33187.6,580 keys,"33,187.60 ref, $1012.22",7,misc,Level 1-100 Helmet,152
39,Cauldron Bubbles,Federal Casemaker,31757.1,555 keys,"31,757.10 ref, $968.59",1,misc,Level 1-100 Hat,30119
39,Cauldron Bubbles,Crit Cloak,28610,500 keys,"28,610.00 ref, $872.61",1,misc,Level 1-100 Hood,30899
39,Cauldron Bubbles,Team Captain,28037.8,490 keys,"28,037.80 ref, $855.15",3,misc,Level 1-100 Hat,378
39,Cauldron Bubbles,Villain's Veil,25691.78,449 keys,"25,691.78 ref, $783.60",2,misc,Level 1-100 Bandana,393
39,Cauldron Bubbles,Bonk Boy,24604.6,430 keys,"24,604.60 ref, $750.44",5,misc,Level 1-100 Mask,451
39,Cauldron Bubbles,Nunhood,24318.5,425 keys,"24,318.50 ref, $741.71",1,misc,Level 1-100 Hat,30311
39,Cauldron Bubbles,Tyrant's Helm,22601.9,330–460 keys,"22,601.90 ref, $689.36",5,misc,Level 1-100 Helmet,99
39,Cauldron Bubbles,Salty Dog,21171.4,370 keys,"21,171.40 ref, $645.73",8,misc,Level 10 Hat,611
39,Cauldron Bubbles,Reggaelator,20027,350 keys,"20,027.00 ref, $610.82",7,misc,Level 1-100 Hat,390
39,Cauldron Bubbles,Virtual Viewfinder,19512.02,341 keys,"19,512.02 ref, $595.12",1,misc,Level 1-100 Headset,30140
39,Cauldron Bubbles,Hat with No Name,18882.6,330 keys,"18,882.60 ref, $575.92",2,misc,Level 10 Hat,631
39,Cauldron Bubbles,Mask of the Shaman,18315.081967213,298.74–341.42 keys,"18,315.08 ref, 320.08 keys",0,misc,Level 10 Mask,514
39,Cauldron Bubbles,Texas Ten Gallon,17166,300 keys,"17,166.00 ref, $523.56",7,misc,Level 1-100 Hat,94
39,Cauldron Bubbles,Wraith Wrap,17166,300 keys,"17,166.00 ref, $523.56",1,misc,Level 1-100 Apparel,937
39,Cauldron Bubbles,Wet Works,16307.7,285 keys,"16,307.70 ref, $497.38",1,misc,Level 1-100 Hat,30135
39,Cauldron Bubbles,Anger,16021.6,220–340 keys,"16,021.60 ref, $488.66",2,misc,Level 10 Hood,518
39,Cauldron Bubbles,Mining Light,16021.6,280 keys,"16,021.60 ref, $488.66",3,misc,Level 1-100 Cosmetic Item,48
39,Cauldron Bubbles,Modest Pile of Hat,16021.6,280 keys,"16,021.60 ref, $488.66",4,misc,Level 1-100 Hat,139
39,Cauldron Bubbles,Company Man,15735.5,275 keys,"15,735.50 ref, $479.93",8,misc,Level 10 Hat,523
39,Cauldron Bubbles,Sober Stuntman,15735.5,275 keys,"15,735.50 ref, $479.93",1,misc,Level 1-100 Helmet,255
39,Cauldron Bubbles,Dr's Dapper Topper,15449.4,270 keys,"15,449.40 ref, $471.21",5,misc,Level 1-100 Hat,252
39,Cauldron Bubbles,Human Cannonball,15106.08,264 keys,"15,106.08 ref, $460.74",1,misc,Level 1-100 Helmet,817
39,Cauldron Bubbles,Infernal Impaler,13675.58,239 keys,"13,675.58 ref, $417.11",1,misc,Level 13 Headgear,575
39,Cauldron Bubbles,Master's Yellow Belt,13446.7,235 keys,"13,446.70 ref, $410.12",8,misc,Level 1-100 Hat,110
39,Cauldron Bubbles,Executioner,13160.6,226–234 keys,"13,160.60 ref, $401.40",5,misc,Level 1-100 Hat,921
39,Cauldron Bubbles,A Rather Festive Tree,12874.5,225 keys,"12,874.50 ref, $392.67",10,misc,Level 1-100 Hat,341
39,Cauldron Bubbles,Slo-Poke,12588.4,220 keys,"12,588.40 ref, $383.95",2,misc,Level 1-100 Hat,30314
39,Cauldron Bubbles,Brainiac Hairpiece,11792.786885246,206.1 keys,"11,792.79 ref, 206.10 keys",1,misc,Level 1-100 Facial Hair,590
39,Cauldron Bubbles,Prussian Pickelhaube,11787.32,206 keys,"11,787.32 ref, $359.51",8,misc,Level 1-100 Helmet,50
39,Cauldron Bubbles,Pithy Professional,11730.1,205 keys,"11,730.10 ref, $357.77",8,misc,Level 1-100 Hat,30915
39,Cauldron Bubbles,Scotsman's Stove Pipe,11444,200 keys,"11,444.00 ref, $349.04",4,misc,Level 1-100 Hat,120
39,Cauldron Bubbles,Head Warmer,11272.34,197 keys,"11,272.34 ref, $343.81",2,misc,Level 1-100 Hat,644
39,Cauldron Bubbles,Vintage Merryweather,10871.8,190 keys,"10,871.80 ref, $331.59",8,misc,Level 1-100 Helmet,182
39,Cauldron Bubbles,Engineer's Cap,10585.7,185 keys,"10,585.70 ref, $322.86",10,misc,Level 1-100 Hat,95
39,Cauldron Bubbles,Private Eye,10585.7,185 keys,"10,585.70 ref, $322.86",8,misc,Level 1-100 Hat,388
39,Cauldron Bubbles,Troublemaker's Tossle Cap,10242.38,173–185 keys,"10,242.38 ref, $312.39",6,misc,Level 1-100 Hat,150
39,Cauldron Bubbles,Hong Kong Cone,10127.94,177 keys,"10,127.94 ref, $308.90",0,misc,Level 1-100 Hat,30177
39,Cauldron Bubbles,Whoopee Cap,10013.5,175 keys,"10,013.50 ref, $305.41",3,misc,Level 1-100 Hat,174
39,Cauldron Bubbles,Killer Exclusive,9813.23,165–178 keys,"9,813.23 ref, $299.30",2,misc,Level 10 Hat,538
39,Cauldron Bubbles,Hustler's Hallmark,9155.2,160 keys,"9,155.20 ref, $279.23",8,misc,Level 1-100 Hat,146
39,Cauldron Bubbles,Scotch Bonnet,9155.2,160 keys,"9,155.20 ref, $279.23",7,misc,Level 1-100 Headgear,306
39,Cauldron Bubbles,Charmer's Chapeau,8869.1,155 keys,"8,869.10 ref, $270.51",5,misc,Level 1-100 Hat,397
39,Cauldron Bubbles,Lucky Shot,8583,150 keys,"8,583.00 ref, $261.78",2,misc,Level 1-100 Helmet,701
39,Cauldron Bubbles,Tavish DeGroot Experience,8583,150 keys,"8,583.00 ref, $261.78",3,misc,Level 10 Hat,604
39,Cauldron Bubbles,White Russian,8583,150 keys,"8,583.00 ref, $261.78",2,misc,Level 1-100 Hair,30644
39,Cauldron Bubbles,Noble Amassment of Hats,8439.95,145–150 keys,"8,439.95 ref, $257.42",5,misc,Level 1-100 Hat,137
39,Cauldron Bubbles,Prince Tavish's Crown,8010.8,140 keys,"8,010.80 ref, $244.33",8,misc,Level 1-100 Hat,342
39,Cauldron Bubbles,Vintage Tyrolean,7868.8524590164,121.02–154.02 keys,"7,868.85 ref, 137.52 keys",2,misc,Level 1-100 Hat,101
39,Cauldron Bubbles,Jumper's Jeepcap,7724.7,135 keys,"7,724.70 ref, $235.60",6,misc,Level 1-100 Hat,417
39,Cauldron Bubbles,Tough Guy's Toque,7724.7,135 keys,"7,724.70 ref, $235.60",8,misc,Level 1-100 Hat,97
39,Cauldron Bubbles,Ye Olde Baker Boy,7724.7,135 keys,"7,724.70 ref, $235.60",5,misc,Level 1-100 Hat,107
39,Cauldron Bubbles,Batter's Helmet,7438.6,130 keys,"7,438.60 ref, $226.88",7,misc,Level 1-100 Helmet,52
39,Cauldron Bubbles,Ze Goggles,7438.6,130 keys,"7,438.60 ref, $226.88",2,misc,Level 1-100 Glasses,177
39,Cauldron Bubbles,Galvanized Gibus,7324.16,128 keys,"7,324.16 ref, $223.39",1,misc,Level 1-100 Hat,30003
39,Cauldron Bubbles,Milkman,7295.55,125–130 keys,"7,295.55 ref, $222.51",8,misc,Level 1-100 Hat,219
39,Cauldron Bubbles,Bloke's Bucket Hat,7152.5,125 keys,"7,152.50 ref, $218.15",6,misc,Level 1-100 Hat,181
39,Cauldron Bubbles,Ol' Snaggletooth,7152.5,125 keys,"7,152.50 ref, $218.15",4,misc,Level 1-100 Hat,229
39,Cauldron Bubbles,Steel Shako,7152.5,125 keys,"7,152.50 ref, $218.15",1,misc,Level 1-100 Hat,30017
39,Cauldron Bubbles,Dark Falkirk Helm,7123.89,84–165 keys,"7,123.89 ref, $217.28",1,misc,Level 1-100 Helmet,30357
39,Cauldron Bubbles,One-Man Army,7095.28,124 keys,"7,095.28 ref, $216.41",6,misc,Level 10 Hair,601
39,Cauldron Bubbles,Brain Bucket,6866.4,120 keys,"6,866.40 ref, $209.43",7,misc,Level 1-100 Hat,434
39,Cauldron Bubbles,Fancy Fedora,6866.4,120 keys,"6,866.40 ref, $209.43",7,misc,Level 1-100 Hat,55
39,Cauldron Bubbles,Large Luchador,6580.3,115 keys,"6,580.30 ref, $200.70",3,misc,Level 1-100 Mask,380
39,Cauldron Bubbles,Desert Marauder,6294.2,110 keys,"6,294.20 ref, $191.97",4,misc,Level 1-100 Hat,400
39,Cauldron Bubbles,Rotation Sensation,6294.2,110 keys,"6,294.20 ref, $191.97",0,misc,Level 1-100 Hat,30623
39,Cauldron Bubbles,Football Helmet,6008.1,105 keys,"6,008.10 ref, $183.25",5,misc,Level 1-100 Helmet,49
39,Cauldron Bubbles,Stately Steel Toe,6008.1,105 keys,"6,008.10 ref, $183.25",2,misc,Level 1-100 Hat,481
39,Cauldron Bubbles,Swagman's Swatter,5973.7704918033,89.48–119.32 keys,"5,973.77 ref, 104.40 keys",4,misc,Level 10 Hat,626
39,Cauldron Bubbles,Classy Capper,5722,100 keys,"5,722.00 ref, $174.52",4,misc,Level 1-100 Hat,30893
39,Cauldron Bubbles,Coupe D'isaster,5722,100 keys,"5,722.00 ref, $174.52",4,misc,Level 1-100 Hair,330
39,Cauldron Bubbles,Grimm Hatte,5722,100 keys,"5,722.00 ref, $174.52",7,misc,Level 1-100 Hat,383
39,Cauldron Bubbles,Hot Dogger,5722,100 keys,"5,722.00 ref, $174.52",1,misc,Level 10 Hat,614
39,Cauldron Bubbles,Otolaryngologist's Mirror,5722,100 keys,"5,722.00 ref, $174.52",8,misc,Level 1-100 Hat,104
39,Cauldron Bubbles,Shooter's Sola Topi,5264.24,92 keys,"5,264.24 ref, $160.56",6,misc,Level 1-100 Helmet,158
39,Cauldron Bubbles,Nanobalaclava,5207.02,91 keys,"5,207.02 ref, $158.81",6,misc,Level 10 Hat,521
39,Cauldron Bubbles,Pyro's Beanie,5207.02,91 keys,"5,207.02 ref, $158.81",3,misc,Level 1-100 Hat,51
39,Cauldron Bubbles,Surgeon's Stahlhelm,5207.02,91 keys,"5,207.02 ref, $158.81",7,misc,Level 10 Helmet,616
39,Cauldron Bubbles,Tam O' Shanter,5207.02,91 keys,"5,207.02 ref, $158.81",10,misc,Level 1-100 Hat,480
39,Cauldron Bubbles,Le Party Phantom,5149.8,90 keys,"5,149.80 ref, $157.07",3,misc,Level 1-100 Mask,337
39,Cauldron Bubbles,Medic's Mountain Cap,5149.8,90 keys,"5,149.80 ref, $157.07",3,misc,Level 1-100 Hat,381
39,Cauldron Bubbles,Safe'n'Sound,5149.8,80–100 keys,"5,149.80 ref, $157.07",5,misc,Level 1-100 Hat,178
39,Cauldron Bubbles,Stormin' Norman,5149.8,90 keys,"5,149.80 ref, $157.07",1,misc,Level 1-100 Helmet,30112
39,Cauldron Bubbles,Glengarry Bonnet,5035.36,88 keys,"5,035.36 ref, $153.58",5,misc,Level 1-100 Hat,100
39,Cauldron Bubbles,Big Chief,4863.7,85 keys,"4,863.70 ref, $148.34",3,misc,Level 1-100 Hat,309
39,Cauldron Bubbles,Industrial Festivizer,4863.7,85 keys,"4,863.70 ref, $148.34",8,misc,Level 1-100 Hat,338
39,Cauldron Bubbles,Birdcage,4806.48,70–98 keys,"4,806.48 ref, $146.60",6,misc,Level 10 Hat,615
39,Cauldron Bubbles,Warhood,4749.26,83 keys,"4,749.26 ref, $144.85",0,misc,Level 1-100 Hood,30866
39,Cauldron Bubbles,Brown Bomber,4577.6,80 keys,"4,577.60 ref, $139.62",1,misc,Level 1-100 Hat,671
39,Cauldron Bubbles,Flipped Trilby,4577.6,80 keys,"4,577.60 ref, $139.62",6,misc,Level 1-100 Hat,324
39,Cauldron Bubbles,L'Inspecteur,4577.6,80 keys,"4,577.60 ref, $139.62",8,misc,Level 10 Hat,622
39,Cauldron Bubbles,Hermes,4463.16,78 keys,"4,463.16 ref, $136.13",5,misc,Level 10 Hat,633
39,Cauldron Bubbles,Officer's Ushanka,4463.16,78 keys,"4,463.16 ref, $136.13",6,misc,Level 1-100 Hat,96
39,Cauldron Bubbles,Virtual Reality Headset,4348.72,76 keys,"4,348.72 ref, $132.64",7,misc,Level 10 Headset,628
39,Cauldron Bubbles,Conjurer's Cowl,4291.5,75 keys,"4,291.50 ref, $130.89",2,misc,Level 1-100 Hood,465
39,Cauldron Bubbles,Dread Knot,4291.5,75 keys,"4,291.50 ref, $130.89",6,misc,Level 1-100 Hair,358
39,Cauldron Bubbles,Tippler's Tricorne,4291.5,75 keys,"4,291.50 ref, $130.89",7,misc,Level 1-100 Hat,179
39,Cauldron Bubbles,Liquidator's Lid,4119.84,72 keys,"4,119.84 ref, $125.66",3,misc,Level 1-100 Hat,779
39,Cauldron Bubbles,Western Wear,4005.4,70 keys,"4,005.40 ref, $122.16",7,misc,Level 1-100 Hat,379
39,Cauldron Bubbles,Battle Boonie,3948.18,69 keys,"3,948.18 ref, $120.42",3,misc,Level 1-100 Hat,30907
39,Cauldron Bubbles,Voodoo JuJu (Slight Return),3948.18,69 keys,"3,948.18 ref, $120.42",2,misc,Level 1-100 Hat,935
39,Cauldron Bubbles,Your Worst Nightmare,3948.18,69 keys,"3,948.18 ref, $120.42",5,misc,Level 10 Hair,600
39,Cauldron Bubbles,Brigade Helm,3890.96,68 keys,"3,890.96 ref, $118.67",4,misc,Level 1-100 Helmet,105
39,Cauldron Bubbles,Das Übersternmann,3890.96,68 keys,"3,890.96 ref, $118.67",0,misc,Level 1-100 Hat,30097
39,Cauldron Bubbles,Gym Rat,3833.74,67 keys,"3,833.74 ref, $116.93",2,misc,Level 10 Hair,613
39,Cauldron Bubbles,Napper's Respite,3833.74,67 keys,"3,833.74 ref, $116.93",6,misc,Level 1-100 Hat,248
39,Cauldron Bubbles,Counterfeit Billycock,3805.13,53–80 keys,"3,805.13 ref, $116.06",5,misc,Level 10 Hat,602
39,Cauldron Bubbles,Conquistador,3788.5245901639,58.27–74.15 keys,"3,788.52 ref, 66.21 keys",3,misc,Level 1-100 Helmet,721
39,Cauldron Bubbles,Big Country,3719.3,65 keys,"3,719.30 ref, $113.44",7,misc,Level 1-100 Hair,382
39,Cauldron Bubbles,Doctor's Sack,3719.3,65 keys,"3,719.30 ref, $113.44",7,misc,Level 1-100 Hat,398
39,Cauldron Bubbles,Heavy Duty Rag,3719.3,65 keys,"3,719.30 ref, $113.44",5,misc,Level 1-100 Bandana,185
39,Cauldron Bubbles,Lord Cockswain's Pith Helmet,3697.0491803279,64.61 keys,"3,697.05 ref, 64.61 keys",1,misc,Level 1-100 Headgear,439
39,Cauldron Bubbles,Pyromancer's Mask,3627.0491803279,62.35–64.43 keys,"3,627.05 ref, 63.39 keys",5,misc,Level 1-100 Mask,316
39,Cauldron Bubbles,Armored Authority,3604.86,63 keys,"3,604.86 ref, $109.95",8,misc,Level 1-100 Helmet,445
39,Cauldron Bubbles,Fed-Fightin' Fedora,3604.86,57–69 keys,"3,604.86 ref, $109.95",1,misc,Level 1-100 Hat,780
39,Cauldron Bubbles,Cold Killer,3547.64,62 keys,"3,547.64 ref, $108.20",1,misc,Level 1-100 Hat,981
39,Cauldron Bubbles,Hard Counter,3547.64,49–75 keys,"3,547.64 ref, $108.20",7,misc,Level 1-100 Hat,254
39,Cauldron Bubbles,Front Runner,3490.42,61 keys,"3,490.42 ref, $106.46",1,misc,Level 1-100 Hat,760
39,Cauldron Bubbles,Backbiter's Billycock,3433.2,60 keys,"3,433.20 ref, $104.71",2,misc,Level 1-100 Hat,108
39,Cauldron Bubbles,Carouser's Capotain,3433.2,60 keys,"3,433.20 ref, $104.71",6,misc,Level 1-100 Hat,259
39,Cauldron Bubbles,Teutonic Toque,3433.2,60 keys,"3,433.20 ref, $104.71",1,misc,Level 1-100 Hat,30351
39,Cauldron Bubbles,Towering Pillar of Hats,3433.2,60 keys,"3,433.20 ref, $104.71",4,misc,Level 1-100 Hat,135
39,Cauldron Bubbles,Broadband Bonnet,3261.54,53–61 keys,"3,261.54 ref, $99.48",0,misc,Level 1-100 Hat,30029
39,Cauldron Bubbles,Geisha Boy,3147.1,55 keys,"3,147.10 ref, $95.99",5,misc,Level 1-100 Hair,363
39,Cauldron Bubbles,Samur-Eye,3089.88,54 keys,"3,089.88 ref, $94.24",3,misc,Level 1-100 Helmet,359
39,Cauldron Bubbles,Sergeant's Drill Hat,3049.1803278689,46.87–59.71 keys,"3,049.18 ref, 53.29 keys",3,misc,Level 1-100 Hat,183
39,Cauldron Bubbles,El Jefe,3032.66,53 keys,"3,032.66 ref, $92.50",5,misc,Level 10 Hat,539
39,Cauldron Bubbles,Platinum Pickelhaube,2975.44,44–60 keys,"2,975.44 ref, $90.75",1,misc,Level 1-100 Helmet,30042
39,Cauldron Bubbles,Chieftain's Challenge,2918.22,51 keys,"2,918.22 ref, $89.01",6,misc,Level 1-100 Hat,250
39,Cauldron Bubbles,Fruit Shoot,2918.22,51 keys,"2,918.22 ref, $89.01",2,misc,Level 1-100 Hat,759
39,Cauldron Bubbles,Ol' Geezer,2861,50 keys,"2,861.00 ref, $87.26",4,misc,Level 1-100 Hat,399
39,Cauldron Bubbles,Cosa Nostra Cap,2746.56,48 keys,"2,746.56 ref, $83.77",3,misc,Level 1-100 Hat,459
39,Cauldron Bubbles,Détective Noir,2746.56,48 keys,"2,746.56 ref, $83.77",1,misc,Level 1-100 Hat,319
39,Cauldron Bubbles,Bonk Leadwear,2689.34,47 keys,"2,689.34 ref, $82.02",1,misc,Level 1-100 Helmet,30030
39,Cauldron Bubbles,Bone Dome,2574.9,45 keys,"2,574.90 ref, $78.53",1,misc,Level 1-100 Helmet,30162
39,Cauldron Bubbles,Little Buddy,2574.9,45 keys,"2,574.90 ref, $78.53",5,misc,Level 10 Hat,612
39,Cauldron Bubbles,Triboniophorus Tyrannus,2574.9,45 keys,"2,574.90 ref, $78.53",5,misc,Level 1-100 Mascot,151
39,Cauldron Bubbles,Connoisseur's Cap,2403.24,42 keys,"2,403.24 ref, $73.30",6,misc,Level 1-100 Hat,394
39,Cauldron Bubbles,Handyman's Handle,2344.7540983607,36.43–45.53 keys,"2,344.75 ref, 40.98 keys",3,misc,Level 1-100 Hat,253
39,Cauldron Bubbles,Dragonborn Helmet,2288.8,40 keys,"2,288.80 ref, $69.81",8,misc,Level 10 Helmet,517
39,Cauldron Bubbles,Gentleman's Ushanka,2288.8,40 keys,"2,288.80 ref, $69.81",4,misc,Level 1-100 Hat,778
39,Cauldron Bubbles,Pugilist's Protector,2288.8,40 keys,"2,288.80 ref, $69.81",9,misc,Level 1-100 Headgear,246
39,Cauldron Bubbles,Trophy Belt,2288.8,40 keys,"2,288.80 ref, $69.81",5,misc,Level 1-100 Hat,53
39,Cauldron Bubbles,Magistrate's Mullet,2231.58,39 keys,"2,231.58 ref, $68.06",5,misc,Level 1-100 Hair,147
39,Cauldron Bubbles,Attendant,2174.36,38 keys,"2,174.36 ref, $66.32",3,misc,Level 1-100 Hat,213
39,Cauldron Bubbles,Backwards Ballcap,2174.36,36–40 keys,"2,174.36 ref, $66.32",5,misc,Level 10 Hat,617
39,Cauldron Bubbles,Berliner's Bucket Helm,2174.36,38 keys,"2,174.36 ref, $66.32",8,misc,Level 1-100 Helmet,303
39,Cauldron Bubbles,Bonk Helm,2174.36,32–44 keys,"2,174.36 ref, $66.32",6,misc,Level 1-100 Helmet,106
39,Cauldron Bubbles,German Gonzila,2174.36,38 keys,"2,174.36 ref, $66.32",1,misc,Level 1-100 Hat,323
39,Cauldron Bubbles,Honcho's Headgear,2174.36,38 keys,"2,174.36 ref, $66.32",3,misc,Level 1-100 Hat,391
39,Cauldron Bubbles,Defiant Spartan,2145.75,37–38 keys,"2,145.75 ref, $65.45",2,misc,Level 1-100 Helmet,340
39,Cauldron Bubbles,Hound Dog,2117.14,37 keys,"2,117.14 ref, $64.57",6,misc,Level 1-100 Hair,145
39,Cauldron Bubbles,Furious Fukaamigasa,2059.92,36 keys,"2,059.92 ref, $62.83",4,misc,Level 1-100 Hat,395
39,Cauldron Bubbles,Outdoorsman,2059.92,36 keys,"2,059.92 ref, $62.83",4,misc,Level 10 Hat,603
39,Cauldron Bubbles,Madame Dixie,1945.48,34 keys,"1,945.48 ref, $59.34",8,misc,Level 1-100 Hat,321
39,Cauldron Bubbles,Buccaneer's Bicorne,1888.26,31–35 keys,"1,888.26 ref, $57.59",9,misc,Level 10 Hat,607
39,Cauldron Bubbles,Demoman's Fro,1888.26,33 keys,"1,888.26 ref, $57.59",6,misc,Level 1-100 Hair,47
39,Cauldron Bubbles,Hotrod,1888.26,33 keys,"1,888.26 ref, $57.59",8,misc,Level 1-100 Mask,148
39,Cauldron Bubbles,Rimmed Raincatcher,1831.04,32 keys,"1,831.04 ref, $55.85",3,misc,Level 1-100 Hat,216
39,Cauldron Bubbles,Crocleather Slouch,1773.82,28–34 keys,"1,773.82 ref, $54.10",8,misc,Level 1-100 Hat,344
39,Cauldron Bubbles,Flamboyant Flamenco,1773.82,31 keys,"1,773.82 ref, $54.10",5,misc,Level 10 Hat,627
39,Cauldron Bubbles,Janissary Ketche,1773.82,31 keys,"1,773.82 ref, $54.10",2,misc,Level 1-100 Hat,437
39,Cauldron Bubbles,Stout Shako,1773.82,31 keys,"1,773.82 ref, $54.10",5,misc,Level 1-100 Hat,251
39,Cauldron Bubbles,Larrikin Robin,1743.9344262295,28.44–32.51 keys,"1,743.93 ref, 30.48 keys",2,misc,Level 1-100 Hat,314
39,Cauldron Bubbles,Frenchman's Beret,1716.6,30 keys,"1,716.60 ref, $52.36",5,misc,Level 1-100 Hat,180
39,Cauldron Bubbles,Grenadier's Softcap,1659.38,29 keys,"1,659.38 ref, $50.61",4,misc,Level 1-100 Hat,227
39,Cauldron Bubbles,Stainless Pot,1630.77,28–29 keys,"1,630.77 ref, $49.74",3,misc,Level 1-100 Hat,98
39,Cauldron Bubbles,Hottie's Hoodie,1602.16,28 keys,"1,602.16 ref, $48.87",4,misc,Level 1-100 Hood,377
39,Cauldron Bubbles,Dead Cone,1544.94,25–29 keys,"1,544.94 ref, $47.12",5,misc,Level 1-100 Hat,435
39,Cauldron Bubbles,Helmet without a Home,1544.94,27 keys,"1,544.94 ref, $47.12",1,misc,Level 1-100 Helmet,732
39,Cauldron Bubbles,Timeless Topper,1487.72,26 keys,"1,487.72 ref, $45.38",1,misc,Level 1-100 Hat,30035
39,Cauldron Bubbles,Hetman's Headpiece,1316.06,23 keys,"1,316.06 ref, $40.14",5,misc,Level 1-100 Hat,436
39,Cauldron Bubbles,Prancer's Pride,1316.06,23 keys,"1,316.06 ref, $40.14",8,misc,Level 1-100 Hat,318
39,Cauldron Bubbles,Professional's Panama,1316.06,23 keys,"1,316.06 ref, $40.14",5,misc,Level 1-100 Hat,109
39,Cauldron Bubbles,Familiar Fez,1258.84,20–24 keys,"1,258.84 ref, $38.39",6,misc,Level 1-100 Hat,223
39,Cauldron Bubbles,Mann of Reason,1258.84,22 keys,"1,258.84 ref, $38.39",0,misc,Level 1-100 Hat,30318
39,Cauldron Bubbles,Capo's Capper,1230.23,20–23 keys,"1,230.23 ref, $37.52",3,misc,Level 1-100 Hat,427
39,Cauldron Bubbles,Gentleman's Gatsby,1201.62,21 keys,"1,201.62 ref, $36.65",6,misc,Level 1-100 Hat,184
39,Cauldron Bubbles,Pure Tin Capotain,1201.62,21 keys,"1,201.62 ref, $36.65",1,misc,Level 1-100 Hat,30021
39,Cauldron Bubbles,Respectless Rubber Glove,1201.62,21 keys,"1,201.62 ref, $36.65",8,misc,Level 1-100 Hat,102
39,Cauldron Bubbles,Gridiron Guardian,1144.4,20 keys,"1,144.40 ref, $34.90",1,misc,Level 1-100 Helmet,30013
39,Cauldron Bubbles,Bombing Run,1029.96,18 keys,"1,029.96 ref, $31.41",5,misc,Level 1-100 Helmet,249
39,Cauldron Bubbles,Sultan's Ceremonial,972.74,17 keys,"972.74 ref, $29.67",9,misc,Level 1-100 Hat,403
39,Cauldron Bubbles,Buckaroo's Hat,858.3,14–16 keys,"858.30 ref, $26.18",7,misc,Level 1-100 Hat,322
39,Cauldron Bubbles,Magnificent Mongolian,801.08,14 keys,"801.08 ref, $24.43",5,misc,Level 1-100 Hat,313
39,Cauldron Bubbles,Plumber's Pipe,801.08,14 keys,"801.08 ref, $24.43",1,misc,Level 1-100 Hat,30022
39,Cauldron Bubbles,Copper's Hard Top,743.86,13 keys,"743.86 ref, $22.69",6,misc,Level 1-100 Helmet,478
393,Chromatic Blaze,Head Prize,125884,2200 keys,"125,884.00 ref, $3839.46",0,misc,Level 1-100 Hat,30838
393,Chromatic Blaze,Blast Defense,45776,800 keys,"45,776.00 ref, $1396.17",0,misc,Level 1-100 Headgear,30863
393,Chromatic Blaze,Tundra Top,28610,500 keys,"28,610.00 ref, $872.61",0,misc,Level 1-100 Hat,30976
393,Chromatic Blaze,A Hat to Kill For,11730.1,205 keys,"11,730.10 ref, $357.77",0,misc,Level 1-100 Hat,30753
393,Chromatic Blaze,Pithy Professional,11615.66,186–220 keys,"11,615.66 ref, $354.28",0,misc,Level 1-100 Hat,30915
393,Chromatic Blaze,Shadow of Doubt,8411.34,147 keys,"8,411.34 ref, $256.55",2,misc,Level 1-100 Hat,31543
393,Chromatic Blaze,Feathered Foe,8010.8,140 keys,"8,010.80 ref, $244.33",3,misc,Level 1-100 Hat,31559
393,Chromatic Blaze,Lawnmaker,6294.2,110 keys,"6,294.20 ref, $191.97",1,misc,Level 1-100 Hat,31272
393,Chromatic Blaze,Frigid Fashion,5836.44,102 keys,"5,836.44 ref, $178.01",1,misc,Level 1-100 Hat,31421
393,Chromatic Blaze,Airdog,3833.74,67 keys,"3,833.74 ref, $116.93",0,misc,Level 1-100 Helmet,30767
393,Chromatic Blaze,Elf Care Provider,2861,50 keys,"2,861.00 ref, $87.26",0,misc,Level 1-100 Hat,31176
393,Chromatic Blaze,Crack Pot,2803.78,49 keys,"2,803.78 ref, $85.52",0,misc,Level 1-100 Flower Pot,31024
393,Chromatic Blaze,Archer's Sterling,2574.9,45 keys,"2,574.90 ref, $78.53",0,misc,Level 1-100 Helmet,30874
393,Chromatic Blaze,Epilogue Locks,2088.53,33–40 keys,"2,088.53 ref, $63.70",66,misc,Level 1-100 Hair,31593
393,Chromatic Blaze,Crabe de Chapeau,1831.04,32 keys,"1,831.04 ref, $55.85",0,misc,Level 1-100 Hat,31109
393,Chromatic Blaze,Brain-Warming Wear,1544.94,27 keys,"1,544.94 ref, $47.12",0,misc,Level 1-100 Hat,30827
393,Chromatic Blaze,Elf Esteem,1430.5,25 keys,"1,430.50 ref, $43.63",0,misc,Level 1-100 Hat,30836
393,Chromatic Blaze,Air Head,0,,,80,misc,Level 1-100 Hat,31591
92,Atomic,Captain Space Mann,65803,1150 keys,"65,803.00 ref, $2006.99",40,misc,Level 1-100 Helmet,30646
92,Atomic,Corona Australis,17166,300 keys,"17,166.00 ref, $523.56",4,misc,Level 1-100 Cosmetic Augmentation,30648
92,Atomic,Sucker Slug,8010.8,140 keys,"8,010.80 ref, $244.33",2,misc,Level 1-100 Hat,30653
92,Atomic,Phononaut,1487.72,22–30 keys,"1,487.72 ref, $45.38",46,misc,Level 1-100 Hat,30647
92,Atomic,Universal Translator,1144.4,18–22 keys,"1,144.40 ref, $34.90",454,misc,Level 1-100 Hat,30658
92,Atomic,A Head Full of Hot Air,686.64,11–13 keys,"686.64 ref, $20.94",410,misc,Level 1-100 Hat,30662
376,Death's Daggers,Necroprancer,162504.8,2840 keys,"162,504.80 ref, $4956.40",1,misc,Level 1-100 Antlers,31495
376,Death's Daggers,Prehistoric Pullover,85830,1500 keys,"85,830.00 ref, $2617.82",1,misc,Level 1-100 Hood,30704
376,Death's Daggers,Gauzed Gaze,67233.5,1100–1250 keys,"67,233.50 ref, $2050.62",0,misc,Level 1-100 Hat,30786
376,Death's Daggers,Snowmann,42915,750 keys,"42,915.00 ref, $1308.91",1,misc,Level 1-100 Hat,30829
376,Death's Daggers,Chill Chullo,41198.4,720 keys,"41,198.40 ref, $1256.55",0,misc,Level 1-100 Hat,30748
376,Death's Daggers,Herald's Helm,40054,700 keys,"40,054.00 ref, $1221.65",4,misc,Level 1-100 Helmet,30769
376,Death's Daggers,Starlight Sorcerer,39195.7,620–750 keys,"39,195.70 ref, $1195.47",4,misc,Level 1-100 Hat,31294
376,Death's Daggers,Team Cap,35762.5,600–650 keys,"35,762.50 ref, $1090.76",3,misc,Level 1-100 Hat,31522
376,Death's Daggers,Seared Sorcerer,34332,600 keys,"34,332.00 ref, $1047.13",0,misc,Level 1-100 Hat,31143
376,Death's Daggers,Hellish Overlord,29754.4,520 keys,"29,754.40 ref, $907.51",1,misc,Level 1-100 Helmet,31481
376,Death's Daggers,Bumble Beenie,24032.4,420 keys,"24,032.40 ref, $732.99",2,misc,Level 1-100 Hat,31085
376,Death's Daggers,Plumber's Cap,23460.2,410 keys,"23,460.20 ref, $715.54",2,misc,Level 1-100 Hat,30846
376,Death's Daggers,Tundra Top,22888,325–475 keys,"22,888.00 ref, $698.08",16,misc,Level 1-100 Hat,30976
376,Death's Daggers,Burning Question,21171.4,370 keys,"21,171.40 ref, $645.73",0,misc,Level 1-100 Hat,30987
376,Death's Daggers,Lightning Lid,19912.56,348 keys,"19,912.56 ref, $607.33",1,misc,Level 1-100 Headgear,30867
376,Death's Daggers,A Hat to Kill For,18596.5,325 keys,"18,596.50 ref, $567.19",0,misc,Level 1-100 Hat,30753
376,Death's Daggers,Crit Cloak,17337.66,303 keys,"17,337.66 ref, $528.80",1,misc,Level 1-100 Hood,30899
376,Death's Daggers,Fleet Commander,17166,300 keys,"17,166.00 ref, $523.56",4,misc,Level 1-100 Hat,31469
376,Death's Daggers,Brothers in Blues,15735.5,275 keys,"15,735.50 ref, $479.93",6,misc,Level 1-100 Hat,31356
376,Death's Daggers,Polar Charger,15506.62,230–312 keys,"15,506.62 ref, $472.95",1,misc,Level 1-100 Hat,31507
376,Death's Daggers,Breach and Bomb,15449.4,270 keys,"15,449.40 ref, $471.21",0,misc,Level 1-100 Hat,31113
376,Death's Daggers,Starboard Crusader,15449.4,270 keys,"15,449.40 ref, $471.21",2,misc,Level 1-100 Hat,30981
376,Death's Daggers,Punk's Pomp,14591.1,255 keys,"14,591.10 ref, $445.03",2,misc,Level 1-100 Hair,30993
376,Death's Daggers,Lumbercap,14076.12,246 keys,"14,076.12 ref, $429.32",2,misc,Level 1-100 Hat,31326
376,Death's Daggers,Ol' Reliable,11730.1,205 keys,"11,730.10 ref, $357.77",1,misc,Level 1-100 Helmet,31345
376,Death's Daggers,Battle Boonie,11444,200 keys,"11,444.00 ref, $349.04",0,misc,Level 1-100 Hat,30907
376,Death's Daggers,Caribou Companion,11444,200 keys,"11,444.00 ref, $349.04",0,misc,Level 1-100 Hat,30974
376,Death's Daggers,Headhunter's Brim,11444,200 keys,"11,444.00 ref, $349.04",6,misc,Level 1-100 Hat,31313
376,Death's Daggers,Hollowed Helm,11444,200 keys,"11,444.00 ref, $349.04",2,misc,Level 1-100 Hat,31128
376,Death's Daggers,Winter Wrap Up,11444,200 keys,"11,444.00 ref, $349.04",1,misc,Level 1-100 Hat,31094
376,Death's Daggers,Physician's Protector,11157.9,195 keys,"11,157.90 ref, $340.32",2,misc,Level 1-100 Helmet,30625
376,Death's Daggers,Thousand-Yard Stare,11157.9,150–240 keys,"11,157.90 ref, $340.32",3,misc,Level 1-100 Hat,31200
376,Death's Daggers,Coldfront Commander,11014.85,175–210 keys,"11,014.85 ref, $335.95",2,misc,Level 1-100 Hat,30939
376,Death's Daggers,Nuke,10871.8,190 keys,"10,871.80 ref, $331.59",3,misc,Level 1-100 Hair,30885
376,Death's Daggers,King Cardbeard,9269.64,125–199 keys,"9,269.64 ref, $282.72",2,misc,Level 1-100 Hat,31130
376,Death's Daggers,Wanderer's Wool,9269.64,162 keys,"9,269.64 ref, $282.72",2,misc,Level 1-100 Hat,31419
376,Death's Daggers,Citizen Cane,9155.2,130–190 keys,"9,155.20 ref, $279.23",2,misc,Level 1-100 Hat,31091
376,Death's Daggers,Berlin Brain Bowl,8869.1,150–160 keys,"8,869.10 ref, $270.51",0,misc,Level 1-100 Headgear,30755
376,Death's Daggers,Mr. Rostov,8869.1,140–170 keys,"8,869.10 ref, $270.51",10,misc,Level 1-100 Hair,31527
376,Death's Daggers,Ludicrously Lunatic Lunon Fedora,8010.8,140 keys,"8,010.80 ref, $244.33",8,misc,Level 1-100 Hat,31383
376,Death's Daggers,Tropical Brim,8010.8,140 keys,"8,010.80 ref, $244.33",1,misc,Level 1-100 Hat,31456
376,Death's Daggers,Field Practice,7896.36,138 keys,"7,896.36 ref, $240.84",0,misc,Level 1-100 Headgear,30862
376,Death's Daggers,Surgeon General,7839.14,137 keys,"7,839.14 ref, $239.09",2,misc,Level 1-100 Hat,31476
376,Death's Daggers,Polar Bear,7724.7,135 keys,"7,724.70 ref, $235.60",0,misc,Level 1-100 Hat,30964
376,Death's Daggers,Horror Shawl,7266.94,127 keys,"7,266.94 ref, $221.64",4,misc,Level 1-100 Hat,31304
376,Death's Daggers,Mann-O-War,7152.5,125 keys,"7,152.50 ref, $218.15",0,misc,Level 1-100 Hat,31008
376,Death's Daggers,Witch Doctor,6923.62,121 keys,"6,923.62 ref, $211.17",6,misc,Level 1-100 Hat,31475
376,Death's Daggers,Frigid Fashion,6866.4,120 keys,"6,866.40 ref, $209.43",2,misc,Level 1-100 Hat,31421
376,Death's Daggers,Warhood,6866.4,95–145 keys,"6,866.40 ref, $209.43",9,misc,Level 1-100 Hood,30866
376,Death's Daggers,California Cap,6580.3,115 keys,"6,580.30 ref, $200.70",0,misc,Level 1-100 Hat,31117
376,Death's Daggers,Dapper Noel,6408.64,112 keys,"6,408.64 ref, $195.46",8,misc,Level 1-100 Hat,31494
376,Death's Daggers,El Mostacho,6008.1,105 keys,"6,008.10 ref, $183.25",0,misc,Level 1-100 Hat,31074
376,Death's Daggers,Head Hedge,5865.05,70–135 keys,"5,865.05 ref, $178.88",6,misc,Level 1-100 Helmet,30978
376,Death's Daggers,Hot Spaniel,4777.87,65–102 keys,"4,777.87 ref, $145.73",20,misc,Level 1-100 Hat,31497
376,Death's Daggers,Hazard Headgear,4749.26,83 keys,"4,749.26 ref, $144.85",2,misc,Level 1-100 Hat,31115
376,Death's Daggers,Wide-Brimmed Bandito,4692.04,82 keys,"4,692.04 ref, $143.11",0,misc,Level 1-100 Hat,30805
376,Death's Daggers,Covert Covers,4577.6,80 keys,"4,577.60 ref, $139.62",3,misc,Level 1-100 Hat,31428
376,Death's Daggers,Short Fuse,4577.6,80 keys,"4,577.60 ref, $139.62",5,misc,Level 1-100 Hat,31533
376,Death's Daggers,Blast Bowl,4520.38,79 keys,"4,520.38 ref, $137.87",6,misc,Level 1-100 Helmet,31371
376,Death's Daggers,Bombard Brigadier,4434.55,76–79 keys,"4,434.55 ref, $135.25",5,misc,Level 1-100 Hat,31309
376,Death's Daggers,Elf Care Provider,4291.5,75 keys,"4,291.50 ref, $130.89",2,misc,Level 1-100 Hat,31176
376,Death's Daggers,Splitting Headache,4177.06,73 keys,"4,177.06 ref, $127.40",5,misc,Level 1-100 Headache,31390
376,Death's Daggers,Impact Impaler,4119.84,72 keys,"4,119.84 ref, $125.66",1,misc,Level 1-100 Helmet,31432
376,Death's Daggers,Soft Hard Hat,4005.4,70 keys,"4,005.40 ref, $122.16",3,misc,Level 1-100 Hat,31331
376,Death's Daggers,Sky High Fly Guy,3633.47,60–67 keys,"3,633.47 ref, $110.82",8,misc,Level 1-100 Hat,30984
376,Death's Daggers,Undercover Brolly,3547.64,62 keys,"3,547.64 ref, $108.20",0,misc,Level 1-100 Hat,31262
376,Death's Daggers,Bazaar Bauble,3490.42,61 keys,"3,490.42 ref, $106.46",2,misc,Level 1-100 Hat,31112
376,Death's Daggers,Brim of Fire,3433.2,60 keys,"3,433.20 ref, $104.71",0,misc,Level 1-100 Hat,31185
376,Death's Daggers,Archer's Sterling,3147.1,55 keys,"3,147.10 ref, $95.99",8,misc,Level 1-100 Helmet,30874
376,Death's Daggers,Strikeout,3089.88,50–58 keys,"3,089.88 ref, $94.24",6,misc,Level 1-100 Helmet,31480
376,Death's Daggers,Crimbo Cap,3032.66,46–60 keys,"3,032.66 ref, $92.50",18,misc,Level 1-100 Hat,31505
376,Death's Daggers,Daring Dell,2460.46,43 keys,"2,460.46 ref, $75.04",14,misc,Level 1-100 Helmet,31445
376,Death's Daggers,Mann of the Hour,2317.41,33–48 keys,"2,317.41 ref, $70.68",78,misc,Level 1-100 Hat,31536
376,Death's Daggers,Airdog,1602.16,28 keys,"1,602.16 ref, $48.87",20,misc,Level 1-100 Helmet,30767
376,Death's Daggers,Cattleman's Kettle,1029.96,18 keys,"1,029.96 ref, $31.41",69,misc,Level 1-100 Helmet,31523
376,Death's Daggers,Train of Thought,0,,,2,misc,Level 1-100 Hat,31254
90,Death at Dusk,Antlers,400540,7000 keys,"400,540.00 ref, $12216.47",1,misc,Level 1-100 Cosmetic Item,993
90,Death at Dusk,Virtual Viewfinder,226820.08,3853–4075 keys,"226,820.08 ref, $6918.01",6,misc,Level 1-100 Headset,30140
90,Death at Dusk,Polar Pullover,217436,3800 keys,"217,436.00 ref, $6631.80",3,misc,Level 1-100 Hat,30329
90,Death at Dusk,Crone's Dome,154494,2700 keys,"154,494.00 ref, $4712.07",8,misc,Level 1-100 Hat,920
90,Death at Dusk,Exquisite Rack,108718,1900 keys,"108,718.00 ref, $3315.90",3,misc,Level 1-100 Cosmetic Item,339
90,Death at Dusk,Coldfront Curbstompers,100135,1750 keys,"100,135.00 ref, $3054.12",2,misc,Level 1-100 Cosmetic Item,30558
90,Death at Dusk,Mask of the Shaman,85830,1500 keys,"85,830.00 ref, $2617.82",1,misc,Level 10 Mask,514
90,Death at Dusk,Brainiac Hairpiece,68664,1200 keys,"68,664.00 ref, $2094.25",5,misc,Level 1-100 Facial Hair,590
90,Death at Dusk,Killer Exclusive,60081,1050 keys,"60,081.00 ref, $1832.47",10,misc,Level 10 Hat,538
90,Death at Dusk,Team Captain,57220,1000 keys,"57,220.00 ref, $1745.21",8,misc,Level 1-100 Hat,378
90,Death at Dusk,Hong Kong Cone,44917.7,785 keys,"44,917.70 ref, $1369.99",14,misc,Level 1-100 Hat,30177
90,Death at Dusk,Soldered Sensei,42915,750 keys,"42,915.00 ref, $1308.91",4,misc,Level 1-100 Hat,30004
90,Death at Dusk,Whirly Warrior,41770.6,730 keys,"41,770.60 ref, $1274.00",5,misc,Level 1-100 Helmet,30118
90,Death at Dusk,Das Hazmattenhatten,41198.4,720 keys,"41,198.40 ref, $1256.55",5,misc,Level 1-100 Safety Apparatus,30095
90,Death at Dusk,Law,38337.4,670 keys,"38,337.40 ref, $1169.29",10,misc,Level 1-100 Hat,30362
90,Death at Dusk,Anger,37765.2,660 keys,"37,765.20 ref, $1151.84",4,misc,Level 10 Hood,518
90,Death at Dusk,Brotherhood of Arms,36620.8,640 keys,"36,620.80 ref, $1116.93",6,misc,Level 1-100 Hat,30066
90,Death at Dusk,Hunter Heavy,36620.8,640 keys,"36,620.80 ref, $1116.93",1,misc,Level 1-100 Jacket,30557
90,Death at Dusk,Sleeveless in Siberia,36563.58,639 keys,"36,563.58 ref, $1115.19",1,misc,Level 1-100 Vest,30556
90,Death at Dusk,Cold Killer,34332,600 keys,"34,332.00 ref, $1047.13",2,misc,Level 1-100 Hat,981
90,Death at Dusk,Pyromancer's Mask,34332,600 keys,"34,332.00 ref, $1047.13",2,misc,Level 1-100 Mask,316
90,Death at Dusk,Bonk Boy,29325.25,450–575 keys,"29,325.25 ref, $894.42",4,misc,Level 1-100 Mask,451
90,Death at Dusk,Salty Dog,28610,500 keys,"28,610.00 ref, $872.61",6,misc,Level 10 Hat,611
90,Death at Dusk,Nunhood,27751.7,485 keys,"27,751.70 ref, $846.43",3,misc,Level 1-100 Hat,30311
90,Death at Dusk,Das Übersternmann,27179.5,475 keys,"27,179.50 ref, $828.97",8,misc,Level 1-100 Hat,30097
90,Death at Dusk,Brown Bomber,26893.4,470 keys,"26,893.40 ref, $820.25",7,misc,Level 1-100 Hat,671
90,Death at Dusk,Cotton Head,25749,450 keys,"25,749.00 ref, $785.34",11,misc,Level 1-100 Hat,30175
90,Death at Dusk,War Pig,24604.6,430 keys,"24,604.60 ref, $750.44",5,misc,Level 1-100 Headgear,829
90,Death at Dusk,Well-Rounded Rifleman,24032.4,420 keys,"24,032.40 ref, $732.99",8,misc,Level 1-100 Hat,30067
90,Death at Dusk,Tough Stuff Muffs,22888,400 keys,"22,888.00 ref, $698.08",9,misc,Level 1-100 Hat,984
90,Death at Dusk,Federal Casemaker,22458.85,360–425 keys,"22,458.85 ref, $684.99",3,misc,Level 1-100 Hat,30119
90,Death at Dusk,Troublemaker's Tossle Cap,22029.7,310–460 keys,"22,029.70 ref, $671.91",10,misc,Level 1-100 Hat,150
90,Death at Dusk,Charmer's Chapeau,21800.82,381 keys,"21,800.82 ref, $664.93",6,misc,Level 1-100 Hat,397
90,Death at Dusk,Killer's Kabuto,21800.82,381 keys,"21,800.82 ref, $664.93",15,misc,Level 1-100 Helmet,152
90,Death at Dusk,Crown of the Old Kingdom,20456.15,345–370 keys,"20,456.15 ref, $623.91",3,misc,Level 1-100 Hat,30567
90,Death at Dusk,Samur-Eye,20027,350 keys,"20,027.00 ref, $610.82",2,misc,Level 1-100 Helmet,359
90,Death at Dusk,Texas Ten Gallon,20027,350 keys,"20,027.00 ref, $610.82",12,misc,Level 1-100 Hat,94
90,Death at Dusk,Conjurer's Cowl,19454.8,340 keys,"19,454.80 ref, $593.37",10,misc,Level 1-100 Hood,465
90,Death at Dusk,Head Warmer,19168.7,335 keys,"19,168.70 ref, $584.65",6,misc,Level 1-100 Hat,644
90,Death at Dusk,Hustler's Hallmark,18596.5,325 keys,"18,596.50 ref, $567.19",5,misc,Level 1-100 Hat,146
90,Death at Dusk,Merc's Mohawk,18310.4,290–350 keys,"18,310.40 ref, $558.47",4,misc,Level 1-100 Hair,30413
90,Death at Dusk,Vive la France,18310.4,320 keys,"18,310.40 ref, $558.47",4,misc,Level 1-100 Hat,30422
90,Death at Dusk,Dr's Dapper Topper,18024.3,315 keys,"18,024.30 ref, $549.74",9,misc,Level 1-100 Hat,252
90,Death at Dusk,Grimm Hatte,18024.3,315 keys,"18,024.30 ref, $549.74",3,misc,Level 1-100 Hat,383
90,Death at Dusk,Boxcar Bomber,17909.86,276–350 keys,"17,909.86 ref, $546.25",9,misc,Level 1-100 Hat,30546
90,Death at Dusk,Das Gutenkutteharen,17738.2,310 keys,"17,738.20 ref, $541.02",5,misc,Level 1-100 Hair,30127
90,Death at Dusk,Prince Tavish's Crown,17623.76,308 keys,"17,623.76 ref, $537.52",6,misc,Level 1-100 Hat,342
90,Death at Dusk,Capo's Capper,17166,300 keys,"17,166.00 ref, $523.56",2,misc,Level 1-100 Hat,427
90,Death at Dusk,Coldsnap Cap,17166,300 keys,"17,166.00 ref, $523.56",6,misc,Level 1-100 Hat,30542
90,Death at Dusk,Company Man,17166,300 keys,"17,166.00 ref, $523.56",11,misc,Level 10 Hat,523
90,Death at Dusk,Glasgow Great Helm,17166,300 keys,"17,166.00 ref, $523.56",6,misc,Level 1-100 Helmet,30082
90,Death at Dusk,One-Man Army,17166,300 keys,"17,166.00 ref, $523.56",2,misc,Level 10 Hair,601
90,Death at Dusk,Flamboyant Flamenco,16879.9,295 keys,"16,879.90 ref, $514.84",7,misc,Level 10 Hat,627
90,Death at Dusk,Vintage Tyrolean,16822.68,294 keys,"16,822.68 ref, $513.09",6,misc,Level 1-100 Hat,101
90,Death at Dusk,Dark Falkirk Helm,16593.8,290 keys,"16,593.80 ref, $506.11",3,misc,Level 1-100 Helmet,30357
90,Death at Dusk,Horrific Headsplitter,16593.8,290 keys,"16,593.80 ref, $506.11",9,misc,Level 31 Hat,291
90,Death at Dusk,Soldier's Slope Scopers,16593.8,290 keys,"16,593.80 ref, $506.11",5,misc,Level 1-100 Hat,980
90,Death at Dusk,Cosa Nostra Cap,16021.6,280 keys,"16,021.60 ref, $488.66",8,misc,Level 1-100 Hat,459
90,Death at Dusk,Pomade Prince,16021.6,280 keys,"16,021.60 ref, $488.66",5,misc,Level 1-100 Hair,30428
90,Death at Dusk,Stainless Pot,16021.6,280 keys,"16,021.60 ref, $488.66",6,misc,Level 1-100 Hat,98
90,Death at Dusk,Officer's Ushanka,15735.5,275 keys,"15,735.50 ref, $479.93",6,misc,Level 1-100 Hat,96
90,Death at Dusk,Tyrant's Helm,15735.5,275 keys,"15,735.50 ref, $479.93",10,misc,Level 1-100 Helmet,99
90,Death at Dusk,Winter Woodsman,15621.06,273 keys,"15,621.06 ref, $476.44",11,misc,Level 1-100 Hat,30549
90,Death at Dusk,Frontier Djustice,15449.4,270 keys,"15,449.40 ref, $471.21",11,misc,Level 1-100 Hat,30421
90,Death at Dusk,Wet Works,15163.3,265 keys,"15,163.30 ref, $462.48",6,misc,Level 1-100 Hat,30135
90,Death at Dusk,Bomber's Bucket Hat,14877.2,260 keys,"14,877.20 ref, $453.75",6,misc,Level 1-100 Hat,30547
90,Death at Dusk,Master's Yellow Belt,14877.2,240–280 keys,"14,877.20 ref, $453.75",2,misc,Level 1-100 Hat,110
90,Death at Dusk,Swagman's Swatter,14877.2,260 keys,"14,877.20 ref, $453.75",5,misc,Level 10 Hat,626
90,Death at Dusk,Condor Cap,14819.98,259 keys,"14,819.98 ref, $452.01",10,misc,Level 1-100 Hat,30553
90,Death at Dusk,Armored Authority,14305,230–270 keys,"14,305.00 ref, $436.30",5,misc,Level 1-100 Helmet,445
90,Death at Dusk,Das Maddendoktor,14305,250 keys,"14,305.00 ref, $436.30",9,misc,Level 1-100 Hair,30121
90,Death at Dusk,El Jefe,14305,250 keys,"14,305.00 ref, $436.30",7,misc,Level 10 Hat,539
90,Death at Dusk,Geisha Boy,14305,250 keys,"14,305.00 ref, $436.30",4,misc,Level 1-100 Hair,363
90,Death at Dusk,Hat of Cards,14305,250 keys,"14,305.00 ref, $436.30",7,misc,Level 1-100 Hat,825
90,Death at Dusk,Brim-Full of Bullets,14133.34,229–265 keys,"14,133.34 ref, $431.07",12,misc,Level 1-100 Hat,30173
90,Death at Dusk,Slo-Poke,14018.9,240–250 keys,"14,018.90 ref, $427.58",10,misc,Level 1-100 Hat,30314
90,Death at Dusk,Dread Hiding Hood,13732.8,240 keys,"13,732.80 ref, $418.85",11,misc,Level 1-100 Hood,1095
90,Death at Dusk,Honcho's Headgear,13732.8,240 keys,"13,732.80 ref, $418.85",3,misc,Level 1-100 Hat,391
90,Death at Dusk,Soviet Gentleman,13732.8,240 keys,"13,732.80 ref, $418.85",6,misc,Level 1-100 Hat,821
90,Death at Dusk,Surgeon's Stahlhelm,13732.8,240 keys,"13,732.80 ref, $418.85",9,misc,Level 10 Helmet,616
90,Death at Dusk,Full Metal Drill Hat,13446.7,235 keys,"13,446.70 ref, $410.12",5,misc,Level 1-100 Hat,30026
90,Death at Dusk,Spook Specs,13160.6,230 keys,"13,160.60 ref, $401.40",9,misc,Level 1-100 Hat,30390
90,Death at Dusk,Lord Cockswain's Pith Helmet,12931.72,226 keys,"12,931.72 ref, $394.42",7,misc,Level 1-100 Headgear,439
90,Death at Dusk,Bone Dome,12874.5,225 keys,"12,874.50 ref, $392.67",11,misc,Level 1-100 Helmet,30162
90,Death at Dusk,Minnesota Slick,12874.5,200–250 keys,"12,874.50 ref, $392.67",6,misc,Level 1-100 Hair,30315
90,Death at Dusk,Frickin' Sweet Ninja Hood,12817.28,224 keys,"12,817.28 ref, $390.93",5,misc,Level 1-100 Hood,30394
90,Death at Dusk,Milkman,12645.62,221 keys,"12,645.62 ref, $385.69",7,misc,Level 1-100 Hat,219
90,Death at Dusk,Allbrero,12588.4,220 keys,"12,588.40 ref, $383.95",9,misc,Level 1-100 Hat,30429
90,Death at Dusk,Hound Dog,12588.4,220 keys,"12,588.40 ref, $383.95",5,misc,Level 1-100 Hair,145
90,Death at Dusk,Bear Necessities,12302.3,215 keys,"12,302.30 ref, $375.22",6,misc,Level 1-100 Spirit Animal,30122
90,Death at Dusk,Black Watch,12302.3,215 keys,"12,302.30 ref, $375.22",9,misc,Level 1-100 Hat,30105
90,Death at Dusk,Scotsman's Stove Pipe,12302.3,215 keys,"12,302.30 ref, $375.22",6,misc,Level 1-100 Hat,120
90,Death at Dusk,Détective Noir,12016.2,210 keys,"12,016.20 ref, $366.49",4,misc,Level 1-100 Hat,319
90,Death at Dusk,Gentleman's Gatsby,12016.2,190–230 keys,"12,016.20 ref, $366.49",5,misc,Level 1-100 Hat,184
90,Death at Dusk,Infernal Impaler,12016.2,210 keys,"12,016.20 ref, $366.49",12,misc,Level 13 Headgear,575
90,Death at Dusk,Napper's Respite,12016.2,210 keys,"12,016.20 ref, $366.49",4,misc,Level 1-100 Hat,248
90,Death at Dusk,Desert Marauder,11930.37,189–228 keys,"11,930.37 ref, $363.88",7,misc,Level 1-100 Hat,400
90,Death at Dusk,Razor Cut,11730.1,195–215 keys,"11,730.10 ref, $357.77",7,misc,Level 1-100 Hat,30393
90,Death at Dusk,Flipped Trilby,11615.66,203 keys,"11,615.66 ref, $354.28",8,misc,Level 1-100 Hat,324
90,Death at Dusk,Virus Doctor,11587.05,190–215 keys,"11,587.05 ref, $353.41",9,misc,Level 1-100 Hat,30043
90,Death at Dusk,Crocleather Slouch,11444,200 keys,"11,444.00 ref, $349.04",6,misc,Level 1-100 Hat,344
90,Death at Dusk,Large Luchador,11444,200 keys,"11,444.00 ref, $349.04",1,misc,Level 1-100 Mask,380
90,Death at Dusk,Screamin' Eagle,11444,200 keys,"11,444.00 ref, $349.04",8,misc,Level 1-100 Hat,30548
90,Death at Dusk,Tartan Tyrolean,11444,200 keys,"11,444.00 ref, $349.04",6,misc,Level 1-100 Hat,30334
90,Death at Dusk,Ze Goggles,11444,200 keys,"11,444.00 ref, $349.04",6,misc,Level 1-100 Glasses,177
90,Death at Dusk,Reggaelator,11386.78,187–211 keys,"11,386.78 ref, $347.30",8,misc,Level 1-100 Hat,390
90,Death at Dusk,Belgian Detective,11157.9,195 keys,"11,157.90 ref, $340.32",6,misc,Level 1-100 Hat,30128
90,Death at Dusk,Glengarry Bonnet,11157.9,195 keys,"11,157.90 ref, $340.32",5,misc,Level 1-100 Hat,100
90,Death at Dusk,Fed-Fightin' Fedora,10871.8,150–230 keys,"10,871.80 ref, $331.59",7,misc,Level 1-100 Hat,780
90,Death at Dusk,Frenchman's Beret,10871.8,190 keys,"10,871.80 ref, $331.59",5,misc,Level 1-100 Hat,180
90,Death at Dusk,Peacenik's Ponytail,10871.8,190 keys,"10,871.80 ref, $331.59",5,misc,Level 1-100 Hair,30406
90,Death at Dusk,Towering Pillar of Hats,10871.8,190 keys,"10,871.80 ref, $331.59",9,misc,Level 1-100 Hat,135
90,Death at Dusk,Engineer's Cap,10642.92,186 keys,"10,642.92 ref, $324.61",7,misc,Level 1-100 Hat,95
90,Death at Dusk,Safe'n'Sound,10642.92,182–190 keys,"10,642.92 ref, $324.61",8,misc,Level 1-100 Hat,178
90,Death at Dusk,Human Cannonball,10585.7,185 keys,"10,585.70 ref, $322.86",8,misc,Level 1-100 Helmet,817
90,Death at Dusk,Tipped Lid,10356.82,181 keys,"10,356.82 ref, $315.88",3,misc,Level 1-100 Hat,30425
90,Death at Dusk,Backwards Ballcap,10299.6,180 keys,"10,299.60 ref, $314.14",3,misc,Level 10 Hat,617
90,Death at Dusk,Noble Amassment of Hats,10299.6,170–190 keys,"10,299.60 ref, $314.14",9,misc,Level 1-100 Hat,137
90,Death at Dusk,Tippler's Tricorne,10299.6,180 keys,"10,299.60 ref, $314.14",9,misc,Level 1-100 Hat,179
90,Death at Dusk,Tyrantium Helmet,10299.6,180 keys,"10,299.60 ref, $314.14",3,misc,Level 1-100 Helmet,30014
90,Death at Dusk,Greased Lightning,10242.38,179 keys,"10,242.38 ref, $312.39",12,misc,Level 1-100 Hair,30078
90,Death at Dusk,Chieftain's Challenge,10185.16,178 keys,"10,185.16 ref, $310.65",4,misc,Level 1-100 Hat,250
90,Death at Dusk,Grenadier's Softcap,10013.5,175 keys,"10,013.50 ref, $305.41",8,misc,Level 1-100 Hat,227
90,Death at Dusk,Neckwear Headwear,10013.5,175 keys,"10,013.50 ref, $305.41",5,misc,Level 1-100 Hat,30307
90,Death at Dusk,Otolaryngologist's Mirror,10013.5,175 keys,"10,013.50 ref, $305.41",9,misc,Level 1-100 Hat,104
90,Death at Dusk,Executioner,9727.4,170 keys,"9,727.40 ref, $296.69",12,misc,Level 1-100 Hat,921
90,Death at Dusk,Caribbean Conqueror,9498.52,166 keys,"9,498.52 ref, $289.70",12,misc,Level 1-100 Hat,30116
90,Death at Dusk,Jumper's Jeepcap,9498.52,166 keys,"9,498.52 ref, $289.70",14,misc,Level 1-100 Hat,417
90,Death at Dusk,Danger,9441.3,165 keys,"9,441.30 ref, $287.96",9,misc,Level 1-100 Apparel,30420
90,Death at Dusk,Runner's Warm-Up,9441.3,165 keys,"9,441.30 ref, $287.96",6,misc,Level 1-100 Hat,30332
90,Death at Dusk,Triboniophorus Tyrannus,9269.64,162 keys,"9,269.64 ref, $282.72",5,misc,Level 1-100 Mascot,151
90,Death at Dusk,Bot Dogger,9155.2,160 keys,"9,155.20 ref, $279.23",6,misc,Level 1-100 Hat,30018
90,Death at Dusk,Harmburg,9155.2,150–170 keys,"9,155.20 ref, $279.23",8,misc,Level 1-100 Hat,30123
90,Death at Dusk,Powdered Practitioner,9155.2,140–180 keys,"9,155.20 ref, $279.23",5,misc,Level 1-100 Hat,30069
90,Death at Dusk,Buckaroo's Hat,9097.98,159 keys,"9,097.98 ref, $277.49",3,misc,Level 1-100 Hat,322
90,Death at Dusk,Modest Metal Pile of Scrap,9040.76,158 keys,"9,040.76 ref, $275.74",7,misc,Level 1-100 Hat,30001
90,Death at Dusk,Galvanized Gibus,8954.93,156–157 keys,"8,954.93 ref, $273.13",4,misc,Level 1-100 Hat,30003
90,Death at Dusk,Pirate Bandana,8640.22,151 keys,"8,640.22 ref, $263.53",13,misc,Level 1-100 Hat,30180
90,Death at Dusk,Big Country,8583,150 keys,"8,583.00 ref, $261.78",3,misc,Level 1-100 Hair,382
90,Death at Dusk,Bullet Buzz,8583,150 keys,"8,583.00 ref, $261.78",10,misc,Level 1-100 Hair,30344
90,Death at Dusk,Industrial Festivizer,8583,120–180 keys,"8,583.00 ref, $261.78",8,misc,Level 1-100 Hat,338
90,Death at Dusk,L'Inspecteur,8583,150 keys,"8,583.00 ref, $261.78",5,misc,Level 10 Hat,622
90,Death at Dusk,Sergeant's Drill Hat,8583,130–170 keys,"8,583.00 ref, $261.78",8,misc,Level 1-100 Hat,183
90,Death at Dusk,Tough Guy's Toque,8468.56,148 keys,"8,468.56 ref, $258.29",7,misc,Level 1-100 Hat,97
90,Death at Dusk,Ol' Geezer,8125.24,142 keys,"8,125.24 ref, $247.82",4,misc,Level 1-100 Hat,399
90,Death at Dusk,Furious Fukaamigasa,8010.8,140 keys,"8,010.80 ref, $244.33",4,misc,Level 1-100 Hat,395
90,Death at Dusk,Heavy Duty Rag,8010.8,140 keys,"8,010.80 ref, $244.33",6,misc,Level 1-100 Bandana,185
90,Death at Dusk,Larrikin Robin,8010.8,115–165 keys,"8,010.80 ref, $244.33",4,misc,Level 1-100 Hat,314
90,Death at Dusk,Liquidator's Lid,8010.8,140 keys,"8,010.80 ref, $244.33",5,misc,Level 1-100 Hat,779
90,Death at Dusk,Pardner's Pompadour,8010.8,140 keys,"8,010.80 ref, $244.33",8,misc,Level 1-100 Hair,30099
90,Death at Dusk,Private Eye,8010.8,140 keys,"8,010.80 ref, $244.33",4,misc,Level 1-100 Hat,388
90,Death at Dusk,Ol' Snaggletooth,7724.7,135 keys,"7,724.70 ref, $235.60",2,misc,Level 1-100 Hat,229
90,Death at Dusk,Old Guadalajara,7724.7,135 keys,"7,724.70 ref, $235.60",4,misc,Level 1-100 Hat,247
90,Death at Dusk,Professional's Panama,7724.7,135 keys,"7,724.70 ref, $235.60",6,misc,Level 1-100 Hat,109
90,Death at Dusk,Rimmed Raincatcher,7724.7,135 keys,"7,724.70 ref, $235.60",3,misc,Level 1-100 Hat,216
90,Death at Dusk,Tavish DeGroot Experience,7724.7,125–145 keys,"7,724.70 ref, $235.60",7,misc,Level 10 Hat,604
90,Death at Dusk,Burning Bandana,7610.26,133 keys,"7,610.26 ref, $232.11",5,misc,Level 1-100 Bandana,30091
90,Death at Dusk,Firewall Helmet,7610.26,133 keys,"7,610.26 ref, $232.11",5,misc,Level 1-100 Helmet,30038
90,Death at Dusk,Fruit Shoot,7581.65,130–135 keys,"7,581.65 ref, $231.24",7,misc,Level 1-100 Hat,759
90,Death at Dusk,Front Runner,7438.6,130 keys,"7,438.60 ref, $226.88",6,misc,Level 1-100 Hat,760
90,Death at Dusk,Hermes,7438.6,130 keys,"7,438.60 ref, $226.88",7,misc,Level 10 Hat,633
90,Death at Dusk,Teutonic Toque,7438.6,130 keys,"7,438.60 ref, $226.88",5,misc,Level 1-100 Hat,30351
90,Death at Dusk,Waxy Wayfinder,7438.6,130 keys,"7,438.60 ref, $226.88",7,misc,Level 1-100 Hat,753
90,Death at Dusk,Wraith Wrap,7438.6,130 keys,"7,438.60 ref, $226.88",4,misc,Level 1-100 Apparel,937
90,Death at Dusk,Ye Oiled Baker Boy,7438.6,130 keys,"7,438.60 ref, $226.88",5,misc,Level 1-100 Hat,30019
90,Death at Dusk,Buccaneer's Bicorne,7409.99,107–152 keys,"7,409.99 ref, $226.00",8,misc,Level 10 Hat,607
90,Death at Dusk,Bloke's Bucket Hat,7324.16,128 keys,"7,324.16 ref, $223.39",8,misc,Level 1-100 Hat,181
90,Death at Dusk,Bunsen Brave,7152.5,110–140 keys,"7,152.50 ref, $218.15",6,misc,Level 1-100 Hat,30054
90,Death at Dusk,Fur-Lined Fighter,7152.5,125 keys,"7,152.50 ref, $218.15",14,misc,Level 1-100 Hat,30545
90,Death at Dusk,German Gonzila,7152.5,125 keys,"7,152.50 ref, $218.15",10,misc,Level 1-100 Hat,323
90,Death at Dusk,Helmet without a Home,7152.5,125 keys,"7,152.50 ref, $218.15",2,misc,Level 1-100 Helmet,732
90,Death at Dusk,Hotrod,7152.5,125 keys,"7,152.50 ref, $218.15",10,misc,Level 1-100 Mask,148
90,Death at Dusk,Combustible Kabuto,7095.28,124 keys,"7,095.28 ref, $216.41",8,misc,Level 1-100 Hat,30418
90,Death at Dusk,Aviator Assassin,6866.4,120 keys,"6,866.40 ref, $209.43",9,misc,Level 1-100 Hat,30404
90,Death at Dusk,Bonk Leadwear,6866.4,110–130 keys,"6,866.40 ref, $209.43",3,misc,Level 1-100 Helmet,30030
90,Death at Dusk,Data Mining Light,6866.4,120 keys,"6,866.40 ref, $209.43",8,misc,Level 1-100 Helmet,30051
90,Death at Dusk,Sober Stuntman,6866.4,120 keys,"6,866.40 ref, $209.43",8,misc,Level 1-100 Helmet,255
90,Death at Dusk,Texas Tin-Gallon,6866.4,120 keys,"6,866.40 ref, $209.43",7,misc,Level 1-100 Hat,30044
90,Death at Dusk,Conquistador,6809.18,119 keys,"6,809.18 ref, $207.68",5,misc,Level 1-100 Helmet,721
90,Death at Dusk,Whoopee Cap,6809.18,119 keys,"6,809.18 ref, $207.68",9,misc,Level 1-100 Hat,174
90,Death at Dusk,Berliner's Bucket Helm,6751.96,118 keys,"6,751.96 ref, $205.93",5,misc,Level 1-100 Helmet,303
90,Death at Dusk,Broadband Bonnet,6694.74,117 keys,"6,694.74 ref, $204.19",2,misc,Level 1-100 Hat,30029
90,Death at Dusk,Virtual Reality Headset,6694.74,117 keys,"6,694.74 ref, $204.19",9,misc,Level 10 Headset,628
90,Death at Dusk,Deep Cover Operator,6580.3,105–125 keys,"6,580.30 ref, $200.70",6,misc,Level 1-100 Hat,30375
90,Death at Dusk,Hive Minder,6580.3,115 keys,"6,580.30 ref, $200.70",6,misc,Level 1-100 Hat,30093
90,Death at Dusk,Kiss King,6580.3,115 keys,"6,580.30 ref, $200.70",4,misc,Level 1-100 Hat,30313
90,Death at Dusk,Slick Cut,6580.3,110–120 keys,"6,580.30 ref, $200.70",11,misc,Level 1-100 Hair,30187
90,Death at Dusk,Hot Dogger,6408.64,112 keys,"6,408.64 ref, $195.46",10,misc,Level 10 Hat,614
90,Death at Dusk,Backbiter's Billycock,6294.2,110 keys,"6,294.20 ref, $191.97",4,misc,Level 1-100 Hat,108
90,Death at Dusk,Sole Mate,6294.2,110 keys,"6,294.20 ref, $191.97",9,misc,Level 1-100 Hat,30355
90,Death at Dusk,Pencil Pusher,6151.15,100–115 keys,"6,151.15 ref, $187.61",5,misc,Level 10 Hair,605
90,Death at Dusk,Scout Shako,6122.54,107 keys,"6,122.54 ref, $186.74",6,misc,Level 1-100 Hat,30326
90,Death at Dusk,Shooter's Sola Topi,6065.32,106 keys,"6,065.32 ref, $184.99",9,misc,Level 1-100 Helmet,158
90,Death at Dusk,Doctor's Sack,6008.1,105 keys,"6,008.10 ref, $183.25",9,misc,Level 1-100 Hat,398
90,Death at Dusk,Smoking Skid Lid,6008.1,105 keys,"6,008.10 ref, $183.25",4,misc,Level 1-100 Hat,30399
90,Death at Dusk,Heer's Helmet,5807.83,97–106 keys,"5,807.83 ref, $177.14",7,misc,Level 1-100 Helmet,30378
90,Death at Dusk,Attendant,5722,100 keys,"5,722.00 ref, $174.52",4,misc,Level 1-100 Hat,213
90,Death at Dusk,Bolted Bicorne,5722,100 keys,"5,722.00 ref, $174.52",7,misc,Level 1-100 Hat,30034
90,Death at Dusk,L'homme Burglerre,5722,100 keys,"5,722.00 ref, $174.52",13,misc,Level 1-100 Hat,30182
90,Death at Dusk,Madame Dixie,5722,100 keys,"5,722.00 ref, $174.52",9,misc,Level 1-100 Hat,321
90,Death at Dusk,Professor's Peculiarity,5722,100 keys,"5,722.00 ref, $174.52",8,misc,Level 1-100 Hair,384
90,Death at Dusk,Stormin' Norman,5722,100 keys,"5,722.00 ref, $174.52",5,misc,Level 1-100 Helmet,30112
90,Death at Dusk,Timeless Topper,5722,100 keys,"5,722.00 ref, $174.52",4,misc,Level 1-100 Hat,30035
90,Death at Dusk,Dread Knot,5664.78,99 keys,"5,664.78 ref, $172.78",8,misc,Level 1-100 Hair,358
90,Death at Dusk,Mann of Reason,5550.34,97 keys,"5,550.34 ref, $169.29",5,misc,Level 1-100 Hat,30318
90,Death at Dusk,Towering Titanium Pillar of Hats,5550.34,97 keys,"5,550.34 ref, $169.29",9,misc,Level 1-100 Hat,30008
90,Death at Dusk,Barnstormer,5493.12,96 keys,"5,493.12 ref, $167.54",8,misc,Level 1-100 Hat,988
90,Death at Dusk,Magistrate's Mullet,5493.12,96 keys,"5,493.12 ref, $167.54",6,misc,Level 1-100 Hair,147
90,Death at Dusk,Eliminator's Safeguard,5435.9,95 keys,"5,435.90 ref, $165.79",8,misc,Level 1-100 Helmet,30369
90,Death at Dusk,Valley Forge,5435.9,95 keys,"5,435.90 ref, $165.79",5,misc,Level 1-100 Hat,30114
90,Death at Dusk,Western Wear,5435.9,90–100 keys,"5,435.90 ref, $165.79",4,misc,Level 1-100 Hat,379
90,Death at Dusk,Rebel Rouser,5378.68,85–103 keys,"5,378.68 ref, $164.05",7,misc,Level 1-100 Hat,30120
90,Death at Dusk,Steel Shako,5321.46,93 keys,"5,321.46 ref, $162.30",4,misc,Level 1-100 Hat,30017
90,Death at Dusk,A Rather Festive Tree,5292.85,80–105 keys,"5,292.85 ref, $161.43",7,misc,Level 1-100 Hat,341
90,Death at Dusk,Bubble Pipe,5235.63,91–92 keys,"5,235.63 ref, $159.69",7,misc,Level 1-100 Helmet,597
90,Death at Dusk,Platinum Pickelhaube,5207.02,91 keys,"5,207.02 ref, $158.81",2,misc,Level 1-100 Helmet,30042
90,Death at Dusk,Metal Slug,5149.8,90 keys,"5,149.80 ref, $157.07",6,misc,Level 1-100 Hat,30028
90,Death at Dusk,Pom-Pommed Provocateur,5149.8,90 keys,"5,149.80 ref, $157.07",1,misc,Level 1-100 Mask,30072
90,Death at Dusk,Titanium Tyrolean,5149.8,90 keys,"5,149.80 ref, $157.07",3,misc,Level 1-100 Hat,30045
90,Death at Dusk,Toy Tailor,5149.8,90 keys,"5,149.80 ref, $157.07",5,misc,Level 1-100 Hat,30327
90,Death at Dusk,Big Elfin Deal,5092.58,89 keys,"5,092.58 ref, $155.32",7,misc,Level 1-100 Hat,652
90,Death at Dusk,Copper's Hard Top,5092.58,89 keys,"5,092.58 ref, $155.32",5,misc,Level 1-100 Helmet,478
90,Death at Dusk,Janissary Ketche,5092.58,89 keys,"5,092.58 ref, $155.32",9,misc,Level 1-100 Hat,437
90,Death at Dusk,Hetman's Headpiece,5006.75,85–90 keys,"5,006.75 ref, $152.71",2,misc,Level 1-100 Hat,436
90,Death at Dusk,Respectless Robo-Glove,4978.14,85–89 keys,"4,978.14 ref, $151.83",6,misc,Level 1-100 Hat,30039
90,Death at Dusk,Strontium Stove Pipe,4978.14,87 keys,"4,978.14 ref, $151.83",6,misc,Level 1-100 Hat,30037
90,Death at Dusk,Gridiron Guardian,4806.48,84 keys,"4,806.48 ref, $146.60",6,misc,Level 1-100 Helmet,30013
90,Death at Dusk,Nanobalaclava,4577.6,80 keys,"4,577.60 ref, $139.62",7,misc,Level 10 Hat,521
90,Death at Dusk,Ye Olde Baker Boy,4577.6,70–90 keys,"4,577.60 ref, $139.62",6,misc,Level 1-100 Hat,107
90,Death at Dusk,Employee of the Mmmph,4463.16,78 keys,"4,463.16 ref, $136.13",7,misc,Level 1-100 Hat,30416
90,Death at Dusk,Magnificent Mongolian,4405.94,77 keys,"4,405.94 ref, $134.38",4,misc,Level 1-100 Hat,313
90,Death at Dusk,Plug-In Prospector,4405.94,77 keys,"4,405.94 ref, $134.38",5,misc,Level 1-100 Hat,30031
90,Death at Dusk,Ground Control,4291.5,75 keys,"4,291.50 ref, $130.89",4,misc,Level 1-100 Hat,30338
90,Death at Dusk,Trencher's Topper,4291.5,75 keys,"4,291.50 ref, $130.89",28,misc,Level 1-100 Helmet,30336
90,Death at Dusk,Your Worst Nightmare,4291.5,75 keys,"4,291.50 ref, $130.89",6,misc,Level 10 Hair,600
90,Death at Dusk,Defiant Spartan,4205.67,72–75 keys,"4,205.67 ref, $128.27",8,misc,Level 1-100 Helmet,340
90,Death at Dusk,Base Metal Billycock,4005.4,70 keys,"4,005.40 ref, $122.16",2,misc,Level 1-100 Hat,30007
90,Death at Dusk,Bolted Birdcage,4005.4,70 keys,"4,005.40 ref, $122.16",10,misc,Level 1-100 Hat,30057
90,Death at Dusk,Voodoo JuJu (Slight Return),4005.4,60–80 keys,"4,005.40 ref, $122.16",9,misc,Level 1-100 Hat,935
90,Death at Dusk,FR-0,3948.18,69 keys,"3,948.18 ref, $120.42",5,misc,Level 1-100 Hat,30016
90,Death at Dusk,Halogen Head Lamp,3776.52,66 keys,"3,776.52 ref, $115.18",6,misc,Level 1-100 Hat,30041
90,Death at Dusk,Tsarboosh,3690.69,56–73 keys,"3,690.69 ref, $112.57",6,misc,Level 1-100 Hat,30081
90,Death at Dusk,Pyro's Boron Beanie,3547.64,62 keys,"3,547.64 ref, $108.20",11,misc,Level 1-100 Hat,30040
90,Death at Dusk,Hottie's Hoodie,3490.42,55–67 keys,"3,490.42 ref, $106.46",5,misc,Level 1-100 Hood,377
90,Death at Dusk,Das Naggenvatcher,3433.2,60 keys,"3,433.20 ref, $104.71",9,misc,Level 1-100 Hat,30109
90,Death at Dusk,Toy Soldier,3433.2,60 keys,"3,433.20 ref, $104.71",3,misc,Level 1-100 Hat,30316
90,Death at Dusk,Shooter's Tin Topi,3404.59,58–61 keys,"3,404.59 ref, $103.84",5,misc,Level 1-100 Hat,30005
90,Death at Dusk,Electric Escorter,3261.54,57 keys,"3,261.54 ref, $99.48",5,misc,Level 1-100 Hat,30025
90,Death at Dusk,Familiar Fez,3261.54,55–59 keys,"3,261.54 ref, $99.48",10,misc,Level 1-100 Hat,223
90,Death at Dusk,Pugilist's Protector,3204.32,56 keys,"3,204.32 ref, $97.73",9,misc,Level 1-100 Headgear,246
90,Death at Dusk,Birdcage,3147.1,55 keys,"3,147.10 ref, $95.99",6,misc,Level 10 Hat,615
90,Death at Dusk,Noble Nickel Amassment of Hats,3147.1,55 keys,"3,147.10 ref, $95.99",3,misc,Level 1-100 Hat,30006
90,Death at Dusk,Handyman's Handle,3089.88,54 keys,"3,089.88 ref, $94.24",6,misc,Level 1-100 Hat,253
90,Death at Dusk,Medic's Mountain Cap,3089.88,54 keys,"3,089.88 ref, $94.24",4,misc,Level 1-100 Hat,381
90,Death at Dusk,Cadaver's Cranium,3032.66,53 keys,"3,032.66 ref, $92.50",2,misc,Level 31 Hat,290
90,Death at Dusk,Brigade Helm,2946.83,46–57 keys,"2,946.83 ref, $89.88",4,misc,Level 1-100 Helmet,105
90,Death at Dusk,Pampered Pyro,2918.22,51 keys,"2,918.22 ref, $89.01",6,misc,Level 1-100 Towel,30139
90,Death at Dusk,Connoisseur's Cap,2861,50 keys,"2,861.00 ref, $87.26",4,misc,Level 1-100 Hat,394
90,Death at Dusk,Gilded Guard,2861,50 keys,"2,861.00 ref, $87.26",10,misc,Level 1-100 Helmet,1093
90,Death at Dusk,Counterfeit Billycock,2803.78,49 keys,"2,803.78 ref, $85.52",4,misc,Level 10 Hat,602
90,Death at Dusk,Stout Shako,2803.78,38–60 keys,"2,803.78 ref, $85.52",6,misc,Level 1-100 Hat,251
90,Death at Dusk,Bombing Run,2775.17,42–55 keys,"2,775.17 ref, $84.64",7,misc,Level 1-100 Helmet,249
90,Death at Dusk,Scotch Bonnet,2632.12,46 keys,"2,632.12 ref, $80.28",6,misc,Level 1-100 Headgear,306
90,Death at Dusk,Cloud Crasher,2574.9,45 keys,"2,574.90 ref, $78.53",5,misc,Level 1-100 Helmet,30071
90,Death at Dusk,Respectless Rubber Glove,2574.9,45 keys,"2,574.90 ref, $78.53",5,misc,Level 1-100 Hat,102
90,Death at Dusk,Big Chief,2517.68,44 keys,"2,517.68 ref, $76.79",4,misc,Level 1-100 Hat,309
90,Death at Dusk,Bootleg Base Metal Billycock,2346.02,37–45 keys,"2,346.02 ref, $71.55",8,misc,Level 1-100 Hat,30047
90,Death at Dusk,Gentleman's Ushanka,2288.8,40 keys,"2,288.80 ref, $69.81",3,misc,Level 1-100 Hat,778
90,Death at Dusk,Napoleon Complex,2288.8,40 keys,"2,288.80 ref, $69.81",6,misc,Level 1-100 Hat,30360
90,Death at Dusk,Tartan Spartan,2260.19,38–41 keys,"2,260.19 ref, $68.94",5,misc,Level 1-100 Helmet,30106
90,Death at Dusk,Vintage Merryweather,2231.58,38–40 keys,"2,231.58 ref, $68.06",8,misc,Level 1-100 Helmet,182
90,Death at Dusk,Hard Counter,2059.92,36 keys,"2,059.92 ref, $62.83",6,misc,Level 1-100 Hat,254
90,Death at Dusk,Sultan's Ceremonial,2059.92,36 keys,"2,059.92 ref, $62.83",3,misc,Level 1-100 Hat,403
90,Death at Dusk,Coupe D'isaster,2002.7,35 keys,"2,002.70 ref, $61.08",2,misc,Level 1-100 Hair,330
90,Death at Dusk,Tam O' Shanter,2002.7,35 keys,"2,002.70 ref, $61.08",5,misc,Level 1-100 Hat,480
90,Death at Dusk,Brain Bucket,1888.26,32–34 keys,"1,888.26 ref, $57.59",7,misc,Level 1-100 Hat,434
90,Death at Dusk,Trash Man,1831.04,32 keys,"1,831.04 ref, $55.85",4,misc,Level 1-100 Hat,30346
90,Death at Dusk,Prancer's Pride,1802.43,28–35 keys,"1,802.43 ref, $54.97",10,misc,Level 1-100 Hat,318
90,Death at Dusk,Stately Steel Toe,1773.82,31 keys,"1,773.82 ref, $54.10",6,misc,Level 1-100 Hat,481
90,Death at Dusk,Carouser's Capotain,1716.6,30 keys,"1,716.60 ref, $52.36",7,misc,Level 1-100 Hat,259
90,Death at Dusk,Katyusha,1687.99,27–32 keys,"1,687.99 ref, $51.48",8,misc,Level 1-100 Hat,30094
90,Death at Dusk,Dead Cone,1659.38,27–31 keys,"1,659.38 ref, $50.61",8,misc,Level 1-100 Hat,435
90,Death at Dusk,Pure Tin Capotain,1287.45,20–25 keys,"1,287.45 ref, $39.27",8,misc,Level 1-100 Hat,30021
307,Otherworldly Weather,Wandering Wraith,120162,2100 keys,"120,162.00 ref, $3664.94",1,misc,Level 1-100 Hat,31221
307,Otherworldly Weather,Jungle Wreath,48637,850 keys,"48,637.00 ref, $1483.43",1,misc,Level 1-100 Hat,30882
307,Otherworldly Weather,Hunter in Darkness,30898.8,410–670 keys,"30,898.80 ref, $942.41",0,misc,Level 1-100 Hat,30877
307,Otherworldly Weather,Alakablamicon,22888,400 keys,"22,888.00 ref, $698.08",0,misc,Level 1-100 Hat,31215
307,Otherworldly Weather,Close Quarters Cover,22888,400 keys,"22,888.00 ref, $698.08",2,misc,Level 1-100 Hair,31378
307,Otherworldly Weather,Starboard Crusader,21171.4,370 keys,"21,171.40 ref, $645.73",0,misc,Level 1-100 Hat,30981
307,Otherworldly Weather,Blast Defense,18310.4,320 keys,"18,310.40 ref, $558.47",0,misc,Level 1-100 Headgear,30863
307,Otherworldly Weather,A Hat to Kill For,16822.68,294 keys,"16,822.68 ref, $513.09",0,misc,Level 1-100 Hat,30753
307,Otherworldly Weather,Pithy Professional,15735.5,275 keys,"15,735.50 ref, $479.93",0,misc,Level 1-100 Hat,30915
307,Otherworldly Weather,Field Practice,15449.4,270 keys,"15,449.40 ref, $471.21",0,misc,Level 1-100 Headgear,30862
307,Otherworldly Weather,Mean Captain,13446.7,220–250 keys,"13,446.70 ref, $410.12",72,misc,Level 1-100 Hat,31385
307,Otherworldly Weather,Cool Capuchon,11444,200 keys,"11,444.00 ref, $349.04",0,misc,Level 1-100 Hood,31029
307,Otherworldly Weather,Sky High Fly Guy,11444,200 keys,"11,444.00 ref, $349.04",5,misc,Level 1-100 Hat,30984
307,Otherworldly Weather,Sightseer,11157.9,195 keys,"11,157.90 ref, $340.32",6,misc,Level 1-100 Hat,31404
307,Otherworldly Weather,Beanie the All-Gnawing,10442.65,175–190 keys,"10,442.65 ref, $318.50",0,misc,Level 1-100 Hat,31212
307,Otherworldly Weather,King Cardbeard,9269.64,162 keys,"9,269.64 ref, $282.72",0,misc,Level 1-100 Hat,31130
307,Otherworldly Weather,Polar Bear,8869.1,155 keys,"8,869.10 ref, $270.51",0,misc,Level 1-100 Hat,30964
307,Otherworldly Weather,Brimmed Bootlegger,8583,150 keys,"8,583.00 ref, $261.78",5,misc,Level 1-100 Hat,31366
307,Otherworldly Weather,Puffy Polar Cap,8583,150 keys,"8,583.00 ref, $261.78",0,misc,Level 1-100 Hat,30958
307,Otherworldly Weather,Partizan,8296.9,145 keys,"8,296.90 ref, $253.06",2,misc,Level 1-100 Hat,31329
307,Otherworldly Weather,A Handsome Handy Thing,8010.8,140 keys,"8,010.80 ref, $244.33",0,misc,Level 1-100 Handsome Hand,31129
307,Otherworldly Weather,Cleaner's Cap,6866.4,120 keys,"6,866.40 ref, $209.43",2,misc,Level 1-100 Hat,31376
307,Otherworldly Weather,Warhood,6580.3,115 keys,"6,580.30 ref, $200.70",0,misc,Level 1-100 Hood,30866
307,Otherworldly Weather,Mann-O-War,6008.1,105 keys,"6,008.10 ref, $183.25",0,misc,Level 1-100 Hat,31008
307,Otherworldly Weather,Spooky Head-Bouncers,5722,100 keys,"5,722.00 ref, $174.52",0,misc,Level 1-100 Hat,31209
307,Otherworldly Weather,El Mostacho,4749.26,83 keys,"4,749.26 ref, $144.85",0,misc,Level 1-100 Hat,31074
307,Otherworldly Weather,Ludicrously Lunatic Lunon Fedora,3890.96,59–77 keys,"3,890.96 ref, $118.67",116,misc,Level 1-100 Hat,31383
307,Otherworldly Weather,Airdog,3433.2,60 keys,"3,433.20 ref, $104.71",0,misc,Level 1-100 Helmet,30767
307,Otherworldly Weather,Archer's Sterling,3147.1,55 keys,"3,147.10 ref, $95.99",4,misc,Level 1-100 Helmet,30874
307,Otherworldly Weather,Blast Bowl,2717.95,38–57 keys,"2,717.95 ref, $82.90",8,misc,Level 1-100 Helmet,31371
307,Otherworldly Weather,Thunder Dome,1888.26,33 keys,"1,888.26 ref, $57.59",79,misc,Level 1-100 Helmet,31391
307,Otherworldly Weather,Dell Dynamic,1802.43,29–34 keys,"1,802.43 ref, $54.97",44,misc,Level 1-100 Helmet,31394
307,Otherworldly Weather,Bare Bear Bones,0,,,2,misc,Level 1-100 Hat,31402
307,Otherworldly Weather,Plaid Lad,0,,,1,misc,Level 1-100 Hat,31341
307,Otherworldly Weather,Soft Hard Hat,0,,,1,misc,Level 1-100 Hat,31331
63,Phosphorous,Virtual Viewfinder,188826,3300 keys,"188,826.00 ref, $5759.19",3,misc,Level 1-100 Headset,30140
63,Phosphorous,Pyromancer's Mask,100993.3,1765 keys,"100,993.30 ref, $3080.30",2,misc,Level 1-100 Mask,316
63,Phosphorous,Blighted Beak,94413,1650 keys,"94,413.00 ref, $2879.60",2,misc,Level 1-100 Mask,315
63,Phosphorous,Exquisite Rack,94413,1650 keys,"94,413.00 ref, $2879.60",3,misc,Level 1-100 Cosmetic Item,339
63,Phosphorous,Villain's Veil,85830,1500 keys,"85,830.00 ref, $2617.82",5,misc,Level 1-100 Bandana,393
63,Phosphorous,Crone's Dome,73413.26,1283 keys,"73,413.26 ref, $2239.10",3,misc,Level 1-100 Hat,920
63,Phosphorous,Soldered Sensei,51498,900 keys,"51,498.00 ref, $1570.69",3,misc,Level 1-100 Hat,30004
63,Phosphorous,Pencil Pusher,46920.4,820 keys,"46,920.40 ref, $1431.07",3,misc,Level 10 Hair,605
63,Phosphorous,Brainiac Hairpiece,43487.2,760 keys,"43,487.20 ref, $1326.36",4,misc,Level 1-100 Facial Hair,590
63,Phosphorous,Killer Exclusive,37193,650 keys,"37,193.00 ref, $1134.39",1,misc,Level 10 Hat,538
63,Phosphorous,Master's Yellow Belt,35762.5,625 keys,"35,762.50 ref, $1090.76",8,misc,Level 1-100 Hat,110
63,Phosphorous,Swagman's Swatter,25749,450 keys,"25,749.00 ref, $785.34",5,misc,Level 10 Hat,626
63,Phosphorous,Le Party Phantom,25176.8,440 keys,"25,176.80 ref, $767.89",1,misc,Level 1-100 Mask,337
63,Phosphorous,Killer's Kabuto,22888,400 keys,"22,888.00 ref, $698.08",1,misc,Level 1-100 Helmet,152
63,Phosphorous,Your Worst Nightmare,22659.12,396 keys,"22,659.12 ref, $691.10",3,misc,Level 10 Hair,600
63,Phosphorous,Tough Stuff Muffs,18310.4,320 keys,"18,310.40 ref, $558.47",4,misc,Level 1-100 Hat,984
63,Phosphorous,Cosa Nostra Cap,18253.18,319 keys,"18,253.18 ref, $556.72",1,misc,Level 1-100 Hat,459
63,Phosphorous,Team Captain,17566.54,307 keys,"17,566.54 ref, $535.78",3,misc,Level 1-100 Hat,378
63,Phosphorous,Brotherhood of Arms,17166,300 keys,"17,166.00 ref, $523.56",1,misc,Level 1-100 Hat,30066
63,Phosphorous,Cotton Head,17166,300 keys,"17,166.00 ref, $523.56",3,misc,Level 1-100 Hat,30175
63,Phosphorous,Hat with No Name,17166,300 keys,"17,166.00 ref, $523.56",2,misc,Level 10 Hat,631
63,Phosphorous,Galvanized Gibus,16736.85,285–300 keys,"16,736.85 ref, $510.47",2,misc,Level 1-100 Hat,30003
63,Phosphorous,Winter Woodsman,15735.5,275 keys,"15,735.50 ref, $479.93",1,misc,Level 1-100 Hat,30549
63,Phosphorous,Crown of the Old Kingdom,15163.3,265 keys,"15,163.30 ref, $462.48",1,misc,Level 1-100 Hat,30567
63,Phosphorous,Head Warmer,14877.2,260 keys,"14,877.20 ref, $453.75",6,misc,Level 1-100 Hat,644
63,Phosphorous,Black Watch,14591.1,255 keys,"14,591.10 ref, $445.03",3,misc,Level 1-100 Hat,30105
63,Phosphorous,Lucky Shot,14333.61,241–260 keys,"14,333.61 ref, $437.18",10,misc,Level 1-100 Helmet,701
63,Phosphorous,Anger,14305,250 keys,"14,305.00 ref, $436.30",2,misc,Level 10 Hood,518
63,Phosphorous,Backwards Ballcap,14305,250 keys,"14,305.00 ref, $436.30",6,misc,Level 10 Hat,617
63,Phosphorous,Prince Tavish's Crown,14305,250 keys,"14,305.00 ref, $436.30",7,misc,Level 1-100 Hat,342
63,Phosphorous,Sergeant's Drill Hat,14305,250 keys,"14,305.00 ref, $436.30",4,misc,Level 1-100 Hat,183
63,Phosphorous,Surgeon's Stahlhelm,14305,250 keys,"14,305.00 ref, $436.30",4,misc,Level 10 Helmet,616
63,Phosphorous,Brown Bomber,14018.9,245 keys,"14,018.90 ref, $427.58",5,misc,Level 1-100 Hat,671
63,Phosphorous,Stainless Pot,12931.72,226 keys,"12,931.72 ref, $394.42",6,misc,Level 1-100 Hat,98
63,Phosphorous,Détective Noir,12874.5,225 keys,"12,874.50 ref, $392.67",2,misc,Level 1-100 Hat,319
63,Phosphorous,Bonk Helm,12588.4,220 keys,"12,588.40 ref, $383.95",1,misc,Level 1-100 Helmet,106
63,Phosphorous,Triboniophorus Tyrannus,12302.3,215 keys,"12,302.30 ref, $375.22",4,misc,Level 1-100 Mascot,151
63,Phosphorous,Hound Dog,12016.2,210 keys,"12,016.20 ref, $366.49",1,misc,Level 1-100 Hair,145
63,Phosphorous,Vintage Tyrolean,12016.2,210 keys,"12,016.20 ref, $366.49",3,misc,Level 1-100 Hat,101
63,Phosphorous,War Pig,11730.1,205 keys,"11,730.10 ref, $357.77",2,misc,Level 1-100 Headgear,829
63,Phosphorous,Armored Authority,11615.66,192–214 keys,"11,615.66 ref, $354.28",7,misc,Level 1-100 Helmet,445
63,Phosphorous,Company Man,11444,200 keys,"11,444.00 ref, $349.04",7,misc,Level 10 Hat,523
63,Phosphorous,Deep Cover Operator,11444,200 keys,"11,444.00 ref, $349.04",1,misc,Level 1-100 Hat,30375
63,Phosphorous,Familiar Fez,11444,200 keys,"11,444.00 ref, $349.04",3,misc,Level 1-100 Hat,223
63,Phosphorous,Glengarry Bonnet,11444,200 keys,"11,444.00 ref, $349.04",5,misc,Level 1-100 Hat,100
63,Phosphorous,Reggaelator,11444,200 keys,"11,444.00 ref, $349.04",4,misc,Level 1-100 Hat,390
63,Phosphorous,Troublemaker's Tossle Cap,11444,200 keys,"11,444.00 ref, $349.04",9,misc,Level 1-100 Hat,150
63,Phosphorous,Front Runner,11157.9,195 keys,"11,157.90 ref, $340.32",5,misc,Level 1-100 Hat,760
63,Phosphorous,Brigade Helm,11014.85,185–200 keys,"11,014.85 ref, $335.95",4,misc,Level 1-100 Helmet,105
63,Phosphorous,Scotsman's Stove Pipe,10585.7,185 keys,"10,585.70 ref, $322.86",2,misc,Level 1-100 Hat,120
63,Phosphorous,Screamin' Eagle,10585.7,185 keys,"10,585.70 ref, $322.86",1,misc,Level 1-100 Hat,30548
63,Phosphorous,Wraith Wrap,10585.7,185 keys,"10,585.70 ref, $322.86",1,misc,Level 1-100 Apparel,937
63,Phosphorous,Conjurer's Cowl,10299.6,180 keys,"10,299.60 ref, $314.14",7,misc,Level 1-100 Hood,465
63,Phosphorous,Flipped Trilby,10299.6,180 keys,"10,299.60 ref, $314.14",3,misc,Level 1-100 Hat,324
63,Phosphorous,Ye Olde Baker Boy,10299.6,180 keys,"10,299.60 ref, $314.14",6,misc,Level 1-100 Hat,107
63,Phosphorous,Prancer's Pride,9727.4,170 keys,"9,727.40 ref, $296.69",4,misc,Level 1-100 Hat,318
63,Phosphorous,Trencher's Topper,9555.74,167 keys,"9,555.74 ref, $291.45",1,misc,Level 1-100 Helmet,30336
63,Phosphorous,Soldier's Slope Scopers,9498.52,166 keys,"9,498.52 ref, $289.70",4,misc,Level 1-100 Hat,980
63,Phosphorous,A Rather Festive Tree,9441.3,165 keys,"9,441.30 ref, $287.96",5,misc,Level 1-100 Hat,341
63,Phosphorous,Data Mining Light,9441.3,165 keys,"9,441.30 ref, $287.96",4,misc,Level 1-100 Helmet,30051
63,Phosphorous,Hottie's Hoodie,9441.3,165 keys,"9,441.30 ref, $287.96",2,misc,Level 1-100 Hood,377
63,Phosphorous,Liquidator's Lid,9155.2,160 keys,"9,155.20 ref, $279.23",3,misc,Level 1-100 Hat,779
63,Phosphorous,Executioner,8869.1,155 keys,"8,869.10 ref, $270.51",2,misc,Level 1-100 Hat,921
63,Phosphorous,Hustler's Hallmark,8869.1,155 keys,"8,869.10 ref, $270.51",2,misc,Level 1-100 Hat,146
63,Phosphorous,Whoopee Cap,8869.1,155 keys,"8,869.10 ref, $270.51",4,misc,Level 1-100 Hat,174
63,Phosphorous,Danger,8583,150 keys,"8,583.00 ref, $261.78",1,misc,Level 1-100 Apparel,30420
63,Phosphorous,Lord Cockswain's Pith Helmet,8583,150 keys,"8,583.00 ref, $261.78",2,misc,Level 1-100 Headgear,439
63,Phosphorous,Dragonborn Helmet,7724.7,135 keys,"7,724.70 ref, $235.60",8,misc,Level 10 Helmet,517
63,Phosphorous,Full Metal Drill Hat,7724.7,135 keys,"7,724.70 ref, $235.60",5,misc,Level 1-100 Hat,30026
63,Phosphorous,Engineer's Cap,7152.5,125 keys,"7,152.50 ref, $218.15",4,misc,Level 1-100 Hat,95
63,Phosphorous,Gentleman's Gatsby,7152.5,125 keys,"7,152.50 ref, $218.15",3,misc,Level 1-100 Hat,184
63,Phosphorous,Grenadier's Softcap,7152.5,125 keys,"7,152.50 ref, $218.15",3,misc,Level 1-100 Hat,227
63,Phosphorous,Otolaryngologist's Mirror,7152.5,125 keys,"7,152.50 ref, $218.15",3,misc,Level 1-100 Hat,104
63,Phosphorous,Charmer's Chapeau,7009.45,109–136 keys,"7,009.45 ref, $213.79",1,misc,Level 1-100 Hat,397
63,Phosphorous,Attendant,6866.4,120 keys,"6,866.40 ref, $209.43",4,misc,Level 1-100 Hat,213
63,Phosphorous,Employee of the Mmmph,6866.4,120 keys,"6,866.40 ref, $209.43",2,misc,Level 1-100 Hat,30416
63,Phosphorous,Fed-Fightin' Fedora,6866.4,120 keys,"6,866.40 ref, $209.43",7,misc,Level 1-100 Hat,780
63,Phosphorous,Berliner's Bucket Helm,6580.3,115 keys,"6,580.30 ref, $200.70",5,misc,Level 1-100 Helmet,303
63,Phosphorous,Cloud Crasher,6580.3,115 keys,"6,580.30 ref, $200.70",3,misc,Level 1-100 Helmet,30071
63,Phosphorous,Heavy Duty Rag,6580.3,115 keys,"6,580.30 ref, $200.70",8,misc,Level 1-100 Bandana,185
63,Phosphorous,Human Cannonball,6580.3,115 keys,"6,580.30 ref, $200.70",3,misc,Level 1-100 Helmet,817
63,Phosphorous,Private Eye,6580.3,80–150 keys,"6,580.30 ref, $200.70",3,misc,Level 1-100 Hat,388
63,Phosphorous,Modest Pile of Hat,6380.03,107–116 keys,"6,380.03 ref, $194.59",4,misc,Level 1-100 Hat,139
63,Phosphorous,Honcho's Headgear,6294.2,110 keys,"6,294.20 ref, $191.97",3,misc,Level 1-100 Hat,391
63,Phosphorous,Ol' Geezer,6294.2,110 keys,"6,294.20 ref, $191.97",3,misc,Level 1-100 Hat,399
63,Phosphorous,Razor Cut,6294.2,110 keys,"6,294.20 ref, $191.97",1,misc,Level 1-100 Hat,30393
63,Phosphorous,Ze Goggles,6294.2,110 keys,"6,294.20 ref, $191.97",6,misc,Level 1-100 Glasses,177
63,Phosphorous,Dread Hiding Hood,6122.54,107 keys,"6,122.54 ref, $186.74",1,misc,Level 1-100 Hood,1095
63,Phosphorous,Bubble Pipe,6008.1,105 keys,"6,008.10 ref, $183.25",7,misc,Level 1-100 Helmet,597
63,Phosphorous,Dr's Dapper Topper,6008.1,105 keys,"6,008.10 ref, $183.25",4,misc,Level 1-100 Hat,252
63,Phosphorous,Bunsen Brave,5893.1147540984,101.83–104.15 keys,"5,893.11 ref, 102.99 keys",2,misc,Level 1-100 Hat,30054
63,Phosphorous,Connoisseur's Cap,5836.44,102 keys,"5,836.44 ref, $178.01",5,misc,Level 1-100 Hat,394
63,Phosphorous,Cyborg Stunt Helmet,5722,100 keys,"5,722.00 ref, $174.52",4,misc,Level 1-100 Helmet,30024
63,Phosphorous,Furious Fukaamigasa,5722,100 keys,"5,722.00 ref, $174.52",3,misc,Level 1-100 Hat,395
63,Phosphorous,Milkman,5722,100 keys,"5,722.00 ref, $174.52",3,misc,Level 1-100 Hat,219
63,Phosphorous,Modest Metal Pile of Scrap,5722,100 keys,"5,722.00 ref, $174.52",2,misc,Level 1-100 Hat,30001
63,Phosphorous,Pomade Prince,5722,100 keys,"5,722.00 ref, $174.52",1,misc,Level 1-100 Hair,30428
63,Phosphorous,Safe'n'Sound,5722,100 keys,"5,722.00 ref, $174.52",3,misc,Level 1-100 Hat,178
63,Phosphorous,L'Inspecteur,5550.34,97 keys,"5,550.34 ref, $169.29",2,misc,Level 10 Hat,622
63,Phosphorous,Barnstormer,5435.9,95 keys,"5,435.90 ref, $165.79",4,misc,Level 1-100 Hat,988
63,Phosphorous,Tam O' Shanter,5435.9,80–110 keys,"5,435.90 ref, $165.79",5,misc,Level 1-100 Hat,480
63,Phosphorous,Gym Rat,5264.24,92 keys,"5,264.24 ref, $160.56",4,misc,Level 10 Hair,613
63,Phosphorous,Big Country,5149.8,90 keys,"5,149.80 ref, $157.07",4,misc,Level 1-100 Hair,382
63,Phosphorous,Birdcage,5149.8,90 keys,"5,149.80 ref, $157.07",3,misc,Level 10 Hat,615
63,Phosphorous,Valley Forge,5149.8,90 keys,"5,149.80 ref, $157.07",1,misc,Level 1-100 Hat,30114
63,Phosphorous,Conquistador,5121.19,79–100 keys,"5,121.19 ref, $156.20",5,misc,Level 1-100 Helmet,721
63,Phosphorous,Horrific Headsplitter,5092.58,89 keys,"5,092.58 ref, $155.32",1,misc,Level 31 Hat,291
63,Phosphorous,Sole Mate,5063.97,71–106 keys,"5,063.97 ref, $154.45",2,misc,Level 1-100 Hat,30355
63,Phosphorous,Counterfeit Billycock,5035.36,88 keys,"5,035.36 ref, $153.58",6,misc,Level 10 Hat,602
63,Phosphorous,Samur-Eye,5006.75,87–88 keys,"5,006.75 ref, $152.71",1,misc,Level 1-100 Helmet,359
63,Phosphorous,Copper's Hard Top,4978.14,87 keys,"4,978.14 ref, $151.83",5,misc,Level 1-100 Helmet,478
63,Phosphorous,Caribbean Conqueror,4863.7,85 keys,"4,863.70 ref, $148.34",2,misc,Level 1-100 Hat,30116
63,Phosphorous,Hot Dogger,4863.7,85 keys,"4,863.70 ref, $148.34",3,misc,Level 10 Hat,614
63,Phosphorous,German Gonzila,4577.6,80 keys,"4,577.60 ref, $139.62",9,misc,Level 1-100 Hat,323
63,Phosphorous,Magistrate's Mullet,4577.6,80 keys,"4,577.60 ref, $139.62",7,misc,Level 1-100 Hair,147
63,Phosphorous,Metal Slug,4577.6,80 keys,"4,577.60 ref, $139.62",5,misc,Level 1-100 Hat,30028
63,Phosphorous,Hermes,4484.9180327869,78.38 keys,"4,484.92 ref, 78.38 keys",2,misc,Level 10 Hat,633
63,Phosphorous,Salty Dog,4405.94,68–86 keys,"4,405.94 ref, $134.38",2,misc,Level 10 Hat,611
63,Phosphorous,Bolted Birdcage,4348.72,76 keys,"4,348.72 ref, $132.64",2,misc,Level 1-100 Hat,30057
63,Phosphorous,Peacenik's Ponytail,4348.72,76 keys,"4,348.72 ref, $132.64",2,misc,Level 1-100 Hair,30406
63,Phosphorous,Larrikin Robin,4291.5,75 keys,"4,291.50 ref, $130.89",4,misc,Level 1-100 Hat,314
63,Phosphorous,Noble Amassment of Hats,4291.5,75 keys,"4,291.50 ref, $130.89",3,misc,Level 1-100 Hat,137
63,Phosphorous,Scout Shako,4291.5,75 keys,"4,291.50 ref, $130.89",2,misc,Level 1-100 Hat,30326
63,Phosphorous,Fruit Shoot,4177.06,73 keys,"4,177.06 ref, $127.40",6,misc,Level 1-100 Hat,759
63,Phosphorous,Cold Killer,4148.45,63–82 keys,"4,148.45 ref, $126.53",3,misc,Level 1-100 Hat,981
63,Phosphorous,Flamboyant Flamenco,4005.4,70 keys,"4,005.40 ref, $122.16",4,misc,Level 10 Hat,627
63,Phosphorous,Frickin' Sweet Ninja Hood,4005.4,70 keys,"4,005.40 ref, $122.16",2,misc,Level 1-100 Hood,30394
63,Phosphorous,Gentleman's Ushanka,4005.4,70 keys,"4,005.40 ref, $122.16",2,misc,Level 1-100 Hat,778
63,Phosphorous,Hive Minder,4005.4,70 keys,"4,005.40 ref, $122.16",3,misc,Level 1-100 Hat,30093
63,Phosphorous,Towering Titanium Pillar of Hats,4005.4,70 keys,"4,005.40 ref, $122.16",4,misc,Level 1-100 Hat,30008
63,Phosphorous,Voodoo JuJu (Slight Return),4005.4,70 keys,"4,005.40 ref, $122.16",4,misc,Level 1-100 Hat,935
63,Phosphorous,Jumper's Jeepcap,3919.57,62–75 keys,"3,919.57 ref, $119.55",3,misc,Level 1-100 Hat,417
63,Phosphorous,Desert Marauder,3890.96,68 keys,"3,890.96 ref, $118.67",5,misc,Level 1-100 Hat,400
63,Phosphorous,Tungsten Toque,3833.74,67 keys,"3,833.74 ref, $116.93",4,misc,Level 1-100 Hat,30049
63,Phosphorous,Bot Dogger,3719.3,65 keys,"3,719.30 ref, $113.44",3,misc,Level 1-100 Hat,30018
63,Phosphorous,Towering Pillar of Hats,3719.3,65 keys,"3,719.30 ref, $113.44",5,misc,Level 1-100 Hat,135
63,Phosphorous,Combustible Kabuto,3604.86,62–64 keys,"3,604.86 ref, $109.95",1,misc,Level 1-100 Hat,30418
63,Phosphorous,Aviator Assassin,3547.64,62 keys,"3,547.64 ref, $108.20",2,misc,Level 1-100 Hat,30404
63,Phosphorous,Handyman's Handle,3547.64,62 keys,"3,547.64 ref, $108.20",6,misc,Level 1-100 Hat,253
63,Phosphorous,Waxy Wayfinder,3547.64,62 keys,"3,547.64 ref, $108.20",5,misc,Level 1-100 Hat,753
63,Phosphorous,Hat of Cards,3433.2,60 keys,"3,433.20 ref, $104.71",3,misc,Level 1-100 Hat,825
63,Phosphorous,Hetman's Headpiece,3433.2,60 keys,"3,433.20 ref, $104.71",6,misc,Level 1-100 Hat,436
63,Phosphorous,L'homme Burglerre,3433.2,60 keys,"3,433.20 ref, $104.71",4,misc,Level 1-100 Hat,30182
63,Phosphorous,Madame Dixie,3433.2,60 keys,"3,433.20 ref, $104.71",6,misc,Level 1-100 Hat,321
63,Phosphorous,Powdered Practitioner,3433.2,60 keys,"3,433.20 ref, $104.71",2,misc,Level 1-100 Hat,30069
63,Phosphorous,Pure Tin Capotain,3433.2,60 keys,"3,433.20 ref, $104.71",6,misc,Level 1-100 Hat,30021
63,Phosphorous,Shooter's Tin Topi,3433.2,60 keys,"3,433.20 ref, $104.71",4,misc,Level 1-100 Hat,30005
63,Phosphorous,Tartan Tyrolean,3433.2,60 keys,"3,433.20 ref, $104.71",1,misc,Level 1-100 Hat,30334
63,Phosphorous,Officer's Ushanka,3347.37,58–59 keys,"3,347.37 ref, $102.09",1,misc,Level 1-100 Hat,96
63,Phosphorous,Hard Counter,3318.76,58 keys,"3,318.76 ref, $101.22",2,misc,Level 1-100 Hat,254
63,Phosphorous,Carouser's Capotain,3147.1,55 keys,"3,147.10 ref, $95.99",1,misc,Level 1-100 Hat,259
63,Phosphorous,Big Elfin Deal,3004.05,50–55 keys,"3,004.05 ref, $91.62",5,misc,Level 1-100 Hat,652
63,Phosphorous,Grimm Hatte,2861,50 keys,"2,861.00 ref, $87.26",2,misc,Level 1-100 Hat,383
63,Phosphorous,Vintage Merryweather,2861,50 keys,"2,861.00 ref, $87.26",3,misc,Level 1-100 Helmet,182
63,Phosphorous,Capo's Capper,2746.56,48 keys,"2,746.56 ref, $83.77",5,misc,Level 1-100 Hat,427
63,Phosphorous,Rebel Rouser,2746.56,48 keys,"2,746.56 ref, $83.77",2,misc,Level 1-100 Hat,30120
63,Phosphorous,Bone Dome,2689.34,47 keys,"2,689.34 ref, $82.02",2,misc,Level 1-100 Helmet,30162
63,Phosphorous,Defiant Spartan,2689.34,47 keys,"2,689.34 ref, $82.02",3,misc,Level 1-100 Helmet,340
63,Phosphorous,Medic's Mountain Cap,2689.34,47 keys,"2,689.34 ref, $82.02",4,misc,Level 1-100 Hat,381
63,Phosphorous,Industrial Festivizer,2632.12,46 keys,"2,632.12 ref, $80.28",5,misc,Level 1-100 Hat,338
63,Phosphorous,Janissary Ketche,2574.9,45 keys,"2,574.90 ref, $78.53",7,misc,Level 1-100 Hat,437
63,Phosphorous,Letch's LED,2574.9,45 keys,"2,574.90 ref, $78.53",6,misc,Level 1-100 Hat,30002
63,Phosphorous,Pugilist's Protector,2574.9,40–50 keys,"2,574.90 ref, $78.53",6,misc,Level 1-100 Headgear,246
63,Phosphorous,Tough Guy's Toque,2574.9,45 keys,"2,574.90 ref, $78.53",2,misc,Level 1-100 Hat,97
63,Phosphorous,Noble Nickel Amassment of Hats,2517.68,44 keys,"2,517.68 ref, $76.79",4,misc,Level 1-100 Hat,30006
63,Phosphorous,Eliminator's Safeguard,2460.46,43 keys,"2,460.46 ref, $75.04",1,misc,Level 1-100 Helmet,30369
63,Phosphorous,Stout Shako,2403.24,42 keys,"2,403.24 ref, $73.30",3,misc,Level 1-100 Hat,251
63,Phosphorous,Sultan's Ceremonial,2403.24,42 keys,"2,403.24 ref, $73.30",3,misc,Level 1-100 Hat,403
63,Phosphorous,Burning Bandana,2288.8,40 keys,"2,288.80 ref, $69.81",3,misc,Level 1-100 Bandana,30091
63,Phosphorous,Das Naggenvatcher,2288.8,35–45 keys,"2,288.80 ref, $69.81",2,misc,Level 1-100 Hat,30109
63,Phosphorous,Magnificent Mongolian,2288.8,40 keys,"2,288.80 ref, $69.81",2,misc,Level 1-100 Hat,313
63,Phosphorous,Ol' Snaggletooth,2288.8,40 keys,"2,288.80 ref, $69.81",3,misc,Level 1-100 Hat,229
63,Phosphorous,Old Guadalajara,2288.8,40 keys,"2,288.80 ref, $69.81",3,misc,Level 1-100 Hat,247
63,Phosphorous,One-Man Army,2288.8,40 keys,"2,288.80 ref, $69.81",5,misc,Level 10 Hair,601
63,Phosphorous,Strontium Stove Pipe,2288.8,40 keys,"2,288.80 ref, $69.81",1,misc,Level 1-100 Hat,30037
63,Phosphorous,Tavish DeGroot Experience,2288.8,40 keys,"2,288.80 ref, $69.81",2,misc,Level 10 Hat,604
63,Phosphorous,Virus Doctor,2288.8,40 keys,"2,288.80 ref, $69.81",5,misc,Level 1-100 Hat,30043
63,Phosphorous,Bloke's Bucket Hat,2174.36,38 keys,"2,174.36 ref, $66.32",4,misc,Level 1-100 Hat,181
63,Phosphorous,Rimmed Raincatcher,2145.75,34–41 keys,"2,145.75 ref, $65.45",3,misc,Level 1-100 Hat,216
63,Phosphorous,Geisha Boy,2117.14,37 keys,"2,117.14 ref, $64.57",4,misc,Level 1-100 Hair,363
63,Phosphorous,Crocleather Slouch,2059.92,36 keys,"2,059.92 ref, $62.83",1,misc,Level 1-100 Hat,344
63,Phosphorous,Napoleon Complex,2059.92,36 keys,"2,059.92 ref, $62.83",2,misc,Level 1-100 Hat,30360
63,Phosphorous,Respectless Rubber Glove,2002.7,35 keys,"2,002.70 ref, $61.08",3,misc,Level 1-100 Hat,102
63,Phosphorous,Shooter's Sola Topi,2002.7,35 keys,"2,002.70 ref, $61.08",3,misc,Level 1-100 Helmet,158
63,Phosphorous,Plug-In Prospector,1945.48,34 keys,"1,945.48 ref, $59.34",2,misc,Level 1-100 Hat,30031
63,Phosphorous,Soviet Gentleman,1888.26,33 keys,"1,888.26 ref, $57.59",2,misc,Level 1-100 Hat,821
63,Phosphorous,Little Buddy,1802.43,25–38 keys,"1,802.43 ref, $54.97",3,misc,Level 10 Hat,612
63,Phosphorous,Scotch Bonnet,1773.82,30–32 keys,"1,773.82 ref, $54.10",2,misc,Level 1-100 Headgear,306
63,Phosphorous,Professional's Panama,1745.21,28–33 keys,"1,745.21 ref, $53.23",3,misc,Level 1-100 Hat,109
63,Phosphorous,Dead Cone,1716.6,30 keys,"1,716.60 ref, $52.36",5,misc,Level 1-100 Hat,435
63,Phosphorous,Respectless Robo-Glove,1716.6,30 keys,"1,716.60 ref, $52.36",3,misc,Level 1-100 Hat,30039
63,Phosphorous,Virtual Reality Headset,1602.16,28 keys,"1,602.16 ref, $48.87",6,misc,Level 10 Headset,628
63,Phosphorous,Ye Oiled Baker Boy,1602.16,28 keys,"1,602.16 ref, $48.87",3,misc,Level 1-100 Hat,30019
63,Phosphorous,Tsarboosh,1573.55,26–29 keys,"1,573.55 ref, $47.99",2,misc,Level 1-100 Hat,30081
63,Phosphorous,Firewall Helmet,1373.28,22–26 keys,"1,373.28 ref, $41.89",3,misc,Level 1-100 Helmet,30038
63,Phosphorous,Steel Shako,1373.28,23–25 keys,"1,373.28 ref, $41.89",9,misc,Level 1-100 Hat,30017
63,Phosphorous,Dread Knot,1344.67,23–24 keys,"1,344.67 ref, $41.01",4,misc,Level 1-100 Hair,358
63,Phosphorous,Pyro's Boron Beanie,1344.67,23–24 keys,"1,344.67 ref, $41.01",2,misc,Level 1-100 Hat,30040
63,Phosphorous,Helmet without a Home,1316.06,23 keys,"1,316.06 ref, $40.14",3,misc,Level 1-100 Helmet,732
63,Phosphorous,Bolted Bicorne,1287.45,20–25 keys,"1,287.45 ref, $39.27",4,misc,Level 1-100 Hat,30034
63,Phosphorous,Pampered Pyro,1287.45,20–25 keys,"1,287.45 ref, $39.27",1,misc,Level 1-100 Towel,30139
63,Phosphorous,Big Chief,1258.84,22 keys,"1,258.84 ref, $38.39",3,misc,Level 1-100 Hat,309
63,Phosphorous,Sober Stuntman,1258.84,20–24 keys,"1,258.84 ref, $38.39",2,misc,Level 1-100 Helmet,255
63,Phosphorous,Base Metal Billycock,1201.62,21 keys,"1,201.62 ref, $36.65",5,misc,Level 1-100 Hat,30007
63,Phosphorous,Broadband Bonnet,1201.62,18–24 keys,"1,201.62 ref, $36.65",6,misc,Level 1-100 Hat,30029
63,Phosphorous,Plumber's Pipe,1201.62,21 keys,"1,201.62 ref, $36.65",3,misc,Level 1-100 Hat,30022
63,Phosphorous,Doctor's Sack,1173.01,19–22 keys,"1,173.01 ref, $35.78",3,misc,Level 1-100 Hat,398
63,Phosphorous,Electric Escorter,1144.4,20 keys,"1,144.40 ref, $34.90",3,misc,Level 1-100 Hat,30025
63,Phosphorous,FR-0,1144.4,20 keys,"1,144.40 ref, $34.90",2,misc,Level 1-100 Hat,30016
63,Phosphorous,Katyusha,1144.4,18–22 keys,"1,144.40 ref, $34.90",3,misc,Level 1-100 Hat,30094
63,Phosphorous,Bootleg Base Metal Billycock,1087.18,19 keys,"1,087.18 ref, $33.16",6,misc,Level 1-100 Hat,30047
63,Phosphorous,Stately Steel Toe,1029.96,18 keys,"1,029.96 ref, $31.41",2,misc,Level 1-100 Hat,481
63,Phosphorous,Gridiron Guardian,858.3,15 keys,"858.30 ref, $26.18",4,misc,Level 1-100 Helmet,30013
135,Frozen Icefall,Patriot Peak,72955.5,1050–1500 keys,"72,955.50 ref, $2225.14",9,misc,Level 1-100 Hat,30743
135,Frozen Icefall,Mister Bones,57220,1000 keys,"57,220.00 ref, $1745.21",1,misc,Level 1-100 Hat,31059
135,Frozen Icefall,Rotation Sensation,57220,1000 keys,"57,220.00 ref, $1745.21",0,misc,Level 1-100 Hat,30623
135,Frozen Icefall,Gauzed Gaze,45776,800 keys,"45,776.00 ref, $1396.17",0,misc,Level 1-100 Hat,30786
135,Frozen Icefall,Hunter in Darkness,45776,800 keys,"45,776.00 ref, $1396.17",2,misc,Level 1-100 Hat,30877
135,Frozen Icefall,White Russian,44631.6,780 keys,"44,631.60 ref, $1361.26",1,misc,Level 1-100 Hair,30644
135,Frozen Icefall,Candy Crown,39481.8,690 keys,"39,481.80 ref, $1204.19",5,misc,Level 1-100 Hat,31092
135,Frozen Icefall,Woolen Warmer,37908.25,625–700 keys,"37,908.25 ref, $1156.20",0,misc,Level 1-100 Hat,30833
135,Frozen Icefall,Chill Chullo,37193,650 keys,"37,193.00 ref, $1134.39",0,misc,Level 1-100 Hat,30748
135,Frozen Icefall,Bare Necessities,35476.4,620 keys,"35,476.40 ref, $1082.03",1,misc,Level 1-100 Hat,31054
135,Frozen Icefall,A Well Wrapped Hat,26321.2,460 keys,"26,321.20 ref, $802.80",1,misc,Level 1-100 Hat,30746
135,Frozen Icefall,Pithy Professional,25462.9,445 keys,"25,462.90 ref, $776.62",2,misc,Level 1-100 Hat,30915
135,Frozen Icefall,Battle Boonie,24318.5,425 keys,"24,318.50 ref, $741.71",0,misc,Level 1-100 Hat,30907
135,Frozen Icefall,Frag Proof Fragger,22888,400 keys,"22,888.00 ref, $698.08",1,misc,Level 1-100 Helmet,30979
135,Frozen Icefall,Polar Bear,21743.6,380 keys,"21,743.60 ref, $663.18",0,misc,Level 1-100 Hat,30964
135,Frozen Icefall,Puffy Polar Cap,20599.2,360 keys,"20,599.20 ref, $628.28",0,misc,Level 1-100 Hat,30958
135,Frozen Icefall,Tundra Top,20027,350 keys,"20,027.00 ref, $610.82",0,misc,Level 1-100 Hat,30976
135,Frozen Icefall,Brain Interface,18596.5,325 keys,"18,596.50 ref, $567.19",3,misc,Level 1-100 Cosmetic Augmentation,31049
135,Frozen Icefall,Antarctic Eyewear,18024.3,315 keys,"18,024.30 ref, $549.74",7,misc,Level 1-100 Apparel,30977
135,Frozen Icefall,Climbing Commander,17166,300 keys,"17,166.00 ref, $523.56",4,misc,Level 1-100 Hood,31025
135,Frozen Icefall,Dayjogger,17166,300 keys,"17,166.00 ref, $523.56",1,misc,Level 1-100 Hat,30779
135,Frozen Icefall,Smissmas Saxton,15678.28,274 keys,"15,678.28 ref, $478.19",11,misc,Level 1-100 Hat,31089
135,Frozen Icefall,Blast Defense,14305,250 keys,"14,305.00 ref, $436.30",0,misc,Level 1-100 Headgear,30863
135,Frozen Icefall,Brass Bucket,14305,250 keys,"14,305.00 ref, $436.30",2,misc,Level 1-100 Helmet,30969
135,Frozen Icefall,Snowcapped,14305,250 keys,"14,305.00 ref, $436.30",5,misc,Level 1-100 Hat,31028
135,Frozen Icefall,A Hat to Kill For,13732.8,190–290 keys,"13,732.80 ref, $418.85",10,misc,Level 1-100 Hat,30753
135,Frozen Icefall,Vampire Vanquisher,12016.2,160–260 keys,"12,016.20 ref, $366.49",3,misc,Level 1-100 Hat,31003
135,Frozen Icefall,Berlin Brain Bowl,11444,190–210 keys,"11,444.00 ref, $349.04",10,misc,Level 1-100 Headgear,30755
135,Frozen Icefall,Smokey Sombrero,11444,200 keys,"11,444.00 ref, $349.04",2,misc,Level 1-100 Hat,30682
135,Frozen Icefall,Universal Translator,11157.9,165–225 keys,"11,157.90 ref, $340.32",8,misc,Level 1-100 Hat,30658
135,Frozen Icefall,Classy Capper,10871.8,190 keys,"10,871.80 ref, $331.59",0,misc,Level 1-100 Hat,30893
135,Frozen Icefall,Head Hedge,10871.8,190 keys,"10,871.80 ref, $331.59",0,misc,Level 1-100 Helmet,30978
135,Frozen Icefall,Field Practice,10728.75,175–200 keys,"10,728.75 ref, $327.23",0,misc,Level 1-100 Headgear,30862
135,Frozen Icefall,Nuke,10642.92,186 keys,"10,642.92 ref, $324.61",4,misc,Level 1-100 Hair,30885
135,Frozen Icefall,El Zapateador,10442.65,175–190 keys,"10,442.65 ref, $318.50",1,misc,Level 1-100 Hat,31069
135,Frozen Icefall,Fat Man's Field Cap,9784.62,171 keys,"9,784.62 ref, $298.43",0,misc,Level 1-100 Hat,30911
135,Frozen Icefall,Mighty Mitre,8583,150 keys,"8,583.00 ref, $261.78",3,misc,Level 1-100 Hat,31034
135,Frozen Icefall,Bat Hat,8296.9,145 keys,"8,296.90 ref, $253.06",8,misc,Level 1-100 Hat,31058
135,Frozen Icefall,Burning Beanie,7724.7,135 keys,"7,724.70 ref, $235.60",1,misc,Level 1-100 Hat,30936
135,Frozen Icefall,Cool Capuchon,7724.7,135 keys,"7,724.70 ref, $235.60",2,misc,Level 1-100 Hood,31029
135,Frozen Icefall,Wing Mann,7610.26,133 keys,"7,610.26 ref, $232.11",1,misc,Level 1-100 Hat,30809
135,Frozen Icefall,Archer's Sterling,7152.5,125 keys,"7,152.50 ref, $218.15",0,misc,Level 1-100 Helmet,30874
135,Frozen Icefall,Bumble Beenie,7152.5,115–135 keys,"7,152.50 ref, $218.15",258,misc,Level 1-100 Hat,31085
135,Frozen Icefall,Warhood,7152.5,125 keys,"7,152.50 ref, $218.15",0,misc,Level 1-100 Hood,30866
135,Frozen Icefall,Winter Wrap Up,6751.96,104–132 keys,"6,751.96 ref, $205.93",100,misc,Level 1-100 Hat,31094
135,Frozen Icefall,Bomb Beanie,6580.3,115 keys,"6,580.30 ref, $200.70",2,misc,Level 1-100 Hat,30823
135,Frozen Icefall,A Head Full of Hot Air,6294.2,110 keys,"6,294.20 ref, $191.97",2,misc,Level 1-100 Hat,30662
135,Frozen Icefall,Dancing Doe,6294.2,110 keys,"6,294.20 ref, $191.97",3,misc,Level 1-100 Bandana,31045
135,Frozen Icefall,Hephaistos' Handcraft,6294.2,110 keys,"6,294.20 ref, $191.97",2,misc,Level 1-100 Helmet,31000
135,Frozen Icefall,Commando Elite,5722,100 keys,"5,722.00 ref, $174.52",1,misc,Level 1-100 Helmet,30912
135,Frozen Icefall,Provisions Cap,5664.78,99 keys,"5,664.78 ref, $172.78",22,misc,Level 1-100 Hat,31097
135,Frozen Icefall,Trucker's Topper,4920.92,86 keys,"4,920.92 ref, $150.09",6,misc,Level 1-100 Hat,30930
135,Frozen Icefall,Bottle Cap,4577.6,80 keys,"4,577.60 ref, $139.62",3,misc,Level 1-100 Hat,31042
135,Frozen Icefall,Sky High Fly Guy,3948.18,69 keys,"3,948.18 ref, $120.42",0,misc,Level 1-100 Hat,30984
135,Frozen Icefall,Voodoo Vizier,3776.52,66 keys,"3,776.52 ref, $115.18",3,misc,Level 1-100 Hat,31072
135,Frozen Icefall,Sinner's Shade,3490.42,57–65 keys,"3,490.42 ref, $106.46",3,misc,Level 1-100 Hat,30959
135,Frozen Icefall,El Mostacho,3375.98,59 keys,"3,375.98 ref, $102.97",4,misc,Level 1-100 Hat,31074
135,Frozen Icefall,Airdog,3290.15,56–59 keys,"3,290.15 ref, $100.35",0,misc,Level 1-100 Helmet,30767
135,Frozen Icefall,Shutterbug,3204.32,56 keys,"3,204.32 ref, $97.73",3,misc,Level 1-100 Hat,31048
135,Frozen Icefall,Citizen Cane,2689.34,42–52 keys,"2,689.34 ref, $82.02",153,misc,Level 1-100 Hat,31091
135,Frozen Icefall,Tank Top,2574.9,45 keys,"2,574.90 ref, $78.53",8,misc,Level 1-100 Helmet,31002
135,Frozen Icefall,Convict Cap,2546.29,44–45 keys,"2,546.29 ref, $77.66",9,misc,Level 1-100 Hat,31080
135,Frozen Icefall,Globetrotter,2431.85,41–44 keys,"2,431.85 ref, $74.17",126,misc,Level 1-100 Snow Globe,31090
135,Frozen Icefall,Highway Star,2346.02,31–51 keys,"2,346.02 ref, $71.55",2,misc,Level 1-100 Bandana,31010
135,Frozen Icefall,Brain-Warming Wear,2288.8,40 keys,"2,288.80 ref, $69.81",14,misc,Level 1-100 Hat,30827
135,Frozen Icefall,Telefragger Toque,2202.97,38–39 keys,"2,202.97 ref, $67.19",90,misc,Level 1-100 Hat,31098
135,Frozen Icefall,Elf Esteem,2002.7,35 keys,"2,002.70 ref, $61.08",0,misc,Level 1-100 Hat,30836
135,Frozen Icefall,Missing Piece,1916.87,31–36 keys,"1,916.87 ref, $58.46",242,misc,Level 1-100 Hat,31101
135,Frozen Icefall,Yule Hog,1459.11,25–26 keys,"1,459.11 ref, $44.50",314,misc,Level 1-100 Pork Product,31087
135,Frozen Icefall,Spiky Viking,1201.62,19–23 keys,"1,201.62 ref, $36.65",332,misc,Level 1-100 Helmet,31100
135,Frozen Icefall,Lightning Lid,0,,,1,misc,Level 1-100 Headgear,30867
95,Magnetic Hat Protector,Captain Space Mann,52928.5,925 keys,"52,928.50 ref, $1614.32",22,misc,Level 1-100 Helmet,30646
95,Magnetic Hat Protector,Corona Australis,18653.72,326 keys,"18,653.72 ref, $568.94",8,misc,Level 1-100 Cosmetic Augmentation,30648
95,Magnetic Hat Protector,Universal Translator,1602.16,27–29 keys,"1,602.16 ref, $48.87",468,misc,Level 1-100 Hat,30658
95,Magnetic Hat Protector,Phononaut,886.91,14–17 keys,"886.91 ref, $27.05",50,misc,Level 1-100 Hat,30647
95,Magnetic Hat Protector,A Head Full of Hot Air,686.64,11–13 keys,"686.64 ref, $20.94",412,misc,Level 1-100 Hat,30662
40,Eerie Orbiting Fire,Coffin Kit,227449.5,3975 keys,"227,449.50 ref, $6937.21",2,misc,Level 1-100 Backpack,938
40,Eerie Orbiting Fire,Antlers,120162,2100 keys,"120,162.00 ref, $3664.94",1,misc,Level 1-100 Cosmetic Item,993
40,Eerie Orbiting Fire,Villain's Veil,102996,1800 keys,"102,996.00 ref, $3141.38",3,misc,Level 1-100 Bandana,393
40,Eerie Orbiting Fire,Blighted Beak,91552,1600 keys,"91,552.00 ref, $2792.34",8,misc,Level 1-100 Mask,315
40,Eerie Orbiting Fire,Team Captain,51498,900 keys,"51,498.00 ref, $1570.69",5,misc,Level 1-100 Hat,378
40,Eerie Orbiting Fire,Brainiac Hairpiece,50353.6,880 keys,"50,353.60 ref, $1535.78",2,misc,Level 1-100 Facial Hair,590
40,Eerie Orbiting Fire,Exquisite Rack,45060.75,700–875 keys,"45,060.75 ref, $1374.35",5,misc,Level 1-100 Cosmetic Item,339
40,Eerie Orbiting Fire,Bonk Boy,43773.3,750–780 keys,"43,773.30 ref, $1335.09",3,misc,Level 1-100 Mask,451
40,Eerie Orbiting Fire,Le Party Phantom,35476.4,620 keys,"35,476.40 ref, $1082.03",8,misc,Level 1-100 Mask,337
40,Eerie Orbiting Fire,Mining Light,34332,600 keys,"34,332.00 ref, $1047.13",4,misc,Level 1-100 Cosmetic Item,48
40,Eerie Orbiting Fire,Mask of the Shaman,29468.3,515 keys,"29,468.30 ref, $898.78",1,misc,Level 10 Mask,514
40,Eerie Orbiting Fire,Large Luchador,27179.5,475 keys,"27,179.50 ref, $828.97",4,misc,Level 1-100 Mask,380
40,Eerie Orbiting Fire,Hunter in Darkness,26893.4,470 keys,"26,893.40 ref, $820.25",0,misc,Level 1-100 Hat,30877
40,Eerie Orbiting Fire,Cloud Crasher,26321.2,460 keys,"26,321.20 ref, $802.80",1,misc,Level 1-100 Helmet,30071
40,Eerie Orbiting Fire,Pyromancer's Mask,25749,450 keys,"25,749.00 ref, $785.34",4,misc,Level 1-100 Mask,316
40,Eerie Orbiting Fire,Anger,25176.8,440 keys,"25,176.80 ref, $767.89",6,misc,Level 10 Hood,518
40,Eerie Orbiting Fire,Flipped Trilby,22258.58,389 keys,"22,258.58 ref, $678.89",3,misc,Level 1-100 Hat,324
40,Eerie Orbiting Fire,Flamboyant Flamenco,21743.6,380 keys,"21,743.60 ref, $663.18",7,misc,Level 10 Hat,627
40,Eerie Orbiting Fire,Texas Ten Gallon,20027,350 keys,"20,027.00 ref, $610.82",7,misc,Level 1-100 Hat,94
40,Eerie Orbiting Fire,Desert Marauder,19454.8,340 keys,"19,454.80 ref, $593.37",5,misc,Level 1-100 Hat,400
40,Eerie Orbiting Fire,Trophy Belt,19454.8,340 keys,"19,454.80 ref, $593.37",4,misc,Level 1-100 Hat,53
40,Eerie Orbiting Fire,Grenadier's Softcap,19225.92,336 keys,"19,225.92 ref, $586.39",6,misc,Level 1-100 Hat,227
40,Eerie Orbiting Fire,Master's Yellow Belt,19054.26,333 keys,"19,054.26 ref, $581.15",3,misc,Level 1-100 Hat,110
40,Eerie Orbiting Fire,Conjurer's Cowl,18882.6,330 keys,"18,882.60 ref, $575.92",8,misc,Level 1-100 Hood,465
40,Eerie Orbiting Fire,Salty Dog,18882.6,330 keys,"18,882.60 ref, $575.92",3,misc,Level 10 Hat,611
40,Eerie Orbiting Fire,Brown Bomber,17795.42,311 keys,"17,795.42 ref, $542.76",2,misc,Level 1-100 Hat,671
40,Eerie Orbiting Fire,Crone's Dome,17452.1,260–350 keys,"17,452.10 ref, $532.29",2,misc,Level 1-100 Hat,920
40,Eerie Orbiting Fire,Samur-Eye,16479.36,288 keys,"16,479.36 ref, $502.62",5,misc,Level 1-100 Helmet,359
40,Eerie Orbiting Fire,Stainless Pot,16021.6,280 keys,"16,021.60 ref, $488.66",8,misc,Level 1-100 Hat,98
40,Eerie Orbiting Fire,Soldier's Stash,14305,250 keys,"14,305.00 ref, $436.30",3,misc,Level 1-100 Cosmetic Item,54
40,Eerie Orbiting Fire,Killer Exclusive,13732.8,240 keys,"13,732.80 ref, $418.85",3,misc,Level 10 Hat,538
40,Eerie Orbiting Fire,Lucky Shot,13732.8,240 keys,"13,732.80 ref, $418.85",4,misc,Level 1-100 Helmet,701
40,Eerie Orbiting Fire,Old Guadalajara,13160.6,230 keys,"13,160.60 ref, $401.40",1,misc,Level 1-100 Hat,247
40,Eerie Orbiting Fire,Tyrant's Helm,13160.6,230 keys,"13,160.60 ref, $401.40",3,misc,Level 1-100 Helmet,99
40,Eerie Orbiting Fire,Swagman's Swatter,12874.5,225 keys,"12,874.50 ref, $392.67",5,misc,Level 10 Hat,626
40,Eerie Orbiting Fire,Private Eye,12588.4,220 keys,"12,588.40 ref, $383.95",5,misc,Level 1-100 Hat,388
40,Eerie Orbiting Fire,Armored Authority,12016.2,210 keys,"12,016.20 ref, $366.49",4,misc,Level 1-100 Helmet,445
40,Eerie Orbiting Fire,Company Man,12016.2,210 keys,"12,016.20 ref, $366.49",6,misc,Level 10 Hat,523
40,Eerie Orbiting Fire,Backwards Ballcap,11444,200 keys,"11,444.00 ref, $349.04",5,misc,Level 10 Hat,617
40,Eerie Orbiting Fire,Brigade Helm,11444,200 keys,"11,444.00 ref, $349.04",7,misc,Level 1-100 Helmet,105
40,Eerie Orbiting Fire,Das Maddendoktor,11444,200 keys,"11,444.00 ref, $349.04",0,misc,Level 1-100 Hair,30121
40,Eerie Orbiting Fire,Carouser's Capotain,11157.9,195 keys,"11,157.90 ref, $340.32",4,misc,Level 1-100 Hat,259
40,Eerie Orbiting Fire,Towering Pillar of Hats,11157.9,195 keys,"11,157.90 ref, $340.32",7,misc,Level 1-100 Hat,135
40,Eerie Orbiting Fire,Cosa Nostra Cap,10757.36,188 keys,"10,757.36 ref, $328.10",7,misc,Level 1-100 Hat,459
40,Eerie Orbiting Fire,Officer's Ushanka,10585.7,180–190 keys,"10,585.70 ref, $322.86",3,misc,Level 1-100 Hat,96
40,Eerie Orbiting Fire,Front Runner,10299.6,180 keys,"10,299.60 ref, $314.14",7,misc,Level 1-100 Hat,760
40,Eerie Orbiting Fire,Backbiter's Billycock,10013.5,175 keys,"10,013.50 ref, $305.41",5,misc,Level 1-100 Hat,108
40,Eerie Orbiting Fire,Honcho's Headgear,9841.84,172 keys,"9,841.84 ref, $300.18",7,misc,Level 1-100 Hat,391
40,Eerie Orbiting Fire,Grimm Hatte,9709.5081967213,153.27–186.11 keys,"9,709.51 ref, 169.69 keys",1,misc,Level 1-100 Hat,383
40,Eerie Orbiting Fire,Ze Goggles,9670.18,169 keys,"9,670.18 ref, $294.94",4,misc,Level 1-100 Glasses,177
40,Eerie Orbiting Fire,Defiant Spartan,9441.3,160–170 keys,"9,441.30 ref, $287.96",4,misc,Level 1-100 Helmet,340
40,Eerie Orbiting Fire,Fancy Fedora,9441.3,165 keys,"9,441.30 ref, $287.96",7,misc,Level 1-100 Hat,55
40,Eerie Orbiting Fire,Jumper's Jeepcap,9155.2,160 keys,"9,155.20 ref, $279.23",5,misc,Level 1-100 Hat,417
40,Eerie Orbiting Fire,Modest Pile of Hat,8783.27,120–187 keys,"8,783.27 ref, $267.89",5,misc,Level 1-100 Hat,139
40,Eerie Orbiting Fire,Hat with No Name,8583,150 keys,"8,583.00 ref, $261.78",2,misc,Level 10 Hat,631
40,Eerie Orbiting Fire,One-Man Army,8583,150 keys,"8,583.00 ref, $261.78",8,misc,Level 10 Hair,601
40,Eerie Orbiting Fire,Executioner,8296.9,145 keys,"8,296.90 ref, $253.06",6,misc,Level 1-100 Hat,921
40,Eerie Orbiting Fire,Tam O' Shanter,8125.24,142 keys,"8,125.24 ref, $247.82",4,misc,Level 1-100 Hat,480
40,Eerie Orbiting Fire,Counterfeit Billycock,7724.7,135 keys,"7,724.70 ref, $235.60",5,misc,Level 10 Hat,602
40,Eerie Orbiting Fire,El Jefe,7724.7,135 keys,"7,724.70 ref, $235.60",5,misc,Level 10 Hat,539
40,Eerie Orbiting Fire,Troublemaker's Tossle Cap,7708.3606557377,129.73–139.7 keys,"7,708.36 ref, 134.71 keys",2,misc,Level 1-100 Hat,150
40,Eerie Orbiting Fire,Demoman's Fro,7209.72,126 keys,"7,209.72 ref, $219.90",7,misc,Level 1-100 Hair,47
40,Eerie Orbiting Fire,Milkman,7152.5,125 keys,"7,152.50 ref, $218.15",5,misc,Level 1-100 Hat,219
40,Eerie Orbiting Fire,Crocleather Slouch,6866.4,120 keys,"6,866.40 ref, $209.43",10,misc,Level 1-100 Hat,344
40,Eerie Orbiting Fire,Fed-Fightin' Fedora,6866.4,120 keys,"6,866.40 ref, $209.43",2,misc,Level 1-100 Hat,780
40,Eerie Orbiting Fire,Scotch Bonnet,6866.4,120 keys,"6,866.40 ref, $209.43",9,misc,Level 1-100 Headgear,306
40,Eerie Orbiting Fire,Bonk Helm,6580.3,115 keys,"6,580.30 ref, $200.70",4,misc,Level 1-100 Helmet,106
40,Eerie Orbiting Fire,Killer's Kabuto,6580.3,105–125 keys,"6,580.30 ref, $200.70",2,misc,Level 1-100 Helmet,152
40,Eerie Orbiting Fire,Western Wear,6580.3,115 keys,"6,580.30 ref, $200.70",8,misc,Level 1-100 Hat,379
40,Eerie Orbiting Fire,Dragonborn Helmet,6294.2,110 keys,"6,294.20 ref, $191.97",10,misc,Level 10 Helmet,517
40,Eerie Orbiting Fire,Frickin' Sweet Ninja Hood,6294.2,110 keys,"6,294.20 ref, $191.97",1,misc,Level 1-100 Hood,30394
40,Eerie Orbiting Fire,Noble Amassment of Hats,6294.2,110 keys,"6,294.20 ref, $191.97",4,misc,Level 1-100 Hat,137
40,Eerie Orbiting Fire,Rotation Sensation,6294.2,110 keys,"6,294.20 ref, $191.97",3,misc,Level 1-100 Hat,30623
40,Eerie Orbiting Fire,Brain Bucket,6151.15,95–120 keys,"6,151.15 ref, $187.61",5,misc,Level 1-100 Hat,434
40,Eerie Orbiting Fire,A Head Full of Hot Air,6008.1,105 keys,"6,008.10 ref, $183.25",2,misc,Level 1-100 Hat,30662
40,Eerie Orbiting Fire,A Rather Festive Tree,6008.1,105 keys,"6,008.10 ref, $183.25",5,misc,Level 1-100 Hat,341
40,Eerie Orbiting Fire,Dread Knot,6008.1,105 keys,"6,008.10 ref, $183.25",4,misc,Level 1-100 Hair,358
40,Eerie Orbiting Fire,Wraith Wrap,5950.88,96–112 keys,"5,950.88 ref, $181.50",2,misc,Level 1-100 Apparel,937
40,Eerie Orbiting Fire,Voodoo JuJu (Slight Return),5836.44,102 keys,"5,836.44 ref, $178.01",4,misc,Level 1-100 Hat,935
40,Eerie Orbiting Fire,Capo's Capper,5722,100 keys,"5,722.00 ref, $174.52",10,misc,Level 1-100 Hat,427
40,Eerie Orbiting Fire,Coupe D'isaster,5722,100 keys,"5,722.00 ref, $174.52",5,misc,Level 1-100 Hair,330
40,Eerie Orbiting Fire,Vintage Merryweather,5722,100 keys,"5,722.00 ref, $174.52",6,misc,Level 1-100 Helmet,182
40,Eerie Orbiting Fire,Your Worst Nightmare,5722,100 keys,"5,722.00 ref, $174.52",4,misc,Level 10 Hair,600
40,Eerie Orbiting Fire,Infernal Impaler,5664.78,99 keys,"5,664.78 ref, $172.78",1,misc,Level 13 Headgear,575
40,Eerie Orbiting Fire,Lord Cockswain's Pith Helmet,5435.9,95 keys,"5,435.90 ref, $165.79",7,misc,Level 1-100 Headgear,439
40,Eerie Orbiting Fire,Stout Shako,5435.9,95 keys,"5,435.90 ref, $165.79",6,misc,Level 1-100 Hat,251
40,Eerie Orbiting Fire,Football Helmet,5207.02,91 keys,"5,207.02 ref, $158.81",8,misc,Level 1-100 Helmet,49
40,Eerie Orbiting Fire,Battle Boonie,5149.8,90 keys,"5,149.80 ref, $157.07",1,misc,Level 1-100 Hat,30907
40,Eerie Orbiting Fire,Ol' Snaggletooth,5149.8,90 keys,"5,149.80 ref, $157.07",6,misc,Level 1-100 Hat,229
40,Eerie Orbiting Fire,Tough Guy's Toque,5092.58,89 keys,"5,092.58 ref, $155.32",6,misc,Level 1-100 Hat,97
40,Eerie Orbiting Fire,German Gonzila,5035.36,88 keys,"5,035.36 ref, $153.58",10,misc,Level 1-100 Hat,323
40,Eerie Orbiting Fire,Prussian Pickelhaube,4863.7,85 keys,"4,863.70 ref, $148.34",4,misc,Level 1-100 Helmet,50
40,Eerie Orbiting Fire,Berliner's Bucket Helm,4634.82,81 keys,"4,634.82 ref, $141.36",13,misc,Level 1-100 Helmet,303
40,Eerie Orbiting Fire,Chill Chullo,4577.6,80 keys,"4,577.60 ref, $139.62",0,misc,Level 1-100 Hat,30748
40,Eerie Orbiting Fire,Gym Rat,4577.6,80 keys,"4,577.60 ref, $139.62",2,misc,Level 10 Hair,613
40,Eerie Orbiting Fire,Larrikin Robin,4405.94,69–85 keys,"4,405.94 ref, $134.38",9,misc,Level 1-100 Hat,314
40,Eerie Orbiting Fire,Modest Metal Pile of Scrap,4405.94,77 keys,"4,405.94 ref, $134.38",1,misc,Level 1-100 Hat,30001
40,Eerie Orbiting Fire,Engineer's Cap,4348.72,76 keys,"4,348.72 ref, $132.64",5,misc,Level 1-100 Hat,95
40,Eerie Orbiting Fire,Hot Dogger,4291.5,75 keys,"4,291.50 ref, $130.89",1,misc,Level 10 Hat,614
40,Eerie Orbiting Fire,Otolaryngologist's Mirror,4291.5,75 keys,"4,291.50 ref, $130.89",6,misc,Level 1-100 Hat,104
40,Eerie Orbiting Fire,Professional's Panama,4291.5,75 keys,"4,291.50 ref, $130.89",10,misc,Level 1-100 Hat,109
40,Eerie Orbiting Fire,Napper's Respite,4262.89,60–89 keys,"4,262.89 ref, $130.02",10,misc,Level 1-100 Hat,248
40,Eerie Orbiting Fire,Hellmet,4177.06,73 keys,"4,177.06 ref, $127.40",1,misc,Level 1-100 Helmet,30708
40,Eerie Orbiting Fire,Reggaelator,3948.18,69 keys,"3,948.18 ref, $120.42",7,misc,Level 1-100 Hat,390
40,Eerie Orbiting Fire,Whoopee Cap,3862.35,65–70 keys,"3,862.35 ref, $117.80",4,misc,Level 1-100 Hat,174
40,Eerie Orbiting Fire,Birdcage,3833.74,67 keys,"3,833.74 ref, $116.93",6,misc,Level 10 Hat,615
40,Eerie Orbiting Fire,Galvanized Gibus,3776.52,60–72 keys,"3,776.52 ref, $115.18",1,misc,Level 1-100 Hat,30003
40,Eerie Orbiting Fire,Pencil Pusher,3719.3,65 keys,"3,719.30 ref, $113.44",2,misc,Level 10 Hair,605
40,Eerie Orbiting Fire,Triboniophorus Tyrannus,3719.3,65 keys,"3,719.30 ref, $113.44",9,misc,Level 1-100 Mascot,151
40,Eerie Orbiting Fire,Head Warmer,3547.64,62 keys,"3,547.64 ref, $108.20",1,misc,Level 1-100 Hat,644
40,Eerie Orbiting Fire,Industrial Festivizer,3547.64,62 keys,"3,547.64 ref, $108.20",9,misc,Level 1-100 Hat,338
40,Eerie Orbiting Fire,Prancer's Pride,3461.81,48–73 keys,"3,461.81 ref, $105.59",4,misc,Level 1-100 Hat,318
40,Eerie Orbiting Fire,Boxcar Bomber,3433.2,50–70 keys,"3,433.20 ref, $104.71",1,misc,Level 1-100 Hat,30546
40,Eerie Orbiting Fire,Buckaroo's Hat,3433.2,60 keys,"3,433.20 ref, $104.71",8,misc,Level 1-100 Hat,322
40,Eerie Orbiting Fire,Frenchman's Beret,3433.2,60 keys,"3,433.20 ref, $104.71",7,misc,Level 1-100 Hat,180
40,Eerie Orbiting Fire,Human Cannonball,3433.2,60 keys,"3,433.20 ref, $104.71",2,misc,Level 1-100 Helmet,817
40,Eerie Orbiting Fire,Vintage Tyrolean,3375.98,54–64 keys,"3,375.98 ref, $102.97",5,misc,Level 1-100 Hat,101
40,Eerie Orbiting Fire,Nanobalaclava,3329.6721311475,49.88–66.5 keys,"3,329.67 ref, 58.19 keys",2,misc,Level 10 Hat,521
40,Eerie Orbiting Fire,Magistrate's Mullet,3318.76,58 keys,"3,318.76 ref, $101.22",4,misc,Level 1-100 Hair,147
40,Eerie Orbiting Fire,Buccaneer's Bicorne,3261.54,57 keys,"3,261.54 ref, $99.48",7,misc,Level 10 Hat,607
40,Eerie Orbiting Fire,Tippler's Tricorne,3245.9016393443,49.91–63.55 keys,"3,245.90 ref, 56.73 keys",3,misc,Level 1-100 Hat,179
40,Eerie Orbiting Fire,Janissary Ketche,3204.32,52–60 keys,"3,204.32 ref, $97.73",2,misc,Level 1-100 Hat,437
40,Eerie Orbiting Fire,Little Buddy,3204.32,56 keys,"3,204.32 ref, $97.73",8,misc,Level 10 Hat,612
40,Eerie Orbiting Fire,Nuke,3204.32,56 keys,"3,204.32 ref, $97.73",2,misc,Level 1-100 Hair,30885
40,Eerie Orbiting Fire,Détective Noir,3147.1,55 keys,"3,147.10 ref, $95.99",6,misc,Level 1-100 Hat,319
40,Eerie Orbiting Fire,Gentleman's Ushanka,3147.1,55 keys,"3,147.10 ref, $95.99",4,misc,Level 1-100 Hat,778
40,Eerie Orbiting Fire,Pugilist's Protector,3147.1,55 keys,"3,147.10 ref, $95.99",7,misc,Level 1-100 Headgear,246
40,Eerie Orbiting Fire,Charmer's Chapeau,3089.88,54 keys,"3,089.88 ref, $94.24",5,misc,Level 1-100 Hat,397
40,Eerie Orbiting Fire,Black Watch,2861,50 keys,"2,861.00 ref, $87.26",1,misc,Level 1-100 Hat,30105
40,Eerie Orbiting Fire,Dr's Dapper Topper,2861,50 keys,"2,861.00 ref, $87.26",5,misc,Level 1-100 Hat,252
40,Eerie Orbiting Fire,Familiar Fez,2861,50 keys,"2,861.00 ref, $87.26",6,misc,Level 1-100 Hat,223
40,Eerie Orbiting Fire,Hard Counter,2861,50 keys,"2,861.00 ref, $87.26",2,misc,Level 1-100 Hat,254
40,Eerie Orbiting Fire,Hotrod,2861,50 keys,"2,861.00 ref, $87.26",3,misc,Level 1-100 Mask,148
40,Eerie Orbiting Fire,L'Inspecteur,2861,50 keys,"2,861.00 ref, $87.26",5,misc,Level 10 Hat,622
40,Eerie Orbiting Fire,Texas Tin-Gallon,2861,50 keys,"2,861.00 ref, $87.26",1,misc,Level 1-100 Hat,30044
40,Eerie Orbiting Fire,Danger,2803.78,49 keys,"2,803.78 ref, $85.52",1,misc,Level 1-100 Apparel,30420
40,Eerie Orbiting Fire,Handyman's Handle,2746.56,48 keys,"2,746.56 ref, $83.77",8,misc,Level 1-100 Hat,253
40,Eerie Orbiting Fire,Helmet without a Home,2632.12,46 keys,"2,632.12 ref, $80.28",2,misc,Level 1-100 Helmet,732
40,Eerie Orbiting Fire,Katyusha,2632.12,31–61 keys,"2,632.12 ref, $80.28",1,misc,Level 1-100 Hat,30094
40,Eerie Orbiting Fire,Waxy Wayfinder,2574.9,45 keys,"2,574.90 ref, $78.53",2,misc,Level 1-100 Hat,753
40,Eerie Orbiting Fire,Outdoorsman,2517.68,44 keys,"2,517.68 ref, $76.79",1,misc,Level 10 Hat,603
40,Eerie Orbiting Fire,Brain-Warming Wear,2460.46,43 keys,"2,460.46 ref, $75.04",0,misc,Level 1-100 Hat,30827
40,Eerie Orbiting Fire,Outta Sight,2460.46,43 keys,"2,460.46 ref, $75.04",2,misc,Level 1-100 Hat,30628
40,Eerie Orbiting Fire,Sergeant's Drill Hat,2460.46,43 keys,"2,460.46 ref, $75.04",5,misc,Level 1-100 Hat,183
40,Eerie Orbiting Fire,Attendant,2403.24,42 keys,"2,403.24 ref, $73.30",5,misc,Level 1-100 Hat,213
40,Eerie Orbiting Fire,Bunsen Brave,2346.02,41 keys,"2,346.02 ref, $71.55",1,misc,Level 1-100 Hat,30054
40,Eerie Orbiting Fire,Ye Olde Baker Boy,2346.02,41 keys,"2,346.02 ref, $71.55",5,misc,Level 1-100 Hat,107
40,Eerie Orbiting Fire,Chieftain's Challenge,2317.41,39–42 keys,"2,317.41 ref, $70.68",4,misc,Level 1-100 Hat,250
40,Eerie Orbiting Fire,Caribbean Conqueror,2288.8,40 keys,"2,288.80 ref, $69.81",1,misc,Level 1-100 Hat,30116
40,Eerie Orbiting Fire,Magnificent Mongolian,2288.8,40 keys,"2,288.80 ref, $69.81",7,misc,Level 1-100 Hat,313
40,Eerie Orbiting Fire,Virtual Reality Headset,2183.606557377,35.07–41.26 keys,"2,183.61 ref, 38.16 keys",2,misc,Level 10 Headset,628
40,Eerie Orbiting Fire,Dread Hiding Hood,2117.14,37 keys,"2,117.14 ref, $64.57",1,misc,Level 1-100 Hood,1095
40,Eerie Orbiting Fire,Safe'n'Sound,2117.14,37 keys,"2,117.14 ref, $64.57",10,misc,Level 1-100 Hat,178
40,Eerie Orbiting Fire,Das Gutenkutteharen,2002.7,35 keys,"2,002.70 ref, $61.08",2,misc,Level 1-100 Hair,30127
40,Eerie Orbiting Fire,Dead Cone,2002.7,35 keys,"2,002.70 ref, $61.08",3,misc,Level 1-100 Hat,435
40,Eerie Orbiting Fire,Hetman's Headpiece,2002.7,34–36 keys,"2,002.70 ref, $61.08",5,misc,Level 1-100 Hat,436
40,Eerie Orbiting Fire,Prince Tavish's Crown,2002.7,35 keys,"2,002.70 ref, $61.08",6,misc,Level 1-100 Hat,342
40,Eerie Orbiting Fire,Furious Fukaamigasa,1974.09,33–36 keys,"1,974.09 ref, $60.21",6,misc,Level 1-100 Hat,395
40,Eerie Orbiting Fire,Hermes,1974.09,27–42 keys,"1,974.09 ref, $60.21",7,misc,Level 10 Hat,633
40,Eerie Orbiting Fire,Hound Dog,1974.09,30–39 keys,"1,974.09 ref, $60.21",3,misc,Level 1-100 Hair,145
40,Eerie Orbiting Fire,Madame Dixie,1967.2131147541,30.25–38.51 keys,"1,967.21 ref, 34.38 keys",3,misc,Level 1-100 Hat,321
40,Eerie Orbiting Fire,Scotsman's Stove Pipe,1945.48,34 keys,"1,945.48 ref, $59.34",4,misc,Level 1-100 Hat,120
40,Eerie Orbiting Fire,Tsarboosh,1945.48,34 keys,"1,945.48 ref, $59.34",1,misc,Level 1-100 Hat,30081
40,Eerie Orbiting Fire,Surgeon's Stahlhelm,1888.26,33 keys,"1,888.26 ref, $57.59",6,misc,Level 10 Helmet,616
40,Eerie Orbiting Fire,Connoisseur's Cap,1831.04,32 keys,"1,831.04 ref, $55.85",10,misc,Level 1-100 Hat,394
40,Eerie Orbiting Fire,Slick Cut,1831.04,32 keys,"1,831.04 ref, $55.85",1,misc,Level 1-100 Hair,30187
40,Eerie Orbiting Fire,Big Country,1773.82,31 keys,"1,773.82 ref, $54.10",3,misc,Level 1-100 Hair,382
40,Eerie Orbiting Fire,Copper's Hard Top,1773.82,31 keys,"1,773.82 ref, $54.10",6,misc,Level 1-100 Helmet,478
40,Eerie Orbiting Fire,Rebel Rouser,1773.82,30–32 keys,"1,773.82 ref, $54.10",1,misc,Level 1-100 Hat,30120
40,Eerie Orbiting Fire,Plug-In Prospector,1716.6,30 keys,"1,716.60 ref, $52.36",1,misc,Level 1-100 Hat,30031
40,Eerie Orbiting Fire,Stormin' Norman,1716.6,30 keys,"1,716.60 ref, $52.36",1,misc,Level 1-100 Helmet,30112
40,Eerie Orbiting Fire,Bombing Run,1659.38,26–32 keys,"1,659.38 ref, $50.61",2,misc,Level 1-100 Helmet,249
40,Eerie Orbiting Fire,Bubble Pipe,1602.16,28 keys,"1,602.16 ref, $48.87",3,misc,Level 1-100 Helmet,597
40,Eerie Orbiting Fire,Hustler's Hallmark,1602.16,28 keys,"1,602.16 ref, $48.87",5,misc,Level 1-100 Hat,146
40,Eerie Orbiting Fire,Sultan's Ceremonial,1602.16,28 keys,"1,602.16 ref, $48.87",5,misc,Level 1-100 Hat,403
40,Eerie Orbiting Fire,Geisha Boy,1544.94,27 keys,"1,544.94 ref, $47.12",3,misc,Level 1-100 Hair,363
40,Eerie Orbiting Fire,Glengarry Bonnet,1430.5,25 keys,"1,430.50 ref, $43.63",4,misc,Level 1-100 Hat,100
40,Eerie Orbiting Fire,Ol' Geezer,1430.5,25 keys,"1,430.50 ref, $43.63",2,misc,Level 1-100 Hat,399
40,Eerie Orbiting Fire,Respectless Rubber Glove,1430.5,25 keys,"1,430.50 ref, $43.63",7,misc,Level 1-100 Hat,102
40,Eerie Orbiting Fire,Tavish DeGroot Experience,1430.5,25 keys,"1,430.50 ref, $43.63",6,misc,Level 10 Hat,604
40,Eerie Orbiting Fire,Liquidator's Lid,1373.28,23–25 keys,"1,373.28 ref, $41.89",3,misc,Level 1-100 Hat,779
40,Eerie Orbiting Fire,Rimmed Raincatcher,1316.06,23 keys,"1,316.06 ref, $40.14",5,misc,Level 1-100 Hat,216
40,Eerie Orbiting Fire,Pyro's Beanie,1258.84,22 keys,"1,258.84 ref, $38.39",5,misc,Level 1-100 Hat,51
40,Eerie Orbiting Fire,Hottie's Hoodie,1201.62,18–24 keys,"1,201.62 ref, $36.65",5,misc,Level 1-100 Hood,377
40,Eerie Orbiting Fire,Stately Steel Toe,1201.62,21 keys,"1,201.62 ref, $36.65",6,misc,Level 1-100 Hat,481
40,Eerie Orbiting Fire,Trencher's Topper,1173.01,20–21 keys,"1,173.01 ref, $35.78",1,misc,Level 1-100 Helmet,30336
40,Eerie Orbiting Fire,Bolted Birdcage,1144.4,20 keys,"1,144.40 ref, $34.90",1,misc,Level 1-100 Hat,30057
40,Eerie Orbiting Fire,Doctor's Sack,1144.4,20 keys,"1,144.40 ref, $34.90",9,misc,Level 1-100 Hat,398
40,Eerie Orbiting Fire,Bloke's Bucket Hat,1087.18,19 keys,"1,087.18 ref, $33.16",4,misc,Level 1-100 Hat,181
40,Eerie Orbiting Fire,Gentleman's Gatsby,1087.18,19 keys,"1,087.18 ref, $33.16",2,misc,Level 1-100 Hat,184
40,Eerie Orbiting Fire,Medic's Mountain Cap,1087.18,19 keys,"1,087.18 ref, $33.16",4,misc,Level 1-100 Hat,381
40,Eerie Orbiting Fire,Bonk Leadwear,1029.96,17–19 keys,"1,029.96 ref, $31.41",0,misc,Level 1-100 Helmet,30030
40,Eerie Orbiting Fire,Frontier Djustice,1029.96,18 keys,"1,029.96 ref, $31.41",0,misc,Level 1-100 Hat,30421
40,Eerie Orbiting Fire,Heavy Duty Rag,1029.96,18 keys,"1,029.96 ref, $31.41",8,misc,Level 1-100 Bandana,185
40,Eerie Orbiting Fire,Shooter's Tin Topi,1029.96,18 keys,"1,029.96 ref, $31.41",1,misc,Level 1-100 Hat,30005
40,Eerie Orbiting Fire,Shooter's Sola Topi,1001.35,17–18 keys,"1,001.35 ref, $30.54",4,misc,Level 1-100 Helmet,158
40,Eerie Orbiting Fire,Sober Stuntman,915.52,16 keys,"915.52 ref, $27.92",6,misc,Level 1-100 Helmet,255
40,Eerie Orbiting Fire,Batter's Helmet,801.08,14 keys,"801.08 ref, $24.43",9,misc,Level 1-100 Helmet,52
40,Eerie Orbiting Fire,Bootleg Base Metal Billycock,801.08,14 keys,"801.08 ref, $24.43",1,misc,Level 1-100 Hat,30047
40,Eerie Orbiting Fire,Elf Esteem,801.08,14 keys,"801.08 ref, $24.43",0,misc,Level 1-100 Hat,30836
