effect_id,effect_name,item_name,bp_price_ref,bp_price_keys,bp_price_all,exist,slot,summary,defindex,scrape_timestamp
99,Nebula,Captain Space Mann,706667,10000–14700 keys,"706,667.00 ref, $21553.34",30,misc,Level 1-100 Helmet,30646,2026-07-21T22:54:09
99,Nebula,Corona Australis,177382,3100 keys,"177,382.00 ref, $5410.15",4,misc,Level 1-100 Cosmetic Augmentation,30648,2026-07-21T22:54:09
99,Nebula,Universal Translator,29754.4,480–560 keys,"29,754.40 ref, $907.51",538,misc,Level 1-100 Hat,30658,2026-07-21T22:54:09
99,Nebula,Phononaut,21772.21,361–400 keys,"21,772.21 ref, $664.05",100,misc,Level 1-100 Hat,30647,2026-07-21T22:54:09
99,Nebula,A Head Full of Hot Air,6608.91,109–122 keys,"6,608.91 ref, $201.57",502,misc,Level 1-100 Hat,30662,2026-07-21T22:54:09
74,Spellbound,Antlers,938408,16400 keys,"938,408.00 ref, $28621.44",2,misc,Level 1-100 Cosmetic Item,993,2026-07-21T22:54:09
74,Spellbound,Virtual Viewfinder,791066.5,12000–15650 keys,"791,066.50 ref, $24127.53",1,misc,Level 1-100 Headset,30140,2026-07-21T22:54:09
74,Spellbound,Hong Kong Cone,786775,13750 keys,"786,775.00 ref, $23996.64",1,misc,Level 1-100 Hat,30177,2026-07-21T22:54:09
74,Spellbound,Soldered Sensei,746721,13050 keys,"746,721.00 ref, $22774.99",6,misc,Level 1-100 Hat,30004,2026-07-21T22:54:09
74,Spellbound,Patriot Peak,660891,11550 keys,"660,891.00 ref, $20157.18",0,misc,Level 1-100 Hat,30743,2026-07-21T22:54:09
74,Spellbound,Crone's Dome,492092,8600 keys,"492,092.00 ref, $15008.81",2,misc,Level 1-100 Hat,920,2026-07-21T22:54:09
74,Spellbound,War Pig,443455,7750 keys,"443,455.00 ref, $13525.38",5,misc,Level 1-100 Headgear,829,2026-07-21T22:54:09
74,Spellbound,Chieftain's Challenge,329015,5750 keys,"329,015.00 ref, $10034.96",1,misc,Level 1-100 Hat,250,2026-07-21T22:54:09
74,Spellbound,Pencil Pusher,314710,5500 keys,"314,710.00 ref, $9598.66",2,misc,Level 10 Hair,605,2026-07-21T22:54:09
74,Spellbound,Salty Dog,311849,5450 keys,"311,849.00 ref, $9511.39",2,misc,Level 10 Hat,611,2026-07-21T22:54:09
74,Spellbound,Polar Pullover,293424.16,5128 keys,"293,424.16 ref, $8949.44",0,misc,Level 1-100 Hat,30329,2026-07-21T22:54:09
74,Spellbound,Minnesota Slick,287244.4,5020 keys,"287,244.40 ref, $8760.95",0,misc,Level 1-100 Hair,30315,2026-07-21T22:54:09
74,Spellbound,Das Übersternmann,283239,4950 keys,"283,239.00 ref, $8638.79",1,misc,Level 1-100 Hat,30097,2026-07-21T22:54:09
74,Spellbound,Prehistoric Pullover,247476.5,4325 keys,"247,476.50 ref, $7548.03",1,misc,Level 1-100 Hood,30704,2026-07-21T22:54:09
74,Spellbound,Chill Chullo,244329.4,4270 keys,"244,329.40 ref, $7452.05",0,misc,Level 1-100 Hat,30748,2026-07-21T22:54:09
74,Spellbound,Outta Sight,237463,4150 keys,"237,463.00 ref, $7242.62",1,misc,Level 1-100 Hat,30628,2026-07-21T22:54:09
74,Spellbound,Burning Bandana,226019,3950 keys,"226,019.00 ref, $6893.58",2,misc,Level 1-100 Bandana,30091,2026-07-21T22:54:09
74,Spellbound,Familiar Fez,220297,3850 keys,"220,297.00 ref, $6719.06",1,misc,Level 1-100 Hat,223,2026-07-21T22:54:09
74,Spellbound,Backwards Ballcap,210283.5,3675 keys,"210,283.50 ref, $6413.65",5,misc,Level 10 Hat,617,2026-07-21T22:54:09
74,Spellbound,Tough Stuff Muffs,204561.5,3100–4050 keys,"204,561.50 ref, $6239.13",4,misc,Level 1-100 Hat,984,2026-07-21T22:54:09
74,Spellbound,Killer Exclusive,188826,3300 keys,"188,826.00 ref, $5759.19",1,misc,Level 10 Hat,538,2026-07-21T22:54:09
74,Spellbound,Cosa Nostra Cap,183104,3200 keys,"183,104.00 ref, $5584.67",1,misc,Level 1-100 Hat,459,2026-07-21T22:54:09
74,Spellbound,Honcho's Headgear,180243,3150 keys,"180,243.00 ref, $5497.41",2,misc,Level 1-100 Hat,391,2026-07-21T22:54:09
74,Spellbound,Shooter's Sola Topi,143050,2500 keys,"143,050.00 ref, $4363.02",2,misc,Level 1-100 Helmet,158,2026-07-21T22:54:09
74,Spellbound,Your Worst Nightmare,128745,1800–2700 keys,"128,745.00 ref, $3926.72",2,misc,Level 10 Hair,600,2026-07-21T22:54:09
74,Spellbound,Head Warmer,125884,2200 keys,"125,884.00 ref, $3839.46",2,misc,Level 1-100 Hat,644,2026-07-21T22:54:09
74,Spellbound,Glengarry Bonnet,123023,2150 keys,"123,023.00 ref, $3752.20",2,misc,Level 1-100 Hat,100,2026-07-21T22:54:09
74,Spellbound,Hustler's Hallmark,117301,2050 keys,"117,301.00 ref, $3577.68",1,misc,Level 1-100 Hat,146,2026-07-21T22:54:09
74,Spellbound,A Rather Festive Tree,114440,2000 keys,"114,440.00 ref, $3490.42",2,misc,Level 1-100 Hat,341,2026-07-21T22:54:09
74,Spellbound,Galvanized Gibus,114440,2000 keys,"114,440.00 ref, $3490.42",3,misc,Level 1-100 Hat,30003,2026-07-21T22:54:09
74,Spellbound,Horrific Headsplitter,114440,2000 keys,"114,440.00 ref, $3490.42",3,misc,Level 31 Hat,291,2026-07-21T22:54:09
74,Spellbound,Sergeant's Drill Hat,114440,1800–2200 keys,"114,440.00 ref, $3490.42",4,misc,Level 1-100 Hat,183,2026-07-21T22:54:09
74,Spellbound,Swagman's Swatter,114440,2000 keys,"114,440.00 ref, $3490.42",2,misc,Level 10 Hat,626,2026-07-21T22:54:09
74,Spellbound,Greased Lightning,108718,1900 keys,"108,718.00 ref, $3315.90",2,misc,Level 1-100 Hair,30078,2026-07-21T22:54:09
74,Spellbound,Milkman,108718,1900 keys,"108,718.00 ref, $3315.90",2,misc,Level 1-100 Hat,219,2026-07-21T22:54:09
74,Spellbound,Towering Pillar of Hats,108718,1900 keys,"108,718.00 ref, $3315.90",3,misc,Level 1-100 Hat,135,2026-07-21T22:54:09
74,Spellbound,Wet Works,108718,1900 keys,"108,718.00 ref, $3315.90",2,misc,Level 1-100 Hat,30135,2026-07-21T22:54:09
74,Spellbound,Reggaelator,102996,1800 keys,"102,996.00 ref, $3141.38",1,misc,Level 1-100 Hat,390,2026-07-21T22:54:09
74,Spellbound,Nuke,100135,1750 keys,"100,135.00 ref, $3054.12",0,misc,Level 1-100 Hair,30885,2026-07-21T22:54:09
74,Spellbound,Platinum Pickelhaube,100135,1750 keys,"100,135.00 ref, $3054.12",2,misc,Level 1-100 Helmet,30042,2026-07-21T22:54:09
74,Spellbound,Détective Noir,98704.5,1725 keys,"98,704.50 ref, $3010.49",2,misc,Level 1-100 Hat,319,2026-07-21T22:54:09
74,Spellbound,Stout Shako,95843.5,1400–1950 keys,"95,843.50 ref, $2923.23",2,misc,Level 1-100 Hat,251,2026-07-21T22:54:09
74,Spellbound,Front Runner,94413,1650 keys,"94,413.00 ref, $2879.60",2,misc,Level 1-100 Hat,760,2026-07-21T22:54:09
74,Spellbound,Full Metal Drill Hat,94413,1650 keys,"94,413.00 ref, $2879.60",3,misc,Level 1-100 Hat,30026,2026-07-21T22:54:09
74,Spellbound,Shellmet,94413,1650 keys,"94,413.00 ref, $2879.60",0,misc,Level 1-100 Helmet,30897,2026-07-21T22:54:09
74,Spellbound,Modest Metal Pile of Scrap,88691,1300–1800 keys,"88,691.00 ref, $2705.08",1,misc,Level 1-100 Hat,30001,2026-07-21T22:54:09
74,Spellbound,Das Naggenvatcher,86974.4,1520 keys,"86,974.40 ref, $2652.72",2,misc,Level 1-100 Hat,30109,2026-07-21T22:54:09
74,Spellbound,Baron von Havenaplane,85830,1500 keys,"85,830.00 ref, $2617.82",3,misc,Level 1-100 Hat,30136,2026-07-21T22:54:09
74,Spellbound,Doctor's Sack,85830,1500 keys,"85,830.00 ref, $2617.82",2,misc,Level 1-100 Hat,398,2026-07-21T22:54:09
74,Spellbound,Modest Pile of Hat,85830,1500 keys,"85,830.00 ref, $2617.82",1,misc,Level 1-100 Hat,139,2026-07-21T22:54:09
74,Spellbound,Triboniophorus Tyrannus,85830,1500 keys,"85,830.00 ref, $2617.82",1,misc,Level 1-100 Mascot,151,2026-07-21T22:54:09
74,Spellbound,Cotton Head,82969,1450 keys,"82,969.00 ref, $2530.55",2,misc,Level 1-100 Hat,30175,2026-07-21T22:54:09
74,Spellbound,Prince Tavish's Crown,80108,1400 keys,"80,108.00 ref, $2443.29",2,misc,Level 1-100 Hat,342,2026-07-21T22:54:09
74,Spellbound,Brown Bomber,77247,1300–1400 keys,"77,247.00 ref, $2356.03",1,misc,Level 1-100 Hat,671,2026-07-21T22:54:09
74,Spellbound,Harmburg,77247,1350 keys,"77,247.00 ref, $2356.03",3,misc,Level 1-100 Hat,30123,2026-07-21T22:54:09
74,Spellbound,Whoopee Cap,77247,1350 keys,"77,247.00 ref, $2356.03",2,misc,Level 1-100 Hat,174,2026-07-21T22:54:09
74,Spellbound,Ol' Geezer,74386,1300 keys,"74,386.00 ref, $2268.77",2,misc,Level 1-100 Hat,399,2026-07-21T22:54:09
74,Spellbound,Strontium Stove Pipe,74386,1300 keys,"74,386.00 ref, $2268.77",2,misc,Level 1-100 Hat,30037,2026-07-21T22:54:09
74,Spellbound,Ye Oiled Baker Boy,74386,1300 keys,"74,386.00 ref, $2268.77",3,misc,Level 1-100 Hat,30019,2026-07-21T22:54:09
74,Spellbound,Das Maddendoktor,71525,1250 keys,"71,525.00 ref, $2181.51",2,misc,Level 1-100 Hair,30121,2026-07-21T22:54:09
74,Spellbound,Tartan Spartan,70952.8,1240 keys,"70,952.80 ref, $2164.06",2,misc,Level 1-100 Helmet,30106,2026-07-21T22:54:09
74,Spellbound,Data Mining Light,68664,1200 keys,"68,664.00 ref, $2094.25",1,misc,Level 1-100 Helmet,30051,2026-07-21T22:54:09
74,Spellbound,FR-0,68664,1200 keys,"68,664.00 ref, $2094.25",1,misc,Level 1-100 Hat,30016,2026-07-21T22:54:09
74,Spellbound,Jumper's Jeepcap,68664,1200 keys,"68,664.00 ref, $2094.25",1,misc,Level 1-100 Hat,417,2026-07-21T22:54:09
74,Spellbound,Madame Dixie,68664,1200 keys,"68,664.00 ref, $2094.25",2,misc,Level 1-100 Hat,321,2026-07-21T22:54:09
74,Spellbound,Barnstormer,65803,1150 keys,"65,803.00 ref, $2006.99",2,misc,Level 1-100 Hat,988,2026-07-21T22:54:09
74,Spellbound,Dragonborn Helmet,62942,1100 keys,"62,942.00 ref, $1919.73",3,misc,Level 10 Helmet,517,2026-07-21T22:54:09
74,Spellbound,L'homme Burglerre,62942,1100 keys,"62,942.00 ref, $1919.73",3,misc,Level 1-100 Hat,30182,2026-07-21T22:54:09
74,Spellbound,Prancer's Pride,62942,1100 keys,"62,942.00 ref, $1919.73",2,misc,Level 1-100 Hat,318,2026-07-21T22:54:09
74,Spellbound,Respectless Rubber Glove,62942,1100 keys,"62,942.00 ref, $1919.73",4,misc,Level 1-100 Hat,102,2026-07-21T22:54:09
74,Spellbound,Tartan Tyrolean,62942,1100 keys,"62,942.00 ref, $1919.73",1,misc,Level 1-100 Hat,30334,2026-07-21T22:54:09
74,Spellbound,Cold Killer,58364.4,1020 keys,"58,364.40 ref, $1780.11",4,misc,Level 1-100 Hat,981,2026-07-21T22:54:09
74,Spellbound,Law,57849.42,1011 keys,"57,849.42 ref, $1764.41",2,misc,Level 1-100 Hat,30362,2026-07-21T22:54:09
74,Spellbound,Blast Defense,57220,1000 keys,"57,220.00 ref, $1745.21",0,misc,Level 1-100 Headgear,30863,2026-07-21T22:54:09
74,Spellbound,Bone Dome,57220,1000 keys,"57,220.00 ref, $1745.21",4,misc,Level 1-100 Helmet,30162,2026-07-21T22:54:09
74,Spellbound,Hermes,57220,1000 keys,"57,220.00 ref, $1745.21",2,misc,Level 10 Hat,633,2026-07-21T22:54:09
74,Spellbound,Scotch Bonnet,57220,1000 keys,"57,220.00 ref, $1745.21",1,misc,Level 1-100 Headgear,306,2026-07-21T22:54:09
74,Spellbound,Gentleman's Gatsby,54359,950 keys,"54,359.00 ref, $1657.95",1,misc,Level 1-100 Hat,184,2026-07-21T22:54:09
74,Spellbound,Tavish DeGroot Experience,53786.8,940 keys,"53,786.80 ref, $1640.50",5,misc,Level 10 Hat,604,2026-07-21T22:54:09
74,Spellbound,Executioner,53214.6,860–1000 keys,"53,214.60 ref, $1623.05",2,misc,Level 1-100 Hat,921,2026-07-21T22:54:09
74,Spellbound,Letch's LED,52642.4,920 keys,"52,642.40 ref, $1605.59",4,misc,Level 1-100 Hat,30002,2026-07-21T22:54:09
74,Spellbound,Blighted Beak,51498,900 keys,"51,498.00 ref, $1570.69",1,misc,Level 1-100 Mask,315,2026-07-21T22:54:09
74,Spellbound,Halogen Head Lamp,51498,900 keys,"51,498.00 ref, $1570.69",1,misc,Level 1-100 Hat,30041,2026-07-21T22:54:09
74,Spellbound,Belgian Detective,48637,850 keys,"48,637.00 ref, $1483.43",1,misc,Level 1-100 Hat,30128,2026-07-21T22:54:09
74,Spellbound,Bonk Leadwear,48637,850 keys,"48,637.00 ref, $1483.43",2,misc,Level 1-100 Helmet,30030,2026-07-21T22:54:09
74,Spellbound,L'Inspecteur,48637,850 keys,"48,637.00 ref, $1483.43",1,misc,Level 10 Hat,622,2026-07-21T22:54:09
74,Spellbound,Tippler's Tricorne,48637,850 keys,"48,637.00 ref, $1483.43",3,misc,Level 1-100 Hat,179,2026-07-21T22:54:09
74,Spellbound,Medic's Mountain Cap,47492.6,830 keys,"47,492.60 ref, $1448.52",1,misc,Level 1-100 Hat,381,2026-07-21T22:54:09
74,Spellbound,Katyusha,46920.4,820 keys,"46,920.40 ref, $1431.07",2,misc,Level 1-100 Hat,30094,2026-07-21T22:54:09
74,Spellbound,One-Man Army,46348.2,810 keys,"46,348.20 ref, $1413.62",2,misc,Level 10 Hair,601,2026-07-21T22:54:09
74,Spellbound,Birdcage,45776,800 keys,"45,776.00 ref, $1396.17",2,misc,Level 10 Hat,615,2026-07-21T22:54:09
74,Spellbound,Hard Counter,45776,800 keys,"45,776.00 ref, $1396.17",2,misc,Level 1-100 Hat,254,2026-07-21T22:54:09
74,Spellbound,Pampered Pyro,45776,800 keys,"45,776.00 ref, $1396.17",3,misc,Level 1-100 Towel,30139,2026-07-21T22:54:09
74,Spellbound,Stately Steel Toe,45203.8,790 keys,"45,203.80 ref, $1378.72",1,misc,Level 1-100 Hat,481,2026-07-21T22:54:09
74,Spellbound,Hound Dog,43658.86,763 keys,"43,658.86 ref, $1331.60",3,misc,Level 1-100 Hair,145,2026-07-21T22:54:09
74,Spellbound,Conquistador,43487.2,760 keys,"43,487.20 ref, $1326.36",4,misc,Level 1-100 Helmet,721,2026-07-21T22:54:09
74,Spellbound,Hottie's Hoodie,43487.2,760 keys,"43,487.20 ref, $1326.36",2,misc,Level 1-100 Hood,377,2026-07-21T22:54:09
74,Spellbound,Gridiron Guardian,42915,750 keys,"42,915.00 ref, $1308.91",2,misc,Level 1-100 Helmet,30013,2026-07-21T22:54:09
74,Spellbound,Nanobalaclava,42628.9,640–850 keys,"42,628.90 ref, $1300.18",4,misc,Level 10 Hat,521,2026-07-21T22:54:09
74,Spellbound,Fruit Shoot,40054,700 keys,"40,054.00 ref, $1221.65",1,misc,Level 1-100 Hat,759,2026-07-21T22:54:09
74,Spellbound,Wraith Wrap,39767.9,695 keys,"39,767.90 ref, $1212.92",1,misc,Level 1-100 Apparel,937,2026-07-21T22:54:09
74,Spellbound,Pirate Bandana,38623.5,675 keys,"38,623.50 ref, $1178.02",2,misc,Level 1-100 Hat,30180,2026-07-21T22:54:09
74,Spellbound,Magnificent Mongolian,37765.2,660 keys,"37,765.20 ref, $1151.84",3,misc,Level 1-100 Hat,313,2026-07-21T22:54:09
74,Spellbound,Slick Cut,37193,650 keys,"37,193.00 ref, $1134.39",4,misc,Level 1-100 Hair,30187,2026-07-21T22:54:09
74,Spellbound,Copper's Hard Top,37135.78,649 keys,"37,135.78 ref, $1132.64",1,misc,Level 1-100 Helmet,478,2026-07-21T22:54:09
74,Spellbound,Carouser's Capotain,34332,600 keys,"34,332.00 ref, $1047.13",2,misc,Level 1-100 Hat,259,2026-07-21T22:54:09
74,Spellbound,Dr's Dapper Topper,34332,600 keys,"34,332.00 ref, $1047.13",1,misc,Level 1-100 Hat,252,2026-07-21T22:54:09
74,Spellbound,Flamboyant Flamenco,34332,600 keys,"34,332.00 ref, $1047.13",2,misc,Level 10 Hat,627,2026-07-21T22:54:09
74,Spellbound,Shooter's Tin Topi,34045.9,595 keys,"34,045.90 ref, $1038.40",3,misc,Level 1-100 Hat,30005,2026-07-21T22:54:09
74,Spellbound,Furious Fukaamigasa,31471,550 keys,"31,471.00 ref, $959.87",2,misc,Level 1-100 Hat,395,2026-07-21T22:54:09
74,Spellbound,Janissary Ketche,31471,550 keys,"31,471.00 ref, $959.87",1,misc,Level 1-100 Hat,437,2026-07-21T22:54:09
74,Spellbound,Anger,31184.9,545 keys,"31,184.90 ref, $951.14",0,misc,Level 10 Hood,518,2026-07-21T22:54:09
74,Spellbound,Hot Dogger,30898.8,540 keys,"30,898.80 ref, $942.41",2,misc,Level 10 Hat,614,2026-07-21T22:54:09
74,Spellbound,Pugilist's Protector,30612.7,535 keys,"30,612.70 ref, $933.69",1,misc,Level 1-100 Headgear,246,2026-07-21T22:54:09
74,Spellbound,Das Gutenkutteharen,28610,500 keys,"28,610.00 ref, $872.61",1,misc,Level 1-100 Hair,30127,2026-07-21T22:54:09
74,Spellbound,Feathered Fiend,28610,500 keys,"28,610.00 ref, $872.61",1,misc,Level 1-100 Headgear,30903,2026-07-21T22:54:09
74,Spellbound,Brim-Full of Bullets,27465.6,480 keys,"27,465.60 ref, $837.70",3,misc,Level 1-100 Hat,30173,2026-07-21T22:54:09
74,Spellbound,Bot Dogger,26321.2,460 keys,"26,321.20 ref, $802.80",3,misc,Level 1-100 Hat,30018,2026-07-21T22:54:09
74,Spellbound,Bombing Run,25176.8,440 keys,"25,176.80 ref, $767.89",3,misc,Level 1-100 Helmet,249,2026-07-21T22:54:09
74,Spellbound,Electric Escorter,24604.6,430 keys,"24,604.60 ref, $750.44",3,misc,Level 1-100 Hat,30025,2026-07-21T22:54:09
74,Spellbound,Kiss King,24604.6,430 keys,"24,604.60 ref, $750.44",1,misc,Level 1-100 Hat,30313,2026-07-21T22:54:09
74,Spellbound,Bunsen Brave,22888,400 keys,"22,888.00 ref, $698.08",2,misc,Level 1-100 Hat,30054,2026-07-21T22:54:09
74,Spellbound,Master's Yellow Belt,22888,400 keys,"22,888.00 ref, $698.08",3,misc,Level 1-100 Hat,110,2026-07-21T22:54:09
74,Spellbound,Powdered Practitioner,22029.7,385 keys,"22,029.70 ref, $671.91",1,misc,Level 1-100 Hat,30069,2026-07-21T22:54:09
74,Spellbound,Berliner's Bucket Helm,20027,350 keys,"20,027.00 ref, $610.82",1,misc,Level 1-100 Helmet,303,2026-07-21T22:54:09
74,Spellbound,Bootleg Base Metal Billycock,18882.6,330 keys,"18,882.60 ref, $575.92",2,misc,Level 1-100 Hat,30047,2026-07-21T22:54:09
74,Spellbound,Ol' Snaggletooth,17537.93,267–346 keys,"17,537.93 ref, $534.91",1,misc,Level 1-100 Hat,229,2026-07-21T22:54:09
74,Spellbound,Berlin Brain Bowl,17166,300 keys,"17,166.00 ref, $523.56",0,misc,Level 1-100 Headgear,30755,2026-07-21T22:54:09
74,Spellbound,Charmer's Chapeau,17166,300 keys,"17,166.00 ref, $523.56",3,misc,Level 1-100 Hat,397,2026-07-21T22:54:09
74,Spellbound,Field Practice,17166,300 keys,"17,166.00 ref, $523.56",0,misc,Level 1-100 Headgear,30862,2026-07-21T22:54:09
74,Spellbound,Gentleman's Ushanka,17166,300 keys,"17,166.00 ref, $523.56",2,misc,Level 1-100 Hat,778,2026-07-21T22:54:09
74,Spellbound,Defiant Spartan,16593.8,290 keys,"16,593.80 ref, $506.11",0,misc,Level 1-100 Helmet,340,2026-07-21T22:54:09
74,Spellbound,El Jefe,16450.75,275–300 keys,"16,450.75 ref, $501.75",2,misc,Level 10 Hat,539,2026-07-21T22:54:09
74,Spellbound,Bear Necessities,16021.6,280 keys,"16,021.60 ref, $488.66",1,misc,Level 1-100 Spirit Animal,30122,2026-07-21T22:54:09
74,Spellbound,Rotation Sensation,16021.6,280 keys,"16,021.60 ref, $488.66",0,misc,Level 1-100 Hat,30623,2026-07-21T22:54:09
74,Spellbound,Valley Forge,15964.38,279 keys,"15,964.38 ref, $486.91",2,misc,Level 1-100 Hat,30114,2026-07-21T22:54:09
74,Spellbound,Human Cannonball,15449.4,270 keys,"15,449.40 ref, $471.21",1,misc,Level 1-100 Helmet,817,2026-07-21T22:54:09
74,Spellbound,Black Watch,13732.8,240 keys,"13,732.80 ref, $418.85",0,misc,Level 1-100 Hat,30105,2026-07-21T22:54:09
74,Spellbound,Killer's Kabuto,13618.36,238 keys,"13,618.36 ref, $415.36",1,misc,Level 1-100 Helmet,152,2026-07-21T22:54:09
74,Spellbound,Hive Minder,13446.7,235 keys,"13,446.70 ref, $410.12",2,misc,Level 1-100 Hat,30093,2026-07-21T22:54:09
74,Spellbound,Conjurer's Cowl,13389.48,234 keys,"13,389.48 ref, $408.38",1,misc,Level 1-100 Hood,465,2026-07-21T22:54:09
74,Spellbound,Bolted Birdcage,13160.6,230 keys,"13,160.60 ref, $401.40",2,misc,Level 1-100 Hat,30057,2026-07-21T22:54:09
74,Spellbound,Texas Tin-Gallon,12588.4,220 keys,"12,588.40 ref, $383.95",3,misc,Level 1-100 Hat,30044,2026-07-21T22:54:09
74,Spellbound,Classy Capper,12302.3,215 keys,"12,302.30 ref, $375.22",0,misc,Level 1-100 Hat,30893,2026-07-21T22:54:09
74,Spellbound,Tyrantium Helmet,12302.3,200–230 keys,"12,302.30 ref, $375.22",2,misc,Level 1-100 Helmet,30014,2026-07-21T22:54:09
74,Spellbound,Smokey Sombrero,11444,200 keys,"11,444.00 ref, $349.04",1,misc,Level 1-100 Hat,30682,2026-07-21T22:54:09
74,Spellbound,Noble Nickel Amassment of Hats,10013.5,175 keys,"10,013.50 ref, $305.41",1,misc,Level 1-100 Hat,30006,2026-07-21T22:54:09
74,Spellbound,Tyrant's Helm,9612.96,168 keys,"9,612.96 ref, $293.20",1,misc,Level 1-100 Helmet,99,2026-07-21T22:54:09
74,Spellbound,Tungsten Toque,9441.3,165 keys,"9,441.30 ref, $287.96",1,misc,Level 1-100 Hat,30049,2026-07-21T22:54:09
74,Spellbound,Ye Olde Baker Boy,9441.3,160–170 keys,"9,441.30 ref, $287.96",1,misc,Level 1-100 Hat,107,2026-07-21T22:54:09
74,Spellbound,Frenchman's Beret,8583,150 keys,"8,583.00 ref, $261.78",2,misc,Level 1-100 Hat,180,2026-07-21T22:54:09
74,Spellbound,Geisha Boy,8583,150 keys,"8,583.00 ref, $261.78",2,misc,Level 1-100 Hair,363,2026-07-21T22:54:09
74,Spellbound,Voodoo JuJu (Slight Return),8010.8,140 keys,"8,010.80 ref, $244.33",1,misc,Level 1-100 Hat,935,2026-07-21T22:54:09
74,Spellbound,Soldier's Slope Scopers,7696.09,125–144 keys,"7,696.09 ref, $234.73",1,misc,Level 1-100 Hat,980,2026-07-21T22:54:09
74,Spellbound,Firewall Helmet,7438.6,130 keys,"7,438.60 ref, $226.88",2,misc,Level 1-100 Helmet,30038,2026-07-21T22:54:09
74,Spellbound,Lord Cockswain's Pith Helmet,7324.16,128 keys,"7,324.16 ref, $223.39",2,misc,Level 1-100 Headgear,439,2026-07-21T22:54:09
74,Spellbound,Pom-Pommed Provocateur,7209.72,108–144 keys,"7,209.72 ref, $219.90",1,misc,Level 1-100 Mask,30072,2026-07-21T22:54:09
74,Spellbound,Attendant,6980.84,122 keys,"6,980.84 ref, $212.92",1,misc,Level 1-100 Hat,213,2026-07-21T22:54:09
74,Spellbound,Cyborg Stunt Helmet,6923.62,121 keys,"6,923.62 ref, $211.17",1,misc,Level 1-100 Helmet,30024,2026-07-21T22:54:09
74,Spellbound,Engineer's Cap,6866.4,120 keys,"6,866.40 ref, $209.43",3,misc,Level 1-100 Hat,95,2026-07-21T22:54:09
74,Spellbound,Glasgow Great Helm,6866.4,120 keys,"6,866.40 ref, $209.43",2,misc,Level 1-100 Helmet,30082,2026-07-21T22:54:09
74,Spellbound,Private Eye,6866.4,120 keys,"6,866.40 ref, $209.43",1,misc,Level 1-100 Hat,388,2026-07-21T22:54:09
74,Spellbound,Respectless Robo-Glove,6694.74,117 keys,"6,694.74 ref, $204.19",1,misc,Level 1-100 Hat,30039,2026-07-21T22:54:09
74,Spellbound,Handyman's Handle,6380.03,100–123 keys,"6,380.03 ref, $194.59",2,misc,Level 1-100 Hat,253,2026-07-21T22:54:09
74,Spellbound,Bullet Buzz,5722,100 keys,"5,722.00 ref, $174.52",1,misc,Level 1-100 Hair,30344,2026-07-21T22:54:09
74,Spellbound,Buccaneer's Bicorne,5435.9,95 keys,"5,435.90 ref, $165.79",1,misc,Level 10 Hat,607,2026-07-21T22:54:09
74,Spellbound,Officer's Ushanka,5435.9,95 keys,"5,435.90 ref, $165.79",1,misc,Level 1-100 Hat,96,2026-07-21T22:54:09
74,Spellbound,Battle Boonie,4863.7,85 keys,"4,863.70 ref, $148.34",1,misc,Level 1-100 Hat,30907,2026-07-21T22:54:09
74,Spellbound,Stainless Pot,4577.6,80 keys,"4,577.60 ref, $139.62",1,misc,Level 1-100 Hat,98,2026-07-21T22:54:09
74,Spellbound,Otolaryngologist's Mirror,4520.38,79 keys,"4,520.38 ref, $137.87",2,misc,Level 1-100 Hat,104,2026-07-21T22:54:09
74,Spellbound,Pardner's Pompadour,4405.94,77 keys,"4,405.94 ref, $134.38",3,misc,Level 1-100 Hair,30099,2026-07-21T22:54:09
74,Spellbound,Liquidator's Lid,3719.3,63–67 keys,"3,719.30 ref, $113.44",1,misc,Level 1-100 Hat,779,2026-07-21T22:54:09
74,Spellbound,Virus Doctor,3719.3,65 keys,"3,719.30 ref, $113.44",1,misc,Level 1-100 Hat,30043,2026-07-21T22:54:09
74,Spellbound,Sober Stuntman,3547.64,58–66 keys,"3,547.64 ref, $108.20",2,misc,Level 1-100 Helmet,255,2026-07-21T22:54:09
74,Spellbound,Plumber's Pipe,3118.49,50–59 keys,"3,118.49 ref, $95.11",1,misc,Level 1-100 Hat,30022,2026-07-21T22:54:09
74,Spellbound,Timeless Topper,2546.29,43–46 keys,"2,546.29 ref, $77.66",1,misc,Level 1-100 Hat,30035,2026-07-21T22:54:09
74,Spellbound,Plug-In Prospector,2517.68,41–47 keys,"2,517.68 ref, $76.79",2,misc,Level 1-100 Hat,30031,2026-07-21T22:54:09
74,Spellbound,Cranial Carcharodon,0,,,1,misc,Level 1-100 Hat,30800,2026-07-21T22:54:09
76,Poisoned Shadows,Antlers,1018516,17800 keys,"1,018,516.00 ref, $31064.74",4,misc,Level 1-100 Cosmetic Item,993,2026-07-21T22:54:09
76,Poisoned Shadows,Whirly Warrior,489231,8550 keys,"489,231.00 ref, $14921.55",1,misc,Level 1-100 Helmet,30118,2026-07-21T22:54:09
76,Poisoned Shadows,Blighted Beak,444599.4,7770 keys,"444,599.40 ref, $13560.28",4,misc,Level 1-100 Mask,315,2026-07-21T22:54:09
76,Poisoned Shadows,Patriot Peak,434872,7600 keys,"434,872.00 ref, $13263.60",0,misc,Level 1-100 Hat,30743,2026-07-21T22:54:09
76,Poisoned Shadows,Hong Kong Cone,383374,6700 keys,"383,374.00 ref, $11692.91",3,misc,Level 1-100 Hat,30177,2026-07-21T22:54:09
76,Poisoned Shadows,Pyromancer's Mask,360486,6300 keys,"360,486.00 ref, $10994.82",3,misc,Level 1-100 Mask,316,2026-07-21T22:54:09
76,Poisoned Shadows,Brotherhood of Arms,297544,5200 keys,"297,544.00 ref, $9075.09",4,misc,Level 1-100 Hat,30066,2026-07-21T22:54:09
76,Poisoned Shadows,Hustler's Hallmark,281808.5,4925 keys,"281,808.50 ref, $8595.16",1,misc,Level 1-100 Hat,146,2026-07-21T22:54:09
76,Poisoned Shadows,Salty Dog,274656,4800 keys,"274,656.00 ref, $8377.01",3,misc,Level 10 Hat,611,2026-07-21T22:54:09
76,Poisoned Shadows,Cold Killer,228880,4000 keys,"228,880.00 ref, $6980.84",2,misc,Level 1-100 Hat,981,2026-07-21T22:54:09
76,Poisoned Shadows,Large Luchador,228880,4000 keys,"228,880.00 ref, $6980.84",2,misc,Level 1-100 Mask,380,2026-07-21T22:54:09
76,Poisoned Shadows,Tyrant's Helm,200270,3500 keys,"200,270.00 ref, $6108.23",1,misc,Level 1-100 Helmet,99,2026-07-21T22:54:09
76,Poisoned Shadows,Flipped Trilby,197409,3450 keys,"197,409.00 ref, $6020.97",2,misc,Level 1-100 Hat,324,2026-07-21T22:54:09
76,Poisoned Shadows,Blast Defense,188826,3300 keys,"188,826.00 ref, $5759.19",0,misc,Level 1-100 Headgear,30863,2026-07-21T22:54:09
76,Poisoned Shadows,A Rather Festive Tree,177095.9,3095 keys,"177,095.90 ref, $5401.42",1,misc,Level 1-100 Hat,341,2026-07-21T22:54:09
76,Poisoned Shadows,Spook Specs,148772,2600 keys,"148,772.00 ref, $4537.55",1,misc,Level 1-100 Hat,30390,2026-07-21T22:54:09
76,Poisoned Shadows,Armored Authority,114440,2000 keys,"114,440.00 ref, $3490.42",1,misc,Level 1-100 Helmet,445,2026-07-21T22:54:09
76,Poisoned Shadows,Pomade Prince,114440,2000 keys,"114,440.00 ref, $3490.42",1,misc,Level 1-100 Hair,30428,2026-07-21T22:54:09
76,Poisoned Shadows,Soldier's Slope Scopers,114440,2000 keys,"114,440.00 ref, $3490.42",3,misc,Level 1-100 Hat,980,2026-07-21T22:54:09
76,Poisoned Shadows,Feathered Fiend,105857,1850 keys,"105,857.00 ref, $3228.64",1,misc,Level 1-100 Headgear,30903,2026-07-21T22:54:09
76,Poisoned Shadows,Hat of Cards,94413,1650 keys,"94,413.00 ref, $2879.60",2,misc,Level 1-100 Hat,825,2026-07-21T22:54:09
76,Poisoned Shadows,Officer's Ushanka,92982.5,1625 keys,"92,982.50 ref, $2835.97",3,misc,Level 1-100 Hat,96,2026-07-21T22:54:09
76,Poisoned Shadows,Liquidator's Lid,91552,1600 keys,"91,552.00 ref, $2792.34",1,misc,Level 1-100 Hat,779,2026-07-21T22:54:09
76,Poisoned Shadows,Universal Translator,91552,1600 keys,"91,552.00 ref, $2792.34",0,misc,Level 1-100 Hat,30658,2026-07-21T22:54:09
76,Poisoned Shadows,Reggaelator,90693.7,1585 keys,"90,693.70 ref, $2766.16",2,misc,Level 1-100 Hat,390,2026-07-21T22:54:09
76,Poisoned Shadows,Vintage Merryweather,88691,1550 keys,"88,691.00 ref, $2705.08",1,misc,Level 1-100 Helmet,182,2026-07-21T22:54:09
76,Poisoned Shadows,Cosa Nostra Cap,85830,1500 keys,"85,830.00 ref, $2617.82",4,misc,Level 1-100 Hat,459,2026-07-21T22:54:09
76,Poisoned Shadows,Data Mining Light,85830,1500 keys,"85,830.00 ref, $2617.82",3,misc,Level 1-100 Helmet,30051,2026-07-21T22:54:09
76,Poisoned Shadows,Master's Yellow Belt,85830,1500 keys,"85,830.00 ref, $2617.82",2,misc,Level 1-100 Hat,110,2026-07-21T22:54:09
76,Poisoned Shadows,Triboniophorus Tyrannus,85830,1500 keys,"85,830.00 ref, $2617.82",2,misc,Level 1-100 Mascot,151,2026-07-21T22:54:09
76,Poisoned Shadows,Brim-Full of Bullets,82969,1450 keys,"82,969.00 ref, $2530.55",1,misc,Level 1-100 Hat,30173,2026-07-21T22:54:09
76,Poisoned Shadows,Anger,81252.4,990–1850 keys,"81,252.40 ref, $2478.20",4,misc,Level 10 Hood,518,2026-07-21T22:54:09
76,Poisoned Shadows,Medic's Mountain Cap,81252.4,1420 keys,"81,252.40 ref, $2478.20",2,misc,Level 1-100 Hat,381,2026-07-21T22:54:09
76,Poisoned Shadows,Gentleman's Gatsby,80108,1400 keys,"80,108.00 ref, $2443.29",4,misc,Level 1-100 Hat,184,2026-07-21T22:54:09
76,Poisoned Shadows,Scotch Bonnet,80108,1400 keys,"80,108.00 ref, $2443.29",1,misc,Level 1-100 Headgear,306,2026-07-21T22:54:09
76,Poisoned Shadows,Towering Pillar of Hats,80108,1400 keys,"80,108.00 ref, $2443.29",3,misc,Level 1-100 Hat,135,2026-07-21T22:54:09
76,Poisoned Shadows,Wet Works,78677.5,1375 keys,"78,677.50 ref, $2399.66",2,misc,Level 1-100 Hat,30135,2026-07-21T22:54:09
76,Poisoned Shadows,Executioner,77533.1,1355 keys,"77,533.10 ref, $2364.76",6,misc,Level 1-100 Hat,921,2026-07-21T22:54:09
76,Poisoned Shadows,Powdered Practitioner,77247,1350 keys,"77,247.00 ref, $2356.03",1,misc,Level 1-100 Hat,30069,2026-07-21T22:54:09
76,Poisoned Shadows,Backwards Ballcap,74386,1300 keys,"74,386.00 ref, $2268.77",2,misc,Level 10 Hat,617,2026-07-21T22:54:09
76,Poisoned Shadows,Killer Exclusive,74386,1300 keys,"74,386.00 ref, $2268.77",1,misc,Level 10 Hat,538,2026-07-21T22:54:09
76,Poisoned Shadows,Noble Amassment of Hats,74386,1300 keys,"74,386.00 ref, $2268.77",3,misc,Level 1-100 Hat,137,2026-07-21T22:54:09
76,Poisoned Shadows,Conjurer's Cowl,71525,1250 keys,"71,525.00 ref, $2181.51",4,misc,Level 1-100 Hood,465,2026-07-21T22:54:09
76,Poisoned Shadows,Virtual Reality Headset,68664,1200 keys,"68,664.00 ref, $2094.25",1,misc,Level 10 Headset,628,2026-07-21T22:54:09
76,Poisoned Shadows,Détective Noir,65803,1150 keys,"65,803.00 ref, $2006.99",1,misc,Level 1-100 Hat,319,2026-07-21T22:54:09
76,Poisoned Shadows,Shooter's Sola Topi,64372.5,1100–1150 keys,"64,372.50 ref, $1963.36",1,misc,Level 1-100 Helmet,158,2026-07-21T22:54:09
76,Poisoned Shadows,Prince Tavish's Crown,62942,1100 keys,"62,942.00 ref, $1919.73",3,misc,Level 1-100 Hat,342,2026-07-21T22:54:09
76,Poisoned Shadows,Stout Shako,62942,1100 keys,"62,942.00 ref, $1919.73",2,misc,Level 1-100 Hat,251,2026-07-21T22:54:09
76,Poisoned Shadows,Tyrantium Helmet,62942,1100 keys,"62,942.00 ref, $1919.73",1,misc,Level 1-100 Helmet,30014,2026-07-21T22:54:09
76,Poisoned Shadows,Brainiac Hairpiece,61854.82,1081 keys,"61,854.82 ref, $1886.57",1,misc,Level 1-100 Facial Hair,590,2026-07-21T22:54:09
76,Poisoned Shadows,Desert Marauder,60081,1050 keys,"60,081.00 ref, $1832.47",2,misc,Level 1-100 Hat,400,2026-07-21T22:54:09
76,Poisoned Shadows,Mask of the Shaman,60081,1050 keys,"60,081.00 ref, $1832.47",1,misc,Level 10 Mask,514,2026-07-21T22:54:09
76,Poisoned Shadows,L'Inspecteur,57220,1000 keys,"57,220.00 ref, $1745.21",3,misc,Level 10 Hat,622,2026-07-21T22:54:09
76,Poisoned Shadows,Shooter's Tin Topi,57220,1000 keys,"57,220.00 ref, $1745.21",2,misc,Level 1-100 Hat,30005,2026-07-21T22:54:09
76,Poisoned Shadows,Bot Dogger,55503.4,970 keys,"55,503.40 ref, $1692.85",3,misc,Level 1-100 Hat,30018,2026-07-21T22:54:09
76,Poisoned Shadows,Outta Sight,55360.35,835–1100 keys,"55,360.35 ref, $1688.49",1,misc,Level 1-100 Hat,30628,2026-07-21T22:54:09
76,Poisoned Shadows,Modest Pile of Hat,53786.8,940 keys,"53,786.80 ref, $1640.50",1,misc,Level 1-100 Hat,139,2026-07-21T22:54:09
76,Poisoned Shadows,Safe'n'Sound,52928.5,925 keys,"52,928.50 ref, $1614.32",2,misc,Level 1-100 Hat,178,2026-07-21T22:54:09
76,Poisoned Shadows,One-Man Army,49323.64,862 keys,"49,323.64 ref, $1504.37",0,misc,Level 10 Hair,601,2026-07-21T22:54:09
76,Poisoned Shadows,Old Guadalajara,48637,850 keys,"48,637.00 ref, $1483.43",3,misc,Level 1-100 Hat,247,2026-07-21T22:54:09
76,Poisoned Shadows,Swagman's Swatter,47206.5,825 keys,"47,206.50 ref, $1439.80",4,misc,Level 10 Hat,626,2026-07-21T22:54:09
76,Poisoned Shadows,Tough Guy's Toque,47206.5,825 keys,"47,206.50 ref, $1439.80",2,misc,Level 1-100 Hat,97,2026-07-21T22:54:09
76,Poisoned Shadows,Carouser's Capotain,45776,800 keys,"45,776.00 ref, $1396.17",2,misc,Level 1-100 Hat,259,2026-07-21T22:54:09
76,Poisoned Shadows,Das Gutenkutteharen,45776,800 keys,"45,776.00 ref, $1396.17",4,misc,Level 1-100 Hair,30127,2026-07-21T22:54:09
76,Poisoned Shadows,Das Übersternmann,45776,800 keys,"45,776.00 ref, $1396.17",3,misc,Level 1-100 Hat,30097,2026-07-21T22:54:09
76,Poisoned Shadows,Outdoorsman,45776,800 keys,"45,776.00 ref, $1396.17",3,misc,Level 10 Hat,603,2026-07-21T22:54:09
76,Poisoned Shadows,Teutonic Toque,45776,800 keys,"45,776.00 ref, $1396.17",1,misc,Level 1-100 Hat,30351,2026-07-21T22:54:09
76,Poisoned Shadows,Dr's Dapper Topper,43029.44,752 keys,"43,029.44 ref, $1312.40",4,misc,Level 1-100 Hat,252,2026-07-21T22:54:09
76,Poisoned Shadows,Brigade Helm,42915,750 keys,"42,915.00 ref, $1308.91",2,misc,Level 1-100 Helmet,105,2026-07-21T22:54:09
76,Poisoned Shadows,Ye Oiled Baker Boy,40054,700 keys,"40,054.00 ref, $1221.65",2,misc,Level 1-100 Hat,30019,2026-07-21T22:54:09
76,Poisoned Shadows,Base Metal Billycock,39596.24,692 keys,"39,596.24 ref, $1207.69",4,misc,Level 1-100 Hat,30007,2026-07-21T22:54:09
76,Poisoned Shadows,Steel Shako,39195.7,610–760 keys,"39,195.70 ref, $1195.47",2,misc,Level 1-100 Hat,30017,2026-07-21T22:54:09
76,Poisoned Shadows,Buckaroo's Hat,38909.6,680 keys,"38,909.60 ref, $1186.74",3,misc,Level 1-100 Hat,322,2026-07-21T22:54:09
76,Poisoned Shadows,Whoopee Cap,38909.6,680 keys,"38,909.60 ref, $1186.74",1,misc,Level 1-100 Hat,174,2026-07-21T22:54:09
76,Poisoned Shadows,Metal Slug,37650.76,658 keys,"37,650.76 ref, $1148.35",2,misc,Level 1-100 Hat,30028,2026-07-21T22:54:09
76,Poisoned Shadows,Little Buddy,37193,650 keys,"37,193.00 ref, $1134.39",2,misc,Level 10 Hat,612,2026-07-21T22:54:09
76,Poisoned Shadows,Valley Forge,35762.5,625 keys,"35,762.50 ref, $1090.76",1,misc,Level 1-100 Hat,30114,2026-07-21T22:54:09
76,Poisoned Shadows,Fat Man's Field Cap,35476.4,620 keys,"35,476.40 ref, $1082.03",2,misc,Level 1-100 Hat,30911,2026-07-21T22:54:09
76,Poisoned Shadows,Birdcage,34904.2,610 keys,"34,904.20 ref, $1064.58",2,misc,Level 10 Hat,615,2026-07-21T22:54:09
76,Poisoned Shadows,Black Watch,34332,600 keys,"34,332.00 ref, $1047.13",3,misc,Level 1-100 Hat,30105,2026-07-21T22:54:09
76,Poisoned Shadows,Sober Stuntman,34332,600 keys,"34,332.00 ref, $1047.13",3,misc,Level 1-100 Helmet,255,2026-07-21T22:54:09
76,Poisoned Shadows,Hat with No Name,34045.9,540–650 keys,"34,045.90 ref, $1038.40",1,misc,Level 10 Hat,631,2026-07-21T22:54:09
76,Poisoned Shadows,Tough Stuff Muffs,33759.8,580–600 keys,"33,759.80 ref, $1029.67",1,misc,Level 1-100 Hat,984,2026-07-21T22:54:09
76,Poisoned Shadows,Hottie's Hoodie,33473.7,500–670 keys,"33,473.70 ref, $1020.95",1,misc,Level 1-100 Hood,377,2026-07-21T22:54:09
76,Poisoned Shadows,Tam O' Shanter,33187.6,580 keys,"33,187.60 ref, $1012.22",1,misc,Level 1-100 Hat,480,2026-07-21T22:54:09
76,Poisoned Shadows,Modest Metal Pile of Scrap,32615.4,570 keys,"32,615.40 ref, $994.77",1,misc,Level 1-100 Hat,30001,2026-07-21T22:54:09
76,Poisoned Shadows,Hive Minder,31471,550 keys,"31,471.00 ref, $959.87",2,misc,Level 1-100 Hat,30093,2026-07-21T22:54:09
76,Poisoned Shadows,Charmer's Chapeau,30040.5,525 keys,"30,040.50 ref, $916.24",1,misc,Level 1-100 Hat,397,2026-07-21T22:54:09
76,Poisoned Shadows,Counterfeit Billycock,30040.5,400–650 keys,"30,040.50 ref, $916.24",0,misc,Level 10 Hat,602,2026-07-21T22:54:09
76,Poisoned Shadows,Harmburg,30040.5,500–550 keys,"30,040.50 ref, $916.24",4,misc,Level 1-100 Hat,30123,2026-07-21T22:54:09
76,Poisoned Shadows,B'aaarrgh-n-Bicorne,29868.84,522 keys,"29,868.84 ref, $911.00",1,misc,Level 1-100 Hat,30718,2026-07-21T22:54:09
76,Poisoned Shadows,Nunhood,28610,500 keys,"28,610.00 ref, $872.61",1,misc,Level 1-100 Hat,30311,2026-07-21T22:54:09
76,Poisoned Shadows,Pencil Pusher,28610,500 keys,"28,610.00 ref, $872.61",1,misc,Level 10 Hair,605,2026-07-21T22:54:09
76,Poisoned Shadows,Stainless Pot,28610,500 keys,"28,610.00 ref, $872.61",3,misc,Level 1-100 Hat,98,2026-07-21T22:54:09
76,Poisoned Shadows,Big Country,28438.34,497 keys,"28,438.34 ref, $867.37",2,misc,Level 1-100 Hair,382,2026-07-21T22:54:09
76,Poisoned Shadows,Professor's Peculiarity,28037.8,490 keys,"28,037.80 ref, $855.15",3,misc,Level 1-100 Hair,384,2026-07-21T22:54:09
76,Poisoned Shadows,Exquisite Rack,26664.52,466 keys,"26,664.52 ref, $813.27",1,misc,Level 1-100 Cosmetic Item,339,2026-07-21T22:54:09
76,Poisoned Shadows,Trencher's Topper,26321.2,460 keys,"26,321.20 ref, $802.80",1,misc,Level 1-100 Helmet,30336,2026-07-21T22:54:09
76,Poisoned Shadows,Helmet without a Home,25749,450 keys,"25,749.00 ref, $785.34",2,misc,Level 1-100 Helmet,732,2026-07-21T22:54:09
76,Poisoned Shadows,Respectless Robo-Glove,25749,450 keys,"25,749.00 ref, $785.34",3,misc,Level 1-100 Hat,30039,2026-07-21T22:54:09
76,Poisoned Shadows,Buccaneer's Bicorne,25176.8,440 keys,"25,176.80 ref, $767.89",1,misc,Level 10 Hat,607,2026-07-21T22:54:09
76,Poisoned Shadows,Horrific Headsplitter,25176.8,440 keys,"25,176.80 ref, $767.89",2,misc,Level 31 Hat,291,2026-07-21T22:54:09
76,Poisoned Shadows,Strontium Stove Pipe,24890.7,435 keys,"24,890.70 ref, $759.17",1,misc,Level 1-100 Hat,30037,2026-07-21T22:54:09
76,Poisoned Shadows,Bomber's Bucket Hat,24833.48,434 keys,"24,833.48 ref, $757.42",0,misc,Level 1-100 Hat,30547,2026-07-21T22:54:09
76,Poisoned Shadows,Soviet Gentleman,23460.2,410 keys,"23,460.20 ref, $715.54",1,misc,Level 1-100 Hat,821,2026-07-21T22:54:09
76,Poisoned Shadows,Samur-Eye,22888,400 keys,"22,888.00 ref, $698.08",2,misc,Level 1-100 Helmet,359,2026-07-21T22:54:09
76,Poisoned Shadows,Virus Doctor,22888,400 keys,"22,888.00 ref, $698.08",3,misc,Level 1-100 Hat,30043,2026-07-21T22:54:09
76,Poisoned Shadows,Rebel Rouser,22029.7,385 keys,"22,029.70 ref, $671.91",1,misc,Level 1-100 Hat,30120,2026-07-21T22:54:09
76,Poisoned Shadows,Barnstormer,21743.6,380 keys,"21,743.60 ref, $663.18",2,misc,Level 1-100 Hat,988,2026-07-21T22:54:09
76,Poisoned Shadows,Texas Ten Gallon,21743.6,375–385 keys,"21,743.60 ref, $663.18",2,misc,Level 1-100 Hat,94,2026-07-21T22:54:09
76,Poisoned Shadows,Brown Bomber,21561.639344262,322.99–430.65 keys,"21,561.64 ref, 376.82 keys",1,misc,Level 1-100 Hat,671,2026-07-21T22:54:09
76,Poisoned Shadows,Nanobalaclava,21457.5,375 keys,"21,457.50 ref, $654.45",2,misc,Level 10 Hat,521,2026-07-21T22:54:09
76,Poisoned Shadows,Big Elfin Deal,21171.4,370 keys,"21,171.40 ref, $645.73",4,misc,Level 1-100 Hat,652,2026-07-21T22:54:09
76,Poisoned Shadows,Galvanized Gibus,20885.3,365 keys,"20,885.30 ref, $637.00",2,misc,Level 1-100 Hat,30003,2026-07-21T22:54:09
76,Poisoned Shadows,Dragonborn Helmet,20027,350 keys,"20,027.00 ref, $610.82",3,misc,Level 10 Helmet,517,2026-07-21T22:54:09
76,Poisoned Shadows,Glengarry Bonnet,19426.19,285–394 keys,"19,426.19 ref, $592.50",1,misc,Level 1-100 Hat,100,2026-07-21T22:54:09
76,Poisoned Shadows,Front Runner,18596.5,305–345 keys,"18,596.50 ref, $567.19",1,misc,Level 1-100 Hat,760,2026-07-21T22:54:09
76,Poisoned Shadows,Halogen Head Lamp,18596.5,325 keys,"18,596.50 ref, $567.19",1,misc,Level 1-100 Hat,30041,2026-07-21T22:54:09
76,Poisoned Shadows,Electric Escorter,17738.2,310 keys,"17,738.20 ref, $541.02",3,misc,Level 1-100 Hat,30025,2026-07-21T22:54:09
76,Poisoned Shadows,Voodoo JuJu (Slight Return),17309.05,280–325 keys,"17,309.05 ref, $527.93",3,misc,Level 1-100 Hat,935,2026-07-21T22:54:09
76,Poisoned Shadows,Warhood,17166,300 keys,"17,166.00 ref, $523.56",0,misc,Level 1-100 Hood,30866,2026-07-21T22:54:09
76,Poisoned Shadows,Industrial Festivizer,16021.6,230–330 keys,"16,021.60 ref, $488.66",2,misc,Level 1-100 Hat,338,2026-07-21T22:54:09
76,Poisoned Shadows,Le Party Phantom,16021.6,280 keys,"16,021.60 ref, $488.66",1,misc,Level 1-100 Mask,337,2026-07-21T22:54:09
76,Poisoned Shadows,Danger,15592.45,265–280 keys,"15,592.45 ref, $475.57",1,misc,Level 1-100 Apparel,30420,2026-07-21T22:54:09
76,Poisoned Shadows,Das Hazmattenhatten,15163.3,265 keys,"15,163.30 ref, $462.48",0,misc,Level 1-100 Safety Apparatus,30095,2026-07-21T22:54:09
76,Poisoned Shadows,Chieftain's Challenge,13160.6,230 keys,"13,160.60 ref, $401.40",1,misc,Level 1-100 Hat,250,2026-07-21T22:54:09
76,Poisoned Shadows,Napper's Respite,12760.06,223 keys,"12,760.06 ref, $389.18",2,misc,Level 1-100 Hat,248,2026-07-21T22:54:09
76,Poisoned Shadows,Kiss King,12702.84,222 keys,"12,702.84 ref, $387.44",1,misc,Level 1-100 Hat,30313,2026-07-21T22:54:09
76,Poisoned Shadows,Bonk Boy,12073.42,211 keys,"12,073.42 ref, $368.24",2,misc,Level 1-100 Mask,451,2026-07-21T22:54:09
76,Poisoned Shadows,Human Cannonball,11844.54,207 keys,"11,844.54 ref, $361.26",1,misc,Level 1-100 Helmet,817,2026-07-21T22:54:09
76,Poisoned Shadows,Vintage Tyrolean,11444,200 keys,"11,444.00 ref, $349.04",3,misc,Level 1-100 Hat,101,2026-07-21T22:54:09
76,Poisoned Shadows,Cyborg Stunt Helmet,11300.95,180–215 keys,"11,300.95 ref, $344.68",1,misc,Level 1-100 Helmet,30024,2026-07-21T22:54:09
76,Poisoned Shadows,Flamboyant Flamenco,10585.7,185 keys,"10,585.70 ref, $322.86",2,misc,Level 10 Hat,627,2026-07-21T22:54:09
76,Poisoned Shadows,Killer's Kabuto,10299.6,180 keys,"10,299.60 ref, $314.14",1,misc,Level 1-100 Helmet,152,2026-07-21T22:54:09
76,Poisoned Shadows,Pyro's Boron Beanie,9870.45,170–175 keys,"9,870.45 ref, $301.05",2,misc,Level 1-100 Hat,30040,2026-07-21T22:54:09
76,Poisoned Shadows,Furious Fukaamigasa,8811.88,154 keys,"8,811.88 ref, $268.76",2,misc,Level 1-100 Hat,395,2026-07-21T22:54:09
76,Poisoned Shadows,Surgeon's Stahlhelm,8726.05,130–175 keys,"8,726.05 ref, $266.14",2,misc,Level 10 Helmet,616,2026-07-21T22:54:09
76,Poisoned Shadows,Lucky Shot,8640.22,140–162 keys,"8,640.22 ref, $263.53",1,misc,Level 1-100 Helmet,701,2026-07-21T22:54:09
76,Poisoned Shadows,Attendant,8583,150 keys,"8,583.00 ref, $261.78",2,misc,Level 1-100 Hat,213,2026-07-21T22:54:09
76,Poisoned Shadows,Ze Goggles,8068.02,141 keys,"8,068.02 ref, $246.07",1,misc,Level 1-100 Glasses,177,2026-07-21T22:54:09
76,Poisoned Shadows,Private Eye,7724.7,135 keys,"7,724.70 ref, $235.60",1,misc,Level 1-100 Hat,388,2026-07-21T22:54:09
76,Poisoned Shadows,Pithy Professional,7667.48,134 keys,"7,667.48 ref, $233.86",0,misc,Level 1-100 Hat,30915,2026-07-21T22:54:09
76,Poisoned Shadows,Hermes,6866.4,120 keys,"6,866.40 ref, $209.43",1,misc,Level 10 Hat,633,2026-07-21T22:54:09
76,Poisoned Shadows,Slick Cut,6866.4,120 keys,"6,866.40 ref, $209.43",1,misc,Level 1-100 Hair,30187,2026-07-21T22:54:09
76,Poisoned Shadows,Western Wear,6866.4,120 keys,"6,866.40 ref, $209.43",2,misc,Level 1-100 Hat,379,2026-07-21T22:54:09
76,Poisoned Shadows,Firewall Helmet,6465.86,101–125 keys,"6,465.86 ref, $197.21",2,misc,Level 1-100 Helmet,30038,2026-07-21T22:54:09
76,Poisoned Shadows,Brain Bucket,6294.2,110 keys,"6,294.20 ref, $191.97",1,misc,Level 1-100 Hat,434,2026-07-21T22:54:09
76,Poisoned Shadows,Brain-Warming Wear,6179.76,91–125 keys,"6,179.76 ref, $188.48",0,misc,Level 1-100 Hat,30827,2026-07-21T22:54:09
76,Poisoned Shadows,Bullet Buzz,5722,100 keys,"5,722.00 ref, $174.52",1,misc,Level 1-100 Hair,30344,2026-07-21T22:54:09
76,Poisoned Shadows,Ol' Geezer,5722,100 keys,"5,722.00 ref, $174.52",1,misc,Level 1-100 Hat,399,2026-07-21T22:54:09
76,Poisoned Shadows,Stormin' Norman,5292.85,80–105 keys,"5,292.85 ref, $161.43",4,misc,Level 1-100 Helmet,30112,2026-07-21T22:54:09
76,Poisoned Shadows,Pom-Pommed Provocateur,5149.8,80–100 keys,"5,149.80 ref, $157.07",3,misc,Level 1-100 Mask,30072,2026-07-21T22:54:09
76,Poisoned Shadows,Das Maddendoktor,4863.7,85 keys,"4,863.70 ref, $148.34",2,misc,Level 1-100 Hair,30121,2026-07-21T22:54:09
76,Poisoned Shadows,Gridiron Guardian,4863.7,85 keys,"4,863.70 ref, $148.34",1,misc,Level 1-100 Helmet,30013,2026-07-21T22:54:09
76,Poisoned Shadows,Hotrod,4863.7,85 keys,"4,863.70 ref, $148.34",1,misc,Level 1-100 Mask,148,2026-07-21T22:54:09
76,Poisoned Shadows,Baron von Havenaplane,4806.48,84 keys,"4,806.48 ref, $146.60",1,misc,Level 1-100 Hat,30136,2026-07-21T22:54:09
76,Poisoned Shadows,Hound Dog,4577.6,80 keys,"4,577.60 ref, $139.62",1,misc,Level 1-100 Hair,145,2026-07-21T22:54:09
76,Poisoned Shadows,Sergeant's Drill Hat,4405.94,77 keys,"4,405.94 ref, $134.38",1,misc,Level 1-100 Hat,183,2026-07-21T22:54:09
76,Poisoned Shadows,Ye Olde Baker Boy,4119.84,72 keys,"4,119.84 ref, $125.66",1,misc,Level 1-100 Hat,107,2026-07-21T22:54:09
76,Poisoned Shadows,Katyusha,4005.4,70 keys,"4,005.40 ref, $122.16",1,misc,Level 1-100 Hat,30094,2026-07-21T22:54:09
76,Poisoned Shadows,Gentleman's Ushanka,3776.52,66 keys,"3,776.52 ref, $115.18",1,misc,Level 1-100 Hat,778,2026-07-21T22:54:09
76,Poisoned Shadows,Jumper's Jeepcap,3662.08,64 keys,"3,662.08 ref, $111.69",2,misc,Level 1-100 Hat,417,2026-07-21T22:54:09
76,Poisoned Shadows,Hard Counter,3604.86,61–65 keys,"3,604.86 ref, $109.95",1,misc,Level 1-100 Hat,254,2026-07-21T22:54:09
76,Poisoned Shadows,Backbiter's Billycock,3490.42,57–65 keys,"3,490.42 ref, $106.46",2,misc,Level 1-100 Hat,108,2026-07-21T22:54:09
76,Poisoned Shadows,Bombing Run,3032.66,53 keys,"3,032.66 ref, $92.50",1,misc,Level 1-100 Helmet,249,2026-07-21T22:54:09
76,Poisoned Shadows,Professional's Panama,2918.22,45–57 keys,"2,918.22 ref, $89.01",0,misc,Level 1-100 Hat,109,2026-07-21T22:54:09
76,Poisoned Shadows,Bolted Birdcage,2803.78,49 keys,"2,803.78 ref, $85.52",2,misc,Level 1-100 Hat,30057,2026-07-21T22:54:09
76,Poisoned Shadows,Magistrate's Mullet,2803.78,49 keys,"2,803.78 ref, $85.52",1,misc,Level 1-100 Hair,147,2026-07-21T22:54:09
76,Poisoned Shadows,Ol' Snaggletooth,2775.17,47–50 keys,"2,775.17 ref, $84.64",2,misc,Level 1-100 Hat,229,2026-07-21T22:54:09
76,Poisoned Shadows,Prancer's Pride,2746.56,48 keys,"2,746.56 ref, $83.77",2,misc,Level 1-100 Hat,318,2026-07-21T22:54:09
76,Poisoned Shadows,Burning Bandana,2689.34,44–50 keys,"2,689.34 ref, $82.02",1,misc,Level 1-100 Bandana,30091,2026-07-21T22:54:09
76,Poisoned Shadows,Pure Tin Capotain,2689.34,47 keys,"2,689.34 ref, $82.02",1,misc,Level 1-100 Hat,30021,2026-07-21T22:54:09
76,Poisoned Shadows,Titanium Tyrolean,2632.12,46 keys,"2,632.12 ref, $80.28",1,misc,Level 1-100 Hat,30045,2026-07-21T22:54:09
76,Poisoned Shadows,Coupe D'isaster,2346.02,40–42 keys,"2,346.02 ref, $71.55",2,misc,Level 1-100 Hair,330,2026-07-21T22:54:09
76,Poisoned Shadows,Dead Cone,2059.92,30–42 keys,"2,059.92 ref, $62.83",1,misc,Level 1-100 Hat,435,2026-07-21T22:54:09
76,Poisoned Shadows,Letch's LED,2059.92,36 keys,"2,059.92 ref, $62.83",1,misc,Level 1-100 Hat,30002,2026-07-21T22:54:09
76,Poisoned Shadows,Waxy Wayfinder,2002.7,33–37 keys,"2,002.70 ref, $61.08",3,misc,Level 1-100 Hat,753,2026-07-21T22:54:09
79,Darkblaze,Pyromancer's Mask,787919.4,13770 keys,"787,919.40 ref, $24031.54",1,misc,Level 1-100 Mask,316,2026-07-21T22:54:09
79,Darkblaze,Killer Exclusive,632281,11050 keys,"632,281.00 ref, $19284.57",3,misc,Level 10 Hat,538,2026-07-21T22:54:09
79,Darkblaze,Team Captain,629420,11000 keys,"629,420.00 ref, $19197.31",3,misc,Level 1-100 Hat,378,2026-07-21T22:54:09
79,Darkblaze,Virtual Viewfinder,553603.5,9675 keys,"553,603.50 ref, $16884.91",1,misc,Level 1-100 Headset,30140,2026-07-21T22:54:09
79,Darkblaze,Antlers,549312,9600 keys,"549,312.00 ref, $16754.02",1,misc,Level 1-100 Cosmetic Item,993,2026-07-21T22:54:09
79,Darkblaze,Crone's Dome,421711.4,7370 keys,"421,711.40 ref, $12862.20",1,misc,Level 1-100 Hat,920,2026-07-21T22:54:09
79,Darkblaze,Brown Bomber,320432,5600 keys,"320,432.00 ref, $9773.18",1,misc,Level 1-100 Hat,671,2026-07-21T22:54:09
79,Darkblaze,Das Hazmattenhatten,320432,5600 keys,"320,432.00 ref, $9773.18",1,misc,Level 1-100 Safety Apparatus,30095,2026-07-21T22:54:09
79,Darkblaze,Flipped Trilby,306127,5350 keys,"306,127.00 ref, $9336.87",1,misc,Level 1-100 Hat,324,2026-07-21T22:54:09
79,Darkblaze,Brotherhood of Arms,292966.4,5120 keys,"292,966.40 ref, $8935.48",3,misc,Level 1-100 Hat,30066,2026-07-21T22:54:09
79,Darkblaze,Pencil Pusher,280378,4900 keys,"280,378.00 ref, $8551.53",1,misc,Level 10 Hair,605,2026-07-21T22:54:09
79,Darkblaze,Hat with No Name,264642.5,4625 keys,"264,642.50 ref, $8071.60",1,misc,Level 10 Hat,631,2026-07-21T22:54:09
79,Darkblaze,Tough Stuff Muffs,258634.4,4520 keys,"258,634.40 ref, $7888.35",2,misc,Level 1-100 Hat,984,2026-07-21T22:54:09
79,Darkblaze,Infernal Impaler,252912.4,4420 keys,"252,912.40 ref, $7713.83",1,misc,Level 13 Headgear,575,2026-07-21T22:54:09
79,Darkblaze,Soldered Sensei,240324,4200 keys,"240,324.00 ref, $7329.88",4,misc,Level 1-100 Hat,30004,2026-07-21T22:54:09
79,Darkblaze,Well-Rounded Rifleman,224588.5,3925 keys,"224,588.50 ref, $6849.95",3,misc,Level 1-100 Hat,30067,2026-07-21T22:54:09
79,Darkblaze,A Rather Festive Tree,217436,3800 keys,"217,436.00 ref, $6631.80",2,misc,Level 1-100 Hat,341,2026-07-21T22:54:09
79,Darkblaze,Troublemaker's Tossle Cap,213888.36,3738 keys,"213,888.36 ref, $6523.59",2,misc,Level 1-100 Hat,150,2026-07-21T22:54:09
79,Darkblaze,Nunhood,197409,3450 keys,"197,409.00 ref, $6020.97",1,misc,Level 1-100 Hat,30311,2026-07-21T22:54:09
79,Darkblaze,Tyrant's Helm,171660,3000 keys,"171,660.00 ref, $5235.63",2,misc,Level 1-100 Helmet,99,2026-07-21T22:54:09
79,Darkblaze,Dark Falkirk Helm,167368.5,2925 keys,"167,368.50 ref, $5104.74",1,misc,Level 1-100 Helmet,30357,2026-07-21T22:54:09
79,Darkblaze,Flamboyant Flamenco,143793.86,2513 keys,"143,793.86 ref, $4385.71",5,misc,Level 10 Hat,627,2026-07-21T22:54:09
79,Darkblaze,Pithy Professional,143622.2,2510 keys,"143,622.20 ref, $4380.48",3,misc,Level 1-100 Hat,30915,2026-07-21T22:54:09
79,Darkblaze,Texas Ten Gallon,131606,2300 keys,"131,606.00 ref, $4013.98",2,misc,Level 1-100 Hat,94,2026-07-21T22:54:09
79,Darkblaze,Bonk Helm,128745,2250 keys,"128,745.00 ref, $3926.72",1,misc,Level 1-100 Helmet,106,2026-07-21T22:54:09
79,Darkblaze,Modest Metal Pile of Scrap,125884,2200 keys,"125,884.00 ref, $3839.46",2,misc,Level 1-100 Hat,30001,2026-07-21T22:54:09
79,Darkblaze,Heavy Duty Rag,120162,2100 keys,"120,162.00 ref, $3664.94",3,misc,Level 1-100 Bandana,185,2026-07-21T22:54:09
79,Darkblaze,Brim-Full of Bullets,114440,2000 keys,"114,440.00 ref, $3490.42",5,misc,Level 1-100 Hat,30173,2026-07-21T22:54:09
79,Darkblaze,Virus Doctor,114440,2000 keys,"114,440.00 ref, $3490.42",1,misc,Level 1-100 Hat,30043,2026-07-21T22:54:09
79,Darkblaze,Triboniophorus Tyrannus,106429.2,1860 keys,"106,429.20 ref, $3246.09",2,misc,Level 1-100 Mascot,151,2026-07-21T22:54:09
79,Darkblaze,Desert Marauder,104426.5,1825 keys,"104,426.50 ref, $3185.01",2,misc,Level 1-100 Hat,400,2026-07-21T22:54:09
79,Darkblaze,Chieftain's Challenge,103568.2,1810 keys,"103,568.20 ref, $3158.83",2,misc,Level 1-100 Hat,250,2026-07-21T22:54:09
79,Darkblaze,Backbiter's Billycock,102996,1800 keys,"102,996.00 ref, $3141.38",3,misc,Level 1-100 Hat,108,2026-07-21T22:54:09
79,Darkblaze,Halogen Head Lamp,102996,1800 keys,"102,996.00 ref, $3141.38",1,misc,Level 1-100 Hat,30041,2026-07-21T22:54:09
79,Darkblaze,Crocleather Slouch,100135,1750 keys,"100,135.00 ref, $3054.12",3,misc,Level 1-100 Hat,344,2026-07-21T22:54:09
79,Darkblaze,Executioner,94413,1650 keys,"94,413.00 ref, $2879.60",2,misc,Level 1-100 Hat,921,2026-07-21T22:54:09
79,Darkblaze,Whoopee Cap,94413,1650 keys,"94,413.00 ref, $2879.60",4,misc,Level 1-100 Hat,174,2026-07-21T22:54:09
79,Darkblaze,Galvanized Gibus,92982.5,1450–1800 keys,"92,982.50 ref, $2835.97",4,misc,Level 1-100 Hat,30003,2026-07-21T22:54:09
79,Darkblaze,Bear Necessities,91552,1600 keys,"91,552.00 ref, $2792.34",4,misc,Level 1-100 Spirit Animal,30122,2026-07-21T22:54:09
79,Darkblaze,Full Metal Drill Hat,91552,1600 keys,"91,552.00 ref, $2792.34",1,misc,Level 1-100 Hat,30026,2026-07-21T22:54:09
79,Darkblaze,Hound Dog,91552,1600 keys,"91,552.00 ref, $2792.34",1,misc,Level 1-100 Hair,145,2026-07-21T22:54:09
79,Darkblaze,Noble Amassment of Hats,91552,1600 keys,"91,552.00 ref, $2792.34",2,misc,Level 1-100 Hat,137,2026-07-21T22:54:09
79,Darkblaze,Surgeon's Stahlhelm,90121.5,1575 keys,"90,121.50 ref, $2748.71",1,misc,Level 10 Helmet,616,2026-07-21T22:54:09
79,Darkblaze,Hard Counter,88691,1550 keys,"88,691.00 ref, $2705.08",2,misc,Level 1-100 Hat,254,2026-07-21T22:54:09
79,Darkblaze,Grenadier's Softcap,85830,1500 keys,"85,830.00 ref, $2617.82",2,misc,Level 1-100 Hat,227,2026-07-21T22:54:09
79,Darkblaze,Officer's Ushanka,85830,1500 keys,"85,830.00 ref, $2617.82",2,misc,Level 1-100 Hat,96,2026-07-21T22:54:09
79,Darkblaze,Razor Cut,85830,1500 keys,"85,830.00 ref, $2617.82",1,misc,Level 1-100 Hat,30393,2026-07-21T22:54:09
79,Darkblaze,Attendant,82969,1450 keys,"82,969.00 ref, $2530.55",1,misc,Level 1-100 Hat,213,2026-07-21T22:54:09
79,Darkblaze,Hermes,80108,1400 keys,"80,108.00 ref, $2443.29",4,misc,Level 10 Hat,633,2026-07-21T22:54:09
79,Darkblaze,Fruit Shoot,79535.8,1390 keys,"79,535.80 ref, $2425.84",2,misc,Level 1-100 Hat,759,2026-07-21T22:54:09
79,Darkblaze,Cloud Crasher,77247,1350 keys,"77,247.00 ref, $2356.03",3,misc,Level 1-100 Helmet,30071,2026-07-21T22:54:09
79,Darkblaze,One-Man Army,71525,1250 keys,"71,525.00 ref, $2181.51",2,misc,Level 10 Hair,601,2026-07-21T22:54:09
79,Darkblaze,Professor's Peculiarity,71525,1250 keys,"71,525.00 ref, $2181.51",5,misc,Level 1-100 Hair,384,2026-07-21T22:54:09
79,Darkblaze,Backwards Ballcap,68664,1200 keys,"68,664.00 ref, $2094.25",3,misc,Level 10 Hat,617,2026-07-21T22:54:09
79,Darkblaze,Cyborg Stunt Helmet,68664,1200 keys,"68,664.00 ref, $2094.25",1,misc,Level 1-100 Helmet,30024,2026-07-21T22:54:09
79,Darkblaze,Das Naggenvatcher,68664,1200 keys,"68,664.00 ref, $2094.25",5,misc,Level 1-100 Hat,30109,2026-07-21T22:54:09
79,Darkblaze,Helmet without a Home,68664,1200 keys,"68,664.00 ref, $2094.25",2,misc,Level 1-100 Helmet,732,2026-07-21T22:54:09
79,Darkblaze,Prince Tavish's Crown,68664,1200 keys,"68,664.00 ref, $2094.25",3,misc,Level 1-100 Hat,342,2026-07-21T22:54:09
79,Darkblaze,Vintage Tyrolean,68377.9,1195 keys,"68,377.90 ref, $2085.53",1,misc,Level 1-100 Hat,101,2026-07-21T22:54:09
79,Darkblaze,Caribbean Conqueror,63571.42,1111 keys,"63,571.42 ref, $1938.93",1,misc,Level 1-100 Hat,30116,2026-07-21T22:54:09
79,Darkblaze,Buccaneer's Bicorne,62942,1100 keys,"62,942.00 ref, $1919.73",1,misc,Level 10 Hat,607,2026-07-21T22:54:09
79,Darkblaze,Milkman,62942,1100 keys,"62,942.00 ref, $1919.73",1,misc,Level 1-100 Hat,219,2026-07-21T22:54:09
79,Darkblaze,Soldier's Slope Scopers,62942,1100 keys,"62,942.00 ref, $1919.73",1,misc,Level 1-100 Hat,980,2026-07-21T22:54:09
79,Darkblaze,Frenchman's Beret,60081,1000–1100 keys,"60,081.00 ref, $1832.47",2,misc,Level 1-100 Hat,180,2026-07-21T22:54:09
79,Darkblaze,Anger,57220,1000 keys,"57,220.00 ref, $1745.21",2,misc,Level 10 Hood,518,2026-07-21T22:54:09
79,Darkblaze,Bonk Leadwear,57220,1000 keys,"57,220.00 ref, $1745.21",2,misc,Level 1-100 Helmet,30030,2026-07-21T22:54:09
79,Darkblaze,Doctor's Sack,57220,1000 keys,"57,220.00 ref, $1745.21",2,misc,Level 1-100 Hat,398,2026-07-21T22:54:09
79,Darkblaze,Larrikin Robin,57220,1000 keys,"57,220.00 ref, $1745.21",6,misc,Level 1-100 Hat,314,2026-07-21T22:54:09
79,Darkblaze,Pom-Pommed Provocateur,56361.7,985 keys,"56,361.70 ref, $1719.03",3,misc,Level 1-100 Mask,30072,2026-07-21T22:54:09
79,Darkblaze,Bot Dogger,56075.6,980 keys,"56,075.60 ref, $1710.31",3,misc,Level 1-100 Hat,30018,2026-07-21T22:54:09
79,Darkblaze,Hive Minder,55503.4,970 keys,"55,503.40 ref, $1692.85",2,misc,Level 1-100 Hat,30093,2026-07-21T22:54:09
79,Darkblaze,Ol' Geezer,54359,950 keys,"54,359.00 ref, $1657.95",4,misc,Level 1-100 Hat,399,2026-07-21T22:54:09
79,Darkblaze,Potassium Bonnet,54359,950 keys,"54,359.00 ref, $1657.95",1,misc,Level 1-100 Hat,30643,2026-07-21T22:54:09
79,Darkblaze,Janissary Ketche,52356.3,915 keys,"52,356.30 ref, $1596.87",4,misc,Level 1-100 Hat,437,2026-07-21T22:54:09
79,Darkblaze,Bombing Run,51498,900 keys,"51,498.00 ref, $1570.69",1,misc,Level 1-100 Helmet,249,2026-07-21T22:54:09
79,Darkblaze,Familiar Fez,51498,750–1050 keys,"51,498.00 ref, $1570.69",2,misc,Level 1-100 Hat,223,2026-07-21T22:54:09
79,Darkblaze,Reggaelator,51498,900 keys,"51,498.00 ref, $1570.69",2,misc,Level 1-100 Hat,390,2026-07-21T22:54:09
79,Darkblaze,Le Party Phantom,50353.6,880 keys,"50,353.60 ref, $1535.78",1,misc,Level 1-100 Mask,337,2026-07-21T22:54:09
79,Darkblaze,Private Eye,50353.6,880 keys,"50,353.60 ref, $1535.78",1,misc,Level 1-100 Hat,388,2026-07-21T22:54:09
79,Darkblaze,Rimmed Raincatcher,48637,850 keys,"48,637.00 ref, $1483.43",3,misc,Level 1-100 Hat,216,2026-07-21T22:54:09
79,Darkblaze,War Pig,48207.85,685–1000 keys,"48,207.85 ref, $1470.34",2,misc,Level 1-100 Headgear,829,2026-07-21T22:54:09
79,Darkblaze,Valley Forge,46634.3,815 keys,"46,634.30 ref, $1422.35",1,misc,Level 1-100 Hat,30114,2026-07-21T22:54:09
79,Darkblaze,Burning Bandana,45776,800 keys,"45,776.00 ref, $1396.17",1,misc,Level 1-100 Bandana,30091,2026-07-21T22:54:09
79,Darkblaze,Little Buddy,45776,700–900 keys,"45,776.00 ref, $1396.17",1,misc,Level 10 Hat,612,2026-07-21T22:54:09
79,Darkblaze,Capo's Capper,40626.2,710 keys,"40,626.20 ref, $1239.10",4,misc,Level 1-100 Hat,427,2026-07-21T22:54:09
79,Darkblaze,Outdoorsman,40054,700 keys,"40,054.00 ref, $1221.65",2,misc,Level 10 Hat,603,2026-07-21T22:54:09
79,Darkblaze,Rebel Rouser,40054,500–900 keys,"40,054.00 ref, $1221.65",1,misc,Level 1-100 Hat,30120,2026-07-21T22:54:09
79,Darkblaze,Barnstormer,38337.4,670 keys,"38,337.40 ref, $1169.29",2,misc,Level 1-100 Hat,988,2026-07-21T22:54:09
79,Darkblaze,Scotsman's Stove Pipe,37193,650 keys,"37,193.00 ref, $1134.39",1,misc,Level 1-100 Hat,120,2026-07-21T22:54:09
79,Darkblaze,Killer's Kabuto,35361.96,618 keys,"35,361.96 ref, $1078.54",2,misc,Level 1-100 Helmet,152,2026-07-21T22:54:09
79,Darkblaze,Blighted Beak,34332,600 keys,"34,332.00 ref, $1047.13",1,misc,Level 1-100 Mask,315,2026-07-21T22:54:09
79,Darkblaze,Pampered Pyro,34332,600 keys,"34,332.00 ref, $1047.13",3,misc,Level 1-100 Towel,30139,2026-07-21T22:54:09
79,Darkblaze,Frontier Djustice,33187.6,515–645 keys,"33,187.60 ref, $1012.22",1,misc,Level 1-100 Hat,30421,2026-07-21T22:54:09
79,Darkblaze,Glasgow Great Helm,31471,550 keys,"31,471.00 ref, $959.87",5,misc,Level 1-100 Helmet,30082,2026-07-21T22:54:09
79,Darkblaze,Hetman's Headpiece,31184.9,540–550 keys,"31,184.90 ref, $951.14",2,misc,Level 1-100 Hat,436,2026-07-21T22:54:09
79,Darkblaze,Sober Stuntman,28610,500 keys,"28,610.00 ref, $872.61",2,misc,Level 1-100 Helmet,255,2026-07-21T22:54:09
79,Darkblaze,Wraith Wrap,28610,500 keys,"28,610.00 ref, $872.61",2,misc,Level 1-100 Apparel,937,2026-07-21T22:54:09
79,Darkblaze,Front Runner,28037.8,490 keys,"28,037.80 ref, $855.15",3,misc,Level 1-100 Hat,760,2026-07-21T22:54:09
79,Darkblaze,Handyman's Handle,26893.4,470 keys,"26,893.40 ref, $820.25",2,misc,Level 1-100 Hat,253,2026-07-21T22:54:09
79,Darkblaze,Das Maddendoktor,24604.6,430 keys,"24,604.60 ref, $750.44",2,misc,Level 1-100 Hair,30121,2026-07-21T22:54:09
79,Darkblaze,Cosa Nostra Cap,24032.4,420 keys,"24,032.40 ref, $732.99",2,misc,Level 1-100 Hat,459,2026-07-21T22:54:09
79,Darkblaze,Boxcar Bomber,23746.3,415 keys,"23,746.30 ref, $724.26",1,misc,Level 1-100 Hat,30546,2026-07-21T22:54:09
79,Darkblaze,Black Watch,23460.2,390–430 keys,"23,460.20 ref, $715.54",1,misc,Level 1-100 Hat,30105,2026-07-21T22:54:09
79,Darkblaze,Charmer's Chapeau,22888,400 keys,"22,888.00 ref, $698.08",2,misc,Level 1-100 Hat,397,2026-07-21T22:54:09
79,Darkblaze,Horrific Headsplitter,22888,390–410 keys,"22,888.00 ref, $698.08",2,misc,Level 31 Hat,291,2026-07-21T22:54:09
79,Darkblaze,Waxy Wayfinder,22172.75,350–425 keys,"22,172.75 ref, $676.27",5,misc,Level 1-100 Hat,753,2026-07-21T22:54:09
79,Darkblaze,Stately Steel Toe,22029.7,385 keys,"22,029.70 ref, $671.91",3,misc,Level 1-100 Hat,481,2026-07-21T22:54:09
79,Darkblaze,Big Chief,21457.5,350–400 keys,"21,457.50 ref, $654.45",2,misc,Level 1-100 Hat,309,2026-07-21T22:54:09
79,Darkblaze,Hong Kong Cone,20599.2,360 keys,"20,599.20 ref, $628.28",0,misc,Level 1-100 Hat,30177,2026-07-21T22:54:09
79,Darkblaze,Honcho's Headgear,20027,350 keys,"20,027.00 ref, $610.82",1,misc,Level 1-100 Hat,391,2026-07-21T22:54:09
79,Darkblaze,Ze Goggles,18882.6,330 keys,"18,882.60 ref, $575.92",2,misc,Level 1-100 Glasses,177,2026-07-21T22:54:09
79,Darkblaze,Pugilist's Protector,17881.25,285–340 keys,"17,881.25 ref, $545.38",2,misc,Level 1-100 Headgear,246,2026-07-21T22:54:09
79,Darkblaze,Noble Nickel Amassment of Hats,16450.75,275–300 keys,"16,450.75 ref, $501.75",5,misc,Level 1-100 Hat,30006,2026-07-21T22:54:09
79,Darkblaze,FR-0,16307.7,285 keys,"16,307.70 ref, $497.38",4,misc,Level 1-100 Hat,30016,2026-07-21T22:54:09
79,Darkblaze,Pardner's Pompadour,14305,250 keys,"14,305.00 ref, $436.30",1,misc,Level 1-100 Hair,30099,2026-07-21T22:54:09
79,Darkblaze,Base Metal Billycock,14247.78,249 keys,"14,247.78 ref, $434.56",2,misc,Level 1-100 Hat,30007,2026-07-21T22:54:09
79,Darkblaze,Texas Tin-Gallon,13618.36,238 keys,"13,618.36 ref, $415.36",2,misc,Level 1-100 Hat,30044,2026-07-21T22:54:09
79,Darkblaze,Soviet Gentleman,12588.4,220 keys,"12,588.40 ref, $383.95",2,misc,Level 1-100 Hat,821,2026-07-21T22:54:09
79,Darkblaze,Glengarry Bonnet,11444,200 keys,"11,444.00 ref, $349.04",1,misc,Level 1-100 Hat,100,2026-07-21T22:54:09
79,Darkblaze,Greased Lightning,10871.8,190 keys,"10,871.80 ref, $331.59",1,misc,Level 1-100 Hair,30078,2026-07-21T22:54:09
79,Darkblaze,Timeless Topper,8869.1,155 keys,"8,869.10 ref, $270.51",1,misc,Level 1-100 Hat,30035,2026-07-21T22:54:09
79,Darkblaze,Geisha Boy,8583,150 keys,"8,583.00 ref, $261.78",2,misc,Level 1-100 Hair,363,2026-07-21T22:54:09
79,Darkblaze,Napper's Respite,8583,150 keys,"8,583.00 ref, $261.78",2,misc,Level 1-100 Hat,248,2026-07-21T22:54:09
79,Darkblaze,Old Guadalajara,8583,150 keys,"8,583.00 ref, $261.78",2,misc,Level 1-100 Hat,247,2026-07-21T22:54:09
79,Darkblaze,Magnificent Mongolian,7438.6,130 keys,"7,438.60 ref, $226.88",1,misc,Level 1-100 Hat,313,2026-07-21T22:54:09
79,Darkblaze,Bootleg Base Metal Billycock,7152.5,125 keys,"7,152.50 ref, $218.15",2,misc,Level 1-100 Hat,30047,2026-07-21T22:54:09
79,Darkblaze,Baron von Havenaplane,7038.06,123 keys,"7,038.06 ref, $214.66",3,misc,Level 1-100 Hat,30136,2026-07-21T22:54:09
79,Darkblaze,Master's Yellow Belt,6866.4,120 keys,"6,866.40 ref, $209.43",1,misc,Level 1-100 Hat,110,2026-07-21T22:54:09
79,Darkblaze,Strontium Stove Pipe,6723.35,90–145 keys,"6,723.35 ref, $205.06",2,misc,Level 1-100 Hat,30037,2026-07-21T22:54:09
79,Darkblaze,Conjurer's Cowl,6523.08,114 keys,"6,523.08 ref, $198.95",2,misc,Level 1-100 Hood,465,2026-07-21T22:54:09
79,Darkblaze,Gridiron Guardian,6122.54,107 keys,"6,122.54 ref, $186.74",3,misc,Level 1-100 Helmet,30013,2026-07-21T22:54:09
79,Darkblaze,Das Gutenkutteharen,5950.88,92–116 keys,"5,950.88 ref, $181.50",1,misc,Level 1-100 Hair,30127,2026-07-21T22:54:09
79,Darkblaze,Cadaver's Cranium,5865.05,95–110 keys,"5,865.05 ref, $178.88",2,misc,Level 31 Hat,290,2026-07-21T22:54:09
79,Darkblaze,Towering Titanium Pillar of Hats,5435.9,95 keys,"5,435.90 ref, $165.79",3,misc,Level 1-100 Hat,30008,2026-07-21T22:54:09
79,Darkblaze,Battle Boonie,5149.8,90 keys,"5,149.80 ref, $157.07",6,misc,Level 1-100 Hat,30907,2026-07-21T22:54:09
79,Darkblaze,Scout Shako,5149.8,90 keys,"5,149.80 ref, $157.07",1,misc,Level 1-100 Hat,30326,2026-07-21T22:54:09
79,Darkblaze,Your Worst Nightmare,5149.8,90 keys,"5,149.80 ref, $157.07",0,misc,Level 10 Hair,600,2026-07-21T22:54:09
79,Darkblaze,Tyrantium Helmet,5121.19,76–103 keys,"5,121.19 ref, $156.20",3,misc,Level 1-100 Helmet,30014,2026-07-21T22:54:09
79,Darkblaze,Medic's Mountain Cap,4577.6,80 keys,"4,577.60 ref, $139.62",1,misc,Level 1-100 Hat,381,2026-07-21T22:54:09
79,Darkblaze,Nanobalaclava,4577.6,80 keys,"4,577.60 ref, $139.62",1,misc,Level 10 Hat,521,2026-07-21T22:54:09
79,Darkblaze,Slick Cut,4577.6,80 keys,"4,577.60 ref, $139.62",1,misc,Level 1-100 Hair,30187,2026-07-21T22:54:09
79,Darkblaze,Tavish DeGroot Experience,4577.6,80 keys,"4,577.60 ref, $139.62",2,misc,Level 10 Hat,604,2026-07-21T22:54:09
79,Darkblaze,Bunsen Brave,4405.94,77 keys,"4,405.94 ref, $134.38",1,misc,Level 1-100 Hat,30054,2026-07-21T22:54:09
79,Darkblaze,Human Cannonball,4405.94,68–86 keys,"4,405.94 ref, $134.38",1,misc,Level 1-100 Helmet,817,2026-07-21T22:54:09
79,Darkblaze,Defiant Spartan,4291.5,75 keys,"4,291.50 ref, $130.89",1,misc,Level 1-100 Helmet,340,2026-07-21T22:54:09
79,Darkblaze,Dragonborn Helmet,4291.5,70–80 keys,"4,291.50 ref, $130.89",2,misc,Level 10 Helmet,517,2026-07-21T22:54:09
79,Darkblaze,Ye Olde Baker Boy,4205.67,62–85 keys,"4,205.67 ref, $128.27",1,misc,Level 1-100 Hat,107,2026-07-21T22:54:09
79,Darkblaze,Runner's Warm-Up,3719.3,65 keys,"3,719.30 ref, $113.44",1,misc,Level 1-100 Hat,30332,2026-07-21T22:54:09
79,Darkblaze,Steel Shako,3547.64,62 keys,"3,547.64 ref, $108.20",2,misc,Level 1-100 Hat,30017,2026-07-21T22:54:09
79,Darkblaze,Tough Guy's Toque,3433.2,60 keys,"3,433.20 ref, $104.71",1,misc,Level 1-100 Hat,97,2026-07-21T22:54:09
79,Darkblaze,Tungsten Toque,3433.2,60 keys,"3,433.20 ref, $104.71",1,misc,Level 1-100 Hat,30049,2026-07-21T22:54:09
79,Darkblaze,Shooter's Sola Topi,2861,50 keys,"2,861.00 ref, $87.26",2,misc,Level 1-100 Helmet,158,2026-07-21T22:54:09
79,Darkblaze,Madame Dixie,2746.56,48 keys,"2,746.56 ref, $83.77",2,misc,Level 1-100 Hat,321,2026-07-21T22:54:09
79,Darkblaze,Buckaroo's Hat,2460.46,42–44 keys,"2,460.46 ref, $75.04",3,misc,Level 1-100 Hat,322,2026-07-21T22:54:09
79,Darkblaze,Coupe D'isaster,2288.8,40 keys,"2,288.80 ref, $69.81",1,misc,Level 1-100 Hair,330,2026-07-21T22:54:09
79,Darkblaze,Hot Dogger,2231.58,31–47 keys,"2,231.58 ref, $68.06",2,misc,Level 10 Hat,614,2026-07-21T22:54:09
79,Darkblaze,Tippler's Tricorne,2202.97,37–40 keys,"2,202.97 ref, $67.19",1,misc,Level 1-100 Hat,179,2026-07-21T22:54:09
79,Darkblaze,Prancer's Pride,2002.7,35 keys,"2,002.70 ref, $61.08",1,misc,Level 1-100 Hat,318,2026-07-21T22:54:09
79,Darkblaze,Plumber's Pipe,1974.09,31–38 keys,"1,974.09 ref, $60.21",1,misc,Level 1-100 Hat,30022,2026-07-21T22:54:09
79,Darkblaze,Pyro's Boron Beanie,1716.6,30 keys,"1,716.60 ref, $52.36",1,misc,Level 1-100 Hat,30040,2026-07-21T22:54:09
79,Darkblaze,Sultan's Ceremonial,1659.38,28–30 keys,"1,659.38 ref, $50.61",1,misc,Level 1-100 Hat,403,2026-07-21T22:54:09
79,Darkblaze,Ye Oiled Baker Boy,1430.5,25 keys,"1,430.50 ref, $43.63",1,misc,Level 1-100 Hat,30019,2026-07-21T22:54:09
79,Darkblaze,Data Mining Light,1201.62,21 keys,"1,201.62 ref, $36.65",1,misc,Level 1-100 Helmet,30051,2026-07-21T22:54:09
79,Darkblaze,A Head Full of Hot Air,0,,,1,misc,Level 1-100 Hat,30662,2026-07-21T22:54:09
79,Darkblaze,Rotation Sensation,0,,,2,misc,Level 1-100 Hat,30623,2026-07-21T22:54:09
81,Bonzo the All-Gnawing,Rotation Sensation,869744,15200 keys,"869,744.00 ref, $26527.19",0,misc,Level 1-100 Hat,30623,2026-07-21T22:54:09
81,Bonzo the All-Gnawing,Team Captain,578436.98,10109 keys,"578,436.98 ref, $17642.33",3,misc,Level 1-100 Hat,378,2026-07-21T22:54:09
81,Bonzo the All-Gnawing,Killer's Kabuto,543590,9500 keys,"543,590.00 ref, $16579.49",2,misc,Level 1-100 Helmet,152,2026-07-21T22:54:09
81,Bonzo the All-Gnawing,Prehistoric Pullover,334737,5850 keys,"334,737.00 ref, $10209.48",2,misc,Level 1-100 Hood,30704,2026-07-21T22:54:09
81,Bonzo the All-Gnawing,Fed-Fightin' Fedora,317571,5550 keys,"317,571.00 ref, $9685.92",1,misc,Level 1-100 Hat,780,2026-07-21T22:54:09
81,Bonzo the All-Gnawing,Neckwear Headwear,307557.5,5375 keys,"307,557.50 ref, $9380.50",1,misc,Level 1-100 Hat,30307,2026-07-21T22:54:09
81,Bonzo the All-Gnawing,Brainiac Hairpiece,286100,5000 keys,"286,100.00 ref, $8726.05",2,misc,Level 1-100 Facial Hair,590,2026-07-21T22:54:09
81,Bonzo the All-Gnawing,Pithy Professional,286100,5000 keys,"286,100.00 ref, $8726.05",2,misc,Level 1-100 Hat,30915,2026-07-21T22:54:09
81,Bonzo the All-Gnawing,Galvanized Gibus,268934,4700 keys,"268,934.00 ref, $8202.49",1,misc,Level 1-100 Hat,30003,2026-07-21T22:54:09
81,Bonzo the All-Gnawing,Brotherhood of Arms,266073,4650 keys,"266,073.00 ref, $8115.23",1,misc,Level 1-100 Hat,30066,2026-07-21T22:54:09
81,Bonzo the All-Gnawing,Dr's Dapper Topper,261781.5,4575 keys,"261,781.50 ref, $7984.34",2,misc,Level 1-100 Hat,252,2026-07-21T22:54:09
81,Bonzo the All-Gnawing,Pencil Pusher,257490,4500 keys,"257,490.00 ref, $7853.44",2,misc,Level 10 Hair,605,2026-07-21T22:54:09
81,Bonzo the All-Gnawing,Duck Billed Hatypus,240324,4200 keys,"240,324.00 ref, $7329.88",1,misc,Level 1-100 Hat,30700,2026-07-21T22:54:09
81,Bonzo the All-Gnawing,Hunter in Darkness,228880,4000 keys,"228,880.00 ref, $6980.84",3,misc,Level 1-100 Hat,30877,2026-07-21T22:54:09
81,Bonzo the All-Gnawing,Sergeant's Drill Hat,228880,4000 keys,"228,880.00 ref, $6980.84",1,misc,Level 1-100 Hat,183,2026-07-21T22:54:09
81,Bonzo the All-Gnawing,Troublemaker's Tossle Cap,220297,3500–4200 keys,"220,297.00 ref, $6719.06",1,misc,Level 1-100 Hat,150,2026-07-21T22:54:09
81,Bonzo the All-Gnawing,Polar Pullover,203131,3550 keys,"203,131.00 ref, $6195.50",1,misc,Level 1-100 Hat,30329,2026-07-21T22:54:09
81,Bonzo the All-Gnawing,Wraith Wrap,193117.5,3375 keys,"193,117.50 ref, $5890.08",3,misc,Level 1-100 Apparel,937,2026-07-21T22:54:09
81,Bonzo the All-Gnawing,Merc's Mohawk,181959.6,3180 keys,"181,959.60 ref, $5549.77",1,misc,Level 1-100 Hair,30413,2026-07-21T22:54:09
81,Bonzo the All-Gnawing,Reggaelator,180243,3150 keys,"180,243.00 ref, $5497.41",2,misc,Level 1-100 Hat,390,2026-07-21T22:54:09
81,Bonzo the All-Gnawing,Blighted Beak,165938,2900 keys,"165,938.00 ref, $5061.11",2,misc,Level 1-100 Mask,315,2026-07-21T22:54:09
81,Bonzo the All-Gnawing,Your Worst Nightmare,160216,2800 keys,"160,216.00 ref, $4886.59",1,misc,Level 10 Hair,600,2026-07-21T22:54:09
81,Bonzo the All-Gnawing,Danger,157355,2750 keys,"157,355.00 ref, $4799.33",1,misc,Level 1-100 Apparel,30420,2026-07-21T22:54:09
81,Bonzo the All-Gnawing,Horrific Headsplitter,151633,2650 keys,"151,633.00 ref, $4624.81",1,misc,Level 31 Hat,291,2026-07-21T22:54:09
81,Bonzo the All-Gnawing,Kiss King,143050,2500 keys,"143,050.00 ref, $4363.02",3,misc,Level 1-100 Hat,30313,2026-07-21T22:54:09
81,Bonzo the All-Gnawing,Stainless Pot,143050,2500 keys,"143,050.00 ref, $4363.02",4,misc,Level 1-100 Hat,98,2026-07-21T22:54:09
81,Bonzo the All-Gnawing,Field Practice,136183.6,2380 keys,"136,183.60 ref, $4153.60",0,misc,Level 1-100 Headgear,30862,2026-07-21T22:54:09
81,Bonzo the All-Gnawing,Whoopee Cap,135039.2,2100–2620 keys,"135,039.20 ref, $4118.70",3,misc,Level 1-100 Hat,174,2026-07-21T22:54:09
81,Bonzo the All-Gnawing,Defiant Spartan,133894.8,2340 keys,"133,894.80 ref, $4083.79",1,misc,Level 1-100 Helmet,340,2026-07-21T22:54:09
81,Bonzo the All-Gnawing,Executioner,131606,1850–2750 keys,"131,606.00 ref, $4013.98",1,misc,Level 1-100 Hat,921,2026-07-21T22:54:09
81,Bonzo the All-Gnawing,Liquidator's Lid,128029.75,2175–2300 keys,"128,029.75 ref, $3904.91",1,misc,Level 1-100 Hat,779,2026-07-21T22:54:09
81,Bonzo the All-Gnawing,Fruit Shoot,126456.2,2120–2300 keys,"126,456.20 ref, $3856.91",1,misc,Level 1-100 Hat,759,2026-07-21T22:54:09
81,Bonzo the All-Gnawing,Buckaroo's Hat,120162,2100 keys,"120,162.00 ref, $3664.94",2,misc,Level 1-100 Hat,322,2026-07-21T22:54:09
81,Bonzo the All-Gnawing,Chieftain's Challenge,120162,2100 keys,"120,162.00 ref, $3664.94",1,misc,Level 1-100 Hat,250,2026-07-21T22:54:09
81,Bonzo the All-Gnawing,Dread Hiding Hood,120162,2100 keys,"120,162.00 ref, $3664.94",3,misc,Level 1-100 Hood,1095,2026-07-21T22:54:09
81,Bonzo the All-Gnawing,Flamboyant Flamenco,120162,2100 keys,"120,162.00 ref, $3664.94",2,misc,Level 10 Hat,627,2026-07-21T22:54:09
81,Bonzo the All-Gnawing,Honcho's Headgear,120162,2100 keys,"120,162.00 ref, $3664.94",2,misc,Level 1-100 Hat,391,2026-07-21T22:54:09
81,Bonzo the All-Gnawing,Slo-Poke,120162,2100 keys,"120,162.00 ref, $3664.94",1,misc,Level 1-100 Hat,30314,2026-07-21T22:54:09
81,Bonzo the All-Gnawing,Vintage Merryweather,120162,2100 keys,"120,162.00 ref, $3664.94",1,misc,Level 1-100 Helmet,182,2026-07-21T22:54:09
81,Bonzo the All-Gnawing,Détective Noir,119017.6,2080 keys,"119,017.60 ref, $3630.04",1,misc,Level 1-100 Hat,319,2026-07-21T22:54:09
81,Bonzo the All-Gnawing,Buccaneer's Bicorne,117301,2050 keys,"117,301.00 ref, $3577.68",2,misc,Level 10 Hat,607,2026-07-21T22:54:09
81,Bonzo the All-Gnawing,Das Übersternmann,114440,2000 keys,"114,440.00 ref, $3490.42",3,misc,Level 1-100 Hat,30097,2026-07-21T22:54:09
81,Bonzo the All-Gnawing,Harmburg,114440,2000 keys,"114,440.00 ref, $3490.42",2,misc,Level 1-100 Hat,30123,2026-07-21T22:54:09
81,Bonzo the All-Gnawing,Helmet without a Home,114440,2000 keys,"114,440.00 ref, $3490.42",1,misc,Level 1-100 Helmet,732,2026-07-21T22:54:09
81,Bonzo the All-Gnawing,Safe'n'Sound,114440,2000 keys,"114,440.00 ref, $3490.42",2,misc,Level 1-100 Hat,178,2026-07-21T22:54:09
81,Bonzo the All-Gnawing,Front Runner,112151.2,1520–2400 keys,"112,151.20 ref, $3420.61",2,misc,Level 1-100 Hat,760,2026-07-21T22:54:09
81,Bonzo the All-Gnawing,Head Warmer,108718,1900 keys,"108,718.00 ref, $3315.90",1,misc,Level 1-100 Hat,644,2026-07-21T22:54:09
81,Bonzo the All-Gnawing,Greased Lightning,107859.7,1885 keys,"107,859.70 ref, $3289.72",2,misc,Level 1-100 Hair,30078,2026-07-21T22:54:09
81,Bonzo the All-Gnawing,Western Wear,100135,1750 keys,"100,135.00 ref, $3054.12",1,misc,Level 1-100 Hat,379,2026-07-21T22:54:09
81,Bonzo the All-Gnawing,Allbrero,97274,1700 keys,"97,274.00 ref, $2966.86",1,misc,Level 1-100 Hat,30429,2026-07-21T22:54:09
81,Bonzo the All-Gnawing,Tyrantium Helmet,97274,1700 keys,"97,274.00 ref, $2966.86",2,misc,Level 1-100 Helmet,30014,2026-07-21T22:54:09
81,Bonzo the All-Gnawing,Caribbean Conqueror,94413,1650 keys,"94,413.00 ref, $2879.60",1,misc,Level 1-100 Hat,30116,2026-07-21T22:54:09
81,Bonzo the All-Gnawing,Big Country,91552,1600 keys,"91,552.00 ref, $2792.34",1,misc,Level 1-100 Hair,382,2026-07-21T22:54:09
81,Bonzo the All-Gnawing,Conquistador,91552,1600 keys,"91,552.00 ref, $2792.34",2,misc,Level 1-100 Helmet,721,2026-07-21T22:54:09
81,Bonzo the All-Gnawing,Pomade Prince,91552,1600 keys,"91,552.00 ref, $2792.34",3,misc,Level 1-100 Hair,30428,2026-07-21T22:54:09
81,Bonzo the All-Gnawing,Burning Bandana,85830,1500 keys,"85,830.00 ref, $2617.82",3,misc,Level 1-100 Bandana,30091,2026-07-21T22:54:09
81,Bonzo the All-Gnawing,Familiar Fez,85830,1500 keys,"85,830.00 ref, $2617.82",1,misc,Level 1-100 Hat,223,2026-07-21T22:54:09
81,Bonzo the All-Gnawing,Platinum Pickelhaube,85830,1500 keys,"85,830.00 ref, $2617.82",1,misc,Level 1-100 Helmet,30042,2026-07-21T22:54:09
81,Bonzo the All-Gnawing,Triboniophorus Tyrannus,85830,1500 keys,"85,830.00 ref, $2617.82",4,misc,Level 1-100 Mascot,151,2026-07-21T22:54:09
81,Bonzo the All-Gnawing,Armored Authority,85772.78,1499 keys,"85,772.78 ref, $2616.07",2,misc,Level 1-100 Helmet,445,2026-07-21T22:54:09
81,Bonzo the All-Gnawing,Data Mining Light,80108,1400 keys,"80,108.00 ref, $2443.29",2,misc,Level 1-100 Helmet,30051,2026-07-21T22:54:09
81,Bonzo the All-Gnawing,Glasgow Great Helm,80108,1400 keys,"80,108.00 ref, $2443.29",3,misc,Level 1-100 Helmet,30082,2026-07-21T22:54:09
81,Bonzo the All-Gnawing,Sober Stuntman,77819.2,1360 keys,"77,819.20 ref, $2373.49",2,misc,Level 1-100 Helmet,255,2026-07-21T22:54:09
81,Bonzo the All-Gnawing,Pampered Pyro,76102.6,1230–1430 keys,"76,102.60 ref, $2321.13",3,misc,Level 1-100 Towel,30139,2026-07-21T22:54:09
81,Bonzo the All-Gnawing,Engineer's Cap,74386,1300 keys,"74,386.00 ref, $2268.77",4,misc,Level 1-100 Hat,95,2026-07-21T22:54:09
81,Bonzo the All-Gnawing,Halogen Head Lamp,74386,1300 keys,"74,386.00 ref, $2268.77",1,misc,Level 1-100 Hat,30041,2026-07-21T22:54:09
81,Bonzo the All-Gnawing,Heavy Duty Rag,74386,1300 keys,"74,386.00 ref, $2268.77",4,misc,Level 1-100 Bandana,185,2026-07-21T22:54:09
81,Bonzo the All-Gnawing,Magnificent Mongolian,74386,1300 keys,"74,386.00 ref, $2268.77",1,misc,Level 1-100 Hat,313,2026-07-21T22:54:09
81,Bonzo the All-Gnawing,Slick Cut,74386,1300 keys,"74,386.00 ref, $2268.77",2,misc,Level 1-100 Hair,30187,2026-07-21T22:54:09
81,Bonzo the All-Gnawing,Virtual Viewfinder,74386,1300 keys,"74,386.00 ref, $2268.77",1,misc,Level 1-100 Headset,30140,2026-07-21T22:54:09
81,Bonzo the All-Gnawing,Attendant,68664,900–1500 keys,"68,664.00 ref, $2094.25",3,misc,Level 1-100 Hat,213,2026-07-21T22:54:09
81,Bonzo the All-Gnawing,Battle Boonie,68664,1200 keys,"68,664.00 ref, $2094.25",2,misc,Level 1-100 Hat,30907,2026-07-21T22:54:09
81,Bonzo the All-Gnawing,Copper's Hard Top,68664,1200 keys,"68,664.00 ref, $2094.25",3,misc,Level 1-100 Helmet,478,2026-07-21T22:54:09
81,Bonzo the All-Gnawing,Elf Esteem,68664,1200 keys,"68,664.00 ref, $2094.25",0,misc,Level 1-100 Hat,30836,2026-07-21T22:54:09
81,Bonzo the All-Gnawing,Geisha Boy,68664,1200 keys,"68,664.00 ref, $2094.25",1,misc,Level 1-100 Hair,363,2026-07-21T22:54:09
81,Bonzo the All-Gnawing,Scotch Bonnet,67805.7,1185 keys,"67,805.70 ref, $2068.07",1,misc,Level 1-100 Headgear,306,2026-07-21T22:54:09
81,Bonzo the All-Gnawing,Gridiron Guardian,62942,1100 keys,"62,942.00 ref, $1919.73",1,misc,Level 1-100 Helmet,30013,2026-07-21T22:54:09
81,Bonzo the All-Gnawing,Industrial Festivizer,62942,1100 keys,"62,942.00 ref, $1919.73",1,misc,Level 1-100 Hat,338,2026-07-21T22:54:09
81,Bonzo the All-Gnawing,Otolaryngologist's Mirror,62942,1100 keys,"62,942.00 ref, $1919.73",2,misc,Level 1-100 Hat,104,2026-07-21T22:54:09
81,Bonzo the All-Gnawing,Outta Sight,62942,1100 keys,"62,942.00 ref, $1919.73",1,misc,Level 1-100 Hat,30628,2026-07-21T22:54:09
81,Bonzo the All-Gnawing,Hetman's Headpiece,61854.82,1081 keys,"61,854.82 ref, $1886.57",4,misc,Level 1-100 Hat,436,2026-07-21T22:54:09
81,Bonzo the All-Gnawing,Big Chief,60081,1050 keys,"60,081.00 ref, $1832.47",3,misc,Level 1-100 Hat,309,2026-07-21T22:54:09
81,Bonzo the All-Gnawing,Connoisseur's Cap,60081,1050 keys,"60,081.00 ref, $1832.47",2,misc,Level 1-100 Hat,394,2026-07-21T22:54:09
81,Bonzo the All-Gnawing,Nanobalaclava,57220,1000 keys,"57,220.00 ref, $1745.21",2,misc,Level 10 Hat,521,2026-07-21T22:54:09
81,Bonzo the All-Gnawing,Respectless Robo-Glove,57220,1000 keys,"57,220.00 ref, $1745.21",1,misc,Level 1-100 Hat,30039,2026-07-21T22:54:09
81,Bonzo the All-Gnawing,Salty Dog,57220,1000 keys,"57,220.00 ref, $1745.21",2,misc,Level 10 Hat,611,2026-07-21T22:54:09
81,Bonzo the All-Gnawing,Das Naggenvatcher,56876.68,994 keys,"56,876.68 ref, $1734.74",1,misc,Level 1-100 Hat,30109,2026-07-21T22:54:09
81,Bonzo the All-Gnawing,Electric Escorter,54015.68,944 keys,"54,015.68 ref, $1647.48",1,misc,Level 1-100 Hat,30025,2026-07-21T22:54:09
81,Bonzo the All-Gnawing,Hat of Cards,48637,850 keys,"48,637.00 ref, $1483.43",2,misc,Level 1-100 Hat,825,2026-07-21T22:54:09
81,Bonzo the All-Gnawing,Sammy Cap,48637,850 keys,"48,637.00 ref, $1483.43",1,misc,Level 1-100 Hat,30374,2026-07-21T22:54:09
81,Bonzo the All-Gnawing,Toy Tailor,48637,850 keys,"48,637.00 ref, $1483.43",3,misc,Level 1-100 Hat,30327,2026-07-21T22:54:09
81,Bonzo the All-Gnawing,Federal Casemaker,45776,800 keys,"45,776.00 ref, $1396.17",1,misc,Level 1-100 Hat,30119,2026-07-21T22:54:09
81,Bonzo the All-Gnawing,Pure Tin Capotain,42342.8,740 keys,"42,342.80 ref, $1291.46",1,misc,Level 1-100 Hat,30021,2026-07-21T22:54:09
81,Bonzo the All-Gnawing,Das Maddendoktor,40054,700 keys,"40,054.00 ref, $1221.65",3,misc,Level 1-100 Hair,30121,2026-07-21T22:54:09
81,Bonzo the All-Gnawing,Nuke,39481.8,690 keys,"39,481.80 ref, $1204.19",0,misc,Level 1-100 Hair,30885,2026-07-21T22:54:09
81,Bonzo the All-Gnawing,Das Gutenkutteharen,37193,650 keys,"37,193.00 ref, $1134.39",0,misc,Level 1-100 Hair,30127,2026-07-21T22:54:09
81,Bonzo the All-Gnawing,Frontier Djustice,37193,600–700 keys,"37,193.00 ref, $1134.39",1,misc,Level 1-100 Hat,30421,2026-07-21T22:54:09
81,Bonzo the All-Gnawing,Gentleman's Gatsby,37193,650 keys,"37,193.00 ref, $1134.39",3,misc,Level 1-100 Hat,184,2026-07-21T22:54:09
81,Bonzo the All-Gnawing,Spook Specs,37193,650 keys,"37,193.00 ref, $1134.39",2,misc,Level 1-100 Hat,30390,2026-07-21T22:54:09
81,Bonzo the All-Gnawing,Hong Kong Cone,36048.6,630 keys,"36,048.60 ref, $1099.48",0,misc,Level 1-100 Hat,30177,2026-07-21T22:54:09
81,Bonzo the All-Gnawing,Rimmed Raincatcher,35476.4,620 keys,"35,476.40 ref, $1082.03",1,misc,Level 1-100 Hat,216,2026-07-21T22:54:09
81,Bonzo the All-Gnawing,Black Watch,34332,600 keys,"34,332.00 ref, $1047.13",3,misc,Level 1-100 Hat,30105,2026-07-21T22:54:09
81,Bonzo the All-Gnawing,Feathered Fiend,34332,600 keys,"34,332.00 ref, $1047.13",1,misc,Level 1-100 Headgear,30903,2026-07-21T22:54:09
81,Bonzo the All-Gnawing,Cotton Head,30040.5,500–550 keys,"30,040.50 ref, $916.24",3,misc,Level 1-100 Hat,30175,2026-07-21T22:54:09
81,Bonzo the All-Gnawing,Classy Capper,28610,500 keys,"28,610.00 ref, $872.61",2,misc,Level 1-100 Hat,30893,2026-07-21T22:54:09
81,Bonzo the All-Gnawing,Hustler's Hallmark,28610,500 keys,"28,610.00 ref, $872.61",1,misc,Level 1-100 Hat,146,2026-07-21T22:54:09
81,Bonzo the All-Gnawing,Conjurer's Cowl,25749,450 keys,"25,749.00 ref, $785.34",1,misc,Level 1-100 Hood,465,2026-07-21T22:54:09
81,Bonzo the All-Gnawing,Das Hazmattenhatten,25749,450 keys,"25,749.00 ref, $785.34",1,misc,Level 1-100 Safety Apparatus,30095,2026-07-21T22:54:09
81,Bonzo the All-Gnawing,Larrikin Robin,25749,450 keys,"25,749.00 ref, $785.34",1,misc,Level 1-100 Hat,314,2026-07-21T22:54:09
81,Bonzo the All-Gnawing,White Russian,25405.68,444 keys,"25,405.68 ref, $774.87",1,misc,Level 1-100 Hair,30644,2026-07-21T22:54:09
81,Bonzo the All-Gnawing,Wide-Brimmed Bandito,25405.68,444 keys,"25,405.68 ref, $774.87",1,misc,Level 1-100 Hat,30805,2026-07-21T22:54:09
81,Bonzo the All-Gnawing,Counterfeit Billycock,25176.8,440 keys,"25,176.80 ref, $767.89",1,misc,Level 10 Hat,602,2026-07-21T22:54:09
81,Bonzo the All-Gnawing,Tyrant's Helm,25176.8,440 keys,"25,176.80 ref, $767.89",1,misc,Level 1-100 Helmet,99,2026-07-21T22:54:09
81,Bonzo the All-Gnawing,Virtual Reality Headset,25033.75,435–440 keys,"25,033.75 ref, $763.53",2,misc,Level 10 Headset,628,2026-07-21T22:54:09
81,Bonzo the All-Gnawing,Bonk Helm,24032.4,420 keys,"24,032.40 ref, $732.99",2,misc,Level 1-100 Helmet,106,2026-07-21T22:54:09
81,Bonzo the All-Gnawing,Heer's Helmet,23746.3,275–555 keys,"23,746.30 ref, $724.26",2,misc,Level 1-100 Helmet,30378,2026-07-21T22:54:09
81,Bonzo the All-Gnawing,Pyromancer's Mask,22888,400 keys,"22,888.00 ref, $698.08",1,misc,Level 1-100 Mask,316,2026-07-21T22:54:09
81,Bonzo the All-Gnawing,Valley Forge,22888,400 keys,"22,888.00 ref, $698.08",2,misc,Level 1-100 Hat,30114,2026-07-21T22:54:09
81,Bonzo the All-Gnawing,Gentleman's Ushanka,19454.8,340 keys,"19,454.80 ref, $593.37",1,misc,Level 1-100 Hat,778,2026-07-21T22:54:09
81,Bonzo the All-Gnawing,Shooter's Tin Topi,19168.7,335 keys,"19,168.70 ref, $584.65",1,misc,Level 1-100 Hat,30005,2026-07-21T22:54:09
81,Bonzo the All-Gnawing,L'homme Burglerre,18310.4,320 keys,"18,310.40 ref, $558.47",1,misc,Level 1-100 Hat,30182,2026-07-21T22:54:09
81,Bonzo the All-Gnawing,Waxy Wayfinder,18195.96,300–336 keys,"18,195.96 ref, $554.98",2,misc,Level 1-100 Hat,753,2026-07-21T22:54:09
81,Bonzo the All-Gnawing,Bonk Boy,17881.25,300–325 keys,"17,881.25 ref, $545.38",1,misc,Level 1-100 Mask,451,2026-07-21T22:54:09
81,Bonzo the All-Gnawing,Bunsen Brave,17166,300 keys,"17,166.00 ref, $523.56",1,misc,Level 1-100 Hat,30054,2026-07-21T22:54:09
81,Bonzo the All-Gnawing,Human Cannonball,17166,300 keys,"17,166.00 ref, $523.56",2,misc,Level 1-100 Helmet,817,2026-07-21T22:54:09
81,Bonzo the All-Gnawing,Pirate Bandana,16879.9,295 keys,"16,879.90 ref, $514.84",2,misc,Level 1-100 Hat,30180,2026-07-21T22:54:09
81,Bonzo the All-Gnawing,Bruce's Bonnet,16593.8,280–300 keys,"16,593.80 ref, $506.11",1,misc,Level 1-100 Headgear,30627,2026-07-21T22:54:09
81,Bonzo the All-Gnawing,Desert Marauder,16307.7,285 keys,"16,307.70 ref, $497.38",1,misc,Level 1-100 Hat,400,2026-07-21T22:54:09
81,Bonzo the All-Gnawing,Cold Killer,16021.6,280 keys,"16,021.60 ref, $488.66",1,misc,Level 1-100 Hat,981,2026-07-21T22:54:09
81,Bonzo the All-Gnawing,Grenadier's Softcap,16021.6,280 keys,"16,021.60 ref, $488.66",1,misc,Level 1-100 Hat,227,2026-07-21T22:54:09
81,Bonzo the All-Gnawing,Broadband Bonnet,14305,250 keys,"14,305.00 ref, $436.30",1,misc,Level 1-100 Hat,30029,2026-07-21T22:54:09
81,Bonzo the All-Gnawing,Modest Metal Pile of Scrap,14305,250 keys,"14,305.00 ref, $436.30",1,misc,Level 1-100 Hat,30001,2026-07-21T22:54:09
81,Bonzo the All-Gnawing,Trash Man,14305,250 keys,"14,305.00 ref, $436.30",2,misc,Level 1-100 Hat,30346,2026-07-21T22:54:09
81,Bonzo the All-Gnawing,Sole Mate,13732.8,240 keys,"13,732.80 ref, $418.85",1,misc,Level 1-100 Hat,30355,2026-07-21T22:54:09
81,Bonzo the All-Gnawing,Napoleon Complex,13160.6,230 keys,"13,160.60 ref, $401.40",1,misc,Level 1-100 Hat,30360,2026-07-21T22:54:09
81,Bonzo the All-Gnawing,Aviator Assassin,12874.5,225 keys,"12,874.50 ref, $392.67",1,misc,Level 1-100 Hat,30404,2026-07-21T22:54:09
81,Bonzo the All-Gnawing,Bonk Leadwear,12731.45,200–245 keys,"12,731.45 ref, $388.31",1,misc,Level 1-100 Helmet,30030,2026-07-21T22:54:09
81,Bonzo the All-Gnawing,Tartan Spartan,12016.2,210 keys,"12,016.20 ref, $366.49",2,misc,Level 1-100 Helmet,30106,2026-07-21T22:54:09
81,Bonzo the All-Gnawing,Nunhood,11873.15,185–230 keys,"11,873.15 ref, $362.13",1,misc,Level 1-100 Hat,30311,2026-07-21T22:54:09
81,Bonzo the All-Gnawing,Bot Dogger,11444,200 keys,"11,444.00 ref, $349.04",2,misc,Level 1-100 Hat,30018,2026-07-21T22:54:09
81,Bonzo the All-Gnawing,Cadaver's Cranium,11444,200 keys,"11,444.00 ref, $349.04",2,misc,Level 31 Hat,290,2026-07-21T22:54:09
81,Bonzo the All-Gnawing,Towering Pillar of Hats,11444,200 keys,"11,444.00 ref, $349.04",1,misc,Level 1-100 Hat,135,2026-07-21T22:54:09
81,Bonzo the All-Gnawing,Backbiter's Billycock,11157.9,170–220 keys,"11,157.90 ref, $340.32",2,misc,Level 1-100 Hat,108,2026-07-21T22:54:09
81,Bonzo the All-Gnawing,Handyman's Handle,10585.7,180–190 keys,"10,585.70 ref, $322.86",1,misc,Level 1-100 Hat,253,2026-07-21T22:54:09
81,Bonzo the All-Gnawing,Brown Bomber,10156.55,165–190 keys,"10,156.55 ref, $309.77",2,misc,Level 1-100 Hat,671,2026-07-21T22:54:09
81,Bonzo the All-Gnawing,Texas Ten Gallon,9584.35,155–180 keys,"9,584.35 ref, $292.32",1,misc,Level 1-100 Hat,94,2026-07-21T22:54:09
81,Bonzo the All-Gnawing,Private Eye,9155.2,160 keys,"9,155.20 ref, $279.23",2,misc,Level 1-100 Hat,388,2026-07-21T22:54:09
81,Bonzo the All-Gnawing,Noble Amassment of Hats,8296.9,145 keys,"8,296.90 ref, $253.06",1,misc,Level 1-100 Hat,137,2026-07-21T22:54:09
81,Bonzo the All-Gnawing,A Rather Festive Tree,8096.63,133–150 keys,"8,096.63 ref, $246.95",1,misc,Level 1-100 Hat,341,2026-07-21T22:54:09
81,Bonzo the All-Gnawing,Blast Defense,8010.8,140 keys,"8,010.80 ref, $244.33",0,misc,Level 1-100 Headgear,30863,2026-07-21T22:54:09
81,Bonzo the All-Gnawing,Hot Dogger,8010.8,140 keys,"8,010.80 ref, $244.33",1,misc,Level 10 Hat,614,2026-07-21T22:54:09
81,Bonzo the All-Gnawing,Samur-Eye,8010.8,137–143 keys,"8,010.80 ref, $244.33",2,misc,Level 1-100 Helmet,359,2026-07-21T22:54:09
81,Bonzo the All-Gnawing,Tartan Tyrolean,7467.21,123–138 keys,"7,467.21 ref, $227.75",2,misc,Level 1-100 Hat,30334,2026-07-21T22:54:09
81,Bonzo the All-Gnawing,Gym Rat,7295.55,95–160 keys,"7,295.55 ref, $222.51",1,misc,Level 10 Hair,613,2026-07-21T22:54:09
81,Bonzo the All-Gnawing,Brim-Full of Bullets,6866.4,120 keys,"6,866.40 ref, $209.43",1,misc,Level 1-100 Hat,30173,2026-07-21T22:54:09
81,Bonzo the All-Gnawing,Smoking Skid Lid,6666.13,116–117 keys,"6,666.13 ref, $203.32",1,misc,Level 1-100 Hat,30399,2026-07-21T22:54:09
81,Bonzo the All-Gnawing,Cloud Crasher,6523.08,98–130 keys,"6,523.08 ref, $198.95",1,misc,Level 1-100 Helmet,30071,2026-07-21T22:54:09
81,Bonzo the All-Gnawing,L'Inspecteur,6122.54,107 keys,"6,122.54 ref, $186.74",1,misc,Level 10 Hat,622,2026-07-21T22:54:09
81,Bonzo the All-Gnawing,Hotrod,5722,100 keys,"5,722.00 ref, $174.52",2,misc,Level 1-100 Mask,148,2026-07-21T22:54:09
81,Bonzo the All-Gnawing,Infernal Impaler,5722,100 keys,"5,722.00 ref, $174.52",2,misc,Level 13 Headgear,575,2026-07-21T22:54:09
81,Bonzo the All-Gnawing,Birdcage,5664.78,99 keys,"5,664.78 ref, $172.78",1,misc,Level 10 Hat,615,2026-07-21T22:54:09
81,Bonzo the All-Gnawing,Bone Dome,5321.46,93 keys,"5,321.46 ref, $162.30",2,misc,Level 1-100 Helmet,30162,2026-07-21T22:54:09
81,Bonzo the All-Gnawing,Hive Minder,5321.46,91–95 keys,"5,321.46 ref, $162.30",1,misc,Level 1-100 Hat,30093,2026-07-21T22:54:09
81,Bonzo the All-Gnawing,One-Man Army,4005.4,70 keys,"4,005.40 ref, $122.16",1,misc,Level 10 Hair,601,2026-07-21T22:54:09
81,Bonzo the All-Gnawing,Titanium Tyrolean,4005.4,70 keys,"4,005.40 ref, $122.16",2,misc,Level 1-100 Hat,30045,2026-07-21T22:54:09
81,Bonzo the All-Gnawing,Noble Nickel Amassment of Hats,3805.13,65–68 keys,"3,805.13 ref, $116.06",3,misc,Level 1-100 Hat,30006,2026-07-21T22:54:09
81,Bonzo the All-Gnawing,Officer's Ushanka,3776.52,66 keys,"3,776.52 ref, $115.18",2,misc,Level 1-100 Hat,96,2026-07-21T22:54:09
81,Bonzo the All-Gnawing,Virus Doctor,3776.52,66 keys,"3,776.52 ref, $115.18",1,misc,Level 1-100 Hat,30043,2026-07-21T22:54:09
81,Bonzo the All-Gnawing,Brain Bucket,3490.42,61 keys,"3,490.42 ref, $106.46",2,misc,Level 1-100 Hat,434,2026-07-21T22:54:09
81,Bonzo the All-Gnawing,Stout Shako,3375.98,59 keys,"3,375.98 ref, $102.97",1,misc,Level 1-100 Hat,251,2026-07-21T22:54:09
81,Bonzo the All-Gnawing,Old Guadalajara,3232.93,55–58 keys,"3,232.93 ref, $98.60",1,misc,Level 1-100 Hat,247,2026-07-21T22:54:09
81,Bonzo the All-Gnawing,Pyro's Boron Beanie,3061.27,47–60 keys,"3,061.27 ref, $93.37",1,misc,Level 1-100 Hat,30040,2026-07-21T22:54:09
81,Bonzo the All-Gnawing,Outdoorsman,2861,50 keys,"2,861.00 ref, $87.26",2,misc,Level 10 Hat,603,2026-07-21T22:54:09
81,Bonzo the All-Gnawing,Madame Dixie,2689.34,47 keys,"2,689.34 ref, $82.02",1,misc,Level 1-100 Hat,321,2026-07-21T22:54:09
81,Bonzo the All-Gnawing,Berliner's Bucket Helm,2603.51,41–50 keys,"2,603.51 ref, $79.41",1,misc,Level 1-100 Helmet,303,2026-07-21T22:54:09
81,Bonzo the All-Gnawing,Ze Goggles,2603.51,41–50 keys,"2,603.51 ref, $79.41",2,misc,Level 1-100 Glasses,177,2026-07-21T22:54:09
81,Bonzo the All-Gnawing,Metal Slug,2288.8,40 keys,"2,288.80 ref, $69.81",2,misc,Level 1-100 Hat,30028,2026-07-21T22:54:09
81,Bonzo the All-Gnawing,FR-0,1945.48,34 keys,"1,945.48 ref, $59.34",1,misc,Level 1-100 Hat,30016,2026-07-21T22:54:09
81,Bonzo the All-Gnawing,Timeless Topper,1773.82,31 keys,"1,773.82 ref, $54.10",1,misc,Level 1-100 Hat,30035,2026-07-21T22:54:09
81,Bonzo the All-Gnawing,Bootleg Base Metal Billycock,1430.5,25 keys,"1,430.50 ref, $43.63",1,misc,Level 1-100 Hat,30047,2026-07-21T22:54:09
73,Arcana,Virtual Viewfinder,1167288,20400 keys,"1,167,288.00 ref, $35602.28",2,misc,Level 1-100 Headset,30140,2026-07-21T22:54:09
73,Arcana,Patriot Peak,660891,11550 keys,"660,891.00 ref, $20157.18",0,misc,Level 1-100 Hat,30743,2026-07-21T22:54:09
73,Arcana,Crone's Dome,580783,10150 keys,"580,783.00 ref, $17713.88",1,misc,Level 1-100 Hat,920,2026-07-21T22:54:09
73,Arcana,Tyrant's Helm,449177,7850 keys,"449,177.00 ref, $13699.90",1,misc,Level 1-100 Helmet,99,2026-07-21T22:54:09
73,Arcana,Bonk Boy,360486,6300 keys,"360,486.00 ref, $10994.82",5,misc,Level 1-100 Mask,451,2026-07-21T22:54:09
73,Arcana,Pencil Pusher,308988,5400 keys,"308,988.00 ref, $9424.13",2,misc,Level 10 Hair,605,2026-07-21T22:54:09
73,Arcana,Das Übersternmann,286100,5000 keys,"286,100.00 ref, $8726.05",1,misc,Level 1-100 Hat,30097,2026-07-21T22:54:09
73,Arcana,Soldered Sensei,283239,4950 keys,"283,239.00 ref, $8638.79",2,misc,Level 1-100 Hat,30004,2026-07-21T22:54:09
73,Arcana,Brown Bomber,257490,4500 keys,"257,490.00 ref, $7853.44",3,misc,Level 1-100 Hat,671,2026-07-21T22:54:09
73,Arcana,Rotation Sensation,240324,4200 keys,"240,324.00 ref, $7329.88",0,misc,Level 1-100 Hat,30623,2026-07-21T22:54:09
73,Arcana,Well-Rounded Rifleman,237463,4150 keys,"237,463.00 ref, $7242.62",4,misc,Level 1-100 Hat,30067,2026-07-21T22:54:09
73,Arcana,Salty Dog,214575,3750 keys,"214,575.00 ref, $6544.54",2,misc,Level 10 Hat,611,2026-07-21T22:54:09
73,Arcana,Galvanized Gibus,203131,3550 keys,"203,131.00 ref, $6195.50",2,misc,Level 1-100 Hat,30003,2026-07-21T22:54:09
73,Arcana,Flamboyant Flamenco,185965,3250 keys,"185,965.00 ref, $5671.93",2,misc,Level 10 Hat,627,2026-07-21T22:54:09
73,Arcana,Merc's Mohawk,177382,3100 keys,"177,382.00 ref, $5410.15",1,misc,Level 1-100 Hair,30413,2026-07-21T22:54:09
73,Arcana,Swagman's Swatter,168799,2950 keys,"168,799.00 ref, $5148.37",2,misc,Level 10 Hat,626,2026-07-21T22:54:09
73,Arcana,Fortunate Son,160216,2800 keys,"160,216.00 ref, $4886.59",1,misc,Level 1-100 Helmet,30636,2026-07-21T22:54:09
73,Arcana,Anger,154494,2650–2750 keys,"154,494.00 ref, $4712.07",2,misc,Level 10 Hood,518,2026-07-21T22:54:09
73,Arcana,Towering Pillar of Hats,144480.5,2525 keys,"144,480.50 ref, $4406.66",3,misc,Level 1-100 Hat,135,2026-07-21T22:54:09
73,Arcana,Killer Exclusive,143050,2500 keys,"143,050.00 ref, $4363.02",2,misc,Level 10 Hat,538,2026-07-21T22:54:09
73,Arcana,Vintage Tyrolean,137328,2400 keys,"137,328.00 ref, $4188.50",2,misc,Level 1-100 Hat,101,2026-07-21T22:54:09
73,Arcana,Wet Works,123023,2150 keys,"123,023.00 ref, $3752.20",3,misc,Level 1-100 Hat,30135,2026-07-21T22:54:09
73,Arcana,Powdered Practitioner,121306.4,2120 keys,"121,306.40 ref, $3699.85",2,misc,Level 1-100 Hat,30069,2026-07-21T22:54:09
73,Arcana,Cold Killer,120162,2100 keys,"120,162.00 ref, $3664.94",2,misc,Level 1-100 Hat,981,2026-07-21T22:54:09
73,Arcana,Chieftain's Challenge,117301,1850–2250 keys,"117,301.00 ref, $3577.68",2,misc,Level 1-100 Hat,250,2026-07-21T22:54:09
73,Arcana,Gentleman's Ushanka,114440,2000 keys,"114,440.00 ref, $3490.42",3,misc,Level 1-100 Hat,778,2026-07-21T22:54:09
73,Arcana,Hat of Cards,114440,2000 keys,"114,440.00 ref, $3490.42",3,misc,Level 1-100 Hat,825,2026-07-21T22:54:09
73,Arcana,Sergeant's Drill Hat,114440,2000 keys,"114,440.00 ref, $3490.42",1,misc,Level 1-100 Hat,183,2026-07-21T22:54:09
73,Arcana,Desert Marauder,109805.18,1919 keys,"109,805.18 ref, $3349.06",4,misc,Level 1-100 Hat,400,2026-07-21T22:54:09
73,Arcana,Executioner,108718,1900 keys,"108,718.00 ref, $3315.90",3,misc,Level 1-100 Hat,921,2026-07-21T22:54:09
73,Arcana,Tyrantium Helmet,105857,1850 keys,"105,857.00 ref, $3228.64",2,misc,Level 1-100 Helmet,30014,2026-07-21T22:54:09
73,Arcana,Battle Boonie,102996,1800 keys,"102,996.00 ref, $3141.38",1,misc,Level 1-100 Hat,30907,2026-07-21T22:54:09
73,Arcana,Front Runner,102996,1800 keys,"102,996.00 ref, $3141.38",2,misc,Level 1-100 Hat,760,2026-07-21T22:54:09
73,Arcana,Infernal Impaler,91552,1600 keys,"91,552.00 ref, $2792.34",1,misc,Level 13 Headgear,575,2026-07-21T22:54:09
73,Arcana,Scotsman's Stove Pipe,87260.5,1350–1700 keys,"87,260.50 ref, $2661.45",2,misc,Level 1-100 Hat,120,2026-07-21T22:54:09
73,Arcana,Honcho's Headgear,85830,1500 keys,"85,830.00 ref, $2617.82",1,misc,Level 1-100 Hat,391,2026-07-21T22:54:09
73,Arcana,Safe'n'Sound,85830,1500 keys,"85,830.00 ref, $2617.82",1,misc,Level 1-100 Hat,178,2026-07-21T22:54:09
73,Arcana,Shellmet,85830,1500 keys,"85,830.00 ref, $2617.82",2,misc,Level 1-100 Helmet,30897,2026-07-21T22:54:09
73,Arcana,Larrikin Robin,82969,1450 keys,"82,969.00 ref, $2530.55",4,misc,Level 1-100 Hat,314,2026-07-21T22:54:09
73,Arcana,Vintage Merryweather,82396.8,1440 keys,"82,396.80 ref, $2513.10",2,misc,Level 1-100 Helmet,182,2026-07-21T22:54:09
73,Arcana,German Gonzila,81538.5,1425 keys,"81,538.50 ref, $2486.92",4,misc,Level 1-100 Hat,323,2026-07-21T22:54:09
73,Arcana,Bonk Leadwear,80108,1400 keys,"80,108.00 ref, $2443.29",3,misc,Level 1-100 Helmet,30030,2026-07-21T22:54:09
73,Arcana,Détective Noir,80108,1400 keys,"80,108.00 ref, $2443.29",2,misc,Level 1-100 Hat,319,2026-07-21T22:54:09
73,Arcana,El Jefe,80108,1400 keys,"80,108.00 ref, $2443.29",1,misc,Level 10 Hat,539,2026-07-21T22:54:09
73,Arcana,Pure Tin Capotain,77819.2,1360 keys,"77,819.20 ref, $2373.49",2,misc,Level 1-100 Hat,30021,2026-07-21T22:54:09
73,Arcana,Lord Cockswain's Pith Helmet,74386,1300 keys,"74,386.00 ref, $2268.77",1,misc,Level 1-100 Headgear,439,2026-07-21T22:54:09
73,Arcana,One-Man Army,74386,1300 keys,"74,386.00 ref, $2268.77",3,misc,Level 10 Hair,601,2026-07-21T22:54:09
73,Arcana,Sultan's Ceremonial,74386,1300 keys,"74,386.00 ref, $2268.77",1,misc,Level 1-100 Hat,403,2026-07-21T22:54:09
73,Arcana,Voodoo JuJu (Slight Return),73241.6,1280 keys,"73,241.60 ref, $2233.87",4,misc,Level 1-100 Hat,935,2026-07-21T22:54:09
73,Arcana,Bombing Run,72097.2,1260 keys,"72,097.20 ref, $2198.96",1,misc,Level 1-100 Helmet,249,2026-07-21T22:54:09
73,Arcana,Copper's Hard Top,71525,1250 keys,"71,525.00 ref, $2181.51",1,misc,Level 1-100 Helmet,478,2026-07-21T22:54:09
73,Arcana,Firewall Helmet,71525,1250 keys,"71,525.00 ref, $2181.51",1,misc,Level 1-100 Helmet,30038,2026-07-21T22:54:09
73,Arcana,Screamin' Eagle,71525,1250 keys,"71,525.00 ref, $2181.51",0,misc,Level 1-100 Hat,30548,2026-07-21T22:54:09
73,Arcana,Horrific Headsplitter,68664,1200 keys,"68,664.00 ref, $2094.25",1,misc,Level 31 Hat,291,2026-07-21T22:54:09
73,Arcana,Bot Dogger,67233.5,1000–1350 keys,"67,233.50 ref, $2050.62",2,misc,Level 1-100 Hat,30018,2026-07-21T22:54:09
73,Arcana,Defiant Spartan,65803,1150 keys,"65,803.00 ref, $2006.99",3,misc,Level 1-100 Helmet,340,2026-07-21T22:54:09
73,Arcana,Whoopee Cap,65803,1150 keys,"65,803.00 ref, $2006.99",3,misc,Level 1-100 Hat,174,2026-07-21T22:54:09
73,Arcana,Bubble Pipe,63571.42,1111 keys,"63,571.42 ref, $1938.93",2,misc,Level 1-100 Helmet,597,2026-07-21T22:54:09
73,Arcana,Fruit Shoot,62942,1000–1200 keys,"62,942.00 ref, $1919.73",4,misc,Level 1-100 Hat,759,2026-07-21T22:54:09
73,Arcana,Modest Metal Pile of Scrap,62942,1100 keys,"62,942.00 ref, $1919.73",1,misc,Level 1-100 Hat,30001,2026-07-21T22:54:09
73,Arcana,Bonk Helm,61282.62,1071 keys,"61,282.62 ref, $1869.12",6,misc,Level 1-100 Helmet,106,2026-07-21T22:54:09
73,Arcana,Crocleather Slouch,60710.42,1061 keys,"60,710.42 ref, $1851.67",1,misc,Level 1-100 Hat,344,2026-07-21T22:54:09
73,Arcana,Hustler's Hallmark,60081,800–1300 keys,"60,081.00 ref, $1832.47",2,misc,Level 1-100 Hat,146,2026-07-21T22:54:09
73,Arcana,Rebel Rouser,60081,1050 keys,"60,081.00 ref, $1832.47",1,misc,Level 1-100 Hat,30120,2026-07-21T22:54:09
73,Arcana,Whirly Warrior,60081,1050 keys,"60,081.00 ref, $1832.47",2,misc,Level 1-100 Helmet,30118,2026-07-21T22:54:09
73,Arcana,Brainiac Hairpiece,57220,1000 keys,"57,220.00 ref, $1745.21",1,misc,Level 1-100 Facial Hair,590,2026-07-21T22:54:09
73,Arcana,Hat with No Name,57220,1000 keys,"57,220.00 ref, $1745.21",2,misc,Level 10 Hat,631,2026-07-21T22:54:09
73,Arcana,Letch's LED,57220,1000 keys,"57,220.00 ref, $1745.21",1,misc,Level 1-100 Hat,30002,2026-07-21T22:54:09
73,Arcana,White Russian,57220,1000 keys,"57,220.00 ref, $1745.21",1,misc,Level 1-100 Hair,30644,2026-07-21T22:54:09
73,Arcana,Your Worst Nightmare,57220,1000 keys,"57,220.00 ref, $1745.21",3,misc,Level 10 Hair,600,2026-07-21T22:54:09
73,Arcana,Buckaroo's Hat,54931.2,960 keys,"54,931.20 ref, $1675.40",4,misc,Level 1-100 Hat,322,2026-07-21T22:54:09
73,Arcana,Gym Rat,54359,950 keys,"54,359.00 ref, $1657.95",1,misc,Level 10 Hair,613,2026-07-21T22:54:09
73,Arcana,Buccaneer's Bicorne,53214.6,930 keys,"53,214.60 ref, $1623.05",2,misc,Level 10 Hat,607,2026-07-21T22:54:09
73,Arcana,Attendant,52070.2,820–1000 keys,"52,070.20 ref, $1588.14",2,misc,Level 1-100 Hat,213,2026-07-21T22:54:09
73,Arcana,Company Man,52070.2,910 keys,"52,070.20 ref, $1588.14",3,misc,Level 10 Hat,523,2026-07-21T22:54:09
73,Arcana,Backbiter's Billycock,51498,900 keys,"51,498.00 ref, $1570.69",2,misc,Level 1-100 Hat,108,2026-07-21T22:54:09
73,Arcana,Backwards Ballcap,51498,900 keys,"51,498.00 ref, $1570.69",2,misc,Level 10 Hat,617,2026-07-21T22:54:09
73,Arcana,Connoisseur's Cap,51498,900 keys,"51,498.00 ref, $1570.69",2,misc,Level 1-100 Hat,394,2026-07-21T22:54:09
73,Arcana,Federal Casemaker,51498,900 keys,"51,498.00 ref, $1570.69",1,misc,Level 1-100 Hat,30119,2026-07-21T22:54:09
73,Arcana,Slick Cut,51498,900 keys,"51,498.00 ref, $1570.69",2,misc,Level 1-100 Hair,30187,2026-07-21T22:54:09
73,Arcana,Le Party Phantom,50353.6,880 keys,"50,353.60 ref, $1535.78",1,misc,Level 1-100 Mask,337,2026-07-21T22:54:09
73,Arcana,FR-0,48637,850 keys,"48,637.00 ref, $1483.43",2,misc,Level 1-100 Hat,30016,2026-07-21T22:54:09
73,Arcana,Outdoorsman,46920.4,820 keys,"46,920.40 ref, $1431.07",2,misc,Level 10 Hat,603,2026-07-21T22:54:09
73,Arcana,Helmet without a Home,43487.2,760 keys,"43,487.20 ref, $1326.36",2,misc,Level 1-100 Helmet,732,2026-07-21T22:54:09
73,Arcana,Ze Goggles,42915,750 keys,"42,915.00 ref, $1308.91",3,misc,Level 1-100 Glasses,177,2026-07-21T22:54:09
73,Arcana,Bruce's Bonnet,41198.4,720 keys,"41,198.40 ref, $1256.55",0,misc,Level 1-100 Headgear,30627,2026-07-21T22:54:09
73,Arcana,Big Chief,40054,700 keys,"40,054.00 ref, $1221.65",2,misc,Level 1-100 Hat,309,2026-07-21T22:54:09
73,Arcana,Big Country,40054,700 keys,"40,054.00 ref, $1221.65",3,misc,Level 1-100 Hair,382,2026-07-21T22:54:09
73,Arcana,Glengarry Bonnet,40054,700 keys,"40,054.00 ref, $1221.65",1,misc,Level 1-100 Hat,100,2026-07-21T22:54:09
73,Arcana,Outta Sight,39767.9,695 keys,"39,767.90 ref, $1212.92",4,misc,Level 1-100 Hat,30628,2026-07-21T22:54:09
73,Arcana,Tartan Spartan,38909.6,680 keys,"38,909.60 ref, $1186.74",2,misc,Level 1-100 Helmet,30106,2026-07-21T22:54:09
73,Arcana,Hunter in Darkness,37765.2,620–700 keys,"37,765.20 ref, $1151.84",0,misc,Level 1-100 Hat,30877,2026-07-21T22:54:09
73,Arcana,Magnificent Mongolian,37479.1,655 keys,"37,479.10 ref, $1143.11",1,misc,Level 1-100 Hat,313,2026-07-21T22:54:09
73,Arcana,Little Buddy,35476.4,620 keys,"35,476.40 ref, $1082.03",1,misc,Level 10 Hat,612,2026-07-21T22:54:09
73,Arcana,Tough Stuff Muffs,35476.4,620 keys,"35,476.40 ref, $1082.03",3,misc,Level 1-100 Hat,984,2026-07-21T22:54:09
73,Arcana,A Rather Festive Tree,34332,600 keys,"34,332.00 ref, $1047.13",3,misc,Level 1-100 Hat,341,2026-07-21T22:54:09
73,Arcana,Berliner's Bucket Helm,34332,600 keys,"34,332.00 ref, $1047.13",1,misc,Level 1-100 Helmet,303,2026-07-21T22:54:09
73,Arcana,Cloud Crasher,34332,600 keys,"34,332.00 ref, $1047.13",3,misc,Level 1-100 Helmet,30071,2026-07-21T22:54:09
73,Arcana,Scotch Bonnet,32901.5,575 keys,"32,901.50 ref, $1003.50",1,misc,Level 1-100 Headgear,306,2026-07-21T22:54:09
73,Arcana,Team Captain,31757.1,555 keys,"31,757.10 ref, $968.59",3,misc,Level 1-100 Hat,378,2026-07-21T22:54:09
73,Arcana,Archer's Sterling,31471,550 keys,"31,471.00 ref, $959.87",0,misc,Level 1-100 Helmet,30874,2026-07-21T22:54:09
73,Arcana,Brain-Warming Wear,31471,550 keys,"31,471.00 ref, $959.87",0,misc,Level 1-100 Hat,30827,2026-07-21T22:54:09
73,Arcana,Medic's Mountain Cap,31471,550 keys,"31,471.00 ref, $959.87",2,misc,Level 1-100 Hat,381,2026-07-21T22:54:09
73,Arcana,Counterfeit Billycock,30898.8,540 keys,"30,898.80 ref, $942.41",1,misc,Level 10 Hat,602,2026-07-21T22:54:09
73,Arcana,Hard Counter,30326.6,530 keys,"30,326.60 ref, $924.96",1,misc,Level 1-100 Hat,254,2026-07-21T22:54:09
73,Arcana,Heavy Duty Rag,30326.6,530 keys,"30,326.60 ref, $924.96",3,misc,Level 1-100 Bandana,185,2026-07-21T22:54:09
73,Arcana,Bolted Bicorne,29983.28,450–598 keys,"29,983.28 ref, $914.49",3,misc,Level 1-100 Hat,30034,2026-07-21T22:54:09
73,Arcana,Bolted Birdcage,28610,500 keys,"28,610.00 ref, $872.61",1,misc,Level 1-100 Hat,30057,2026-07-21T22:54:09
73,Arcana,Pirate Bandana,28610,500 keys,"28,610.00 ref, $872.61",2,misc,Level 1-100 Hat,30180,2026-07-21T22:54:09
73,Arcana,Steel Shako,28610,500 keys,"28,610.00 ref, $872.61",1,misc,Level 1-100 Hat,30017,2026-07-21T22:54:09
73,Arcana,Furious Fukaamigasa,28323.9,440–550 keys,"28,323.90 ref, $863.88",3,misc,Level 1-100 Hat,395,2026-07-21T22:54:09
73,Arcana,Tam O' Shanter,28037.8,490 keys,"28,037.80 ref, $855.15",1,misc,Level 1-100 Hat,480,2026-07-21T22:54:09
73,Arcana,Respectless Robo-Glove,25749,450 keys,"25,749.00 ref, $785.34",3,misc,Level 1-100 Hat,30039,2026-07-21T22:54:09
73,Arcana,Stormin' Norman,25176.8,440 keys,"25,176.80 ref, $767.89",2,misc,Level 1-100 Helmet,30112,2026-07-21T22:54:09
73,Arcana,Black Watch,25033.75,425–450 keys,"25,033.75 ref, $763.53",3,misc,Level 1-100 Hat,30105,2026-07-21T22:54:09
73,Arcana,Troublemaker's Tossle Cap,23746.3,415 keys,"23,746.30 ref, $724.26",1,misc,Level 1-100 Hat,150,2026-07-21T22:54:09
73,Arcana,Conjurer's Cowl,22888,400 keys,"22,888.00 ref, $698.08",1,misc,Level 1-100 Hood,465,2026-07-21T22:54:09
73,Arcana,Feathered Fiend,22888,400 keys,"22,888.00 ref, $698.08",4,misc,Level 1-100 Headgear,30903,2026-07-21T22:54:09
73,Arcana,Wing Mann,22888,400 keys,"22,888.00 ref, $698.08",1,misc,Level 1-100 Hat,30809,2026-07-21T22:54:09
73,Arcana,Nanobalaclava,21171.4,370 keys,"21,171.40 ref, $645.73",1,misc,Level 10 Hat,521,2026-07-21T22:54:09
73,Arcana,Engineer's Cap,20599.2,325–395 keys,"20,599.20 ref, $628.28",2,misc,Level 1-100 Hat,95,2026-07-21T22:54:09
73,Arcana,Pithy Professional,20027,350 keys,"20,027.00 ref, $610.82",0,misc,Level 1-100 Hat,30915,2026-07-21T22:54:09
73,Arcana,Pyro's Boron Beanie,20027,350 keys,"20,027.00 ref, $610.82",2,misc,Level 1-100 Hat,30040,2026-07-21T22:54:09
73,Arcana,Pugilist's Protector,19740.9,315–375 keys,"19,740.90 ref, $602.10",2,misc,Level 1-100 Headgear,246,2026-07-21T22:54:09
73,Arcana,Samur-Eye,18596.5,325 keys,"18,596.50 ref, $567.19",2,misc,Level 1-100 Helmet,359,2026-07-21T22:54:09
73,Arcana,Titanium Tyrolean,18024.3,315 keys,"18,024.30 ref, $549.74",1,misc,Level 1-100 Hat,30045,2026-07-21T22:54:09
73,Arcana,Das Naggenvatcher,17166,300 keys,"17,166.00 ref, $523.56",4,misc,Level 1-100 Hat,30109,2026-07-21T22:54:09
73,Arcana,Physician's Protector,17166,300 keys,"17,166.00 ref, $523.56",2,misc,Level 1-100 Helmet,30625,2026-07-21T22:54:09
73,Arcana,Rimmed Raincatcher,17166,300 keys,"17,166.00 ref, $523.56",1,misc,Level 1-100 Hat,216,2026-07-21T22:54:09
73,Arcana,Timeless Topper,17166,300 keys,"17,166.00 ref, $523.56",3,misc,Level 1-100 Hat,30035,2026-07-21T22:54:09
73,Arcana,Virtual Reality Headset,17166,300 keys,"17,166.00 ref, $523.56",2,misc,Level 10 Headset,628,2026-07-21T22:54:09
73,Arcana,Elf Esteem,16593.8,250–330 keys,"16,593.80 ref, $506.11",0,misc,Level 1-100 Hat,30836,2026-07-21T22:54:09
73,Arcana,Lucky Shot,15163.3,265 keys,"15,163.30 ref, $462.48",2,misc,Level 1-100 Helmet,701,2026-07-21T22:54:09
73,Arcana,Tsarboosh,14305,250 keys,"14,305.00 ref, $436.30",1,misc,Level 1-100 Hat,30081,2026-07-21T22:54:09
73,Arcana,Glasgow Great Helm,14104.73,238–255 keys,"14,104.73 ref, $430.19",2,misc,Level 1-100 Helmet,30082,2026-07-21T22:54:09
73,Arcana,Western Wear,13732.8,240 keys,"13,732.80 ref, $418.85",2,misc,Level 1-100 Hat,379,2026-07-21T22:54:09
73,Arcana,L'Inspecteur,13446.7,235 keys,"13,446.70 ref, $410.12",2,misc,Level 10 Hat,622,2026-07-21T22:54:09
73,Arcana,Texas Tin-Gallon,13446.7,235 keys,"13,446.70 ref, $410.12",3,misc,Level 1-100 Hat,30044,2026-07-21T22:54:09
73,Arcana,War Pig,12874.5,225 keys,"12,874.50 ref, $392.67",1,misc,Level 1-100 Headgear,829,2026-07-21T22:54:09
73,Arcana,Noble Amassment of Hats,12588.4,220 keys,"12,588.40 ref, $383.95",1,misc,Level 1-100 Hat,137,2026-07-21T22:54:09
73,Arcana,Ground Control,12016.2,210 keys,"12,016.20 ref, $366.49",1,misc,Level 1-100 Hat,30338,2026-07-21T22:54:09
73,Arcana,Large Luchador,11444,200 keys,"11,444.00 ref, $349.04",3,misc,Level 1-100 Mask,380,2026-07-21T22:54:09
73,Arcana,Platinum Pickelhaube,11157.9,195 keys,"11,157.90 ref, $340.32",2,misc,Level 1-100 Helmet,30042,2026-07-21T22:54:09
73,Arcana,Greased Lightning,11014.85,175–210 keys,"11,014.85 ref, $335.95",1,misc,Level 1-100 Hair,30078,2026-07-21T22:54:09
73,Arcana,Trencher's Topper,10986.24,192 keys,"10,986.24 ref, $335.08",0,misc,Level 1-100 Helmet,30336,2026-07-21T22:54:09
73,Arcana,Officer's Ushanka,10871.8,190 keys,"10,871.80 ref, $331.59",1,misc,Level 1-100 Hat,96,2026-07-21T22:54:09
73,Arcana,Familiar Fez,10728.75,175–200 keys,"10,728.75 ref, $327.23",2,misc,Level 1-100 Hat,223,2026-07-21T22:54:09
73,Arcana,Cosa Nostra Cap,10299.6,160–200 keys,"10,299.60 ref, $314.14",1,misc,Level 1-100 Hat,459,2026-07-21T22:54:09
73,Arcana,Master's Yellow Belt,10299.6,175–185 keys,"10,299.60 ref, $314.14",0,misc,Level 1-100 Hat,110,2026-07-21T22:54:09
73,Arcana,Handyman's Handle,10013.5,175 keys,"10,013.50 ref, $305.41",1,misc,Level 1-100 Hat,253,2026-07-21T22:54:09
73,Arcana,Shooter's Tin Topi,9326.86,163 keys,"9,326.86 ref, $284.47",1,misc,Level 1-100 Hat,30005,2026-07-21T22:54:09
73,Arcana,Ye Oiled Baker Boy,9326.86,163 keys,"9,326.86 ref, $284.47",1,misc,Level 1-100 Hat,30019,2026-07-21T22:54:09
73,Arcana,Grenadier's Softcap,9155.2,150–170 keys,"9,155.20 ref, $279.23",2,misc,Level 1-100 Hat,227,2026-07-21T22:54:09
73,Arcana,Respectless Rubber Glove,9155.2,160 keys,"9,155.20 ref, $279.23",1,misc,Level 1-100 Hat,102,2026-07-21T22:54:09
73,Arcana,Prancer's Pride,8811.88,154 keys,"8,811.88 ref, $268.76",3,misc,Level 1-100 Hat,318,2026-07-21T22:54:09
73,Arcana,Birdcage,8583,150 keys,"8,583.00 ref, $261.78",4,misc,Level 10 Hat,615,2026-07-21T22:54:09
73,Arcana,Geisha Boy,8583,150 keys,"8,583.00 ref, $261.78",1,misc,Level 1-100 Hair,363,2026-07-21T22:54:09
73,Arcana,Valley Forge,8583,150 keys,"8,583.00 ref, $261.78",1,misc,Level 1-100 Hat,30114,2026-07-21T22:54:09
73,Arcana,Base Metal Billycock,8125.24,142 keys,"8,125.24 ref, $247.82",1,misc,Level 1-100 Hat,30007,2026-07-21T22:54:09
73,Arcana,Conquistador,7438.6,120–140 keys,"7,438.60 ref, $226.88",1,misc,Level 1-100 Helmet,721,2026-07-21T22:54:09
73,Arcana,Texas Ten Gallon,6523.08,114 keys,"6,523.08 ref, $198.95",2,misc,Level 1-100 Hat,94,2026-07-21T22:54:09
73,Arcana,Commando Elite,5664.78,99 keys,"5,664.78 ref, $172.78",6,misc,Level 1-100 Helmet,30912,2026-07-21T22:54:09
73,Arcana,Madame Dixie,5550.34,79–115 keys,"5,550.34 ref, $169.29",3,misc,Level 1-100 Hat,321,2026-07-21T22:54:09
73,Arcana,Liquidator's Lid,5149.8,80–100 keys,"5,149.80 ref, $157.07",1,misc,Level 1-100 Hat,779,2026-07-21T22:54:09
73,Arcana,Waxy Wayfinder,5092.58,89 keys,"5,092.58 ref, $155.32",1,misc,Level 1-100 Hat,753,2026-07-21T22:54:09
73,Arcana,Brim-Full of Bullets,4577.6,80 keys,"4,577.60 ref, $139.62",0,misc,Level 1-100 Hat,30173,2026-07-21T22:54:09
73,Arcana,Gridiron Guardian,4577.6,80 keys,"4,577.60 ref, $139.62",0,misc,Level 1-100 Helmet,30013,2026-07-21T22:54:09
73,Arcana,Professional's Panama,4548.99,76–83 keys,"4,548.99 ref, $138.74",1,misc,Level 1-100 Hat,109,2026-07-21T22:54:09
73,Arcana,Soviet Gentleman,4348.72,76 keys,"4,348.72 ref, $132.64",1,misc,Level 1-100 Hat,821,2026-07-21T22:54:09
73,Arcana,Virus Doctor,4148.45,70–75 keys,"4,148.45 ref, $126.53",1,misc,Level 1-100 Hat,30043,2026-07-21T22:54:09
73,Arcana,Janissary Ketche,4062.62,71 keys,"4,062.62 ref, $123.91",1,misc,Level 1-100 Hat,437,2026-07-21T22:54:09
73,Arcana,Pardner's Pompadour,4062.62,71 keys,"4,062.62 ref, $123.91",1,misc,Level 1-100 Hair,30099,2026-07-21T22:54:09
73,Arcana,Dread Knot,3539.6721311475,53.33–70.39 keys,"3,539.67 ref, 61.86 keys",1,misc,Level 1-100 Hair,358,2026-07-21T22:54:09
73,Arcana,Flipped Trilby,3147.1,55 keys,"3,147.10 ref, $95.99",1,misc,Level 1-100 Hat,324,2026-07-21T22:54:09
73,Arcana,Plumber's Pipe,2460.46,30–56 keys,"2,460.46 ref, $75.04",2,misc,Level 1-100 Hat,30022,2026-07-21T22:54:09
73,Arcana,Fat Man's Field Cap,0,,,1,misc,Level 1-100 Hat,30911,2026-07-21T22:54:09
43,Knifestorm,Coffin Kit,607390.3,10615 keys,"607,390.30 ref, $18525.40",4,misc,Level 1-100 Backpack,938,2026-07-21T22:54:09
43,Knifestorm,Charmer's Chapeau,400540,7000 keys,"400,540.00 ref, $12216.47",4,misc,Level 1-100 Hat,397,2026-07-21T22:54:09
43,Knifestorm,Soldier's Stash,373360.5,6525 keys,"373,360.50 ref, $11387.50",3,misc,Level 1-100 Cosmetic Item,54,2026-07-21T22:54:09
43,Knifestorm,Well-Rounded Rifleman,351903,6150 keys,"351,903.00 ref, $10733.04",0,misc,Level 1-100 Hat,30067,2026-07-21T22:54:09
43,Knifestorm,Conjurer's Cowl,286100,5000 keys,"286,100.00 ref, $8726.05",1,misc,Level 1-100 Hood,465,2026-07-21T22:54:09
43,Knifestorm,Killer's Kabuto,247476.5,4325 keys,"247,476.50 ref, $7548.03",2,misc,Level 1-100 Helmet,152,2026-07-21T22:54:09
43,Knifestorm,Samur-Eye,246046,4300 keys,"246,046.00 ref, $7504.40",1,misc,Level 1-100 Helmet,359,2026-07-21T22:54:09
43,Knifestorm,Le Party Phantom,240324,4200 keys,"240,324.00 ref, $7329.88",5,misc,Level 1-100 Mask,337,2026-07-21T22:54:09
43,Knifestorm,Salty Dog,231741,4050 keys,"231,741.00 ref, $7068.10",3,misc,Level 10 Hat,611,2026-07-21T22:54:09
43,Knifestorm,Dr's Dapper Topper,217436,3800 keys,"217,436.00 ref, $6631.80",3,misc,Level 1-100 Hat,252,2026-07-21T22:54:09
43,Knifestorm,Officer's Ushanka,208853,3650 keys,"208,853.00 ref, $6370.02",3,misc,Level 1-100 Hat,96,2026-07-21T22:54:09
43,Knifestorm,Your Worst Nightmare,200270,3500 keys,"200,270.00 ref, $6108.23",1,misc,Level 10 Hair,600,2026-07-21T22:54:09
43,Knifestorm,Mining Light,191687,2700–4000 keys,"191,687.00 ref, $5846.45",6,misc,Level 1-100 Cosmetic Item,48,2026-07-21T22:54:09
43,Knifestorm,Pencil Pusher,191687,3050–3650 keys,"191,687.00 ref, $5846.45",3,misc,Level 10 Hair,605,2026-07-21T22:54:09
43,Knifestorm,Bomber's Bucket Hat,145911,2550 keys,"145,911.00 ref, $4450.29",1,misc,Level 1-100 Hat,30547,2026-07-21T22:54:09
43,Knifestorm,Pithy Professional,143050,2500 keys,"143,050.00 ref, $4363.02",2,misc,Level 1-100 Hat,30915,2026-07-21T22:54:09
43,Knifestorm,Prussian Pickelhaube,143050,2500 keys,"143,050.00 ref, $4363.02",1,misc,Level 1-100 Helmet,50,2026-07-21T22:54:09
43,Knifestorm,L'Inspecteur,134467,2350 keys,"134,467.00 ref, $4101.24",2,misc,Level 10 Hat,622,2026-07-21T22:54:09
43,Knifestorm,Scotsman's Stove Pipe,131606,2300 keys,"131,606.00 ref, $4013.98",2,misc,Level 1-100 Hat,120,2026-07-21T22:54:09
43,Knifestorm,Blast Defense,130175.5,2050–2500 keys,"130,175.50 ref, $3970.35",0,misc,Level 1-100 Headgear,30863,2026-07-21T22:54:09
43,Knifestorm,One-Man Army,120162,2100 keys,"120,162.00 ref, $3664.94",3,misc,Level 10 Hair,601,2026-07-21T22:54:09
43,Knifestorm,Hat of Cards,117301,2050 keys,"117,301.00 ref, $3577.68",1,misc,Level 1-100 Hat,825,2026-07-21T22:54:09
43,Knifestorm,Ye Olde Baker Boy,115727.45,1645–2400 keys,"115,727.45 ref, $3529.69",1,misc,Level 1-100 Hat,107,2026-07-21T22:54:09
43,Knifestorm,Armored Authority,114440,2000 keys,"114,440.00 ref, $3490.42",4,misc,Level 1-100 Helmet,445,2026-07-21T22:54:09
43,Knifestorm,Surgeon's Stahlhelm,111579,1950 keys,"111,579.00 ref, $3403.16",2,misc,Level 10 Helmet,616,2026-07-21T22:54:09
43,Knifestorm,Tyrant's Helm,108718,1800–2000 keys,"108,718.00 ref, $3315.90",3,misc,Level 1-100 Helmet,99,2026-07-21T22:54:09
43,Knifestorm,Honcho's Headgear,102996,1800 keys,"102,996.00 ref, $3141.38",2,misc,Level 1-100 Hat,391,2026-07-21T22:54:09
43,Knifestorm,Sole Mate,102996,1800 keys,"102,996.00 ref, $3141.38",1,misc,Level 1-100 Hat,30355,2026-07-21T22:54:09
43,Knifestorm,Magistrate's Mullet,101679.94,1777 keys,"101,679.94 ref, $3101.24",2,misc,Level 1-100 Hair,147,2026-07-21T22:54:09
43,Knifestorm,Towering Pillar of Hats,100135,1750 keys,"100,135.00 ref, $3054.12",2,misc,Level 1-100 Hat,135,2026-07-21T22:54:09
43,Knifestorm,A Rather Festive Tree,97274,1700 keys,"97,274.00 ref, $2966.86",2,misc,Level 1-100 Hat,341,2026-07-21T22:54:09
43,Knifestorm,Grenadier's Softcap,88691,1550 keys,"88,691.00 ref, $2705.08",3,misc,Level 1-100 Hat,227,2026-07-21T22:54:09
43,Knifestorm,Brim-Full of Bullets,85830,1500 keys,"85,830.00 ref, $2617.82",1,misc,Level 1-100 Hat,30173,2026-07-21T22:54:09
43,Knifestorm,Private Eye,85830,1500 keys,"85,830.00 ref, $2617.82",2,misc,Level 1-100 Hat,388,2026-07-21T22:54:09
43,Knifestorm,Texas Ten Gallon,85830,1500 keys,"85,830.00 ref, $2617.82",3,misc,Level 1-100 Hat,94,2026-07-21T22:54:09
43,Knifestorm,Chieftain's Challenge,82969,1450 keys,"82,969.00 ref, $2530.55",1,misc,Level 1-100 Hat,250,2026-07-21T22:54:09
43,Knifestorm,Demoman's Fro,80108,1400 keys,"80,108.00 ref, $2443.29",2,misc,Level 1-100 Hair,47,2026-07-21T22:54:09
43,Knifestorm,Liquidator's Lid,80108,1400 keys,"80,108.00 ref, $2443.29",3,misc,Level 1-100 Hat,779,2026-07-21T22:54:09
43,Knifestorm,Lord Cockswain's Pith Helmet,80108,1400 keys,"80,108.00 ref, $2443.29",2,misc,Level 1-100 Headgear,439,2026-07-21T22:54:09
43,Knifestorm,Gentleman's Gatsby,77247,1350 keys,"77,247.00 ref, $2356.03",5,misc,Level 1-100 Hat,184,2026-07-21T22:54:09
43,Knifestorm,Slick Cut,77247,1350 keys,"77,247.00 ref, $2356.03",1,misc,Level 1-100 Hair,30187,2026-07-21T22:54:09
43,Knifestorm,Aviator Assassin,74386,1300 keys,"74,386.00 ref, $2268.77",1,misc,Level 1-100 Hat,30404,2026-07-21T22:54:09
43,Knifestorm,Noble Amassment of Hats,74386,1300 keys,"74,386.00 ref, $2268.77",3,misc,Level 1-100 Hat,137,2026-07-21T22:54:09
43,Knifestorm,Professional's Panama,74386,1300 keys,"74,386.00 ref, $2268.77",4,misc,Level 1-100 Hat,109,2026-07-21T22:54:09
43,Knifestorm,Bone Dome,71525,1250 keys,"71,525.00 ref, $2181.51",2,misc,Level 1-100 Helmet,30162,2026-07-21T22:54:09
43,Knifestorm,Capo's Capper,68664,1200 keys,"68,664.00 ref, $2094.25",1,misc,Level 1-100 Hat,427,2026-07-21T22:54:09
43,Knifestorm,Firewall Helmet,67233.5,1175 keys,"67,233.50 ref, $2050.62",1,misc,Level 1-100 Helmet,30038,2026-07-21T22:54:09
43,Knifestorm,Bonk Boy,65803,1150 keys,"65,803.00 ref, $2006.99",5,misc,Level 1-100 Mask,451,2026-07-21T22:54:09
43,Knifestorm,Vintage Merryweather,65230.8,1140 keys,"65,230.80 ref, $1989.54",3,misc,Level 1-100 Helmet,182,2026-07-21T22:54:09
43,Knifestorm,Bootleg Base Metal Billycock,62942,1100 keys,"62,942.00 ref, $1919.73",1,misc,Level 1-100 Hat,30047,2026-07-21T22:54:09
43,Knifestorm,Brainiac Hairpiece,62942,1100 keys,"62,942.00 ref, $1919.73",3,misc,Level 1-100 Facial Hair,590,2026-07-21T22:54:09
43,Knifestorm,Rotation Sensation,62942,1100 keys,"62,942.00 ref, $1919.73",0,misc,Level 1-100 Hat,30623,2026-07-21T22:54:09
43,Knifestorm,Modest Pile of Hat,61511.5,1000–1150 keys,"61,511.50 ref, $1876.10",3,misc,Level 1-100 Hat,139,2026-07-21T22:54:09
43,Knifestorm,Flipped Trilby,60081,1050 keys,"60,081.00 ref, $1832.47",5,misc,Level 1-100 Hat,324,2026-07-21T22:54:09
43,Knifestorm,Stout Shako,60081,1050 keys,"60,081.00 ref, $1832.47",4,misc,Level 1-100 Hat,251,2026-07-21T22:54:09
43,Knifestorm,Swagman's Swatter,58936.6,1030 keys,"58,936.60 ref, $1797.57",1,misc,Level 10 Hat,626,2026-07-21T22:54:09
43,Knifestorm,Brain Bucket,57220,1000 keys,"57,220.00 ref, $1745.21",3,misc,Level 1-100 Hat,434,2026-07-21T22:54:09
43,Knifestorm,Warhood,57220,1000 keys,"57,220.00 ref, $1745.21",0,misc,Level 1-100 Hood,30866,2026-07-21T22:54:09
43,Knifestorm,Western Wear,57220,1000 keys,"57,220.00 ref, $1745.21",6,misc,Level 1-100 Hat,379,2026-07-21T22:54:09
43,Knifestorm,Team Captain,55503.4,970 keys,"55,503.40 ref, $1692.85",5,misc,Level 1-100 Hat,378,2026-07-21T22:54:09
43,Knifestorm,Anger,54931.2,960 keys,"54,931.20 ref, $1675.40",1,misc,Level 10 Hood,518,2026-07-21T22:54:09
43,Knifestorm,Berliner's Bucket Helm,53214.6,930 keys,"53,214.60 ref, $1623.05",3,misc,Level 1-100 Helmet,303,2026-07-21T22:54:09
43,Knifestorm,Pyro's Beanie,53214.6,930 keys,"53,214.60 ref, $1623.05",3,misc,Level 1-100 Hat,51,2026-07-21T22:54:09
43,Knifestorm,Whoopee Cap,53214.6,910–950 keys,"53,214.60 ref, $1623.05",3,misc,Level 1-100 Hat,174,2026-07-21T22:54:09
43,Knifestorm,Wraith Wrap,51955.76,908 keys,"51,955.76 ref, $1584.65",4,misc,Level 1-100 Apparel,937,2026-07-21T22:54:09
43,Knifestorm,Crone's Dome,51927.15,840–975 keys,"51,927.15 ref, $1583.78",3,misc,Level 1-100 Hat,920,2026-07-21T22:54:09
43,Knifestorm,Dragonborn Helmet,51498,900 keys,"51,498.00 ref, $1570.69",2,misc,Level 10 Helmet,517,2026-07-21T22:54:09
43,Knifestorm,Scotch Bonnet,50925.8,830–950 keys,"50,925.80 ref, $1553.24",3,misc,Level 1-100 Headgear,306,2026-07-21T22:54:09
43,Knifestorm,Front Runner,50639.7,885 keys,"50,639.70 ref, $1544.51",3,misc,Level 1-100 Hat,760,2026-07-21T22:54:09
43,Knifestorm,Executioner,49502.950819672,865.13 keys,"49,502.95 ref, 865.13 keys",1,misc,Level 1-100 Hat,921,2026-07-21T22:54:09
43,Knifestorm,Dead Cone,49352.25,825–900 keys,"49,352.25 ref, $1505.24",3,misc,Level 1-100 Hat,435,2026-07-21T22:54:09
43,Knifestorm,Copper's Hard Top,49209.2,860 keys,"49,209.20 ref, $1500.88",4,misc,Level 1-100 Helmet,478,2026-07-21T22:54:09
43,Knifestorm,Buccaneer's Bicorne,48637,850 keys,"48,637.00 ref, $1483.43",5,misc,Level 10 Hat,607,2026-07-21T22:54:09
43,Knifestorm,Vive la France,48637,850 keys,"48,637.00 ref, $1483.43",1,misc,Level 1-100 Hat,30422,2026-07-21T22:54:09
43,Knifestorm,Attendant,45776,800 keys,"45,776.00 ref, $1396.17",1,misc,Level 1-100 Hat,213,2026-07-21T22:54:09
43,Knifestorm,Shellmet,45776,800 keys,"45,776.00 ref, $1396.17",2,misc,Level 1-100 Helmet,30897,2026-07-21T22:54:09
43,Knifestorm,Vintage Tyrolean,45776,800 keys,"45,776.00 ref, $1396.17",5,misc,Level 1-100 Hat,101,2026-07-21T22:54:09
43,Knifestorm,Tam O' Shanter,44631.6,780 keys,"44,631.60 ref, $1361.26",5,misc,Level 1-100 Hat,480,2026-07-21T22:54:09
43,Knifestorm,Field Practice,42915,750 keys,"42,915.00 ref, $1308.91",0,misc,Level 1-100 Headgear,30862,2026-07-21T22:54:09
43,Knifestorm,Heavy Duty Rag,42915,750 keys,"42,915.00 ref, $1308.91",2,misc,Level 1-100 Bandana,185,2026-07-21T22:54:09
43,Knifestorm,Mask of the Shaman,42915,750 keys,"42,915.00 ref, $1308.91",1,misc,Level 10 Mask,514,2026-07-21T22:54:09
43,Knifestorm,Magnificent Mongolian,42171.14,737 keys,"42,171.14 ref, $1286.22",3,misc,Level 1-100 Hat,313,2026-07-21T22:54:09
43,Knifestorm,Gym Rat,41770.6,730 keys,"41,770.60 ref, $1274.00",4,misc,Level 10 Hair,613,2026-07-21T22:54:09
43,Knifestorm,Bombing Run,40054,700 keys,"40,054.00 ref, $1221.65",5,misc,Level 1-100 Helmet,249,2026-07-21T22:54:09
43,Knifestorm,Company Man,40054,700 keys,"40,054.00 ref, $1221.65",5,misc,Level 10 Hat,523,2026-07-21T22:54:09
43,Knifestorm,Hound Dog,40054,700 keys,"40,054.00 ref, $1221.65",3,misc,Level 1-100 Hair,145,2026-07-21T22:54:09
43,Knifestorm,Voodoo JuJu (Slight Return),40054,700 keys,"40,054.00 ref, $1221.65",2,misc,Level 1-100 Hat,935,2026-07-21T22:54:09
43,Knifestorm,Sergeant's Drill Hat,38337.4,670 keys,"38,337.40 ref, $1169.29",4,misc,Level 1-100 Hat,183,2026-07-21T22:54:09
43,Knifestorm,Hetman's Headpiece,37307.44,614–690 keys,"37,307.44 ref, $1137.88",2,misc,Level 1-100 Hat,436,2026-07-21T22:54:09
43,Knifestorm,Birdcage,34332,600 keys,"34,332.00 ref, $1047.13",3,misc,Level 10 Hat,615,2026-07-21T22:54:09
43,Knifestorm,Furious Fukaamigasa,34332,600 keys,"34,332.00 ref, $1047.13",3,misc,Level 1-100 Hat,395,2026-07-21T22:54:09
43,Knifestorm,Master's Yellow Belt,34332,600 keys,"34,332.00 ref, $1047.13",1,misc,Level 1-100 Hat,110,2026-07-21T22:54:09
43,Knifestorm,Tippler's Tricorne,34188.95,470–725 keys,"34,188.95 ref, $1042.76",7,misc,Level 1-100 Hat,179,2026-07-21T22:54:09
43,Knifestorm,Hottie's Hoodie,33759.8,590 keys,"33,759.80 ref, $1029.67",4,misc,Level 1-100 Hood,377,2026-07-21T22:54:09
43,Knifestorm,Industrial Festivizer,33759.8,590 keys,"33,759.80 ref, $1029.67",6,misc,Level 1-100 Hat,338,2026-07-21T22:54:09
43,Knifestorm,Stainless Pot,31757.1,485–625 keys,"31,757.10 ref, $968.59",3,misc,Level 1-100 Hat,98,2026-07-21T22:54:09
43,Knifestorm,Respectless Rubber Glove,31184.9,545 keys,"31,184.90 ref, $951.14",3,misc,Level 1-100 Hat,102,2026-07-21T22:54:09
43,Knifestorm,Hard Counter,30326.6,530 keys,"30,326.60 ref, $924.96",4,misc,Level 1-100 Hat,254,2026-07-21T22:54:09
43,Knifestorm,Das Maddendoktor,28610,500 keys,"28,610.00 ref, $872.61",2,misc,Level 1-100 Hair,30121,2026-07-21T22:54:09
43,Knifestorm,Hot Dogger,28610,500 keys,"28,610.00 ref, $872.61",2,misc,Level 10 Hat,614,2026-07-21T22:54:09
43,Knifestorm,Janissary Ketche,28610,500 keys,"28,610.00 ref, $872.61",3,misc,Level 1-100 Hat,437,2026-07-21T22:54:09
43,Knifestorm,Pyromancer's Mask,28610,500 keys,"28,610.00 ref, $872.61",1,misc,Level 1-100 Mask,316,2026-07-21T22:54:09
43,Knifestorm,Connoisseur's Cap,27465.6,480 keys,"27,465.60 ref, $837.70",1,misc,Level 1-100 Hat,394,2026-07-21T22:54:09
43,Knifestorm,Defiant Spartan,26178.15,415–500 keys,"26,178.15 ref, $798.43",2,misc,Level 1-100 Helmet,340,2026-07-21T22:54:09
43,Knifestorm,Big Elfin Deal,25749,450 keys,"25,749.00 ref, $785.34",4,misc,Level 1-100 Hat,652,2026-07-21T22:54:09
43,Knifestorm,Cotton Head,25749,450 keys,"25,749.00 ref, $785.34",1,misc,Level 1-100 Hat,30175,2026-07-21T22:54:09
43,Knifestorm,Galvanized Gibus,25749,450 keys,"25,749.00 ref, $785.34",1,misc,Level 1-100 Hat,30003,2026-07-21T22:54:09
43,Knifestorm,Hong Kong Cone,25749,450 keys,"25,749.00 ref, $785.34",1,misc,Level 1-100 Hat,30177,2026-07-21T22:54:09
43,Knifestorm,Prancer's Pride,23746.3,410–420 keys,"23,746.30 ref, $724.26",5,misc,Level 1-100 Hat,318,2026-07-21T22:54:09
43,Knifestorm,Fancy Fedora,23431.59,409–410 keys,"23,431.59 ref, $714.66",2,misc,Level 1-100 Hat,55,2026-07-21T22:54:09
43,Knifestorm,Big Chief,22888,400 keys,"22,888.00 ref, $698.08",2,misc,Level 1-100 Hat,309,2026-07-21T22:54:09
43,Knifestorm,Bolted Birdcage,22888,400 keys,"22,888.00 ref, $698.08",1,misc,Level 1-100 Hat,30057,2026-07-21T22:54:09
43,Knifestorm,El Jefe,22888,400 keys,"22,888.00 ref, $698.08",3,misc,Level 10 Hat,539,2026-07-21T22:54:09
43,Knifestorm,Stately Steel Toe,22601.9,395 keys,"22,601.90 ref, $689.36",5,misc,Level 1-100 Hat,481,2026-07-21T22:54:09
43,Knifestorm,Dread Knot,22315.8,390 keys,"22,315.80 ref, $680.63",3,misc,Level 1-100 Hair,358,2026-07-21T22:54:09
43,Knifestorm,Hat with No Name,20885.3,365 keys,"20,885.30 ref, $637.00",2,misc,Level 10 Hat,631,2026-07-21T22:54:09
43,Knifestorm,Familiar Fez,20255.88,354 keys,"20,255.88 ref, $617.80",2,misc,Level 1-100 Hat,223,2026-07-21T22:54:09
43,Knifestorm,Brown Bomber,20027,350 keys,"20,027.00 ref, $610.82",2,misc,Level 1-100 Hat,671,2026-07-21T22:54:09
43,Knifestorm,Outdoorsman,20027,350 keys,"20,027.00 ref, $610.82",2,misc,Level 10 Hat,603,2026-07-21T22:54:09
43,Knifestorm,Pugilist's Protector,20027,350 keys,"20,027.00 ref, $610.82",2,misc,Level 1-100 Headgear,246,2026-07-21T22:54:09
43,Knifestorm,B'aaarrgh-n-Bicorne,19454.8,340 keys,"19,454.80 ref, $593.37",1,misc,Level 1-100 Hat,30718,2026-07-21T22:54:09
43,Knifestorm,Towering Titanium Pillar of Hats,18882.6,330 keys,"18,882.60 ref, $575.92",1,misc,Level 1-100 Hat,30008,2026-07-21T22:54:09
43,Knifestorm,Rimmed Raincatcher,17738.2,250–370 keys,"17,738.20 ref, $541.02",2,misc,Level 1-100 Hat,216,2026-07-21T22:54:09
43,Knifestorm,Nanobalaclava,17166,300 keys,"17,166.00 ref, $523.56",3,misc,Level 10 Hat,521,2026-07-21T22:54:09
43,Knifestorm,Physician's Protector,17166,300 keys,"17,166.00 ref, $523.56",1,misc,Level 1-100 Helmet,30625,2026-07-21T22:54:09
43,Knifestorm,Professor's Peculiarity,17166,300 keys,"17,166.00 ref, $523.56",3,misc,Level 1-100 Hair,384,2026-07-21T22:54:09
43,Knifestorm,Villain's Veil,17166,300 keys,"17,166.00 ref, $523.56",2,misc,Level 1-100 Bandana,393,2026-07-21T22:54:09
43,Knifestorm,German Gonzila,16021.6,280 keys,"16,021.60 ref, $488.66",3,misc,Level 1-100 Hat,323,2026-07-21T22:54:09
43,Knifestorm,Triboniophorus Tyrannus,15878.55,255–300 keys,"15,878.55 ref, $484.30",2,misc,Level 1-100 Mascot,151,2026-07-21T22:54:09
43,Knifestorm,Glengarry Bonnet,14305,200–300 keys,"14,305.00 ref, $436.30",2,misc,Level 1-100 Hat,100,2026-07-21T22:54:09
43,Knifestorm,Troublemaker's Tossle Cap,13732.8,240 keys,"13,732.80 ref, $418.85",0,misc,Level 1-100 Hat,150,2026-07-21T22:54:09
43,Knifestorm,Letch's LED,13160.6,230 keys,"13,160.60 ref, $401.40",1,misc,Level 1-100 Hat,30002,2026-07-21T22:54:09
43,Knifestorm,Grimm Hatte,12931.72,226 keys,"12,931.72 ref, $394.42",1,misc,Level 1-100 Hat,383,2026-07-21T22:54:09
43,Knifestorm,Batter's Helmet,11444,200 keys,"11,444.00 ref, $349.04",2,misc,Level 1-100 Helmet,52,2026-07-21T22:54:09
43,Knifestorm,Hellmet,11444,200 keys,"11,444.00 ref, $349.04",1,misc,Level 1-100 Helmet,30708,2026-07-21T22:54:09
43,Knifestorm,Tavish DeGroot Experience,11444,200 keys,"11,444.00 ref, $349.04",2,misc,Level 10 Hat,604,2026-07-21T22:54:09
43,Knifestorm,Ze Goggles,11444,200 keys,"11,444.00 ref, $349.04",2,misc,Level 1-100 Glasses,177,2026-07-21T22:54:09
43,Knifestorm,Gentleman's Ushanka,11157.9,195 keys,"11,157.90 ref, $340.32",4,misc,Level 1-100 Hat,778,2026-07-21T22:54:09
43,Knifestorm,Fed-Fightin' Fedora,10134.590163934,166.7–187.54 keys,"10,134.59 ref, 177.12 keys",1,misc,Level 1-100 Hat,780,2026-07-21T22:54:09
43,Knifestorm,Bear Necessities,9784.62,171 keys,"9,784.62 ref, $298.43",1,misc,Level 1-100 Spirit Animal,30122,2026-07-21T22:54:09
43,Knifestorm,Lucky Shot,9727.4,170 keys,"9,727.40 ref, $296.69",3,misc,Level 1-100 Helmet,701,2026-07-21T22:54:09
43,Knifestorm,Head Warmer,9621.3114754098,168.15 keys,"9,621.31 ref, 168.15 keys",2,misc,Level 1-100 Hat,644,2026-07-21T22:54:09
43,Knifestorm,Pirate Bandana,9555.74,167 keys,"9,555.74 ref, $291.45",1,misc,Level 1-100 Hat,30180,2026-07-21T22:54:09
43,Knifestorm,Hustler's Hallmark,9498.52,156–176 keys,"9,498.52 ref, $289.70",2,misc,Level 1-100 Hat,146,2026-07-21T22:54:09
43,Knifestorm,Tough Guy's Toque,9298.25,150–175 keys,"9,298.25 ref, $283.60",4,misc,Level 1-100 Hat,97,2026-07-21T22:54:09
43,Knifestorm,Pardner's Pompadour,8869.1,150–160 keys,"8,869.10 ref, $270.51",1,misc,Level 1-100 Hair,30099,2026-07-21T22:54:09
43,Knifestorm,Desert Marauder,8754.66,153 keys,"8,754.66 ref, $267.02",1,misc,Level 1-100 Hat,400,2026-07-21T22:54:09
43,Knifestorm,Détective Noir,8382.73,146–147 keys,"8,382.73 ref, $255.67",1,misc,Level 1-100 Hat,319,2026-07-21T22:54:09
43,Knifestorm,Bubble Pipe,8311.1475409836,125.39–165.1 keys,"8,311.15 ref, 145.25 keys",3,misc,Level 1-100 Helmet,597,2026-07-21T22:54:09
43,Knifestorm,Napoleon Complex,8182.46,143 keys,"8,182.46 ref, $249.57",1,misc,Level 1-100 Hat,30360,2026-07-21T22:54:09
43,Knifestorm,Respectless Robo-Glove,7839.14,137 keys,"7,839.14 ref, $239.09",0,misc,Level 1-100 Hat,30039,2026-07-21T22:54:09
43,Knifestorm,Geisha Boy,7724.7,135 keys,"7,724.70 ref, $235.60",2,misc,Level 1-100 Hair,363,2026-07-21T22:54:09
43,Knifestorm,Safe'n'Sound,7546.2295081967,109.9–153.86 keys,"7,546.23 ref, 131.88 keys",1,misc,Level 1-100 Hat,178,2026-07-21T22:54:09
43,Knifestorm,Hermes,7438.6,130 keys,"7,438.60 ref, $226.88",3,misc,Level 10 Hat,633,2026-07-21T22:54:09
43,Knifestorm,Old Guadalajara,7039.6721311475,113.56–132.49 keys,"7,039.67 ref, 123.03 keys",1,misc,Level 1-100 Hat,247,2026-07-21T22:54:09
43,Knifestorm,Backwards Ballcap,6866.4,120 keys,"6,866.40 ref, $209.43",3,misc,Level 10 Hat,617,2026-07-21T22:54:09
43,Knifestorm,Counterfeit Billycock,6575.4098360656,104.47–125.36 keys,"6,575.41 ref, 114.91 keys",1,misc,Level 10 Hat,602,2026-07-21T22:54:09
43,Knifestorm,Large Luchador,6466.5573770492,101.62–124.4 keys,"6,466.56 ref, 113.01 keys",1,misc,Level 1-100 Mask,380,2026-07-21T22:54:09
43,Knifestorm,Coupe D'isaster,6408.64,112 keys,"6,408.64 ref, $195.46",1,misc,Level 1-100 Hair,330,2026-07-21T22:54:09
43,Knifestorm,Milkman,5979.1803278689,94.05–114.94 keys,"5,979.18 ref, 104.49 keys",1,misc,Level 1-100 Hat,219,2026-07-21T22:54:09
43,Knifestorm,Mann of Reason,5836.44,101–103 keys,"5,836.44 ref, $178.01",1,misc,Level 1-100 Hat,30318,2026-07-21T22:54:09
43,Knifestorm,Doctor's Sack,5722,100 keys,"5,722.00 ref, $174.52",4,misc,Level 1-100 Hat,398,2026-07-21T22:54:09
43,Knifestorm,Trencher's Topper,5722,100 keys,"5,722.00 ref, $174.52",1,misc,Level 1-100 Helmet,30336,2026-07-21T22:54:09
43,Knifestorm,Carouser's Capotain,5607.56,98 keys,"5,607.56 ref, $171.03",2,misc,Level 1-100 Hat,259,2026-07-21T22:54:09
43,Knifestorm,Madame Dixie,5329.8360655738,83.02–103.27 keys,"5,329.84 ref, 93.15 keys",1,misc,Level 1-100 Hat,321,2026-07-21T22:54:09
43,Knifestorm,Handyman's Handle,5063.97,82–95 keys,"5,063.97 ref, $154.45",4,misc,Level 1-100 Hat,253,2026-07-21T22:54:09
43,Knifestorm,Trophy Belt,5062.9508196721,82.35–94.61 keys,"5,062.95 ref, 88.48 keys",1,misc,Level 1-100 Hat,53,2026-07-21T22:54:09
43,Knifestorm,Otolaryngologist's Mirror,4806.48,84 keys,"4,806.48 ref, $146.60",4,misc,Level 1-100 Hat,104,2026-07-21T22:54:09
43,Knifestorm,Medic's Mountain Cap,4577.6,75–85 keys,"4,577.60 ref, $139.62",3,misc,Level 1-100 Hat,381,2026-07-21T22:54:09
43,Knifestorm,Brain-Warming Wear,4005.4,70 keys,"4,005.40 ref, $122.16",0,misc,Level 1-100 Hat,30827,2026-07-21T22:54:09
43,Knifestorm,Hive Minder,3719.3,65 keys,"3,719.30 ref, $113.44",1,misc,Level 1-100 Hat,30093,2026-07-21T22:54:09
43,Knifestorm,Ol' Snaggletooth,3719.3,60–70 keys,"3,719.30 ref, $113.44",1,misc,Level 1-100 Hat,229,2026-07-21T22:54:09
43,Knifestorm,Engineer's Cap,3717.3770491803,61.77–68.16 keys,"3,717.38 ref, 64.97 keys",2,misc,Level 1-100 Hat,95,2026-07-21T22:54:09
43,Knifestorm,Hotrod,3433.2,60 keys,"3,433.20 ref, $104.71",3,misc,Level 1-100 Mask,148,2026-07-21T22:54:09
43,Knifestorm,Stormin' Norman,3433.2,50–70 keys,"3,433.20 ref, $104.71",0,misc,Level 1-100 Helmet,30112,2026-07-21T22:54:09
43,Knifestorm,Big Country,3204.32,56 keys,"3,204.32 ref, $97.73",4,misc,Level 1-100 Hair,382,2026-07-21T22:54:09
43,Knifestorm,Helmet without a Home,3204.32,45–67 keys,"3,204.32 ref, $97.73",2,misc,Level 1-100 Helmet,732,2026-07-21T22:54:09
43,Knifestorm,Shooter's Sola Topi,3118.49,50–59 keys,"3,118.49 ref, $95.11",1,misc,Level 1-100 Helmet,158,2026-07-21T22:54:09
43,Knifestorm,Bullet Buzz,3089.88,45–63 keys,"3,089.88 ref, $94.24",1,misc,Level 1-100 Hair,30344,2026-07-21T22:54:09
43,Knifestorm,Virtual Reality Headset,2861,50 keys,"2,861.00 ref, $87.26",4,misc,Level 10 Headset,628,2026-07-21T22:54:09
43,Knifestorm,Waxy Wayfinder,2632.12,38–54 keys,"2,632.12 ref, $80.28",3,misc,Level 1-100 Hat,753,2026-07-21T22:54:09
43,Knifestorm,Base Metal Billycock,2574.9,45 keys,"2,574.90 ref, $78.53",1,misc,Level 1-100 Hat,30007,2026-07-21T22:54:09
43,Knifestorm,Larrikin Robin,2574.9,45 keys,"2,574.90 ref, $78.53",1,misc,Level 1-100 Hat,314,2026-07-21T22:54:09
43,Knifestorm,Sober Stuntman,2533.7704918033,36.47–52.1 keys,"2,533.77 ref, 44.28 keys",1,misc,Level 1-100 Helmet,255,2026-07-21T22:54:09
43,Knifestorm,Platinum Pickelhaube,2460.46,43 keys,"2,460.46 ref, $75.04",0,misc,Level 1-100 Helmet,30042,2026-07-21T22:54:09
43,Knifestorm,Ol' Geezer,2268.3606557377,33.83–45.46 keys,"2,268.36 ref, 39.64 keys",3,misc,Level 1-100 Hat,399,2026-07-21T22:54:09
43,Knifestorm,Sultan's Ceremonial,2260.19,38–41 keys,"2,260.19 ref, $68.94",3,misc,Level 1-100 Hat,403,2026-07-21T22:54:09
43,Knifestorm,Football Helmet,2117.14,36–38 keys,"2,117.14 ref, $64.57",2,misc,Level 1-100 Helmet,49,2026-07-21T22:54:09
43,Knifestorm,Bloke's Bucket Hat,1831.04,32 keys,"1,831.04 ref, $55.85",3,misc,Level 1-100 Hat,181,2026-07-21T22:54:09
43,Knifestorm,Fat Man's Field Cap,0,,,2,misc,Level 1-100 Hat,30911,2026-07-21T22:54:09
47,Stormy 13th Hour,Villain's Veil,420567,7350 keys,"420,567.00 ref, $12827.29",3,misc,Level 1-100 Bandana,393,2026-07-21T22:54:09
47,Stormy 13th Hour,Blighted Beak,329015,5750 keys,"329,015.00 ref, $10034.96",2,misc,Level 1-100 Mask,315,2026-07-21T22:54:09
47,Stormy 13th Hour,Exquisite Rack,286100,5000 keys,"286,100.00 ref, $8726.05",6,misc,Level 1-100 Cosmetic Item,339,2026-07-21T22:54:09
47,Stormy 13th Hour,Rotation Sensation,217436,3800 keys,"217,436.00 ref, $6631.80",0,misc,Level 1-100 Hat,30623,2026-07-21T22:54:09
47,Stormy 13th Hour,Tyrant's Helm,200270,3500 keys,"200,270.00 ref, $6108.23",6,misc,Level 1-100 Helmet,99,2026-07-21T22:54:09
47,Stormy 13th Hour,Pencil Pusher,154494,2700 keys,"154,494.00 ref, $4712.07",2,misc,Level 10 Hair,605,2026-07-21T22:54:09
47,Stormy 13th Hour,Bonk Boy,151633,2650 keys,"151,633.00 ref, $4624.81",3,misc,Level 1-100 Mask,451,2026-07-21T22:54:09
47,Stormy 13th Hour,Coffin Kit,143050,2500 keys,"143,050.00 ref, $4363.02",1,misc,Level 1-100 Backpack,938,2026-07-21T22:54:09
47,Stormy 13th Hour,Brainiac Hairpiece,108718,1900 keys,"108,718.00 ref, $3315.90",7,misc,Level 1-100 Facial Hair,590,2026-07-21T22:54:09
47,Stormy 13th Hour,Eliminator's Safeguard,102996,1800 keys,"102,996.00 ref, $3141.38",1,misc,Level 1-100 Helmet,30369,2026-07-21T22:54:09
47,Stormy 13th Hour,Texas Ten Gallon,96701.8,1690 keys,"96,701.80 ref, $2949.40",3,misc,Level 1-100 Hat,94,2026-07-21T22:54:09
47,Stormy 13th Hour,Liquidator's Lid,94413,1650 keys,"94,413.00 ref, $2879.60",1,misc,Level 1-100 Hat,779,2026-07-21T22:54:09
47,Stormy 13th Hour,Lucky Shot,91552,1600 keys,"91,552.00 ref, $2792.34",1,misc,Level 1-100 Helmet,701,2026-07-21T22:54:09
47,Stormy 13th Hour,Officer's Ushanka,88691,1550 keys,"88,691.00 ref, $2705.08",5,misc,Level 1-100 Hat,96,2026-07-21T22:54:09
47,Stormy 13th Hour,Fancy Fedora,85830,1500 keys,"85,830.00 ref, $2617.82",2,misc,Level 1-100 Hat,55,2026-07-21T22:54:09
47,Stormy 13th Hour,Lord Cockswain's Pith Helmet,85830,1500 keys,"85,830.00 ref, $2617.82",4,misc,Level 1-100 Headgear,439,2026-07-21T22:54:09
47,Stormy 13th Hour,Prussian Pickelhaube,85830,1500 keys,"85,830.00 ref, $2617.82",1,misc,Level 1-100 Helmet,50,2026-07-21T22:54:09
47,Stormy 13th Hour,Cosa Nostra Cap,84399.5,1475 keys,"84,399.50 ref, $2574.18",3,misc,Level 1-100 Hat,459,2026-07-21T22:54:09
47,Stormy 13th Hour,Battle Boonie,82969,1450 keys,"82,969.00 ref, $2530.55",2,misc,Level 1-100 Hat,30907,2026-07-21T22:54:09
47,Stormy 13th Hour,Salty Dog,80823.25,1175–1650 keys,"80,823.25 ref, $2465.11",6,misc,Level 10 Hat,611,2026-07-21T22:54:09
47,Stormy 13th Hour,A Rather Festive Tree,80108,1400 keys,"80,108.00 ref, $2443.29",5,misc,Level 1-100 Hat,341,2026-07-21T22:54:09
47,Stormy 13th Hour,Fed-Fightin' Fedora,80108,1400 keys,"80,108.00 ref, $2443.29",2,misc,Level 1-100 Hat,780,2026-07-21T22:54:09
47,Stormy 13th Hour,El Jefe,78677.5,1350–1400 keys,"78,677.50 ref, $2399.66",3,misc,Level 10 Hat,539,2026-07-21T22:54:09
47,Stormy 13th Hour,White Russian,77247,1350 keys,"77,247.00 ref, $2356.03",2,misc,Level 1-100 Hair,30644,2026-07-21T22:54:09
47,Stormy 13th Hour,Hong Kong Cone,74386,1300 keys,"74,386.00 ref, $2268.77",1,misc,Level 1-100 Hat,30177,2026-07-21T22:54:09
47,Stormy 13th Hour,Wraith Wrap,74386,1300 keys,"74,386.00 ref, $2268.77",1,misc,Level 1-100 Apparel,937,2026-07-21T22:54:09
47,Stormy 13th Hour,Anger,67233.5,1100–1250 keys,"67,233.50 ref, $2050.62",6,misc,Level 10 Hood,518,2026-07-21T22:54:09
47,Stormy 13th Hour,Surgeon's Stahlhelm,65803,1150 keys,"65,803.00 ref, $2006.99",2,misc,Level 10 Helmet,616,2026-07-21T22:54:09
47,Stormy 13th Hour,Brown Bomber,62942,1100 keys,"62,942.00 ref, $1919.73",7,misc,Level 1-100 Hat,671,2026-07-21T22:54:09
47,Stormy 13th Hour,Stainless Pot,62942,1100 keys,"62,942.00 ref, $1919.73",2,misc,Level 1-100 Hat,98,2026-07-21T22:54:09
47,Stormy 13th Hour,Grimm Hatte,61511.5,1000–1150 keys,"61,511.50 ref, $1876.10",5,misc,Level 1-100 Hat,383,2026-07-21T22:54:09
47,Stormy 13th Hour,Sergeant's Drill Hat,60081,1050 keys,"60,081.00 ref, $1832.47",1,misc,Level 1-100 Hat,183,2026-07-21T22:54:09
47,Stormy 13th Hour,Backwards Ballcap,57935.25,925–1100 keys,"57,935.25 ref, $1767.03",4,misc,Level 10 Hat,617,2026-07-21T22:54:09
47,Stormy 13th Hour,Company Man,57792.2,820–1200 keys,"57,792.20 ref, $1762.66",3,misc,Level 10 Hat,523,2026-07-21T22:54:09
47,Stormy 13th Hour,Antlers,57220,800–1200 keys,"57,220.00 ref, $1745.21",1,misc,Level 1-100 Cosmetic Item,993,2026-07-21T22:54:09
47,Stormy 13th Hour,Dr's Dapper Topper,57220,1000 keys,"57,220.00 ref, $1745.21",2,misc,Level 1-100 Hat,252,2026-07-21T22:54:09
47,Stormy 13th Hour,Familiar Fez,57220,1000 keys,"57,220.00 ref, $1745.21",3,misc,Level 1-100 Hat,223,2026-07-21T22:54:09
47,Stormy 13th Hour,Reggaelator,57220,1000 keys,"57,220.00 ref, $1745.21",4,misc,Level 1-100 Hat,390,2026-07-21T22:54:09
47,Stormy 13th Hour,Tough Guy's Toque,57220,1000 keys,"57,220.00 ref, $1745.21",4,misc,Level 1-100 Hat,97,2026-07-21T22:54:09
47,Stormy 13th Hour,Trophy Belt,57220,1000 keys,"57,220.00 ref, $1745.21",4,misc,Level 1-100 Hat,53,2026-07-21T22:54:09
47,Stormy 13th Hour,Détective Noir,54359,950 keys,"54,359.00 ref, $1657.95",4,misc,Level 1-100 Hat,319,2026-07-21T22:54:09
47,Stormy 13th Hour,Human Cannonball,54359,950 keys,"54,359.00 ref, $1657.95",3,misc,Level 1-100 Helmet,817,2026-07-21T22:54:09
47,Stormy 13th Hour,Gentleman's Ushanka,52070.2,910 keys,"52,070.20 ref, $1588.14",5,misc,Level 1-100 Hat,778,2026-07-21T22:54:09
47,Stormy 13th Hour,Gentleman's Gatsby,51784.1,850–960 keys,"51,784.10 ref, $1579.42",2,misc,Level 1-100 Hat,184,2026-07-21T22:54:09
47,Stormy 13th Hour,Berliner's Bucket Helm,51498,900 keys,"51,498.00 ref, $1570.69",3,misc,Level 1-100 Helmet,303,2026-07-21T22:54:09
47,Stormy 13th Hour,Field Practice,51498,900 keys,"51,498.00 ref, $1570.69",0,misc,Level 1-100 Headgear,30862,2026-07-21T22:54:09
47,Stormy 13th Hour,Furious Fukaamigasa,51498,900 keys,"51,498.00 ref, $1570.69",1,misc,Level 1-100 Hat,395,2026-07-21T22:54:09
47,Stormy 13th Hour,Otolaryngologist's Mirror,51498,900 keys,"51,498.00 ref, $1570.69",3,misc,Level 1-100 Hat,104,2026-07-21T22:54:09
47,Stormy 13th Hour,Ye Olde Baker Boy,50353.6,880 keys,"50,353.60 ref, $1535.78",3,misc,Level 1-100 Hat,107,2026-07-21T22:54:09
47,Stormy 13th Hour,Crone's Dome,49819.180327869,851.73–889.59 keys,"49,819.18 ref, 870.66 keys",1,misc,Level 1-100 Hat,920,2026-07-21T22:54:09
47,Stormy 13th Hour,Bruce's Bonnet,49781.4,870 keys,"49,781.40 ref, $1518.33",1,misc,Level 1-100 Headgear,30627,2026-07-21T22:54:09
47,Stormy 13th Hour,Hustler's Hallmark,49781.4,865–875 keys,"49,781.40 ref, $1518.33",2,misc,Level 1-100 Hat,146,2026-07-21T22:54:09
47,Stormy 13th Hour,Charmer's Chapeau,49209.2,850–870 keys,"49,209.20 ref, $1500.88",3,misc,Level 1-100 Hat,397,2026-07-21T22:54:09
47,Stormy 13th Hour,Carouser's Capotain,48007.58,768–910 keys,"48,007.58 ref, $1464.23",5,misc,Level 1-100 Hat,259,2026-07-21T22:54:09
47,Stormy 13th Hour,Demoman's Fro,47492.6,800–860 keys,"47,492.60 ref, $1448.52",4,misc,Level 1-100 Hair,47,2026-07-21T22:54:09
47,Stormy 13th Hour,Killer Exclusive,45776,800 keys,"45,776.00 ref, $1396.17",5,misc,Level 10 Hat,538,2026-07-21T22:54:09
47,Stormy 13th Hour,Modest Pile of Hat,45776,800 keys,"45,776.00 ref, $1396.17",1,misc,Level 1-100 Hat,139,2026-07-21T22:54:09
47,Stormy 13th Hour,Slo-Poke,45776,800 keys,"45,776.00 ref, $1396.17",1,misc,Level 1-100 Hat,30314,2026-07-21T22:54:09
47,Stormy 13th Hour,Valley Forge,45776,800 keys,"45,776.00 ref, $1396.17",1,misc,Level 1-100 Hat,30114,2026-07-21T22:54:09
47,Stormy 13th Hour,Doctor's Sack,44631.6,780 keys,"44,631.60 ref, $1361.26",4,misc,Level 1-100 Hat,398,2026-07-21T22:54:09
47,Stormy 13th Hour,Dragonborn Helmet,44631.6,780 keys,"44,631.60 ref, $1361.26",3,misc,Level 10 Helmet,517,2026-07-21T22:54:09
47,Stormy 13th Hour,German Gonzila,44631.6,780 keys,"44,631.60 ref, $1361.26",4,misc,Level 1-100 Hat,323,2026-07-21T22:54:09
47,Stormy 13th Hour,Soldier's Slope Scopers,43487.2,760 keys,"43,487.20 ref, $1326.36",1,misc,Level 1-100 Hat,980,2026-07-21T22:54:09
47,Stormy 13th Hour,Defiant Spartan,42915,750 keys,"42,915.00 ref, $1308.91",3,misc,Level 1-100 Helmet,340,2026-07-21T22:54:09
47,Stormy 13th Hour,Mining Light,42915,750 keys,"42,915.00 ref, $1308.91",2,misc,Level 1-100 Cosmetic Item,48,2026-07-21T22:54:09
47,Stormy 13th Hour,Vintage Merryweather,42915,750 keys,"42,915.00 ref, $1308.91",3,misc,Level 1-100 Helmet,182,2026-07-21T22:54:09
47,Stormy 13th Hour,Hottie's Hoodie,41026.74,717 keys,"41,026.74 ref, $1251.32",3,misc,Level 1-100 Hood,377,2026-07-21T22:54:09
47,Stormy 13th Hour,Das Hazmattenhatten,40054,700 keys,"40,054.00 ref, $1221.65",1,misc,Level 1-100 Safety Apparatus,30095,2026-07-21T22:54:09
47,Stormy 13th Hour,Hat of Cards,40054,700 keys,"40,054.00 ref, $1221.65",1,misc,Level 1-100 Hat,825,2026-07-21T22:54:09
47,Stormy 13th Hour,Hotrod,40054,700 keys,"40,054.00 ref, $1221.65",4,misc,Level 1-100 Mask,148,2026-07-21T22:54:09
47,Stormy 13th Hour,Scotsman's Stove Pipe,40054,700 keys,"40,054.00 ref, $1221.65",1,misc,Level 1-100 Hat,120,2026-07-21T22:54:09
47,Stormy 13th Hour,Medic's Mountain Cap,38909.6,680 keys,"38,909.60 ref, $1186.74",7,misc,Level 1-100 Hat,381,2026-07-21T22:54:09
47,Stormy 13th Hour,Noble Amassment of Hats,38337.4,670 keys,"38,337.40 ref, $1169.29",2,misc,Level 1-100 Hat,137,2026-07-21T22:54:09
47,Stormy 13th Hour,Rimmed Raincatcher,38337.4,670 keys,"38,337.40 ref, $1169.29",3,misc,Level 1-100 Hat,216,2026-07-21T22:54:09
47,Stormy 13th Hour,Bonk Leadwear,37193,650 keys,"37,193.00 ref, $1134.39",1,misc,Level 1-100 Helmet,30030,2026-07-21T22:54:09
47,Stormy 13th Hour,Napper's Respite,37193,650 keys,"37,193.00 ref, $1134.39",3,misc,Level 1-100 Hat,248,2026-07-21T22:54:09
47,Stormy 13th Hour,Killer's Kabuto,36620.8,640 keys,"36,620.80 ref, $1116.93",1,misc,Level 1-100 Helmet,152,2026-07-21T22:54:09
47,Stormy 13th Hour,Sultan's Ceremonial,36477.75,500–775 keys,"36,477.75 ref, $1112.57",4,misc,Level 1-100 Hat,403,2026-07-21T22:54:09
47,Stormy 13th Hour,Safe'n'Sound,35762.5,625 keys,"35,762.50 ref, $1090.76",2,misc,Level 1-100 Hat,178,2026-07-21T22:54:09
47,Stormy 13th Hour,Birdcage,35476.4,620 keys,"35,476.40 ref, $1082.03",3,misc,Level 10 Hat,615,2026-07-21T22:54:09
47,Stormy 13th Hour,Fruit Shoot,34904.2,610 keys,"34,904.20 ref, $1064.58",4,misc,Level 1-100 Hat,759,2026-07-21T22:54:09
47,Stormy 13th Hour,Milkman,34904.2,610 keys,"34,904.20 ref, $1064.58",3,misc,Level 1-100 Hat,219,2026-07-21T22:54:09
47,Stormy 13th Hour,Voodoo JuJu (Slight Return),34904.2,610 keys,"34,904.20 ref, $1064.58",2,misc,Level 1-100 Hat,935,2026-07-21T22:54:09
47,Stormy 13th Hour,Engineer's Cap,34332,600 keys,"34,332.00 ref, $1047.13",5,misc,Level 1-100 Hat,95,2026-07-21T22:54:09
47,Stormy 13th Hour,Nuke,32901.5,575 keys,"32,901.50 ref, $1003.50",2,misc,Level 1-100 Hair,30885,2026-07-21T22:54:09
47,Stormy 13th Hour,Professional's Panama,32901.5,510–640 keys,"32,901.50 ref, $1003.50",4,misc,Level 1-100 Hat,109,2026-07-21T22:54:09
47,Stormy 13th Hour,Handyman's Handle,32043.2,560 keys,"32,043.20 ref, $977.32",3,misc,Level 1-100 Hat,253,2026-07-21T22:54:09
47,Stormy 13th Hour,Backbiter's Billycock,31757.1,555 keys,"31,757.10 ref, $968.59",2,misc,Level 1-100 Hat,108,2026-07-21T22:54:09
47,Stormy 13th Hour,Wing Mann,31471,550 keys,"31,471.00 ref, $959.87",1,misc,Level 1-100 Hat,30809,2026-07-21T22:54:09
47,Stormy 13th Hour,Conquistador,31184.9,545 keys,"31,184.90 ref, $951.14",5,misc,Level 1-100 Helmet,721,2026-07-21T22:54:09
47,Stormy 13th Hour,Bonk Helm,29754.4,520 keys,"29,754.40 ref, $907.51",2,misc,Level 1-100 Helmet,106,2026-07-21T22:54:09
47,Stormy 13th Hour,Larrikin Robin,29182.2,510 keys,"29,182.20 ref, $890.06",2,misc,Level 1-100 Hat,314,2026-07-21T22:54:09
47,Stormy 13th Hour,Bear Necessities,28610,500 keys,"28,610.00 ref, $872.61",1,misc,Level 1-100 Spirit Animal,30122,2026-07-21T22:54:09
47,Stormy 13th Hour,Industrial Festivizer,28610,500 keys,"28,610.00 ref, $872.61",1,misc,Level 1-100 Hat,338,2026-07-21T22:54:09
47,Stormy 13th Hour,Metal Slug,28610,500 keys,"28,610.00 ref, $872.61",1,misc,Level 1-100 Hat,30028,2026-07-21T22:54:09
47,Stormy 13th Hour,Outdoorsman,28610,500 keys,"28,610.00 ref, $872.61",3,misc,Level 10 Hat,603,2026-07-21T22:54:09
47,Stormy 13th Hour,Allbrero,27179.5,475 keys,"27,179.50 ref, $828.97",1,misc,Level 1-100 Hat,30429,2026-07-21T22:54:09
47,Stormy 13th Hour,Janissary Ketche,26893.4,470 keys,"26,893.40 ref, $820.25",3,misc,Level 1-100 Hat,437,2026-07-21T22:54:09
47,Stormy 13th Hour,Burning Bandana,26607.3,465 keys,"26,607.30 ref, $811.52",2,misc,Level 1-100 Bandana,30091,2026-07-21T22:54:09
47,Stormy 13th Hour,Conjurer's Cowl,26321.2,460 keys,"26,321.20 ref, $802.80",1,misc,Level 1-100 Hood,465,2026-07-21T22:54:09
47,Stormy 13th Hour,Connoisseur's Cap,26092.32,456 keys,"26,092.32 ref, $795.82",2,misc,Level 1-100 Hat,394,2026-07-21T22:54:09
47,Stormy 13th Hour,Smokey Sombrero,25863.44,452 keys,"25,863.44 ref, $788.83",1,misc,Level 1-100 Hat,30682,2026-07-21T22:54:09
47,Stormy 13th Hour,Pyro's Beanie,25176.8,440 keys,"25,176.80 ref, $767.89",3,misc,Level 1-100 Hat,51,2026-07-21T22:54:09
47,Stormy 13th Hour,Hetman's Headpiece,24604.6,430 keys,"24,604.60 ref, $750.44",4,misc,Level 1-100 Hat,436,2026-07-21T22:54:09
47,Stormy 13th Hour,Modest Metal Pile of Scrap,24032.4,420 keys,"24,032.40 ref, $732.99",1,misc,Level 1-100 Hat,30001,2026-07-21T22:54:09
47,Stormy 13th Hour,L'Inspecteur,23832.13,405–428 keys,"23,832.13 ref, $726.88",4,misc,Level 10 Hat,622,2026-07-21T22:54:09
47,Stormy 13th Hour,Big Elfin Deal,23631.86,413 keys,"23,631.86 ref, $720.77",2,misc,Level 1-100 Hat,652,2026-07-21T22:54:09
47,Stormy 13th Hour,Hive Minder,23174.1,405 keys,"23,174.10 ref, $706.81",1,misc,Level 1-100 Hat,30093,2026-07-21T22:54:09
47,Stormy 13th Hour,Chill Chullo,22888,400 keys,"22,888.00 ref, $698.08",0,misc,Level 1-100 Hat,30748,2026-07-21T22:54:09
47,Stormy 13th Hour,Employee of the Mmmph,22888,400 keys,"22,888.00 ref, $698.08",2,misc,Level 1-100 Hat,30416,2026-07-21T22:54:09
47,Stormy 13th Hour,Tippler's Tricorne,22888,400 keys,"22,888.00 ref, $698.08",3,misc,Level 1-100 Hat,179,2026-07-21T22:54:09
47,Stormy 13th Hour,Galvanized Gibus,22744.95,380–415 keys,"22,744.95 ref, $693.72",1,misc,Level 1-100 Hat,30003,2026-07-21T22:54:09
47,Stormy 13th Hour,Towering Pillar of Hats,22544.68,394 keys,"22,544.68 ref, $687.61",4,misc,Level 1-100 Hat,135,2026-07-21T22:54:09
47,Stormy 13th Hour,Private Eye,22315.8,390 keys,"22,315.80 ref, $680.63",4,misc,Level 1-100 Hat,388,2026-07-21T22:54:09
47,Stormy 13th Hour,Pugilist's Protector,22029.7,385 keys,"22,029.70 ref, $671.91",5,misc,Level 1-100 Headgear,246,2026-07-21T22:54:09
47,Stormy 13th Hour,Triboniophorus Tyrannus,22029.7,385 keys,"22,029.70 ref, $671.91",2,misc,Level 1-100 Mascot,151,2026-07-21T22:54:09
47,Stormy 13th Hour,Big Chief,21171.4,370 keys,"21,171.40 ref, $645.73",3,misc,Level 1-100 Hat,309,2026-07-21T22:54:09
47,Stormy 13th Hour,Jumper's Jeepcap,21171.4,370 keys,"21,171.40 ref, $645.73",4,misc,Level 1-100 Hat,417,2026-07-21T22:54:09
47,Stormy 13th Hour,Attendant,20313.1,355 keys,"20,313.10 ref, $619.55",4,misc,Level 1-100 Hat,213,2026-07-21T22:54:09
47,Stormy 13th Hour,Death Racer's Helmet,20027,350 keys,"20,027.00 ref, $610.82",1,misc,Level 1-100 Helmet,30686,2026-07-21T22:54:09
47,Stormy 13th Hour,Frenchman's Beret,20027,315–385 keys,"20,027.00 ref, $610.82",2,misc,Level 1-100 Hat,180,2026-07-21T22:54:09
47,Stormy 13th Hour,Flipped Trilby,19855.34,347 keys,"19,855.34 ref, $605.59",2,misc,Level 1-100 Hat,324,2026-07-21T22:54:09
47,Stormy 13th Hour,Dead Cone,19454.8,340 keys,"19,454.80 ref, $593.37",3,misc,Level 1-100 Hat,435,2026-07-21T22:54:09
47,Stormy 13th Hour,Head Warmer,19340.36,276–400 keys,"19,340.36 ref, $589.88",1,misc,Level 1-100 Hat,644,2026-07-21T22:54:09
47,Stormy 13th Hour,Neptune's Nightmare,18024.3,315 keys,"18,024.30 ref, $549.74",1,misc,Level 1-100 Helmet,30684,2026-07-21T22:54:09
47,Stormy 13th Hour,Tam O' Shanter,17452.1,280–330 keys,"17,452.10 ref, $532.29",2,misc,Level 1-100 Hat,480,2026-07-21T22:54:09
47,Stormy 13th Hour,Nanobalaclava,17166,300 keys,"17,166.00 ref, $523.56",2,misc,Level 10 Hat,521,2026-07-21T22:54:09
47,Stormy 13th Hour,Samur-Eye,16307.7,285 keys,"16,307.70 ref, $497.38",2,misc,Level 1-100 Helmet,359,2026-07-21T22:54:09
47,Stormy 13th Hour,Your Worst Nightmare,16307.7,285 keys,"16,307.70 ref, $497.38",2,misc,Level 10 Hair,600,2026-07-21T22:54:09
47,Stormy 13th Hour,Bubble Pipe,15964.38,278–280 keys,"15,964.38 ref, $486.91",2,misc,Level 1-100 Helmet,597,2026-07-21T22:54:09
47,Stormy 13th Hour,Heavy Duty Rag,15792.72,276 keys,"15,792.72 ref, $481.68",2,misc,Level 1-100 Bandana,185,2026-07-21T22:54:09
47,Stormy 13th Hour,Bot Dogger,15449.4,270 keys,"15,449.40 ref, $471.21",1,misc,Level 1-100 Hat,30018,2026-07-21T22:54:09
47,Stormy 13th Hour,Swagman's Swatter,14666.557377049,236.6–276.04 keys,"14,666.56 ref, 256.32 keys",1,misc,Level 10 Hat,626,2026-07-21T22:54:09
47,Stormy 13th Hour,Brigade Helm,14305,250 keys,"14,305.00 ref, $436.30",4,misc,Level 1-100 Helmet,105,2026-07-21T22:54:09
47,Stormy 13th Hour,Pyromancer's Mask,14305,250 keys,"14,305.00 ref, $436.30",3,misc,Level 1-100 Mask,316,2026-07-21T22:54:09
47,Stormy 13th Hour,Hot Dogger,13732.8,240 keys,"13,732.80 ref, $418.85",4,misc,Level 10 Hat,614,2026-07-21T22:54:09
47,Stormy 13th Hour,Heer's Helmet,13275.04,232 keys,"13,275.04 ref, $404.89",1,misc,Level 1-100 Helmet,30378,2026-07-21T22:54:09
47,Stormy 13th Hour,Le Party Phantom,12273.69,214–215 keys,"12,273.69 ref, $374.35",2,misc,Level 1-100 Mask,337,2026-07-21T22:54:09
47,Stormy 13th Hour,Bloke's Bucket Hat,12016.2,210 keys,"12,016.20 ref, $366.49",3,misc,Level 1-100 Hat,181,2026-07-21T22:54:09
47,Stormy 13th Hour,Whoopee Cap,11730.1,190–220 keys,"11,730.10 ref, $357.77",1,misc,Level 1-100 Hat,174,2026-07-21T22:54:09
47,Stormy 13th Hour,Large Luchador,11444,200 keys,"11,444.00 ref, $349.04",1,misc,Level 1-100 Mask,380,2026-07-21T22:54:09
47,Stormy 13th Hour,Magistrate's Mullet,11444,200 keys,"11,444.00 ref, $349.04",2,misc,Level 1-100 Hair,147,2026-07-21T22:54:09
47,Stormy 13th Hour,Vintage Tyrolean,11444,200 keys,"11,444.00 ref, $349.04",4,misc,Level 1-100 Hat,101,2026-07-21T22:54:09
47,Stormy 13th Hour,Western Wear,11444,200 keys,"11,444.00 ref, $349.04",4,misc,Level 1-100 Hat,379,2026-07-21T22:54:09
47,Stormy 13th Hour,Hard Counter,10871.8,190 keys,"10,871.80 ref, $331.59",5,misc,Level 1-100 Hat,254,2026-07-21T22:54:09
47,Stormy 13th Hour,Prancer's Pride,10299.6,165–195 keys,"10,299.60 ref, $314.14",5,misc,Level 1-100 Hat,318,2026-07-21T22:54:09
47,Stormy 13th Hour,Elf Esteem,10013.5,170–180 keys,"10,013.50 ref, $305.41",0,misc,Level 1-100 Hat,30836,2026-07-21T22:54:09
47,Stormy 13th Hour,Warhood,9727.4,170 keys,"9,727.40 ref, $296.69",0,misc,Level 1-100 Hood,30866,2026-07-21T22:54:09
47,Stormy 13th Hour,Waxy Wayfinder,9727.4,170 keys,"9,727.40 ref, $296.69",1,misc,Level 1-100 Hat,753,2026-07-21T22:54:09
47,Stormy 13th Hour,Armored Authority,9584.35,167–168 keys,"9,584.35 ref, $292.32",1,misc,Level 1-100 Helmet,445,2026-07-21T22:54:09
47,Stormy 13th Hour,Front Runner,9212.42,161 keys,"9,212.42 ref, $280.98",0,misc,Level 1-100 Hat,760,2026-07-21T22:54:09
47,Stormy 13th Hour,Scotch Bonnet,8754.66,153 keys,"8,754.66 ref, $267.02",3,misc,Level 1-100 Headgear,306,2026-07-21T22:54:09
47,Stormy 13th Hour,Crocleather Slouch,8583,150 keys,"8,583.00 ref, $261.78",3,misc,Level 1-100 Hat,344,2026-07-21T22:54:09
47,Stormy 13th Hour,Desert Marauder,8497.17,107–190 keys,"8,497.17 ref, $259.16",3,misc,Level 1-100 Hat,400,2026-07-21T22:54:09
47,Stormy 13th Hour,Das Gutenkutteharen,8010.8,140 keys,"8,010.80 ref, $244.33",1,misc,Level 1-100 Hair,30127,2026-07-21T22:54:09
47,Stormy 13th Hour,Classy Capper,7438.6,130 keys,"7,438.60 ref, $226.88",0,misc,Level 1-100 Hat,30893,2026-07-21T22:54:09
47,Stormy 13th Hour,Hermes,7438.6,130 keys,"7,438.60 ref, $226.88",1,misc,Level 10 Hat,633,2026-07-21T22:54:09
47,Stormy 13th Hour,Capo's Capper,7152.5,125 keys,"7,152.50 ref, $218.15",4,misc,Level 1-100 Hat,427,2026-07-21T22:54:09
47,Stormy 13th Hour,Honcho's Headgear,7152.5,125 keys,"7,152.50 ref, $218.15",1,misc,Level 1-100 Hat,391,2026-07-21T22:54:09
47,Stormy 13th Hour,Batter's Helmet,5193.2786885246,87.77–93.75 keys,"5,193.28 ref, 90.76 keys",2,misc,Level 1-100 Helmet,52,2026-07-21T22:54:09
47,Stormy 13th Hour,Powdered Practitioner,5149.8,90 keys,"5,149.80 ref, $157.07",1,misc,Level 1-100 Hat,30069,2026-07-21T22:54:09
47,Stormy 13th Hour,Archer's Sterling,4863.7,85 keys,"4,863.70 ref, $148.34",0,misc,Level 1-100 Helmet,30874,2026-07-21T22:54:09
47,Stormy 13th Hour,Hound Dog,4863.7,85 keys,"4,863.70 ref, $148.34",1,misc,Level 1-100 Hair,145,2026-07-21T22:54:09
47,Stormy 13th Hour,Respectless Rubber Glove,4863.7,85 keys,"4,863.70 ref, $148.34",3,misc,Level 1-100 Hat,102,2026-07-21T22:54:09
47,Stormy 13th Hour,Helmet without a Home,4577.6,80 keys,"4,577.60 ref, $139.62",2,misc,Level 1-100 Helmet,732,2026-07-21T22:54:09
47,Stormy 13th Hour,Prince Tavish's Crown,4291.5,70–80 keys,"4,291.50 ref, $130.89",2,misc,Level 1-100 Hat,342,2026-07-21T22:54:09
47,Stormy 13th Hour,Virtual Reality Headset,4291.5,75 keys,"4,291.50 ref, $130.89",4,misc,Level 10 Headset,628,2026-07-21T22:54:09
47,Stormy 13th Hour,Teutonic Toque,3862.35,55–80 keys,"3,862.35 ref, $117.80",1,misc,Level 1-100 Hat,30351,2026-07-21T22:54:09
47,Stormy 13th Hour,Counterfeit Billycock,3776.52,62–70 keys,"3,776.52 ref, $115.18",2,misc,Level 10 Hat,602,2026-07-21T22:54:09
47,Stormy 13th Hour,Stout Shako,3719.3,65 keys,"3,719.30 ref, $113.44",1,misc,Level 1-100 Hat,251,2026-07-21T22:54:09
47,Stormy 13th Hour,Ze Goggles,3576.25,60–65 keys,"3,576.25 ref, $109.08",2,misc,Level 1-100 Glasses,177,2026-07-21T22:54:09
47,Stormy 13th Hour,Brain Bucket,3505.9016393443,54.42–68.12 keys,"3,505.90 ref, 61.27 keys",0,misc,Level 1-100 Hat,434,2026-07-21T22:54:09
47,Stormy 13th Hour,Copper's Hard Top,3433.2,60 keys,"3,433.20 ref, $104.71",1,misc,Level 1-100 Helmet,478,2026-07-21T22:54:09
47,Stormy 13th Hour,Little Buddy,3433.2,60 keys,"3,433.20 ref, $104.71",2,misc,Level 10 Hat,612,2026-07-21T22:54:09
47,Stormy 13th Hour,Sober Stuntman,2861,50 keys,"2,861.00 ref, $87.26",2,misc,Level 1-100 Helmet,255,2026-07-21T22:54:09
47,Stormy 13th Hour,Buckaroo's Hat,2775.17,46–51 keys,"2,775.17 ref, $84.64",1,misc,Level 1-100 Hat,322,2026-07-21T22:54:09
47,Stormy 13th Hour,Ol' Geezer,2717.95,45–50 keys,"2,717.95 ref, $82.90",3,misc,Level 1-100 Hat,399,2026-07-21T22:54:09
47,Stormy 13th Hour,Broadband Bonnet,2574.9,45 keys,"2,574.90 ref, $78.53",1,misc,Level 1-100 Hat,30029,2026-07-21T22:54:09
47,Stormy 13th Hour,Madame Dixie,2431.85,40–45 keys,"2,431.85 ref, $74.17",3,misc,Level 1-100 Hat,321,2026-07-21T22:54:09
47,Stormy 13th Hour,Football Helmet,2288.8,40 keys,"2,288.80 ref, $69.81",1,misc,Level 1-100 Helmet,49,2026-07-21T22:54:09
47,Stormy 13th Hour,Gym Rat,2288.8,40 keys,"2,288.80 ref, $69.81",2,misc,Level 10 Hair,613,2026-07-21T22:54:09
47,Stormy 13th Hour,Dread Knot,1945.48,34 keys,"1,945.48 ref, $59.34",2,misc,Level 1-100 Hair,358,2026-07-21T22:54:09
47,Stormy 13th Hour,Cadaver's Cranium,1802.43,29–34 keys,"1,802.43 ref, $54.97",1,misc,Level 31 Hat,290,2026-07-21T22:54:09
47,Stormy 13th Hour,Magnificent Mongolian,1430.5,25 keys,"1,430.50 ref, $43.63",3,misc,Level 1-100 Hat,313,2026-07-21T22:54:09
47,Stormy 13th Hour,Fur-Lined Fighter,0,,,1,misc,Level 1-100 Hat,30545,2026-07-21T22:54:09
47,Stormy 13th Hour,Universal Translator,0,,,2,misc,Level 1-100 Hat,30658,2026-07-21T22:54:09
91,Abduction,Corona Australis,171660,3000 keys,"171,660.00 ref, $5235.63",3,misc,Level 1-100 Cosmetic Augmentation,30648,2026-07-21T22:54:09
91,Abduction,Captain Space Mann,165938,2500–3300 keys,"165,938.00 ref, $5061.11",28,misc,Level 1-100 Helmet,30646,2026-07-21T22:54:09
91,Abduction,Sucker Slug,20027,300–400 keys,"20,027.00 ref, $610.82",3,misc,Level 1-100 Hat,30653,2026-07-21T22:54:09
91,Abduction,Phononaut,3089.88,48–60 keys,"3,089.88 ref, $94.24",136,misc,Level 1-100 Hat,30647,2026-07-21T22:54:09
91,Abduction,Universal Translator,2002.7,32–38 keys,"2,002.70 ref, $61.08",556,misc,Level 1-100 Hat,30658,2026-07-21T22:54:09
91,Abduction,A Head Full of Hot Air,600.81,10–11 keys,"600.81 ref, $18.32",430,misc,Level 1-100 Hat,30662,2026-07-21T22:54:09
46,It's a Secret to Everybody,Virtual Viewfinder,411984,7200 keys,"411,984.00 ref, $12565.51",2,misc,Level 1-100 Headset,30140,2026-07-21T22:54:09
46,It's a Secret to Everybody,Coffin Kit,240324,4200 keys,"240,324.00 ref, $7329.88",1,misc,Level 1-100 Backpack,938,2026-07-21T22:54:09
46,It's a Secret to Everybody,Soldier's Stash,217436,3800 keys,"217,436.00 ref, $6631.80",6,misc,Level 1-100 Cosmetic Item,54,2026-07-21T22:54:09
46,It's a Secret to Everybody,Bonk Boy,200270,3500 keys,"200,270.00 ref, $6108.23",3,misc,Level 1-100 Mask,451,2026-07-21T22:54:09
46,It's a Secret to Everybody,Exquisite Rack,174521,3050 keys,"174,521.00 ref, $5322.89",2,misc,Level 1-100 Cosmetic Item,339,2026-07-21T22:54:09
46,It's a Secret to Everybody,Well-Rounded Rifleman,165938,2900 keys,"165,938.00 ref, $5061.11",1,misc,Level 1-100 Hat,30067,2026-07-21T22:54:09
46,It's a Secret to Everybody,Team Captain,158785.5,2100–3450 keys,"158,785.50 ref, $4842.96",5,misc,Level 1-100 Hat,378,2026-07-21T22:54:09
46,It's a Secret to Everybody,Prehistoric Pullover,151633,2650 keys,"151,633.00 ref, $4624.81",1,misc,Level 1-100 Hood,30704,2026-07-21T22:54:09
46,It's a Secret to Everybody,Mining Light,137328,2400 keys,"137,328.00 ref, $4188.50",2,misc,Level 1-100 Cosmetic Item,48,2026-07-21T22:54:09
46,It's a Secret to Everybody,Salty Dog,125884,2200 keys,"125,884.00 ref, $3839.46",4,misc,Level 10 Hat,611,2026-07-21T22:54:09
46,It's a Secret to Everybody,Killer Exclusive,120162,2100 keys,"120,162.00 ref, $3664.94",1,misc,Level 10 Hat,538,2026-07-21T22:54:09
46,It's a Secret to Everybody,Polar Pullover,107716.65,1875–1890 keys,"107,716.65 ref, $3285.36",1,misc,Level 1-100 Hat,30329,2026-07-21T22:54:09
46,It's a Secret to Everybody,Lightning Lid,97274,1700 keys,"97,274.00 ref, $2966.86",0,misc,Level 1-100 Headgear,30867,2026-07-21T22:54:09
46,It's a Secret to Everybody,Crone's Dome,90121.5,1550–1600 keys,"90,121.50 ref, $2748.71",2,misc,Level 1-100 Hat,920,2026-07-21T22:54:09
46,It's a Secret to Everybody,A Rather Festive Tree,88691,1550 keys,"88,691.00 ref, $2705.08",2,misc,Level 1-100 Hat,341,2026-07-21T22:54:09
46,It's a Secret to Everybody,Anger,80108,1400 keys,"80,108.00 ref, $2443.29",4,misc,Level 10 Hood,518,2026-07-21T22:54:09
46,It's a Secret to Everybody,Troublemaker's Tossle Cap,67805.7,970–1400 keys,"67,805.70 ref, $2068.07",3,misc,Level 1-100 Hat,150,2026-07-21T22:54:09
46,It's a Secret to Everybody,Texas Ten Gallon,66947.4,1170 keys,"66,947.40 ref, $2041.90",4,misc,Level 1-100 Hat,94,2026-07-21T22:54:09
46,It's a Secret to Everybody,Pithy Professional,65803,1150 keys,"65,803.00 ref, $2006.99",0,misc,Level 1-100 Hat,30915,2026-07-21T22:54:09
46,It's a Secret to Everybody,Flamboyant Flamenco,62942,1100 keys,"62,942.00 ref, $1919.73",4,misc,Level 10 Hat,627,2026-07-21T22:54:09
46,It's a Secret to Everybody,Reggaelator,62942,1100 keys,"62,942.00 ref, $1919.73",3,misc,Level 1-100 Hat,390,2026-07-21T22:54:09
46,It's a Secret to Everybody,Buccaneer's Bicorne,59508.8,1040 keys,"59,508.80 ref, $1815.02",4,misc,Level 10 Hat,607,2026-07-21T22:54:09
46,It's a Secret to Everybody,Furious Fukaamigasa,57220,1000 keys,"57,220.00 ref, $1745.21",1,misc,Level 1-100 Hat,395,2026-07-21T22:54:09
46,It's a Secret to Everybody,Sergeant's Drill Hat,57220,850–1150 keys,"57,220.00 ref, $1745.21",6,misc,Level 1-100 Hat,183,2026-07-21T22:54:09
46,It's a Secret to Everybody,Backwards Ballcap,57162.78,999 keys,"57,162.78 ref, $1743.46",3,misc,Level 10 Hat,617,2026-07-21T22:54:09
46,It's a Secret to Everybody,Brown Bomber,55217.3,965 keys,"55,217.30 ref, $1684.13",2,misc,Level 1-100 Hat,671,2026-07-21T22:54:09
46,It's a Secret to Everybody,Mask of the Shaman,50628.032786885,863.21–906.38 keys,"50,628.03 ref, 884.80 keys",0,misc,Level 10 Mask,514,2026-07-21T22:54:09
46,It's a Secret to Everybody,Liquidator's Lid,49209.2,860 keys,"49,209.20 ref, $1500.88",1,misc,Level 1-100 Hat,779,2026-07-21T22:54:09
46,It's a Secret to Everybody,Hermes,48637,850 keys,"48,637.00 ref, $1483.43",3,misc,Level 10 Hat,633,2026-07-21T22:54:09
46,It's a Secret to Everybody,Noble Amassment of Hats,48637,850 keys,"48,637.00 ref, $1483.43",3,misc,Level 1-100 Hat,137,2026-07-21T22:54:09
46,It's a Secret to Everybody,Vintage Tyrolean,48637,850 keys,"48,637.00 ref, $1483.43",3,misc,Level 1-100 Hat,101,2026-07-21T22:54:09
46,It's a Secret to Everybody,El Jefe,45776,800 keys,"45,776.00 ref, $1396.17",2,misc,Level 10 Hat,539,2026-07-21T22:54:09
46,It's a Secret to Everybody,Surgeon's Stahlhelm,45776,800 keys,"45,776.00 ref, $1396.17",3,misc,Level 10 Helmet,616,2026-07-21T22:54:09
46,It's a Secret to Everybody,Fancy Fedora,42915,750 keys,"42,915.00 ref, $1308.91",4,misc,Level 1-100 Hat,55,2026-07-21T22:54:09
46,It's a Secret to Everybody,Gentleman's Gatsby,42915,750 keys,"42,915.00 ref, $1308.91",1,misc,Level 1-100 Hat,184,2026-07-21T22:54:09
46,It's a Secret to Everybody,Hong Kong Cone,42915,750 keys,"42,915.00 ref, $1308.91",0,misc,Level 1-100 Hat,30177,2026-07-21T22:54:09
46,It's a Secret to Everybody,Prince Tavish's Crown,42915,750 keys,"42,915.00 ref, $1308.91",7,misc,Level 1-100 Hat,342,2026-07-21T22:54:09
46,It's a Secret to Everybody,Tyrantium Helmet,42915,750 keys,"42,915.00 ref, $1308.91",1,misc,Level 1-100 Helmet,30014,2026-07-21T22:54:09
46,It's a Secret to Everybody,Hot Dogger,41770.6,730 keys,"41,770.60 ref, $1274.00",4,misc,Level 10 Hat,614,2026-07-21T22:54:09
46,It's a Secret to Everybody,Medic's Mountain Cap,41770.6,730 keys,"41,770.60 ref, $1274.00",4,misc,Level 1-100 Hat,381,2026-07-21T22:54:09
46,It's a Secret to Everybody,Brigade Helm,41198.4,720 keys,"41,198.40 ref, $1256.55",3,misc,Level 1-100 Helmet,105,2026-07-21T22:54:09
46,It's a Secret to Everybody,Crocleather Slouch,40054,700 keys,"40,054.00 ref, $1221.65",1,misc,Level 1-100 Hat,344,2026-07-21T22:54:09
46,It's a Secret to Everybody,Private Eye,40054,700 keys,"40,054.00 ref, $1221.65",3,misc,Level 1-100 Hat,388,2026-07-21T22:54:09
46,It's a Secret to Everybody,Samur-Eye,40054,700 keys,"40,054.00 ref, $1221.65",4,misc,Level 1-100 Helmet,359,2026-07-21T22:54:09
46,It's a Secret to Everybody,Wraith Wrap,39452.786885246,689.49 keys,"39,452.79 ref, 689.49 keys",0,misc,Level 1-100 Apparel,937,2026-07-21T22:54:09
46,It's a Secret to Everybody,Whoopee Cap,38623.5,675 keys,"38,623.50 ref, $1178.02",1,misc,Level 1-100 Hat,174,2026-07-21T22:54:09
46,It's a Secret to Everybody,Ye Olde Baker Boy,38623.5,675 keys,"38,623.50 ref, $1178.02",1,misc,Level 1-100 Hat,107,2026-07-21T22:54:09
46,It's a Secret to Everybody,Attendant,37193,650 keys,"37,193.00 ref, $1134.39",3,misc,Level 1-100 Hat,213,2026-07-21T22:54:09
46,It's a Secret to Everybody,Blighted Beak,36620.8,530–750 keys,"36,620.80 ref, $1116.93",2,misc,Level 1-100 Mask,315,2026-07-21T22:54:09
46,It's a Secret to Everybody,Hound Dog,36620.8,640 keys,"36,620.80 ref, $1116.93",3,misc,Level 1-100 Hair,145,2026-07-21T22:54:09
46,It's a Secret to Everybody,Allbrero,34332,550–650 keys,"34,332.00 ref, $1047.13",1,misc,Level 1-100 Hat,30429,2026-07-21T22:54:09
46,It's a Secret to Everybody,Classy Capper,34332,600 keys,"34,332.00 ref, $1047.13",0,misc,Level 1-100 Hat,30893,2026-07-21T22:54:09
46,It's a Secret to Everybody,Dragonborn Helmet,34332,600 keys,"34,332.00 ref, $1047.13",2,misc,Level 10 Helmet,517,2026-07-21T22:54:09
46,It's a Secret to Everybody,Familiar Fez,34332,600 keys,"34,332.00 ref, $1047.13",3,misc,Level 1-100 Hat,223,2026-07-21T22:54:09
46,It's a Secret to Everybody,Flipped Trilby,34332,600 keys,"34,332.00 ref, $1047.13",1,misc,Level 1-100 Hat,324,2026-07-21T22:54:09
46,It's a Secret to Everybody,Gentleman's Ushanka,34332,600 keys,"34,332.00 ref, $1047.13",6,misc,Level 1-100 Hat,778,2026-07-21T22:54:09
46,It's a Secret to Everybody,Madame Dixie,34332,600 keys,"34,332.00 ref, $1047.13",6,misc,Level 1-100 Hat,321,2026-07-21T22:54:09
46,It's a Secret to Everybody,Magistrate's Mullet,33759.8,590 keys,"33,759.80 ref, $1029.67",5,misc,Level 1-100 Hair,147,2026-07-21T22:54:09
46,It's a Secret to Everybody,Cosa Nostra Cap,32901.5,575 keys,"32,901.50 ref, $1003.50",5,misc,Level 1-100 Hat,459,2026-07-21T22:54:09
46,It's a Secret to Everybody,Tipped Lid,32901.5,500–650 keys,"32,901.50 ref, $1003.50",1,misc,Level 1-100 Hat,30425,2026-07-21T22:54:09
46,It's a Secret to Everybody,Front Runner,32214.86,563 keys,"32,214.86 ref, $982.55",4,misc,Level 1-100 Hat,760,2026-07-21T22:54:09
46,It's a Secret to Everybody,Professional's Panama,31471,550 keys,"31,471.00 ref, $959.87",2,misc,Level 1-100 Hat,109,2026-07-21T22:54:09
46,It's a Secret to Everybody,Bonk Helm,30898.8,390–690 keys,"30,898.80 ref, $942.41",2,misc,Level 1-100 Helmet,106,2026-07-21T22:54:09
46,It's a Secret to Everybody,Janissary Ketche,30612.7,535 keys,"30,612.70 ref, $933.69",3,misc,Level 1-100 Hat,437,2026-07-21T22:54:09
46,It's a Secret to Everybody,Belgian Detective,30326.6,530 keys,"30,326.60 ref, $924.96",1,misc,Level 1-100 Hat,30128,2026-07-21T22:54:09
46,It's a Secret to Everybody,Defiant Spartan,30040.5,525 keys,"30,040.50 ref, $916.24",2,misc,Level 1-100 Helmet,340,2026-07-21T22:54:09
46,It's a Secret to Everybody,Ze Goggles,29754.4,520 keys,"29,754.40 ref, $907.51",3,misc,Level 1-100 Glasses,177,2026-07-21T22:54:09
46,It's a Secret to Everybody,Bombing Run,28724.44,502 keys,"28,724.44 ref, $876.10",5,misc,Level 1-100 Helmet,249,2026-07-21T22:54:09
46,It's a Secret to Everybody,Doctor's Sack,28610,500 keys,"28,610.00 ref, $872.61",3,misc,Level 1-100 Hat,398,2026-07-21T22:54:09
46,It's a Secret to Everybody,Honcho's Headgear,28610,500 keys,"28,610.00 ref, $872.61",4,misc,Level 1-100 Hat,391,2026-07-21T22:54:09
46,It's a Secret to Everybody,Milkman,28610,500 keys,"28,610.00 ref, $872.61",3,misc,Level 1-100 Hat,219,2026-07-21T22:54:09
46,It's a Secret to Everybody,Safe'n'Sound,28610,500 keys,"28,610.00 ref, $872.61",1,misc,Level 1-100 Hat,178,2026-07-21T22:54:09
46,It's a Secret to Everybody,Voodoo JuJu (Slight Return),28610,500 keys,"28,610.00 ref, $872.61",2,misc,Level 1-100 Hat,935,2026-07-21T22:54:09
46,It's a Secret to Everybody,Wet Works,28610,500 keys,"28,610.00 ref, $872.61",1,misc,Level 1-100 Hat,30135,2026-07-21T22:54:09
46,It's a Secret to Everybody,Human Cannonball,28381.12,496 keys,"28,381.12 ref, $865.62",1,misc,Level 1-100 Helmet,817,2026-07-21T22:54:09
46,It's a Secret to Everybody,Scotch Bonnet,28323.9,495 keys,"28,323.90 ref, $863.88",1,misc,Level 1-100 Headgear,306,2026-07-21T22:54:09
46,It's a Secret to Everybody,Carouser's Capotain,28037.8,490 keys,"28,037.80 ref, $855.15",3,misc,Level 1-100 Hat,259,2026-07-21T22:54:09
46,It's a Secret to Everybody,Le Party Phantom,27751.7,485 keys,"27,751.70 ref, $846.43",4,misc,Level 1-100 Mask,337,2026-07-21T22:54:09
46,It's a Secret to Everybody,Tartan Spartan,27408.38,479 keys,"27,408.38 ref, $835.96",2,misc,Level 1-100 Helmet,30106,2026-07-21T22:54:09
46,It's a Secret to Everybody,Powdered Practitioner,27179.5,475 keys,"27,179.50 ref, $828.97",1,misc,Level 1-100 Hat,30069,2026-07-21T22:54:09
46,It's a Secret to Everybody,Dead Cone,26321.2,460 keys,"26,321.20 ref, $802.80",3,misc,Level 1-100 Hat,435,2026-07-21T22:54:09
46,It's a Secret to Everybody,Shooter's Sola Topi,26149.54,424–490 keys,"26,149.54 ref, $797.56",4,misc,Level 1-100 Helmet,158,2026-07-21T22:54:09
46,It's a Secret to Everybody,Bonk Leadwear,25749,450 keys,"25,749.00 ref, $785.34",1,misc,Level 1-100 Helmet,30030,2026-07-21T22:54:09
46,It's a Secret to Everybody,Tough Guy's Toque,25749,450 keys,"25,749.00 ref, $785.34",6,misc,Level 1-100 Hat,97,2026-07-21T22:54:09
46,It's a Secret to Everybody,Killer's Kabuto,25634.56,448 keys,"25,634.56 ref, $781.85",2,misc,Level 1-100 Helmet,152,2026-07-21T22:54:09
46,It's a Secret to Everybody,German Gonzila,25520.12,446 keys,"25,520.12 ref, $778.36",3,misc,Level 1-100 Hat,323,2026-07-21T22:54:09
46,It's a Secret to Everybody,Chieftain's Challenge,25176.8,440 keys,"25,176.80 ref, $767.89",6,misc,Level 1-100 Hat,250,2026-07-21T22:54:09
46,It's a Secret to Everybody,A Hat to Kill For,24604.6,430 keys,"24,604.60 ref, $750.44",0,misc,Level 1-100 Hat,30753,2026-07-21T22:54:09
46,It's a Secret to Everybody,Birdcage,24318.5,425 keys,"24,318.50 ref, $741.71",4,misc,Level 10 Hat,615,2026-07-21T22:54:09
46,It's a Secret to Everybody,Old Guadalajara,24318.5,425 keys,"24,318.50 ref, $741.71",5,misc,Level 1-100 Hat,247,2026-07-21T22:54:09
46,It's a Secret to Everybody,Tyrant's Helm,24318.5,425 keys,"24,318.50 ref, $741.71",4,misc,Level 1-100 Helmet,99,2026-07-21T22:54:09
46,It's a Secret to Everybody,L'Inspecteur,24032.4,420 keys,"24,032.40 ref, $732.99",1,misc,Level 10 Hat,622,2026-07-21T22:54:09
46,It's a Secret to Everybody,Tough Stuff Muffs,24032.4,420 keys,"24,032.40 ref, $732.99",1,misc,Level 1-100 Hat,984,2026-07-21T22:54:09
46,It's a Secret to Everybody,Stainless Pot,23603.25,350–475 keys,"23,603.25 ref, $719.90",3,misc,Level 1-100 Hat,98,2026-07-21T22:54:09
46,It's a Secret to Everybody,Brainiac Hairpiece,23460.2,410 keys,"23,460.20 ref, $715.54",1,misc,Level 1-100 Facial Hair,590,2026-07-21T22:54:09
46,It's a Secret to Everybody,Master's Yellow Belt,23460.2,410 keys,"23,460.20 ref, $715.54",2,misc,Level 1-100 Hat,110,2026-07-21T22:54:09
46,It's a Secret to Everybody,White Russian,23460.2,410 keys,"23,460.20 ref, $715.54",1,misc,Level 1-100 Hair,30644,2026-07-21T22:54:09
46,It's a Secret to Everybody,Data Mining Light,22888,400 keys,"22,888.00 ref, $698.08",2,misc,Level 1-100 Helmet,30051,2026-07-21T22:54:09
46,It's a Secret to Everybody,Fruit Shoot,22888,400 keys,"22,888.00 ref, $698.08",6,misc,Level 1-100 Hat,759,2026-07-21T22:54:09
46,It's a Secret to Everybody,Jumper's Jeepcap,22888,400 keys,"22,888.00 ref, $698.08",2,misc,Level 1-100 Hat,417,2026-07-21T22:54:09
46,It's a Secret to Everybody,Company Man,22315.8,390 keys,"22,315.80 ref, $680.63",0,misc,Level 10 Hat,523,2026-07-21T22:54:09
46,It's a Secret to Everybody,Modest Pile of Hat,21972.48,368–400 keys,"21,972.48 ref, $670.16",3,misc,Level 1-100 Hat,139,2026-07-21T22:54:09
46,It's a Secret to Everybody,Hard Counter,21457.5,375 keys,"21,457.50 ref, $654.45",2,misc,Level 1-100 Hat,254,2026-07-21T22:54:09
46,It's a Secret to Everybody,Pugilist's Protector,21457.5,375 keys,"21,457.50 ref, $654.45",2,misc,Level 1-100 Headgear,246,2026-07-21T22:54:09
46,It's a Secret to Everybody,Charmer's Chapeau,21171.4,370 keys,"21,171.40 ref, $645.73",3,misc,Level 1-100 Hat,397,2026-07-21T22:54:09
46,It's a Secret to Everybody,Engineer's Cap,20313.1,260–450 keys,"20,313.10 ref, $619.55",3,misc,Level 1-100 Hat,95,2026-07-21T22:54:09
46,It's a Secret to Everybody,Big Elfin Deal,20027,350 keys,"20,027.00 ref, $610.82",4,misc,Level 1-100 Hat,652,2026-07-21T22:54:09
46,It's a Secret to Everybody,Coupe D'isaster,20027,350 keys,"20,027.00 ref, $610.82",5,misc,Level 1-100 Hair,330,2026-07-21T22:54:09
46,It's a Secret to Everybody,Napper's Respite,20027,350 keys,"20,027.00 ref, $610.82",4,misc,Level 1-100 Hat,248,2026-07-21T22:54:09
46,It's a Secret to Everybody,Smokey Sombrero,20027,350 keys,"20,027.00 ref, $610.82",1,misc,Level 1-100 Hat,30682,2026-07-21T22:54:09
46,It's a Secret to Everybody,Towering Pillar of Hats,19855.34,347 keys,"19,855.34 ref, $605.59",1,misc,Level 1-100 Hat,135,2026-07-21T22:54:09
46,It's a Secret to Everybody,Rimmed Raincatcher,19454.8,340 keys,"19,454.80 ref, $593.37",4,misc,Level 1-100 Hat,216,2026-07-21T22:54:09
46,It's a Secret to Everybody,Prussian Pickelhaube,19286.229508197,277.06–397.05 keys,"19,286.23 ref, 337.05 keys",0,misc,Level 1-100 Helmet,50,2026-07-21T22:54:09
46,It's a Secret to Everybody,Tippler's Tricorne,18625.11,300–351 keys,"18,625.11 ref, $568.07",4,misc,Level 1-100 Hat,179,2026-07-21T22:54:09
46,It's a Secret to Everybody,Blast Defense,18310.4,320 keys,"18,310.40 ref, $558.47",0,misc,Level 1-100 Headgear,30863,2026-07-21T22:54:09
46,It's a Secret to Everybody,Prancer's Pride,18138.74,317 keys,"18,138.74 ref, $553.23",4,misc,Level 1-100 Hat,318,2026-07-21T22:54:09
46,It's a Secret to Everybody,Sober Stuntman,18024.3,300–330 keys,"18,024.30 ref, $549.74",2,misc,Level 1-100 Helmet,255,2026-07-21T22:54:09
46,It's a Secret to Everybody,Head Warmer,17452.1,300–310 keys,"17,452.10 ref, $532.29",3,misc,Level 1-100 Hat,644,2026-07-21T22:54:09
46,It's a Secret to Everybody,Bolted Birdcage,17166,300 keys,"17,166.00 ref, $523.56",1,misc,Level 1-100 Hat,30057,2026-07-21T22:54:09
46,It's a Secret to Everybody,Pyromancer's Mask,17166,300 keys,"17,166.00 ref, $523.56",2,misc,Level 1-100 Mask,316,2026-07-21T22:54:09
46,It's a Secret to Everybody,Helmet without a Home,16307.7,285 keys,"16,307.70 ref, $497.38",1,misc,Level 1-100 Helmet,732,2026-07-21T22:54:09
46,It's a Secret to Everybody,Scotsman's Stove Pipe,15735.5,250–300 keys,"15,735.50 ref, $479.93",4,misc,Level 1-100 Hat,120,2026-07-21T22:54:09
46,It's a Secret to Everybody,Bubble Pipe,15449.4,270 keys,"15,449.40 ref, $471.21",4,misc,Level 1-100 Helmet,597,2026-07-21T22:54:09
46,It's a Secret to Everybody,Geisha Boy,15449.4,270 keys,"15,449.40 ref, $471.21",1,misc,Level 1-100 Hair,363,2026-07-21T22:54:09
46,It's a Secret to Everybody,Executioner,14877.2,260 keys,"14,877.20 ref, $453.75",3,misc,Level 1-100 Hat,921,2026-07-21T22:54:09
46,It's a Secret to Everybody,FR-0,14877.2,260 keys,"14,877.20 ref, $453.75",1,misc,Level 1-100 Hat,30016,2026-07-21T22:54:09
46,It's a Secret to Everybody,Conjurer's Cowl,14591.1,230–280 keys,"14,591.10 ref, $445.03",2,misc,Level 1-100 Hood,465,2026-07-21T22:54:09
46,It's a Secret to Everybody,Football Helmet,14305,250 keys,"14,305.00 ref, $436.30",1,misc,Level 1-100 Helmet,49,2026-07-21T22:54:09
46,It's a Secret to Everybody,Armored Authority,14018.9,220–270 keys,"14,018.90 ref, $427.58",4,misc,Level 1-100 Helmet,445,2026-07-21T22:54:09
46,It's a Secret to Everybody,Shellmet,14018.9,230–260 keys,"14,018.90 ref, $427.58",0,misc,Level 1-100 Helmet,30897,2026-07-21T22:54:09
46,It's a Secret to Everybody,Hetman's Headpiece,13732.8,240 keys,"13,732.80 ref, $418.85",6,misc,Level 1-100 Hat,436,2026-07-21T22:54:09
46,It's a Secret to Everybody,Baron von Havenaplane,13446.7,235 keys,"13,446.70 ref, $410.12",2,misc,Level 1-100 Hat,30136,2026-07-21T22:54:09
46,It's a Secret to Everybody,Greased Lightning,13275.04,232 keys,"13,275.04 ref, $404.89",1,misc,Level 1-100 Hair,30078,2026-07-21T22:54:09
46,It's a Secret to Everybody,Handyman's Handle,13160.6,230 keys,"13,160.60 ref, $401.40",1,misc,Level 1-100 Hat,253,2026-07-21T22:54:09
46,It's a Secret to Everybody,Heer's Helmet,13160.6,230 keys,"13,160.60 ref, $401.40",1,misc,Level 1-100 Helmet,30378,2026-07-21T22:54:09
46,It's a Secret to Everybody,Pencil Pusher,12874.5,225 keys,"12,874.50 ref, $392.67",1,misc,Level 10 Hair,605,2026-07-21T22:54:09
46,It's a Secret to Everybody,Berliner's Bucket Helm,12817.28,224 keys,"12,817.28 ref, $390.93",1,misc,Level 1-100 Helmet,303,2026-07-21T22:54:09
46,It's a Secret to Everybody,Hustler's Hallmark,12588.4,220 keys,"12,588.40 ref, $383.95",0,misc,Level 1-100 Hat,146,2026-07-21T22:54:09
46,It's a Secret to Everybody,Virtual Reality Headset,12302.3,215 keys,"12,302.30 ref, $375.22",2,misc,Level 10 Headset,628,2026-07-21T22:54:09
46,It's a Secret to Everybody,Desert Marauder,11958.98,190–228 keys,"11,958.98 ref, $364.75",2,misc,Level 1-100 Hat,400,2026-07-21T22:54:09
46,It's a Secret to Everybody,Pyro's Beanie,11744.918032787,205.26 keys,"11,744.92 ref, 205.26 keys",1,misc,Level 1-100 Hat,51,2026-07-21T22:54:09
46,It's a Secret to Everybody,Otolaryngologist's Mirror,11444,200 keys,"11,444.00 ref, $349.04",5,misc,Level 1-100 Hat,104,2026-07-21T22:54:09
46,It's a Secret to Everybody,Trophy Belt,11386.78,199 keys,"11,386.78 ref, $347.30",4,misc,Level 1-100 Hat,53,2026-07-21T22:54:09
46,It's a Secret to Everybody,Backbiter's Billycock,10871.8,190 keys,"10,871.80 ref, $331.59",3,misc,Level 1-100 Hat,108,2026-07-21T22:54:09
46,It's a Secret to Everybody,Full Metal Drill Hat,10585.7,185 keys,"10,585.70 ref, $322.86",0,misc,Level 1-100 Hat,30026,2026-07-21T22:54:09
46,It's a Secret to Everybody,Grimm Hatte,10528.48,175–193 keys,"10,528.48 ref, $321.12",2,misc,Level 1-100 Hat,383,2026-07-21T22:54:09
46,It's a Secret to Everybody,Capo's Capper,10299.6,180 keys,"10,299.60 ref, $314.14",1,misc,Level 1-100 Hat,427,2026-07-21T22:54:09
46,It's a Secret to Everybody,Triboniophorus Tyrannus,10299.6,180 keys,"10,299.60 ref, $314.14",1,misc,Level 1-100 Mascot,151,2026-07-21T22:54:09
46,It's a Secret to Everybody,Your Worst Nightmare,9784.62,171 keys,"9,784.62 ref, $298.43",1,misc,Level 10 Hair,600,2026-07-21T22:54:09
46,It's a Secret to Everybody,Lucky Shot,9612.96,168 keys,"9,612.96 ref, $293.20",2,misc,Level 1-100 Helmet,701,2026-07-21T22:54:09
46,It's a Secret to Everybody,Sammy Cap,8869.1,155 keys,"8,869.10 ref, $270.51",1,misc,Level 1-100 Hat,30374,2026-07-21T22:54:09
46,It's a Secret to Everybody,Connoisseur's Cap,8583,150 keys,"8,583.00 ref, $261.78",2,misc,Level 1-100 Hat,394,2026-07-21T22:54:09
46,It's a Secret to Everybody,Frenchman's Beret,8583,150 keys,"8,583.00 ref, $261.78",2,misc,Level 1-100 Hat,180,2026-07-21T22:54:09
46,It's a Secret to Everybody,Stout Shako,8583,150 keys,"8,583.00 ref, $261.78",2,misc,Level 1-100 Hat,251,2026-07-21T22:54:09
46,It's a Secret to Everybody,Tam O' Shanter,8503.9344262295,148.62 keys,"8,503.93 ref, 148.62 keys",1,misc,Level 1-100 Hat,480,2026-07-21T22:54:09
46,It's a Secret to Everybody,Waxy Wayfinder,8354.12,146 keys,"8,354.12 ref, $254.80",4,misc,Level 1-100 Hat,753,2026-07-21T22:54:09
46,It's a Secret to Everybody,Bomb Beanie,8296.9,130–160 keys,"8,296.90 ref, $253.06",0,misc,Level 1-100 Hat,30823,2026-07-21T22:54:09
46,It's a Secret to Everybody,Larrikin Robin,7933.606557377,127.98–149.32 keys,"7,933.61 ref, 138.65 keys",2,misc,Level 1-100 Hat,314,2026-07-21T22:54:09
46,It's a Secret to Everybody,Large Luchador,7495.82,131 keys,"7,495.82 ref, $228.62",0,misc,Level 1-100 Mask,380,2026-07-21T22:54:09
46,It's a Secret to Everybody,Sultan's Ceremonial,7495.82,131 keys,"7,495.82 ref, $228.62",1,misc,Level 1-100 Hat,403,2026-07-21T22:54:09
46,It's a Secret to Everybody,Das Maddendoktor,7438.6,130 keys,"7,438.60 ref, $226.88",1,misc,Level 1-100 Hair,30121,2026-07-21T22:54:09
46,It's a Secret to Everybody,Glengarry Bonnet,7438.6,110–150 keys,"7,438.60 ref, $226.88",6,misc,Level 1-100 Hat,100,2026-07-21T22:54:09
46,It's a Secret to Everybody,Brain-Warming Wear,7152.5,125 keys,"7,152.50 ref, $218.15",0,misc,Level 1-100 Hat,30827,2026-07-21T22:54:09
46,It's a Secret to Everybody,Wide-Brimmed Bandito,7152.5,125 keys,"7,152.50 ref, $218.15",2,misc,Level 1-100 Hat,30805,2026-07-21T22:54:09
46,It's a Secret to Everybody,Texas Tin-Gallon,6580.3,100–130 keys,"6,580.30 ref, $200.70",2,misc,Level 1-100 Hat,30044,2026-07-21T22:54:09
46,It's a Secret to Everybody,Slick Cut,6523.08,90–138 keys,"6,523.08 ref, $198.95",1,misc,Level 1-100 Hair,30187,2026-07-21T22:54:09
46,It's a Secret to Everybody,Industrial Festivizer,6294.2,100–120 keys,"6,294.20 ref, $191.97",3,misc,Level 1-100 Hat,338,2026-07-21T22:54:09
46,It's a Secret to Everybody,Commando Elite,5722,100 keys,"5,722.00 ref, $174.52",2,misc,Level 1-100 Helmet,30912,2026-07-21T22:54:09
46,It's a Secret to Everybody,Conquistador,5722,100 keys,"5,722.00 ref, $174.52",3,misc,Level 1-100 Helmet,721,2026-07-21T22:54:09
46,It's a Secret to Everybody,Hotrod,5722,100 keys,"5,722.00 ref, $174.52",2,misc,Level 1-100 Mask,148,2026-07-21T22:54:09
46,It's a Secret to Everybody,Vintage Merryweather,5321.46,93 keys,"5,321.46 ref, $162.30",2,misc,Level 1-100 Helmet,182,2026-07-21T22:54:09
46,It's a Secret to Everybody,Respectless Rubber Glove,5149.8,90 keys,"5,149.80 ref, $157.07",1,misc,Level 1-100 Hat,102,2026-07-21T22:54:09
46,It's a Secret to Everybody,Runner's Warm-Up,5149.8,90 keys,"5,149.80 ref, $157.07",1,misc,Level 1-100 Hat,30332,2026-07-21T22:54:09
46,It's a Secret to Everybody,Ye Oiled Baker Boy,5149.8,90 keys,"5,149.80 ref, $157.07",2,misc,Level 1-100 Hat,30019,2026-07-21T22:54:09
46,It's a Secret to Everybody,Pardner's Pompadour,5006.75,85–90 keys,"5,006.75 ref, $152.71",1,misc,Level 1-100 Hair,30099,2026-07-21T22:54:09
46,It's a Secret to Everybody,Western Wear,4835.09,84–85 keys,"4,835.09 ref, $147.47",2,misc,Level 1-100 Hat,379,2026-07-21T22:54:09
46,It's a Secret to Everybody,Big Country,4692.04,82 keys,"4,692.04 ref, $143.11",2,misc,Level 1-100 Hair,382,2026-07-21T22:54:09
46,It's a Secret to Everybody,Grenadier's Softcap,4577.6,80 keys,"4,577.60 ref, $139.62",2,misc,Level 1-100 Hat,227,2026-07-21T22:54:09
46,It's a Secret to Everybody,One-Man Army,4577.6,78–82 keys,"4,577.60 ref, $139.62",2,misc,Level 10 Hair,601,2026-07-21T22:54:09
46,It's a Secret to Everybody,Pyro's Boron Beanie,4577.6,80 keys,"4,577.60 ref, $139.62",2,misc,Level 1-100 Hat,30040,2026-07-21T22:54:09
46,It's a Secret to Everybody,Buckaroo's Hat,4291.5,75 keys,"4,291.50 ref, $130.89",3,misc,Level 1-100 Hat,322,2026-07-21T22:54:09
46,It's a Secret to Everybody,Elf Esteem,4291.5,60–90 keys,"4,291.50 ref, $130.89",0,misc,Level 1-100 Hat,30836,2026-07-21T22:54:09
46,It's a Secret to Everybody,Batter's Helmet,4234.28,63–85 keys,"4,234.28 ref, $129.15",2,misc,Level 1-100 Helmet,52,2026-07-21T22:54:09
46,It's a Secret to Everybody,Ol' Snaggletooth,4062.62,71 keys,"4,062.62 ref, $123.91",5,misc,Level 1-100 Hat,229,2026-07-21T22:54:09
46,It's a Secret to Everybody,Counterfeit Billycock,4005.4,70 keys,"4,005.40 ref, $122.16",1,misc,Level 10 Hat,602,2026-07-21T22:54:09
46,It's a Secret to Everybody,Magnificent Mongolian,3719.3,65 keys,"3,719.30 ref, $113.44",1,misc,Level 1-100 Hat,313,2026-07-21T22:54:09
46,It's a Secret to Everybody,Officer's Ushanka,3433.2,60 keys,"3,433.20 ref, $104.71",2,misc,Level 1-100 Hat,96,2026-07-21T22:54:09
46,It's a Secret to Everybody,Gym Rat,3147.1,55 keys,"3,147.10 ref, $95.99",1,misc,Level 10 Hair,613,2026-07-21T22:54:09
46,It's a Secret to Everybody,Nanobalaclava,3147.1,55 keys,"3,147.10 ref, $95.99",2,misc,Level 10 Hat,521,2026-07-21T22:54:09
46,It's a Secret to Everybody,Little Buddy,3032.66,53 keys,"3,032.66 ref, $92.50",3,misc,Level 10 Hat,612,2026-07-21T22:54:09
78,Hellfire,Exquisite Rack,686640,12000 keys,"686,640.00 ref, $20942.52",3,misc,Level 1-100 Cosmetic Item,339,2026-07-21T22:54:09
78,Hellfire,Hong Kong Cone,417706,7300 keys,"417,706.00 ref, $12740.03",1,misc,Level 1-100 Hat,30177,2026-07-21T22:54:09
78,Hellfire,Antlers,357625,6000–6500 keys,"357,625.00 ref, $10907.56",2,misc,Level 1-100 Cosmetic Item,993,2026-07-21T22:54:09
78,Hellfire,Master's Yellow Belt,306127,5350 keys,"306,127.00 ref, $9336.87",2,misc,Level 1-100 Hat,110,2026-07-21T22:54:09
78,Hellfire,Cotton Head,238893.5,4175 keys,"238,893.50 ref, $7286.25",1,misc,Level 1-100 Hat,30175,2026-07-21T22:54:09
78,Hellfire,Lil' Bitey,237463,4150 keys,"237,463.00 ref, $7242.62",1,misc,Level 1-100 Hat,30814,2026-07-21T22:54:09
78,Hellfire,Flamboyant Flamenco,224588.5,3925 keys,"224,588.50 ref, $6849.95",2,misc,Level 10 Hat,627,2026-07-21T22:54:09
78,Hellfire,Backwards Ballcap,214575,3750 keys,"214,575.00 ref, $6544.54",1,misc,Level 10 Hat,617,2026-07-21T22:54:09
78,Hellfire,Tough Stuff Muffs,207136.4,3620 keys,"207,136.40 ref, $6317.66",2,misc,Level 1-100 Hat,984,2026-07-21T22:54:09
78,Hellfire,Conjurer's Cowl,194548,3400 keys,"194,548.00 ref, $5933.71",2,misc,Level 1-100 Hood,465,2026-07-21T22:54:09
78,Hellfire,Brown Bomber,177382,3100 keys,"177,382.00 ref, $5410.15",1,misc,Level 1-100 Hat,671,2026-07-21T22:54:09
78,Hellfire,Swagman's Swatter,171660,3000 keys,"171,660.00 ref, $5235.63",2,misc,Level 10 Hat,626,2026-07-21T22:54:09
78,Hellfire,Dark Falkirk Helm,168799,2950 keys,"168,799.00 ref, $5148.37",1,misc,Level 1-100 Helmet,30357,2026-07-21T22:54:09
78,Hellfire,Flipped Trilby,152777.4,2670 keys,"152,777.40 ref, $4659.71",2,misc,Level 1-100 Hat,324,2026-07-21T22:54:09
78,Hellfire,Charmer's Chapeau,151633,2650 keys,"151,633.00 ref, $4624.81",3,misc,Level 1-100 Hat,397,2026-07-21T22:54:09
78,Hellfire,Surgeon's Stahlhelm,148772,2600 keys,"148,772.00 ref, $4537.55",2,misc,Level 10 Helmet,616,2026-07-21T22:54:09
78,Hellfire,Lucky Shot,137328,2400 keys,"137,328.00 ref, $4188.50",2,misc,Level 1-100 Helmet,701,2026-07-21T22:54:09
78,Hellfire,Das Hazmattenhatten,114440,2000 keys,"114,440.00 ref, $3490.42",2,misc,Level 1-100 Safety Apparatus,30095,2026-07-21T22:54:09
78,Hellfire,Heavy Duty Rag,114440,2000 keys,"114,440.00 ref, $3490.42",1,misc,Level 1-100 Bandana,185,2026-07-21T22:54:09
78,Hellfire,Merc's Mohawk,114440,2000 keys,"114,440.00 ref, $3490.42",3,misc,Level 1-100 Hair,30413,2026-07-21T22:54:09
78,Hellfire,Vive la France,114440,2000 keys,"114,440.00 ref, $3490.42",1,misc,Level 1-100 Hat,30422,2026-07-21T22:54:09
78,Hellfire,Bear Necessities,111579,1950 keys,"111,579.00 ref, $3403.16",1,misc,Level 1-100 Spirit Animal,30122,2026-07-21T22:54:09
78,Hellfire,Reggaelator,111579,1950 keys,"111,579.00 ref, $3403.16",3,misc,Level 1-100 Hat,390,2026-07-21T22:54:09
78,Hellfire,Crocleather Slouch,102996,1800 keys,"102,996.00 ref, $3141.38",1,misc,Level 1-100 Hat,344,2026-07-21T22:54:09
78,Hellfire,Grenadier's Softcap,102996,1800 keys,"102,996.00 ref, $3141.38",1,misc,Level 1-100 Hat,227,2026-07-21T22:54:09
78,Hellfire,Armored Authority,98132.3,1500–1930 keys,"98,132.30 ref, $2993.04",4,misc,Level 1-100 Helmet,445,2026-07-21T22:54:09
78,Hellfire,Head Warmer,91552,1600 keys,"91,552.00 ref, $2792.34",2,misc,Level 1-100 Hat,644,2026-07-21T22:54:09
78,Hellfire,Hermes,91552,1600 keys,"91,552.00 ref, $2792.34",1,misc,Level 10 Hat,633,2026-07-21T22:54:09
78,Hellfire,Shellmet,91552,1600 keys,"91,552.00 ref, $2792.34",2,misc,Level 1-100 Helmet,30897,2026-07-21T22:54:09
78,Hellfire,Battle Boonie,85830,1500 keys,"85,830.00 ref, $2617.82",2,misc,Level 1-100 Hat,30907,2026-07-21T22:54:09
78,Hellfire,Powdered Practitioner,85830,1500 keys,"85,830.00 ref, $2617.82",1,misc,Level 1-100 Hat,30069,2026-07-21T22:54:09
78,Hellfire,Stainless Pot,85830,1500 keys,"85,830.00 ref, $2617.82",1,misc,Level 1-100 Hat,98,2026-07-21T22:54:09
78,Hellfire,Virtual Viewfinder,85830,1500 keys,"85,830.00 ref, $2617.82",1,misc,Level 1-100 Headset,30140,2026-07-21T22:54:09
78,Hellfire,Chieftain's Challenge,82969,1450 keys,"82,969.00 ref, $2530.55",1,misc,Level 1-100 Hat,250,2026-07-21T22:54:09
78,Hellfire,Cloud Crasher,79249.7,1385 keys,"79,249.70 ref, $2417.12",1,misc,Level 1-100 Helmet,30071,2026-07-21T22:54:09
78,Hellfire,Belgian Detective,77247,1350 keys,"77,247.00 ref, $2356.03",2,misc,Level 1-100 Hat,30128,2026-07-21T22:54:09
78,Hellfire,Large Luchador,74386,1300 keys,"74,386.00 ref, $2268.77",4,misc,Level 1-100 Mask,380,2026-07-21T22:54:09
78,Hellfire,Little Buddy,71525,1250 keys,"71,525.00 ref, $2181.51",1,misc,Level 10 Hat,612,2026-07-21T22:54:09
78,Hellfire,Baron von Havenaplane,70380.6,1230 keys,"70,380.60 ref, $2146.61",3,misc,Level 1-100 Hat,30136,2026-07-21T22:54:09
78,Hellfire,Soldier's Slope Scopers,70094.5,1200–1250 keys,"70,094.50 ref, $2137.88",2,misc,Level 1-100 Hat,980,2026-07-21T22:54:09
78,Hellfire,Classy Capper,68664,1200 keys,"68,664.00 ref, $2094.25",0,misc,Level 1-100 Hat,30893,2026-07-21T22:54:09
78,Hellfire,Glasgow Great Helm,68664,1200 keys,"68,664.00 ref, $2094.25",2,misc,Level 1-100 Helmet,30082,2026-07-21T22:54:09
78,Hellfire,Killer Exclusive,65345.24,1100–1184 keys,"65,345.24 ref, $1993.03",1,misc,Level 10 Hat,538,2026-07-21T22:54:09
78,Hellfire,Glengarry Bonnet,63428.37,1100–1117 keys,"63,428.37 ref, $1934.57",3,misc,Level 1-100 Hat,100,2026-07-21T22:54:09
78,Hellfire,Gentleman's Gatsby,62942,1100 keys,"62,942.00 ref, $1919.73",1,misc,Level 1-100 Hat,184,2026-07-21T22:54:09
78,Hellfire,Greased Lightning,62942,1100 keys,"62,942.00 ref, $1919.73",1,misc,Level 1-100 Hair,30078,2026-07-21T22:54:09
78,Hellfire,Vintage Merryweather,60081,850–1250 keys,"60,081.00 ref, $1832.47",4,misc,Level 1-100 Helmet,182,2026-07-21T22:54:09
78,Hellfire,FR-0,57220,1000 keys,"57,220.00 ref, $1745.21",1,misc,Level 1-100 Hat,30016,2026-07-21T22:54:09
78,Hellfire,Geisha Boy,57220,1000 keys,"57,220.00 ref, $1745.21",1,misc,Level 1-100 Hair,363,2026-07-21T22:54:09
78,Hellfire,Napper's Respite,57220,1000 keys,"57,220.00 ref, $1745.21",3,misc,Level 1-100 Hat,248,2026-07-21T22:54:09
78,Hellfire,Troublemaker's Tossle Cap,57220,1000 keys,"57,220.00 ref, $1745.21",1,misc,Level 1-100 Hat,150,2026-07-21T22:54:09
78,Hellfire,Valley Forge,57220,975–1025 keys,"57,220.00 ref, $1745.21",3,misc,Level 1-100 Hat,30114,2026-07-21T22:54:09
78,Hellfire,Brain Bucket,55789.5,800–1150 keys,"55,789.50 ref, $1701.58",2,misc,Level 1-100 Hat,434,2026-07-21T22:54:09
78,Hellfire,Modest Metal Pile of Scrap,54359,950 keys,"54,359.00 ref, $1657.95",2,misc,Level 1-100 Hat,30001,2026-07-21T22:54:09
78,Hellfire,Slick Cut,54359,950 keys,"54,359.00 ref, $1657.95",3,misc,Level 1-100 Hair,30187,2026-07-21T22:54:09
78,Hellfire,Tartan Spartan,53643.75,800–1075 keys,"53,643.75 ref, $1636.13",1,misc,Level 1-100 Helmet,30106,2026-07-21T22:54:09
78,Hellfire,Outta Sight,50925.8,890 keys,"50,925.80 ref, $1553.24",1,misc,Level 1-100 Hat,30628,2026-07-21T22:54:09
78,Hellfire,Horrific Headsplitter,50782.75,725–1050 keys,"50,782.75 ref, $1548.87",1,misc,Level 31 Hat,291,2026-07-21T22:54:09
78,Hellfire,Modest Pile of Hat,50067.5,875 keys,"50,067.50 ref, $1527.06",1,misc,Level 1-100 Hat,139,2026-07-21T22:54:09
78,Hellfire,Data Mining Light,49781.4,870 keys,"49,781.40 ref, $1518.33",3,misc,Level 1-100 Helmet,30051,2026-07-21T22:54:09
78,Hellfire,Broadband Bonnet,48637,850 keys,"48,637.00 ref, $1483.43",2,misc,Level 1-100 Hat,30029,2026-07-21T22:54:09
78,Hellfire,Janissary Ketche,48350.9,845 keys,"48,350.90 ref, $1474.70",2,misc,Level 1-100 Hat,437,2026-07-21T22:54:09
78,Hellfire,Shooter's Sola Topi,45776,800 keys,"45,776.00 ref, $1396.17",2,misc,Level 1-100 Helmet,158,2026-07-21T22:54:09
78,Hellfire,Das Naggenvatcher,42915,750 keys,"42,915.00 ref, $1308.91",2,misc,Level 1-100 Hat,30109,2026-07-21T22:54:09
78,Hellfire,Backbiter's Billycock,42628.9,745 keys,"42,628.90 ref, $1300.18",1,misc,Level 1-100 Hat,108,2026-07-21T22:54:09
78,Hellfire,Milkman,41484.5,725 keys,"41,484.50 ref, $1265.28",2,misc,Level 1-100 Hat,219,2026-07-21T22:54:09
78,Hellfire,Larrikin Robin,39481.8,690 keys,"39,481.80 ref, $1204.19",2,misc,Level 1-100 Hat,314,2026-07-21T22:54:09
78,Hellfire,Killer's Kabuto,38623.5,650–700 keys,"38,623.50 ref, $1178.02",1,misc,Level 1-100 Helmet,152,2026-07-21T22:54:09
78,Hellfire,Steel Shako,38623.5,675 keys,"38,623.50 ref, $1178.02",2,misc,Level 1-100 Hat,30017,2026-07-21T22:54:09
78,Hellfire,Bone Dome,37765.2,660 keys,"37,765.20 ref, $1151.84",3,misc,Level 1-100 Helmet,30162,2026-07-21T22:54:09
78,Hellfire,Dread Knot,37765.2,580–740 keys,"37,765.20 ref, $1151.84",4,misc,Level 1-100 Hair,358,2026-07-21T22:54:09
78,Hellfire,Pugilist's Protector,36220.26,600–666 keys,"36,220.26 ref, $1104.72",1,misc,Level 1-100 Headgear,246,2026-07-21T22:54:09
78,Hellfire,Sergeant's Drill Hat,35762.5,625 keys,"35,762.50 ref, $1090.76",1,misc,Level 1-100 Hat,183,2026-07-21T22:54:09
78,Hellfire,Tam O' Shanter,35762.5,625 keys,"35,762.50 ref, $1090.76",2,misc,Level 1-100 Hat,480,2026-07-21T22:54:09
78,Hellfire,Frickin' Sweet Ninja Hood,34332,600 keys,"34,332.00 ref, $1047.13",1,misc,Level 1-100 Hood,30394,2026-07-21T22:54:09
78,Hellfire,Medic's Mountain Cap,34332,600 keys,"34,332.00 ref, $1047.13",2,misc,Level 1-100 Hat,381,2026-07-21T22:54:09
78,Hellfire,Grimm Hatte,32615.4,570 keys,"32,615.40 ref, $994.77",1,misc,Level 1-100 Hat,383,2026-07-21T22:54:09
78,Hellfire,Copper's Hard Top,32329.3,565 keys,"32,329.30 ref, $986.04",1,misc,Level 1-100 Helmet,478,2026-07-21T22:54:09
78,Hellfire,Sober Stuntman,32043.2,560 keys,"32,043.20 ref, $977.32",4,misc,Level 1-100 Helmet,255,2026-07-21T22:54:09
78,Hellfire,Brainiac Hairpiece,31471,550 keys,"31,471.00 ref, $959.87",1,misc,Level 1-100 Facial Hair,590,2026-07-21T22:54:09
78,Hellfire,Brigade Helm,31471,550 keys,"31,471.00 ref, $959.87",2,misc,Level 1-100 Helmet,105,2026-07-21T22:54:09
78,Hellfire,Wraith Wrap,31471,550 keys,"31,471.00 ref, $959.87",2,misc,Level 1-100 Apparel,937,2026-07-21T22:54:09
78,Hellfire,Counterfeit Billycock,31184.9,545 keys,"31,184.90 ref, $951.14",4,misc,Level 10 Hat,602,2026-07-21T22:54:09
78,Hellfire,Nanobalaclava,30898.8,540 keys,"30,898.80 ref, $942.41",3,misc,Level 10 Hat,521,2026-07-21T22:54:09
78,Hellfire,Brotherhood of Arms,30040.5,400–650 keys,"30,040.50 ref, $916.24",2,misc,Level 1-100 Hat,30066,2026-07-21T22:54:09
78,Hellfire,Outdoorsman,28610,500 keys,"28,610.00 ref, $872.61",4,misc,Level 10 Hat,603,2026-07-21T22:54:09
78,Hellfire,Pyro's Boron Beanie,28610,500 keys,"28,610.00 ref, $872.61",4,misc,Level 1-100 Hat,30040,2026-07-21T22:54:09
78,Hellfire,Tungsten Toque,28610,500 keys,"28,610.00 ref, $872.61",1,misc,Level 1-100 Hat,30049,2026-07-21T22:54:09
78,Hellfire,Warhood,27179.5,475 keys,"27,179.50 ref, $828.97",0,misc,Level 1-100 Hood,30866,2026-07-21T22:54:09
78,Hellfire,Gridiron Guardian,26321.2,460 keys,"26,321.20 ref, $802.80",3,misc,Level 1-100 Helmet,30013,2026-07-21T22:54:09
78,Hellfire,Halogen Head Lamp,25749,450 keys,"25,749.00 ref, $785.34",4,misc,Level 1-100 Hat,30041,2026-07-21T22:54:09
78,Hellfire,Plumber's Pipe,25749,450 keys,"25,749.00 ref, $785.34",2,misc,Level 1-100 Hat,30022,2026-07-21T22:54:09
78,Hellfire,Das Gutenkutteharen,24318.5,425 keys,"24,318.50 ref, $741.71",2,misc,Level 1-100 Hair,30127,2026-07-21T22:54:09
78,Hellfire,Stately Steel Toe,24032.4,420 keys,"24,032.40 ref, $732.99",3,misc,Level 1-100 Hat,481,2026-07-21T22:54:09
78,Hellfire,Waxy Wayfinder,22888,400 keys,"22,888.00 ref, $698.08",2,misc,Level 1-100 Hat,753,2026-07-21T22:54:09
78,Hellfire,Soldered Sensei,21743.6,380 keys,"21,743.60 ref, $663.18",1,misc,Level 1-100 Hat,30004,2026-07-21T22:54:09
78,Hellfire,Virus Doctor,20942.52,337–395 keys,"20,942.52 ref, $638.75",3,misc,Level 1-100 Hat,30043,2026-07-21T22:54:09
78,Hellfire,Ol' Snaggletooth,20742.25,350–375 keys,"20,742.25 ref, $632.64",1,misc,Level 1-100 Hat,229,2026-07-21T22:54:09
78,Hellfire,Tippler's Tricorne,19054.26,333 keys,"19,054.26 ref, $581.15",4,misc,Level 1-100 Hat,179,2026-07-21T22:54:09
78,Hellfire,Infernal Impaler,18253.18,319 keys,"18,253.18 ref, $556.72",1,misc,Level 13 Headgear,575,2026-07-21T22:54:09
78,Hellfire,Rebel Rouser,18167.35,310–325 keys,"18,167.35 ref, $554.10",3,misc,Level 1-100 Hat,30120,2026-07-21T22:54:09
78,Hellfire,Dr's Dapper Topper,17166,300 keys,"17,166.00 ref, $523.56",2,misc,Level 1-100 Hat,252,2026-07-21T22:54:09
78,Hellfire,Hound Dog,17166,300 keys,"17,166.00 ref, $523.56",1,misc,Level 1-100 Hair,145,2026-07-21T22:54:09
78,Hellfire,One-Man Army,17166,300 keys,"17,166.00 ref, $523.56",2,misc,Level 10 Hair,601,2026-07-21T22:54:09
78,Hellfire,Towering Titanium Pillar of Hats,16021.6,280 keys,"16,021.60 ref, $488.66",3,misc,Level 1-100 Hat,30008,2026-07-21T22:54:09
78,Hellfire,Big Elfin Deal,15163.3,265 keys,"15,163.30 ref, $462.48",1,misc,Level 1-100 Hat,652,2026-07-21T22:54:09
78,Hellfire,Crit Cloak,15163.3,255–275 keys,"15,163.30 ref, $462.48",1,misc,Level 1-100 Hood,30899,2026-07-21T22:54:09
78,Hellfire,Whirly Warrior,14591.1,255 keys,"14,591.10 ref, $445.03",1,misc,Level 1-100 Helmet,30118,2026-07-21T22:54:09
78,Hellfire,Harmburg,14305,250 keys,"14,305.00 ref, $436.30",3,misc,Level 1-100 Hat,30123,2026-07-21T22:54:09
78,Hellfire,Hot Dogger,14305,250 keys,"14,305.00 ref, $436.30",1,misc,Level 10 Hat,614,2026-07-21T22:54:09
78,Hellfire,Pampered Pyro,14305,250 keys,"14,305.00 ref, $436.30",2,misc,Level 1-100 Towel,30139,2026-07-21T22:54:09
78,Hellfire,Professional's Panama,13732.8,240 keys,"13,732.80 ref, $418.85",2,misc,Level 1-100 Hat,109,2026-07-21T22:54:09
78,Hellfire,Rotation Sensation,13732.8,240 keys,"13,732.80 ref, $418.85",6,misc,Level 1-100 Hat,30623,2026-07-21T22:54:09
78,Hellfire,Feathered Fiend,13217.82,231 keys,"13,217.82 ref, $403.14",1,misc,Level 1-100 Headgear,30903,2026-07-21T22:54:09
78,Hellfire,Jumper's Jeepcap,13160.6,230 keys,"13,160.60 ref, $401.40",2,misc,Level 1-100 Hat,417,2026-07-21T22:54:09
78,Hellfire,Noble Amassment of Hats,12302.3,215 keys,"12,302.30 ref, $375.22",3,misc,Level 1-100 Hat,137,2026-07-21T22:54:09
78,Hellfire,Rimmed Raincatcher,12187.86,213 keys,"12,187.86 ref, $371.73",3,misc,Level 1-100 Hat,216,2026-07-21T22:54:09
78,Hellfire,Bootleg Base Metal Billycock,12016.2,210 keys,"12,016.20 ref, $366.49",1,misc,Level 1-100 Hat,30047,2026-07-21T22:54:09
78,Hellfire,Soviet Gentleman,11844.54,207 keys,"11,844.54 ref, $361.26",1,misc,Level 1-100 Hat,821,2026-07-21T22:54:09
78,Hellfire,A Rather Festive Tree,11730.1,160–250 keys,"11,730.10 ref, $357.77",3,misc,Level 1-100 Hat,341,2026-07-21T22:54:09
78,Hellfire,Blast Defense,11444,200 keys,"11,444.00 ref, $349.04",0,misc,Level 1-100 Headgear,30863,2026-07-21T22:54:09
78,Hellfire,Honcho's Headgear,11444,200 keys,"11,444.00 ref, $349.04",1,misc,Level 1-100 Hat,391,2026-07-21T22:54:09
78,Hellfire,Das Maddendoktor,10356.82,181 keys,"10,356.82 ref, $315.88",3,misc,Level 1-100 Hair,30121,2026-07-21T22:54:09
78,Hellfire,Towering Pillar of Hats,10299.6,180 keys,"10,299.60 ref, $314.14",1,misc,Level 1-100 Hat,135,2026-07-21T22:54:09
78,Hellfire,Danger,10013.5,175 keys,"10,013.50 ref, $305.41",1,misc,Level 1-100 Apparel,30420,2026-07-21T22:54:09
78,Hellfire,Prancer's Pride,9727.4,170 keys,"9,727.40 ref, $296.69",3,misc,Level 1-100 Hat,318,2026-07-21T22:54:09
78,Hellfire,Fortunate Son,9612.96,168 keys,"9,612.96 ref, $293.20",1,misc,Level 1-100 Helmet,30636,2026-07-21T22:54:09
78,Hellfire,Dragonborn Helmet,9498.52,133–199 keys,"9,498.52 ref, $289.70",2,misc,Level 10 Helmet,517,2026-07-21T22:54:09
78,Hellfire,Respectless Robo-Glove,9269.64,162 keys,"9,269.64 ref, $282.72",1,misc,Level 1-100 Hat,30039,2026-07-21T22:54:09
78,Hellfire,Nuke,9012.15,140–175 keys,"9,012.15 ref, $274.87",2,misc,Level 1-100 Hair,30885,2026-07-21T22:54:09
78,Hellfire,Samur-Eye,8869.1,155 keys,"8,869.10 ref, $270.51",2,misc,Level 1-100 Helmet,359,2026-07-21T22:54:09
78,Hellfire,Cosa Nostra Cap,8554.39,135–164 keys,"8,554.39 ref, $260.91",2,misc,Level 1-100 Hat,459,2026-07-21T22:54:09
78,Hellfire,Tavish DeGroot Experience,8411.34,147 keys,"8,411.34 ref, $256.55",3,misc,Level 10 Hat,604,2026-07-21T22:54:09
78,Hellfire,Pirate Bandana,6294.2,110 keys,"6,294.20 ref, $191.97",1,misc,Level 1-100 Hat,30180,2026-07-21T22:54:09
78,Hellfire,Liquidator's Lid,6151.15,100–115 keys,"6,151.15 ref, $187.61",1,misc,Level 1-100 Hat,779,2026-07-21T22:54:09
78,Hellfire,Buccaneer's Bicorne,5722,100 keys,"5,722.00 ref, $174.52",3,misc,Level 10 Hat,607,2026-07-21T22:54:09
78,Hellfire,Doctor's Sack,5722,100 keys,"5,722.00 ref, $174.52",2,misc,Level 1-100 Hat,398,2026-07-21T22:54:09
78,Hellfire,German Gonzila,5722,100 keys,"5,722.00 ref, $174.52",1,misc,Level 1-100 Hat,323,2026-07-21T22:54:09
78,Hellfire,Gym Rat,5722,80–120 keys,"5,722.00 ref, $174.52",1,misc,Level 10 Hair,613,2026-07-21T22:54:09
78,Hellfire,Physician's Protector,5578.95,95–100 keys,"5,578.95 ref, $170.16",0,misc,Level 1-100 Helmet,30625,2026-07-21T22:54:09
78,Hellfire,Hive Minder,5550.34,92–102 keys,"5,550.34 ref, $169.29",1,misc,Level 1-100 Hat,30093,2026-07-21T22:54:09
78,Hellfire,Vintage Tyrolean,5550.34,97 keys,"5,550.34 ref, $169.29",1,misc,Level 1-100 Hat,101,2026-07-21T22:54:09
78,Hellfire,Metal Slug,5435.9,90–100 keys,"5,435.90 ref, $165.79",1,misc,Level 1-100 Hat,30028,2026-07-21T22:54:09
78,Hellfire,Archer's Sterling,5378.68,88–100 keys,"5,378.68 ref, $164.05",0,misc,Level 1-100 Helmet,30874,2026-07-21T22:54:09
78,Hellfire,Hottie's Hoodie,5378.68,94 keys,"5,378.68 ref, $164.05",1,misc,Level 1-100 Hood,377,2026-07-21T22:54:09
78,Hellfire,Base Metal Billycock,5264.24,92 keys,"5,264.24 ref, $160.56",3,misc,Level 1-100 Hat,30007,2026-07-21T22:54:09
78,Hellfire,L'Inspecteur,5264.24,74–110 keys,"5,264.24 ref, $160.56",3,misc,Level 10 Hat,622,2026-07-21T22:54:09
78,Hellfire,Pom-Pommed Provocateur,5149.8,90 keys,"5,149.80 ref, $157.07",1,misc,Level 1-100 Mask,30072,2026-07-21T22:54:09
78,Hellfire,Full Metal Drill Hat,5092.58,89 keys,"5,092.58 ref, $155.32",1,misc,Level 1-100 Hat,30026,2026-07-21T22:54:09
78,Hellfire,Peacenik's Ponytail,4863.7,85 keys,"4,863.70 ref, $148.34",1,misc,Level 1-100 Hair,30406,2026-07-21T22:54:09
78,Hellfire,Texas Ten Gallon,4806.48,84 keys,"4,806.48 ref, $146.60",1,misc,Level 1-100 Hat,94,2026-07-21T22:54:09
78,Hellfire,Furious Fukaamigasa,4749.26,83 keys,"4,749.26 ref, $144.85",1,misc,Level 1-100 Hat,395,2026-07-21T22:54:09
78,Hellfire,Sultan's Ceremonial,4520.38,64–94 keys,"4,520.38 ref, $137.87",1,misc,Level 1-100 Hat,403,2026-07-21T22:54:09
78,Hellfire,Ye Olde Baker Boy,4463.16,78 keys,"4,463.16 ref, $136.13",0,misc,Level 1-100 Hat,107,2026-07-21T22:54:09
78,Hellfire,Old Guadalajara,4348.72,76 keys,"4,348.72 ref, $132.64",4,misc,Level 1-100 Hat,247,2026-07-21T22:54:09
78,Hellfire,Capo's Capper,4291.5,75 keys,"4,291.50 ref, $130.89",2,misc,Level 1-100 Hat,427,2026-07-21T22:54:09
78,Hellfire,Frenchman's Beret,4291.5,65–85 keys,"4,291.50 ref, $130.89",1,misc,Level 1-100 Hat,180,2026-07-21T22:54:09
78,Hellfire,Ze Goggles,4005.4,70 keys,"4,005.40 ref, $122.16",2,misc,Level 1-100 Glasses,177,2026-07-21T22:54:09
78,Hellfire,Pardner's Pompadour,3948.18,67–71 keys,"3,948.18 ref, $120.42",1,misc,Level 1-100 Hair,30099,2026-07-21T22:54:09
78,Hellfire,Burning Bandana,3890.96,61–75 keys,"3,890.96 ref, $118.67",1,misc,Level 1-100 Bandana,30091,2026-07-21T22:54:09
78,Hellfire,Safe'n'Sound,3719.3,65 keys,"3,719.30 ref, $113.44",1,misc,Level 1-100 Hat,178,2026-07-21T22:54:09
78,Hellfire,Caribbean Conqueror,3547.64,62 keys,"3,547.64 ref, $108.20",2,misc,Level 1-100 Hat,30116,2026-07-21T22:54:09
78,Hellfire,Lord Cockswain's Pith Helmet,3519.03,60–63 keys,"3,519.03 ref, $107.33",1,misc,Level 1-100 Headgear,439,2026-07-21T22:54:09
78,Hellfire,Bullet Buzz,3147.1,55 keys,"3,147.10 ref, $95.99",0,misc,Level 1-100 Hair,30344,2026-07-21T22:54:09
78,Hellfire,Hotrod,3089.88,54 keys,"3,089.88 ref, $94.24",1,misc,Level 1-100 Mask,148,2026-07-21T22:54:09
78,Hellfire,Carouser's Capotain,2975.44,52 keys,"2,975.44 ref, $90.75",2,misc,Level 1-100 Hat,259,2026-07-21T22:54:09
78,Hellfire,Cadaver's Cranium,2889.61,44–57 keys,"2,889.61 ref, $88.13",0,misc,Level 31 Hat,290,2026-07-21T22:54:09
78,Hellfire,Pure Tin Capotain,2574.9,45 keys,"2,574.90 ref, $78.53",1,misc,Level 1-100 Hat,30021,2026-07-21T22:54:09
78,Hellfire,Engineer's Cap,2431.85,34–51 keys,"2,431.85 ref, $74.17",2,misc,Level 1-100 Hat,95,2026-07-21T22:54:09
78,Hellfire,Tsarboosh,2431.85,38–47 keys,"2,431.85 ref, $74.17",1,misc,Level 1-100 Hat,30081,2026-07-21T22:54:09
78,Hellfire,Hetman's Headpiece,2202.97,37–40 keys,"2,202.97 ref, $67.19",1,misc,Level 1-100 Hat,436,2026-07-21T22:54:09
78,Hellfire,Strontium Stove Pipe,2117.14,37 keys,"2,117.14 ref, $64.57",1,misc,Level 1-100 Hat,30037,2026-07-21T22:54:09
78,Hellfire,Timeless Topper,1087.18,19 keys,"1,087.18 ref, $33.16",3,misc,Level 1-100 Hat,30035,2026-07-21T22:54:09
80,Demonflame,Bonk Boy,437733,7650 keys,"437,733.00 ref, $13350.86",4,misc,Level 1-100 Mask,451,2026-07-21T22:54:09
80,Demonflame,Master's Yellow Belt,432011,7550 keys,"432,011.00 ref, $13176.34",2,misc,Level 1-100 Hat,110,2026-07-21T22:54:09
80,Demonflame,Brainiac Hairpiece,280378,4900 keys,"280,378.00 ref, $8551.53",2,misc,Level 1-100 Facial Hair,590,2026-07-21T22:54:09
80,Demonflame,Large Luchador,277517,4850 keys,"277,517.00 ref, $8464.27",1,misc,Level 1-100 Mask,380,2026-07-21T22:54:09
80,Demonflame,Whirly Warrior,266073,4650 keys,"266,073.00 ref, $8115.23",1,misc,Level 1-100 Helmet,30118,2026-07-21T22:54:09
80,Demonflame,Crone's Dome,254285.68,4444 keys,"254,285.68 ref, $7755.71",1,misc,Level 1-100 Hat,920,2026-07-21T22:54:09
80,Demonflame,Cotton Head,238893.5,4175 keys,"238,893.50 ref, $7286.25",3,misc,Level 1-100 Hat,30175,2026-07-21T22:54:09
80,Demonflame,Tough Stuff Muffs,205992,3600 keys,"205,992.00 ref, $6282.76",3,misc,Level 1-100 Hat,984,2026-07-21T22:54:09
80,Demonflame,Brotherhood of Arms,183104,3200 keys,"183,104.00 ref, $5584.67",3,misc,Level 1-100 Hat,30066,2026-07-21T22:54:09
80,Demonflame,Hat with No Name,154494,2700 keys,"154,494.00 ref, $4712.07",3,misc,Level 10 Hat,631,2026-07-21T22:54:09
80,Demonflame,Brown Bomber,148772,2600 keys,"148,772.00 ref, $4537.55",6,misc,Level 1-100 Hat,671,2026-07-21T22:54:09
80,Demonflame,Engineer's Cap,125884,2200 keys,"125,884.00 ref, $3839.46",2,misc,Level 1-100 Hat,95,2026-07-21T22:54:09
80,Demonflame,Vive la France,123023,2150 keys,"123,023.00 ref, $3752.20",1,misc,Level 1-100 Hat,30422,2026-07-21T22:54:09
80,Demonflame,Salty Dog,120162,2100 keys,"120,162.00 ref, $3664.94",2,misc,Level 10 Hat,611,2026-07-21T22:54:09
80,Demonflame,Rotation Sensation,105857,1850 keys,"105,857.00 ref, $3228.64",3,misc,Level 1-100 Hat,30623,2026-07-21T22:54:09
80,Demonflame,Modest Pile of Hat,97274,1700 keys,"97,274.00 ref, $2966.86",5,misc,Level 1-100 Hat,139,2026-07-21T22:54:09
80,Demonflame,Lucky Shot,95843.5,1675 keys,"95,843.50 ref, $2923.23",1,misc,Level 1-100 Helmet,701,2026-07-21T22:54:09
80,Demonflame,Brim-Full of Bullets,89148.76,1558 keys,"89,148.76 ref, $2719.04",1,misc,Level 1-100 Hat,30173,2026-07-21T22:54:09
80,Demonflame,Powdered Practitioner,87489.38,1529 keys,"87,489.38 ref, $2668.43",2,misc,Level 1-100 Hat,30069,2026-07-21T22:54:09
80,Demonflame,Flamboyant Flamenco,85830,1500 keys,"85,830.00 ref, $2617.82",4,misc,Level 10 Hat,627,2026-07-21T22:54:09
80,Demonflame,Grimm Hatte,85830,1500 keys,"85,830.00 ref, $2617.82",2,misc,Level 1-100 Hat,383,2026-07-21T22:54:09
80,Demonflame,Hat of Cards,85830,1500 keys,"85,830.00 ref, $2617.82",3,misc,Level 1-100 Hat,825,2026-07-21T22:54:09
80,Demonflame,Larrikin Robin,85830,1500 keys,"85,830.00 ref, $2617.82",1,misc,Level 1-100 Hat,314,2026-07-21T22:54:09
80,Demonflame,Well-Rounded Rifleman,85830,1500 keys,"85,830.00 ref, $2617.82",2,misc,Level 1-100 Hat,30067,2026-07-21T22:54:09
80,Demonflame,Caribbean Conqueror,82969,1400–1500 keys,"82,969.00 ref, $2530.55",2,misc,Level 1-100 Hat,30116,2026-07-21T22:54:09
80,Demonflame,Gentleman's Gatsby,82969,1450 keys,"82,969.00 ref, $2530.55",2,misc,Level 1-100 Hat,184,2026-07-21T22:54:09
80,Demonflame,Liquidator's Lid,82969,1450 keys,"82,969.00 ref, $2530.55",1,misc,Level 1-100 Hat,779,2026-07-21T22:54:09
80,Demonflame,Human Cannonball,80108,1400 keys,"80,108.00 ref, $2443.29",1,misc,Level 1-100 Helmet,817,2026-07-21T22:54:09
80,Demonflame,Shellmet,80108,1400 keys,"80,108.00 ref, $2443.29",2,misc,Level 1-100 Helmet,30897,2026-07-21T22:54:09
80,Demonflame,Your Worst Nightmare,80108,1400 keys,"80,108.00 ref, $2443.29",1,misc,Level 10 Hair,600,2026-07-21T22:54:09
80,Demonflame,Cloud Crasher,77247,1350 keys,"77,247.00 ref, $2356.03",5,misc,Level 1-100 Helmet,30071,2026-07-21T22:54:09
80,Demonflame,Jungle Wreath,77247,1350 keys,"77,247.00 ref, $2356.03",1,misc,Level 1-100 Hat,30882,2026-07-21T22:54:09
80,Demonflame,Surgeon's Stahlhelm,74386,1300 keys,"74,386.00 ref, $2268.77",1,misc,Level 10 Helmet,616,2026-07-21T22:54:09
80,Demonflame,Warhood,71525,1000–1500 keys,"71,525.00 ref, $2181.51",0,misc,Level 1-100 Hood,30866,2026-07-21T22:54:09
80,Demonflame,Killer Exclusive,70323.38,1229 keys,"70,323.38 ref, $2144.86",2,misc,Level 10 Hat,538,2026-07-21T22:54:09
80,Demonflame,Das Naggenvatcher,68664,1200 keys,"68,664.00 ref, $2094.25",4,misc,Level 1-100 Hat,30109,2026-07-21T22:54:09
80,Demonflame,Carouser's Capotain,65803,1150 keys,"65,803.00 ref, $2006.99",3,misc,Level 1-100 Hat,259,2026-07-21T22:54:09
80,Demonflame,Tyrantium Helmet,65803,1150 keys,"65,803.00 ref, $2006.99",4,misc,Level 1-100 Helmet,30014,2026-07-21T22:54:09
80,Demonflame,Letch's LED,65230.8,1140 keys,"65,230.80 ref, $1989.54",2,misc,Level 1-100 Hat,30002,2026-07-21T22:54:09
80,Demonflame,Classy Capper,62942,1100 keys,"62,942.00 ref, $1919.73",2,misc,Level 1-100 Hat,30893,2026-07-21T22:54:09
80,Demonflame,Titanium Tyrolean,62942,1100 keys,"62,942.00 ref, $1919.73",3,misc,Level 1-100 Hat,30045,2026-07-21T22:54:09
80,Demonflame,Fruit Shoot,60081,1050 keys,"60,081.00 ref, $1832.47",1,misc,Level 1-100 Hat,759,2026-07-21T22:54:09
80,Demonflame,Grenadier's Softcap,60081,1050 keys,"60,081.00 ref, $1832.47",5,misc,Level 1-100 Hat,227,2026-07-21T22:54:09
80,Demonflame,Harmburg,60081,1050 keys,"60,081.00 ref, $1832.47",2,misc,Level 1-100 Hat,30123,2026-07-21T22:54:09
80,Demonflame,Stainless Pot,60081,1000–1100 keys,"60,081.00 ref, $1832.47",3,misc,Level 1-100 Hat,98,2026-07-21T22:54:09
80,Demonflame,Crocleather Slouch,57220,1000 keys,"57,220.00 ref, $1745.21",3,misc,Level 1-100 Hat,344,2026-07-21T22:54:09
80,Demonflame,Sergeant's Drill Hat,57220,1000 keys,"57,220.00 ref, $1745.21",3,misc,Level 1-100 Hat,183,2026-07-21T22:54:09
80,Demonflame,Battle Boonie,56647.8,990 keys,"56,647.80 ref, $1727.76",2,misc,Level 1-100 Hat,30907,2026-07-21T22:54:09
80,Demonflame,Fed-Fightin' Fedora,56647.8,990 keys,"56,647.80 ref, $1727.76",4,misc,Level 1-100 Hat,780,2026-07-21T22:54:09
80,Demonflame,Industrial Festivizer,53615.14,937 keys,"53,615.14 ref, $1635.26",4,misc,Level 1-100 Hat,338,2026-07-21T22:54:09
80,Demonflame,Cyborg Stunt Helmet,53214.6,930 keys,"53,214.60 ref, $1623.05",2,misc,Level 1-100 Helmet,30024,2026-07-21T22:54:09
80,Demonflame,FR-0,51555.22,901 keys,"51,555.22 ref, $1572.43",2,misc,Level 1-100 Hat,30016,2026-07-21T22:54:09
80,Demonflame,Bloke's Bucket Hat,51498,900 keys,"51,498.00 ref, $1570.69",4,misc,Level 1-100 Hat,181,2026-07-21T22:54:09
80,Demonflame,Cold Killer,50925.8,890 keys,"50,925.80 ref, $1553.24",2,misc,Level 1-100 Hat,981,2026-07-21T22:54:09
80,Demonflame,Bone Dome,50067.5,875 keys,"50,067.50 ref, $1527.06",4,misc,Level 1-100 Helmet,30162,2026-07-21T22:54:09
80,Demonflame,Ze Goggles,50067.5,875 keys,"50,067.50 ref, $1527.06",4,misc,Level 1-100 Glasses,177,2026-07-21T22:54:09
80,Demonflame,Heavy Duty Rag,49352.25,675–1050 keys,"49,352.25 ref, $1505.24",1,misc,Level 1-100 Bandana,185,2026-07-21T22:54:09
80,Demonflame,Big Chief,48637,850 keys,"48,637.00 ref, $1483.43",1,misc,Level 1-100 Hat,309,2026-07-21T22:54:09
80,Demonflame,Private Eye,47778.7,770–900 keys,"47,778.70 ref, $1457.25",2,misc,Level 1-100 Hat,388,2026-07-21T22:54:09
80,Demonflame,Bubble Pipe,46920.4,820 keys,"46,920.40 ref, $1431.07",4,misc,Level 1-100 Helmet,597,2026-07-21T22:54:09
80,Demonflame,Bunsen Brave,45776,800 keys,"45,776.00 ref, $1396.17",2,misc,Level 1-100 Hat,30054,2026-07-21T22:54:09
80,Demonflame,German Gonzila,45776,800 keys,"45,776.00 ref, $1396.17",3,misc,Level 1-100 Hat,323,2026-07-21T22:54:09
80,Demonflame,Hustler's Hallmark,45776,800 keys,"45,776.00 ref, $1396.17",1,misc,Level 1-100 Hat,146,2026-07-21T22:54:09
80,Demonflame,Ol' Snaggletooth,45776,800 keys,"45,776.00 ref, $1396.17",3,misc,Level 1-100 Hat,229,2026-07-21T22:54:09
80,Demonflame,Honcho's Headgear,44459.94,777 keys,"44,459.94 ref, $1356.03",2,misc,Level 1-100 Hat,391,2026-07-21T22:54:09
80,Demonflame,Détective Noir,44345.5,775 keys,"44,345.50 ref, $1352.54",2,misc,Level 1-100 Hat,319,2026-07-21T22:54:09
80,Demonflame,Furious Fukaamigasa,42915,750 keys,"42,915.00 ref, $1308.91",1,misc,Level 1-100 Hat,395,2026-07-21T22:54:09
80,Demonflame,Bot Dogger,42342.8,740 keys,"42,342.80 ref, $1291.46",1,misc,Level 1-100 Hat,30018,2026-07-21T22:54:09
80,Demonflame,Team Captain,42342.8,740 keys,"42,342.80 ref, $1291.46",1,misc,Level 1-100 Hat,378,2026-07-21T22:54:09
80,Demonflame,Burning Bandana,41484.5,725 keys,"41,484.50 ref, $1265.28",2,misc,Level 1-100 Bandana,30091,2026-07-21T22:54:09
80,Demonflame,Bonk Helm,40197.05,680–725 keys,"40,197.05 ref, $1226.01",5,misc,Level 1-100 Helmet,106,2026-07-21T22:54:09
80,Demonflame,Little Buddy,40054,700 keys,"40,054.00 ref, $1221.65",1,misc,Level 10 Hat,612,2026-07-21T22:54:09
80,Demonflame,Hard Counter,38909.6,680 keys,"38,909.60 ref, $1186.74",1,misc,Level 1-100 Hat,254,2026-07-21T22:54:09
80,Demonflame,Strontium Stove Pipe,38909.6,680 keys,"38,909.60 ref, $1186.74",4,misc,Level 1-100 Hat,30037,2026-07-21T22:54:09
80,Demonflame,Exquisite Rack,38108.52,666 keys,"38,108.52 ref, $1162.31",1,misc,Level 1-100 Cosmetic Item,339,2026-07-21T22:54:09
80,Demonflame,Pirate Bandana,37765.2,520–800 keys,"37,765.20 ref, $1151.84",1,misc,Level 1-100 Hat,30180,2026-07-21T22:54:09
80,Demonflame,Stormin' Norman,37479.1,655 keys,"37,479.10 ref, $1143.11",2,misc,Level 1-100 Helmet,30112,2026-07-21T22:54:09
80,Demonflame,Antlers,37193,600–700 keys,"37,193.00 ref, $1134.39",0,misc,Level 1-100 Cosmetic Item,993,2026-07-21T22:54:09
80,Demonflame,Killer's Kabuto,37193,500–800 keys,"37,193.00 ref, $1134.39",1,misc,Level 1-100 Helmet,152,2026-07-21T22:54:09
80,Demonflame,Shooter's Tin Topi,37193,650 keys,"37,193.00 ref, $1134.39",1,misc,Level 1-100 Hat,30005,2026-07-21T22:54:09
80,Demonflame,Plug-In Prospector,35762.5,450–800 keys,"35,762.50 ref, $1090.76",3,misc,Level 1-100 Hat,30031,2026-07-21T22:54:09
80,Demonflame,Virtual Reality Headset,35762.5,625 keys,"35,762.50 ref, $1090.76",1,misc,Level 10 Headset,628,2026-07-21T22:54:09
80,Demonflame,Brigade Helm,34904.2,540–680 keys,"34,904.20 ref, $1064.58",1,misc,Level 1-100 Helmet,105,2026-07-21T22:54:09
80,Demonflame,Firewall Helmet,34332,600 keys,"34,332.00 ref, $1047.13",1,misc,Level 1-100 Helmet,30038,2026-07-21T22:54:09
80,Demonflame,Swagman's Swatter,34332,600 keys,"34,332.00 ref, $1047.13",1,misc,Level 10 Hat,626,2026-07-21T22:54:09
80,Demonflame,Dragonborn Helmet,33759.8,590 keys,"33,759.80 ref, $1029.67",2,misc,Level 10 Helmet,517,2026-07-21T22:54:09
80,Demonflame,Pencil Pusher,31471,550 keys,"31,471.00 ref, $959.87",1,misc,Level 10 Hair,605,2026-07-21T22:54:09
80,Demonflame,Tam O' Shanter,31471,550 keys,"31,471.00 ref, $959.87",2,misc,Level 1-100 Hat,480,2026-07-21T22:54:09
80,Demonflame,Reggaelator,31184.9,500–590 keys,"31,184.90 ref, $951.14",3,misc,Level 1-100 Hat,390,2026-07-21T22:54:09
80,Demonflame,Electric Escorter,30040.5,525 keys,"30,040.50 ref, $916.24",2,misc,Level 1-100 Hat,30025,2026-07-21T22:54:09
80,Demonflame,Magistrate's Mullet,30040.5,525 keys,"30,040.50 ref, $916.24",2,misc,Level 1-100 Hair,147,2026-07-21T22:54:09
80,Demonflame,Glengarry Bonnet,29468.3,515 keys,"29,468.30 ref, $898.78",4,misc,Level 1-100 Hat,100,2026-07-21T22:54:09
80,Demonflame,Tsarboosh,29039.15,465–550 keys,"29,039.15 ref, $885.69",3,misc,Level 1-100 Hat,30081,2026-07-21T22:54:09
80,Demonflame,Backbiter's Billycock,28610,500 keys,"28,610.00 ref, $872.61",1,misc,Level 1-100 Hat,108,2026-07-21T22:54:09
80,Demonflame,Das Maddendoktor,28610,500 keys,"28,610.00 ref, $872.61",1,misc,Level 1-100 Hair,30121,2026-07-21T22:54:09
80,Demonflame,Wraith Wrap,28610,500 keys,"28,610.00 ref, $872.61",3,misc,Level 1-100 Apparel,937,2026-07-21T22:54:09
80,Demonflame,Copper's Hard Top,26464.25,455–470 keys,"26,464.25 ref, $807.16",3,misc,Level 1-100 Helmet,478,2026-07-21T22:54:09
80,Demonflame,Officer's Ushanka,26321.2,400–520 keys,"26,321.20 ref, $802.80",2,misc,Level 1-100 Hat,96,2026-07-21T22:54:09
80,Demonflame,Outdoorsman,25749,450 keys,"25,749.00 ref, $785.34",3,misc,Level 10 Hat,603,2026-07-21T22:54:09
80,Demonflame,Belgian Detective,24604.6,430 keys,"24,604.60 ref, $750.44",2,misc,Level 1-100 Hat,30128,2026-07-21T22:54:09
80,Demonflame,Texas Ten Gallon,22888,400 keys,"22,888.00 ref, $698.08",1,misc,Level 1-100 Hat,94,2026-07-21T22:54:09
80,Demonflame,Pyromancer's Mask,21571.94,377 keys,"21,571.94 ref, $657.94",2,misc,Level 1-100 Mask,316,2026-07-21T22:54:09
80,Demonflame,Napper's Respite,21171.4,370 keys,"21,171.40 ref, $645.73",4,misc,Level 1-100 Hat,248,2026-07-21T22:54:09
80,Demonflame,Slick Cut,20027,350 keys,"20,027.00 ref, $610.82",2,misc,Level 1-100 Hair,30187,2026-07-21T22:54:09
80,Demonflame,Horrific Headsplitter,19912.56,348 keys,"19,912.56 ref, $607.33",5,misc,Level 31 Hat,291,2026-07-21T22:54:09
80,Demonflame,Pampered Pyro,18596.5,325 keys,"18,596.50 ref, $567.19",4,misc,Level 1-100 Towel,30139,2026-07-21T22:54:09
80,Demonflame,Gym Rat,18138.74,317 keys,"18,138.74 ref, $553.23",1,misc,Level 10 Hair,613,2026-07-21T22:54:09
80,Demonflame,Blast Defense,17166,300 keys,"17,166.00 ref, $523.56",0,misc,Level 1-100 Headgear,30863,2026-07-21T22:54:09
80,Demonflame,Front Runner,17166,300 keys,"17,166.00 ref, $523.56",1,misc,Level 1-100 Hat,760,2026-07-21T22:54:09
80,Demonflame,Wing Mann,16708.24,292 keys,"16,708.24 ref, $509.60",1,misc,Level 1-100 Hat,30809,2026-07-21T22:54:09
80,Demonflame,Nuke,15449.4,270 keys,"15,449.40 ref, $471.21",2,misc,Level 1-100 Hair,30885,2026-07-21T22:54:09
80,Demonflame,Le Party Phantom,13160.6,230 keys,"13,160.60 ref, $401.40",1,misc,Level 1-100 Mask,337,2026-07-21T22:54:09
80,Demonflame,Black Watch,12874.5,225 keys,"12,874.50 ref, $392.67",3,misc,Level 1-100 Hat,30105,2026-07-21T22:54:09
80,Demonflame,Company Man,12817.28,224 keys,"12,817.28 ref, $390.93",3,misc,Level 10 Hat,523,2026-07-21T22:54:09
80,Demonflame,Condor Cap,12273.69,179–250 keys,"12,273.69 ref, $374.35",1,misc,Level 1-100 Hat,30553,2026-07-21T22:54:09
80,Demonflame,Whoopee Cap,11730.1,170–240 keys,"11,730.10 ref, $357.77",2,misc,Level 1-100 Hat,174,2026-07-21T22:54:09
80,Demonflame,Connoisseur's Cap,11444,200 keys,"11,444.00 ref, $349.04",2,misc,Level 1-100 Hat,394,2026-07-21T22:54:09
80,Demonflame,Desert Marauder,11444,200 keys,"11,444.00 ref, $349.04",1,misc,Level 1-100 Hat,400,2026-07-21T22:54:09
80,Demonflame,Troublemaker's Tossle Cap,11444,200 keys,"11,444.00 ref, $349.04",1,misc,Level 1-100 Hat,150,2026-07-21T22:54:09
80,Demonflame,Wet Works,11329.56,196–200 keys,"11,329.56 ref, $345.55",2,misc,Level 1-100 Hat,30135,2026-07-21T22:54:09
80,Demonflame,Modest Metal Pile of Scrap,11300.95,173–222 keys,"11,300.95 ref, $344.68",1,misc,Level 1-100 Hat,30001,2026-07-21T22:54:09
80,Demonflame,Milkman,10585.7,160–210 keys,"10,585.70 ref, $322.86",4,misc,Level 1-100 Hat,219,2026-07-21T22:54:09
80,Demonflame,Pithy Professional,10442.65,175–190 keys,"10,442.65 ref, $318.50",0,misc,Level 1-100 Hat,30915,2026-07-21T22:54:09
80,Demonflame,Gentleman's Ushanka,10328.21,161–200 keys,"10,328.21 ref, $315.01",1,misc,Level 1-100 Hat,778,2026-07-21T22:54:09
80,Demonflame,Tavish DeGroot Experience,9784.62,171 keys,"9,784.62 ref, $298.43",1,misc,Level 10 Hat,604,2026-07-21T22:54:09
80,Demonflame,Old Guadalajara,9555.74,167 keys,"9,555.74 ref, $291.45",3,misc,Level 1-100 Hat,247,2026-07-21T22:54:09
80,Demonflame,Broadband Bonnet,9212.42,161 keys,"9,212.42 ref, $280.98",2,misc,Level 1-100 Hat,30029,2026-07-21T22:54:09
80,Demonflame,Ye Oiled Baker Boy,8869.1,150–160 keys,"8,869.10 ref, $270.51",2,misc,Level 1-100 Hat,30019,2026-07-21T22:54:09
80,Demonflame,Flipped Trilby,8754.66,153 keys,"8,754.66 ref, $267.02",1,misc,Level 1-100 Hat,324,2026-07-21T22:54:09
80,Demonflame,Dread Knot,8640.22,151 keys,"8,640.22 ref, $263.53",2,misc,Level 1-100 Hair,358,2026-07-21T22:54:09
80,Demonflame,Soviet Gentleman,8583,150 keys,"8,583.00 ref, $261.78",1,misc,Level 1-100 Hat,821,2026-07-21T22:54:09
80,Demonflame,Tartan Spartan,8583,150 keys,"8,583.00 ref, $261.78",2,misc,Level 1-100 Helmet,30106,2026-07-21T22:54:09
80,Demonflame,Madame Dixie,8554.39,139–160 keys,"8,554.39 ref, $260.91",2,misc,Level 1-100 Hat,321,2026-07-21T22:54:09
80,Demonflame,Handyman's Handle,8010.8,140 keys,"8,010.80 ref, $244.33",3,misc,Level 1-100 Hat,253,2026-07-21T22:54:09
80,Demonflame,Conquistador,7867.75,120–155 keys,"7,867.75 ref, $239.97",3,misc,Level 1-100 Helmet,721,2026-07-21T22:54:09
80,Demonflame,Armored Authority,7724.7,135 keys,"7,724.70 ref, $235.60",1,misc,Level 1-100 Helmet,445,2026-07-21T22:54:09
80,Demonflame,One-Man Army,7438.6,110–150 keys,"7,438.60 ref, $226.88",1,misc,Level 10 Hair,601,2026-07-21T22:54:09
80,Demonflame,Samur-Eye,7152.5,125 keys,"7,152.50 ref, $218.15",3,misc,Level 1-100 Helmet,359,2026-07-21T22:54:09
80,Demonflame,Cosa Nostra Cap,6866.4,120 keys,"6,866.40 ref, $209.43",4,misc,Level 1-100 Hat,459,2026-07-21T22:54:09
80,Demonflame,Full Metal Drill Hat,6866.4,120 keys,"6,866.40 ref, $209.43",1,misc,Level 1-100 Hat,30026,2026-07-21T22:54:09
80,Demonflame,Pyro's Boron Beanie,6866.4,120 keys,"6,866.40 ref, $209.43",0,misc,Level 1-100 Hat,30040,2026-07-21T22:54:09
80,Demonflame,Das Übersternmann,6580.3,100–130 keys,"6,580.30 ref, $200.70",2,misc,Level 1-100 Hat,30097,2026-07-21T22:54:09
80,Demonflame,Defiant Spartan,6179.76,103–113 keys,"6,179.76 ref, $188.48",2,misc,Level 1-100 Helmet,340,2026-07-21T22:54:09
80,Demonflame,Hetman's Headpiece,5836.44,102 keys,"5,836.44 ref, $178.01",2,misc,Level 1-100 Hat,436,2026-07-21T22:54:09
80,Demonflame,Jumper's Jeepcap,5722,100 keys,"5,722.00 ref, $174.52",1,misc,Level 1-100 Hat,417,2026-07-21T22:54:09
80,Demonflame,Nanobalaclava,5722,100 keys,"5,722.00 ref, $174.52",0,misc,Level 10 Hat,521,2026-07-21T22:54:09
80,Demonflame,Bolted Bicorne,5664.78,99 keys,"5,664.78 ref, $172.78",3,misc,Level 1-100 Hat,30034,2026-07-21T22:54:09
80,Demonflame,Bolted Birdcage,5664.78,99 keys,"5,664.78 ref, $172.78",1,misc,Level 1-100 Hat,30057,2026-07-21T22:54:09
80,Demonflame,Head Warmer,5493.12,96 keys,"5,493.12 ref, $167.54",1,misc,Level 1-100 Hat,644,2026-07-21T22:54:09
80,Demonflame,Rimmed Raincatcher,5292.85,85–100 keys,"5,292.85 ref, $161.43",1,misc,Level 1-100 Hat,216,2026-07-21T22:54:09
80,Demonflame,Counterfeit Billycock,5264.24,92 keys,"5,264.24 ref, $160.56",2,misc,Level 10 Hat,602,2026-07-21T22:54:09
80,Demonflame,Virus Doctor,5149.8,80–100 keys,"5,149.80 ref, $157.07",2,misc,Level 1-100 Hat,30043,2026-07-21T22:54:09
80,Demonflame,Respectless Robo-Glove,5035.36,88 keys,"5,035.36 ref, $153.58",1,misc,Level 1-100 Hat,30039,2026-07-21T22:54:09
80,Demonflame,Glasgow Great Helm,4920.92,86 keys,"4,920.92 ref, $150.09",2,misc,Level 1-100 Helmet,30082,2026-07-21T22:54:09
80,Demonflame,Stately Steel Toe,4692.04,72–92 keys,"4,692.04 ref, $143.11",2,misc,Level 1-100 Hat,481,2026-07-21T22:54:09
80,Demonflame,Buckaroo's Hat,4634.82,81 keys,"4,634.82 ref, $141.36",2,misc,Level 1-100 Hat,322,2026-07-21T22:54:09
80,Demonflame,Capo's Capper,4577.6,80 keys,"4,577.60 ref, $139.62",3,misc,Level 1-100 Hat,427,2026-07-21T22:54:09
80,Demonflame,Hound Dog,4577.6,75–85 keys,"4,577.60 ref, $139.62",2,misc,Level 1-100 Hair,145,2026-07-21T22:54:09
80,Demonflame,Stout Shako,4577.6,80 keys,"4,577.60 ref, $139.62",3,misc,Level 1-100 Hat,251,2026-07-21T22:54:09
80,Demonflame,Otolaryngologist's Mirror,4463.16,78 keys,"4,463.16 ref, $136.13",2,misc,Level 1-100 Hat,104,2026-07-21T22:54:09
80,Demonflame,Ye Olde Baker Boy,4405.94,70–84 keys,"4,405.94 ref, $134.38",1,misc,Level 1-100 Hat,107,2026-07-21T22:54:09
80,Demonflame,A Head Full of Hot Air,4291.5,75 keys,"4,291.50 ref, $130.89",1,misc,Level 1-100 Hat,30662,2026-07-21T22:54:09
80,Demonflame,Waxy Wayfinder,4005.4,70 keys,"4,005.40 ref, $122.16",1,misc,Level 1-100 Hat,753,2026-07-21T22:54:09
80,Demonflame,Bombing Run,3576.25,55–70 keys,"3,576.25 ref, $109.08",2,misc,Level 1-100 Helmet,249,2026-07-21T22:54:09
80,Demonflame,Gridiron Guardian,3433.2,60 keys,"3,433.20 ref, $104.71",1,misc,Level 1-100 Helmet,30013,2026-07-21T22:54:09
80,Demonflame,Texas Tin-Gallon,3375.98,59 keys,"3,375.98 ref, $102.97",3,misc,Level 1-100 Hat,30044,2026-07-21T22:54:09
80,Demonflame,Tungsten Toque,3290.15,45–70 keys,"3,290.15 ref, $100.35",2,misc,Level 1-100 Hat,30049,2026-07-21T22:54:09
80,Demonflame,Lord Cockswain's Pith Helmet,3261.54,57 keys,"3,261.54 ref, $99.48",2,misc,Level 1-100 Headgear,439,2026-07-21T22:54:09
80,Demonflame,Sober Stuntman,3261.54,57 keys,"3,261.54 ref, $99.48",2,misc,Level 1-100 Helmet,255,2026-07-21T22:54:09
80,Demonflame,Doctor's Sack,3007.7049180328,43.81–61.32 keys,"3,007.70 ref, 52.56 keys",1,misc,Level 1-100 Hat,398,2026-07-21T22:54:09
80,Demonflame,Big Elfin Deal,2689.34,46–48 keys,"2,689.34 ref, $82.02",2,misc,Level 1-100 Hat,652,2026-07-21T22:54:09
80,Demonflame,Bonk Leadwear,2574.9,45 keys,"2,574.90 ref, $78.53",2,misc,Level 1-100 Helmet,30030,2026-07-21T22:54:09
80,Demonflame,Coupe D'isaster,2460.46,43 keys,"2,460.46 ref, $75.04",1,misc,Level 1-100 Hair,330,2026-07-21T22:54:09
80,Demonflame,Pure Tin Capotain,2145.75,32–43 keys,"2,145.75 ref, $65.45",2,misc,Level 1-100 Hat,30021,2026-07-21T22:54:09
80,Demonflame,Helmet without a Home,2117.14,37 keys,"2,117.14 ref, $64.57",1,misc,Level 1-100 Helmet,732,2026-07-21T22:54:09
80,Demonflame,Plumber's Pipe,2002.7,35 keys,"2,002.70 ref, $61.08",1,misc,Level 1-100 Hat,30022,2026-07-21T22:54:09
70,Time Warp,Exquisite Rack,253198.5,4425 keys,"253,198.50 ref, $7722.55",3,misc,Level 1-100 Cosmetic Item,339,2026-07-21T22:54:09
70,Time Warp,Polar Pullover,226019,3950 keys,"226,019.00 ref, $6893.58",1,misc,Level 1-100 Hat,30329,2026-07-21T22:54:09
70,Time Warp,Antlers,197409,2800–4100 keys,"197,409.00 ref, $6020.97",2,misc,Level 1-100 Cosmetic Item,993,2026-07-21T22:54:09
70,Time Warp,Team Captain,171660,3000 keys,"171,660.00 ref, $5235.63",2,misc,Level 1-100 Hat,378,2026-07-21T22:54:09
70,Time Warp,Dr's Dapper Topper,157355,2500–3000 keys,"157,355.00 ref, $4799.33",4,misc,Level 1-100 Hat,252,2026-07-21T22:54:09
70,Time Warp,Killer Exclusive,143050,2500 keys,"143,050.00 ref, $4363.02",2,misc,Level 10 Hat,538,2026-07-21T22:54:09
70,Time Warp,Soldered Sensei,123023,2150 keys,"123,023.00 ref, $3752.20",7,misc,Level 1-100 Hat,30004,2026-07-21T22:54:09
70,Time Warp,Pyromancer's Mask,114440,2000 keys,"114,440.00 ref, $3490.42",2,misc,Level 1-100 Mask,316,2026-07-21T22:54:09
70,Time Warp,Master's Yellow Belt,97274,1700 keys,"97,274.00 ref, $2966.86",2,misc,Level 1-100 Hat,110,2026-07-21T22:54:09
70,Time Warp,Large Luchador,80108,1400 keys,"80,108.00 ref, $2443.29",2,misc,Level 1-100 Mask,380,2026-07-21T22:54:09
70,Time Warp,Hat with No Name,77247,1350 keys,"77,247.00 ref, $2356.03",3,misc,Level 10 Hat,631,2026-07-21T22:54:09
70,Time Warp,Law,68664,1200 keys,"68,664.00 ref, $2094.25",2,misc,Level 1-100 Hat,30362,2026-07-21T22:54:09
70,Time Warp,Villain's Veil,68664,1200 keys,"68,664.00 ref, $2094.25",2,misc,Level 1-100 Bandana,393,2026-07-21T22:54:09
70,Time Warp,Vive la France,65803,1050–1250 keys,"65,803.00 ref, $2006.99",1,misc,Level 1-100 Hat,30422,2026-07-21T22:54:09
70,Time Warp,Well-Rounded Rifleman,62942,1100 keys,"62,942.00 ref, $1919.73",2,misc,Level 1-100 Hat,30067,2026-07-21T22:54:09
70,Time Warp,Anger,57220,1000 keys,"57,220.00 ref, $1745.21",7,misc,Level 10 Hood,518,2026-07-21T22:54:09
70,Time Warp,Merc's Mohawk,57220,1000 keys,"57,220.00 ref, $1745.21",2,misc,Level 1-100 Hair,30413,2026-07-21T22:54:09
70,Time Warp,Brotherhood of Arms,51498,900 keys,"51,498.00 ref, $1570.69",2,misc,Level 1-100 Hat,30066,2026-07-21T22:54:09
70,Time Warp,War Pig,51498,900 keys,"51,498.00 ref, $1570.69",7,misc,Level 1-100 Headgear,829,2026-07-21T22:54:09
70,Time Warp,Company Man,48064.8,780–900 keys,"48,064.80 ref, $1465.98",4,misc,Level 10 Hat,523,2026-07-21T22:54:09
70,Time Warp,Le Party Phantom,44459.94,777 keys,"44,459.94 ref, $1356.03",3,misc,Level 1-100 Mask,337,2026-07-21T22:54:09
70,Time Warp,Crone's Dome,44345.5,775 keys,"44,345.50 ref, $1352.54",5,misc,Level 1-100 Hat,920,2026-07-21T22:54:09
70,Time Warp,Samur-Eye,44345.5,775 keys,"44,345.50 ref, $1352.54",2,misc,Level 1-100 Helmet,359,2026-07-21T22:54:09
70,Time Warp,Bonk Boy,43129.180327869,753.74 keys,"43,129.18 ref, 753.74 keys",1,misc,Level 1-100 Mask,451,2026-07-21T22:54:09
70,Time Warp,Conjurer's Cowl,42915,750 keys,"42,915.00 ref, $1308.91",4,misc,Level 1-100 Hood,465,2026-07-21T22:54:09
70,Time Warp,Cotton Head,42915,750 keys,"42,915.00 ref, $1308.91",1,misc,Level 1-100 Hat,30175,2026-07-21T22:54:09
70,Time Warp,Swagman's Swatter,42628.9,745 keys,"42,628.90 ref, $1300.18",2,misc,Level 10 Hat,626,2026-07-21T22:54:09
70,Time Warp,Sergeant's Drill Hat,42342.8,680–800 keys,"42,342.80 ref, $1291.46",3,misc,Level 1-100 Hat,183,2026-07-21T22:54:09
70,Time Warp,Cold Killer,41770.6,730 keys,"41,770.60 ref, $1274.00",6,misc,Level 1-100 Hat,981,2026-07-21T22:54:09
70,Time Warp,Backwards Ballcap,40054,700 keys,"40,054.00 ref, $1221.65",4,misc,Level 10 Hat,617,2026-07-21T22:54:09
70,Time Warp,Whirly Warrior,40054,600–800 keys,"40,054.00 ref, $1221.65",3,misc,Level 1-100 Helmet,30118,2026-07-21T22:54:09
70,Time Warp,Vintage Tyrolean,39710.68,694 keys,"39,710.68 ref, $1211.18",1,misc,Level 1-100 Hat,101,2026-07-21T22:54:09
70,Time Warp,Modest Pile of Hat,39481.8,650–730 keys,"39,481.80 ref, $1204.19",4,misc,Level 1-100 Hat,139,2026-07-21T22:54:09
70,Time Warp,Grimm Hatte,38623.5,675 keys,"38,623.50 ref, $1178.02",1,misc,Level 1-100 Hat,383,2026-07-21T22:54:09
70,Time Warp,Troublemaker's Tossle Cap,37193,650 keys,"37,193.00 ref, $1134.39",7,misc,Level 1-100 Hat,150,2026-07-21T22:54:09
70,Time Warp,Danger,36048.6,630 keys,"36,048.60 ref, $1099.48",2,misc,Level 1-100 Apparel,30420,2026-07-21T22:54:09
70,Time Warp,Blighted Beak,34332,600 keys,"34,332.00 ref, $1047.13",1,misc,Level 1-100 Mask,315,2026-07-21T22:54:09
70,Time Warp,Lucky Shot,34332,600 keys,"34,332.00 ref, $1047.13",4,misc,Level 1-100 Helmet,701,2026-07-21T22:54:09
70,Time Warp,Crown of the Old Kingdom,32901.5,575 keys,"32,901.50 ref, $1003.50",1,misc,Level 1-100 Hat,30567,2026-07-21T22:54:09
70,Time Warp,Napper's Respite,32615.4,570 keys,"32,615.40 ref, $994.77",4,misc,Level 1-100 Hat,248,2026-07-21T22:54:09
70,Time Warp,Noble Amassment of Hats,32043.2,560 keys,"32,043.20 ref, $977.32",4,misc,Level 1-100 Hat,137,2026-07-21T22:54:09
70,Time Warp,El Jefe,31757.1,555 keys,"31,757.10 ref, $968.59",2,misc,Level 10 Hat,539,2026-07-21T22:54:09
70,Time Warp,Chieftain's Challenge,30326.6,530 keys,"30,326.60 ref, $924.96",2,misc,Level 1-100 Hat,250,2026-07-21T22:54:09
70,Time Warp,Brim-Full of Bullets,28610,500 keys,"28,610.00 ref, $872.61",1,misc,Level 1-100 Hat,30173,2026-07-21T22:54:09
70,Time Warp,Cloud Crasher,28610,500 keys,"28,610.00 ref, $872.61",4,misc,Level 1-100 Helmet,30071,2026-07-21T22:54:09
70,Time Warp,Galvanized Gibus,28610,500 keys,"28,610.00 ref, $872.61",4,misc,Level 1-100 Hat,30003,2026-07-21T22:54:09
70,Time Warp,Hermes,28610,500 keys,"28,610.00 ref, $872.61",8,misc,Level 10 Hat,633,2026-07-21T22:54:09
70,Time Warp,Texas Ten Gallon,28610,500 keys,"28,610.00 ref, $872.61",4,misc,Level 1-100 Hat,94,2026-07-21T22:54:09
70,Time Warp,Wraith Wrap,28610,500 keys,"28,610.00 ref, $872.61",10,misc,Level 1-100 Apparel,937,2026-07-21T22:54:09
70,Time Warp,Flipped Trilby,28037.8,490 keys,"28,037.80 ref, $855.15",8,misc,Level 1-100 Hat,324,2026-07-21T22:54:09
70,Time Warp,Whoopee Cap,28037.8,490 keys,"28,037.80 ref, $855.15",4,misc,Level 1-100 Hat,174,2026-07-21T22:54:09
70,Time Warp,Charmer's Chapeau,27465.6,480 keys,"27,465.60 ref, $837.70",2,misc,Level 1-100 Hat,397,2026-07-21T22:54:09
70,Time Warp,Lord Cockswain's Pith Helmet,27465.6,480 keys,"27,465.60 ref, $837.70",4,misc,Level 1-100 Headgear,439,2026-07-21T22:54:09
70,Time Warp,Armored Authority,27236.72,476 keys,"27,236.72 ref, $830.72",7,misc,Level 1-100 Helmet,445,2026-07-21T22:54:09
70,Time Warp,Honcho's Headgear,25749,450 keys,"25,749.00 ref, $785.34",5,misc,Level 1-100 Hat,391,2026-07-21T22:54:09
70,Time Warp,Front Runner,24890.7,435 keys,"24,890.70 ref, $759.17",9,misc,Level 1-100 Hat,760,2026-07-21T22:54:09
70,Time Warp,Salty Dog,24604.6,430 keys,"24,604.60 ref, $750.44",6,misc,Level 10 Hat,611,2026-07-21T22:54:09
70,Time Warp,Fed-Fightin' Fedora,24032.4,420 keys,"24,032.40 ref, $732.99",5,misc,Level 1-100 Hat,780,2026-07-21T22:54:09
70,Time Warp,Peacenik's Ponytail,24032.4,420 keys,"24,032.40 ref, $732.99",2,misc,Level 1-100 Hair,30406,2026-07-21T22:54:09
70,Time Warp,Bombing Run,23317.15,300–515 keys,"23,317.15 ref, $711.17",3,misc,Level 1-100 Helmet,249,2026-07-21T22:54:09
70,Time Warp,Bone Dome,22888,400 keys,"22,888.00 ref, $698.08",1,misc,Level 1-100 Helmet,30162,2026-07-21T22:54:09
70,Time Warp,Bonk Helm,22888,400 keys,"22,888.00 ref, $698.08",2,misc,Level 1-100 Helmet,106,2026-07-21T22:54:09
70,Time Warp,Geisha Boy,22888,400 keys,"22,888.00 ref, $698.08",4,misc,Level 1-100 Hair,363,2026-07-21T22:54:09
70,Time Warp,Heavy Duty Rag,22888,400 keys,"22,888.00 ref, $698.08",1,misc,Level 1-100 Bandana,185,2026-07-21T22:54:09
70,Time Warp,Towering Pillar of Hats,22888,400 keys,"22,888.00 ref, $698.08",5,misc,Level 1-100 Hat,135,2026-07-21T22:54:09
70,Time Warp,Desert Marauder,22315.8,380–400 keys,"22,315.80 ref, $680.63",2,misc,Level 1-100 Hat,400,2026-07-21T22:54:09
70,Time Warp,Western Wear,22315.8,390 keys,"22,315.80 ref, $680.63",2,misc,Level 1-100 Hat,379,2026-07-21T22:54:09
70,Time Warp,Das Naggenvatcher,21457.5,375 keys,"21,457.50 ref, $654.45",3,misc,Level 1-100 Hat,30109,2026-07-21T22:54:09
70,Time Warp,Noble Nickel Amassment of Hats,21457.5,375 keys,"21,457.50 ref, $654.45",2,misc,Level 1-100 Hat,30006,2026-07-21T22:54:09
70,Time Warp,Tipped Lid,21457.5,300–450 keys,"21,457.50 ref, $654.45",4,misc,Level 1-100 Hat,30425,2026-07-21T22:54:09
70,Time Warp,Cosa Nostra Cap,21171.4,325–415 keys,"21,171.40 ref, $645.73",2,misc,Level 1-100 Hat,459,2026-07-21T22:54:09
70,Time Warp,Familiar Fez,21171.4,370 keys,"21,171.40 ref, $645.73",4,misc,Level 1-100 Hat,223,2026-07-21T22:54:09
70,Time Warp,A Rather Festive Tree,20885.3,365 keys,"20,885.30 ref, $637.00",3,misc,Level 1-100 Hat,341,2026-07-21T22:54:09
70,Time Warp,Engineer's Cap,20027,350 keys,"20,027.00 ref, $610.82",4,misc,Level 1-100 Hat,95,2026-07-21T22:54:09
70,Time Warp,FR-0,20027,350 keys,"20,027.00 ref, $610.82",7,misc,Level 1-100 Hat,30016,2026-07-21T22:54:09
70,Time Warp,Ol' Geezer,20027,350 keys,"20,027.00 ref, $610.82",1,misc,Level 1-100 Hat,399,2026-07-21T22:54:09
70,Time Warp,Virus Doctor,20027,350 keys,"20,027.00 ref, $610.82",5,misc,Level 1-100 Hat,30043,2026-07-21T22:54:09
70,Time Warp,Ye Olde Baker Boy,20027,350 keys,"20,027.00 ref, $610.82",3,misc,Level 1-100 Hat,107,2026-07-21T22:54:09
70,Time Warp,Professional's Panama,19454.8,340 keys,"19,454.80 ref, $593.37",3,misc,Level 1-100 Hat,109,2026-07-21T22:54:09
70,Time Warp,Bubble Pipe,19168.7,335 keys,"19,168.70 ref, $584.65",4,misc,Level 1-100 Helmet,597,2026-07-21T22:54:09
70,Time Warp,Brain Bucket,18596.5,325 keys,"18,596.50 ref, $567.19",3,misc,Level 1-100 Hat,434,2026-07-21T22:54:09
70,Time Warp,Grenadier's Softcap,18596.5,325 keys,"18,596.50 ref, $567.19",1,misc,Level 1-100 Hat,227,2026-07-21T22:54:09
70,Time Warp,Private Eye,18596.5,325 keys,"18,596.50 ref, $567.19",1,misc,Level 1-100 Hat,388,2026-07-21T22:54:09
70,Time Warp,Defiant Spartan,18453.45,290–355 keys,"18,453.45 ref, $562.83",6,misc,Level 1-100 Helmet,340,2026-07-21T22:54:09
70,Time Warp,Coupe D'isaster,18310.4,320 keys,"18,310.40 ref, $558.47",1,misc,Level 1-100 Hair,330,2026-07-21T22:54:09
70,Time Warp,One-Man Army,18138.74,317 keys,"18,138.74 ref, $553.23",5,misc,Level 10 Hair,601,2026-07-21T22:54:09
70,Time Warp,Scotsman's Stove Pipe,18024.3,315 keys,"18,024.30 ref, $549.74",4,misc,Level 1-100 Hat,120,2026-07-21T22:54:09
70,Time Warp,Gentleman's Gatsby,17738.2,300–320 keys,"17,738.20 ref, $541.02",3,misc,Level 1-100 Hat,184,2026-07-21T22:54:09
70,Time Warp,Frontier Djustice,17166,300 keys,"17,166.00 ref, $523.56",1,misc,Level 1-100 Hat,30421,2026-07-21T22:54:09
70,Time Warp,Gentleman's Ushanka,17166,280–320 keys,"17,166.00 ref, $523.56",5,misc,Level 1-100 Hat,778,2026-07-21T22:54:09
70,Time Warp,L'Inspecteur,17166,300 keys,"17,166.00 ref, $523.56",4,misc,Level 10 Hat,622,2026-07-21T22:54:09
70,Time Warp,Liquidator's Lid,17166,300 keys,"17,166.00 ref, $523.56",4,misc,Level 1-100 Hat,779,2026-07-21T22:54:09
70,Time Warp,Pirate Bandana,17166,300 keys,"17,166.00 ref, $523.56",4,misc,Level 1-100 Hat,30180,2026-07-21T22:54:09
70,Time Warp,Safe'n'Sound,17166,300 keys,"17,166.00 ref, $523.56",4,misc,Level 1-100 Hat,178,2026-07-21T22:54:09
70,Time Warp,Scotch Bonnet,17166,300 keys,"17,166.00 ref, $523.56",4,misc,Level 1-100 Headgear,306,2026-07-21T22:54:09
70,Time Warp,Tyrantium Helmet,17166,300 keys,"17,166.00 ref, $523.56",1,misc,Level 1-100 Helmet,30014,2026-07-21T22:54:09
70,Time Warp,Voodoo JuJu (Slight Return),17166,300 keys,"17,166.00 ref, $523.56",5,misc,Level 1-100 Hat,935,2026-07-21T22:54:09
70,Time Warp,Wet Works,17166,300 keys,"17,166.00 ref, $523.56",1,misc,Level 1-100 Hat,30135,2026-07-21T22:54:09
70,Time Warp,Dead Cone,16879.9,295 keys,"16,879.90 ref, $514.84",4,misc,Level 1-100 Hat,435,2026-07-21T22:54:09
70,Time Warp,Your Worst Nightmare,16593.8,290 keys,"16,593.80 ref, $506.11",3,misc,Level 10 Hair,600,2026-07-21T22:54:09
70,Time Warp,Titanium Tyrolean,15735.5,275 keys,"15,735.50 ref, $479.93",1,misc,Level 1-100 Hat,30045,2026-07-21T22:54:09
70,Time Warp,Valley Forge,15735.5,275 keys,"15,735.50 ref, $479.93",2,misc,Level 1-100 Hat,30114,2026-07-21T22:54:09
70,Time Warp,Crocleather Slouch,15449.4,270 keys,"15,449.40 ref, $471.21",4,misc,Level 1-100 Hat,344,2026-07-21T22:54:09
70,Time Warp,Data Mining Light,15163.3,265 keys,"15,163.30 ref, $462.48",2,misc,Level 1-100 Helmet,30051,2026-07-21T22:54:09
70,Time Warp,Letch's LED,15163.3,265 keys,"15,163.30 ref, $462.48",4,misc,Level 1-100 Hat,30002,2026-07-21T22:54:09
70,Time Warp,Aviator Assassin,14877.2,260 keys,"14,877.20 ref, $453.75",3,misc,Level 1-100 Hat,30404,2026-07-21T22:54:09
70,Time Warp,Tough Guy's Toque,14591.1,255 keys,"14,591.10 ref, $445.03",4,misc,Level 1-100 Hat,97,2026-07-21T22:54:09
70,Time Warp,Bear Necessities,14305,250 keys,"14,305.00 ref, $436.30",2,misc,Level 1-100 Spirit Animal,30122,2026-07-21T22:54:09
70,Time Warp,Killer's Kabuto,14305,250 keys,"14,305.00 ref, $436.30",3,misc,Level 1-100 Helmet,152,2026-07-21T22:54:09
70,Time Warp,Ol' Snaggletooth,14305,250 keys,"14,305.00 ref, $436.30",6,misc,Level 1-100 Hat,229,2026-07-21T22:54:09
70,Time Warp,Otolaryngologist's Mirror,14305,250 keys,"14,305.00 ref, $436.30",4,misc,Level 1-100 Hat,104,2026-07-21T22:54:09
70,Time Warp,Tartan Spartan,14305,250 keys,"14,305.00 ref, $436.30",1,misc,Level 1-100 Helmet,30106,2026-07-21T22:54:09
70,Time Warp,Trencher's Topper,13847.24,242 keys,"13,847.24 ref, $422.34",3,misc,Level 1-100 Helmet,30336,2026-07-21T22:54:09
70,Time Warp,Bloke's Bucket Hat,13732.8,190–290 keys,"13,732.80 ref, $418.85",5,misc,Level 1-100 Hat,181,2026-07-21T22:54:09
70,Time Warp,Détective Noir,13732.8,240 keys,"13,732.80 ref, $418.85",8,misc,Level 1-100 Hat,319,2026-07-21T22:54:09
70,Time Warp,Infernal Impaler,13732.8,240 keys,"13,732.80 ref, $418.85",2,misc,Level 13 Headgear,575,2026-07-21T22:54:09
70,Time Warp,Milkman,13446.7,235 keys,"13,446.70 ref, $410.12",1,misc,Level 1-100 Hat,219,2026-07-21T22:54:09
70,Time Warp,Big Country,13160.6,230 keys,"13,160.60 ref, $401.40",8,misc,Level 1-100 Hair,382,2026-07-21T22:54:09
70,Time Warp,Birdcage,13160.6,230 keys,"13,160.60 ref, $401.40",5,misc,Level 10 Hat,615,2026-07-21T22:54:09
70,Time Warp,Brainiac Hairpiece,13160.6,200–260 keys,"13,160.60 ref, $401.40",4,misc,Level 1-100 Facial Hair,590,2026-07-21T22:54:09
70,Time Warp,Strontium Stove Pipe,12874.5,225 keys,"12,874.50 ref, $392.67",3,misc,Level 1-100 Hat,30037,2026-07-21T22:54:09
70,Time Warp,Cyborg Stunt Helmet,12588.4,220 keys,"12,588.40 ref, $383.95",4,misc,Level 1-100 Helmet,30024,2026-07-21T22:54:09
70,Time Warp,Magistrate's Mullet,12588.4,220 keys,"12,588.40 ref, $383.95",3,misc,Level 1-100 Hair,147,2026-07-21T22:54:09
70,Time Warp,Old Guadalajara,12445.35,214–221 keys,"12,445.35 ref, $379.58",5,misc,Level 1-100 Hat,247,2026-07-21T22:54:09
70,Time Warp,Shooter's Sola Topi,12187.86,213 keys,"12,187.86 ref, $371.73",2,misc,Level 1-100 Helmet,158,2026-07-21T22:54:09
70,Time Warp,Big Elfin Deal,12016.2,210 keys,"12,016.20 ref, $366.49",2,misc,Level 1-100 Hat,652,2026-07-21T22:54:09
70,Time Warp,Katyusha,12016.2,210 keys,"12,016.20 ref, $366.49",3,misc,Level 1-100 Hat,30094,2026-07-21T22:54:09
70,Time Warp,Bolted Bicorne,11730.1,205 keys,"11,730.10 ref, $357.77",4,misc,Level 1-100 Hat,30034,2026-07-21T22:54:09
70,Time Warp,Backbiter's Billycock,11444,200 keys,"11,444.00 ref, $349.04",6,misc,Level 1-100 Hat,108,2026-07-21T22:54:09
70,Time Warp,Big Chief,11444,200 keys,"11,444.00 ref, $349.04",2,misc,Level 1-100 Hat,309,2026-07-21T22:54:09
70,Time Warp,Das Hazmattenhatten,11444,200 keys,"11,444.00 ref, $349.04",1,misc,Level 1-100 Safety Apparatus,30095,2026-07-21T22:54:09
70,Time Warp,Glengarry Bonnet,11444,200 keys,"11,444.00 ref, $349.04",3,misc,Level 1-100 Hat,100,2026-07-21T22:54:09
70,Time Warp,Stately Steel Toe,11444,200 keys,"11,444.00 ref, $349.04",5,misc,Level 1-100 Hat,481,2026-07-21T22:54:09
70,Time Warp,Copper's Hard Top,11157.9,190–200 keys,"11,157.90 ref, $340.32",6,misc,Level 1-100 Helmet,478,2026-07-21T22:54:09
70,Time Warp,Virtual Reality Headset,11157.9,195 keys,"11,157.90 ref, $340.32",4,misc,Level 10 Headset,628,2026-07-21T22:54:09
70,Time Warp,Dread Knot,10871.8,190 keys,"10,871.80 ref, $331.59",4,misc,Level 1-100 Hair,358,2026-07-21T22:54:09
70,Time Warp,Handyman's Handle,10871.8,190 keys,"10,871.80 ref, $331.59",5,misc,Level 1-100 Hat,253,2026-07-21T22:54:09
70,Time Warp,Platinum Pickelhaube,10585.7,185 keys,"10,585.70 ref, $322.86",6,misc,Level 1-100 Helmet,30042,2026-07-21T22:54:09
70,Time Warp,Shooter's Tin Topi,10585.7,185 keys,"10,585.70 ref, $322.86",2,misc,Level 1-100 Hat,30005,2026-07-21T22:54:09
70,Time Warp,Executioner,10299.6,180 keys,"10,299.60 ref, $314.14",2,misc,Level 1-100 Hat,921,2026-07-21T22:54:09
70,Time Warp,Nanobalaclava,10299.6,180 keys,"10,299.60 ref, $314.14",3,misc,Level 10 Hat,521,2026-07-21T22:54:09
70,Time Warp,Bolted Birdcage,10013.5,175 keys,"10,013.50 ref, $305.41",5,misc,Level 1-100 Hat,30057,2026-07-21T22:54:09
70,Time Warp,Gym Rat,10013.5,175 keys,"10,013.50 ref, $305.41",2,misc,Level 10 Hair,613,2026-07-21T22:54:09
70,Time Warp,Head Warmer,10013.5,175 keys,"10,013.50 ref, $305.41",2,misc,Level 1-100 Hat,644,2026-07-21T22:54:09
70,Time Warp,Tungsten Toque,10013.5,175 keys,"10,013.50 ref, $305.41",6,misc,Level 1-100 Hat,30049,2026-07-21T22:54:09
70,Time Warp,Surgeon's Stahlhelm,9899.06,173 keys,"9,899.06 ref, $301.92",5,misc,Level 10 Helmet,616,2026-07-21T22:54:09
70,Time Warp,Halogen Head Lamp,9870.45,165–180 keys,"9,870.45 ref, $301.05",4,misc,Level 1-100 Hat,30041,2026-07-21T22:54:09
70,Time Warp,Janissary Ketche,9727.4,170 keys,"9,727.40 ref, $296.69",3,misc,Level 1-100 Hat,437,2026-07-21T22:54:09
70,Time Warp,Sober Stuntman,9727.4,170 keys,"9,727.40 ref, $296.69",5,misc,Level 1-100 Helmet,255,2026-07-21T22:54:09
70,Time Warp,Fruit Shoot,9384.08,128–200 keys,"9,384.08 ref, $286.21",2,misc,Level 1-100 Hat,759,2026-07-21T22:54:09
70,Time Warp,Texas Tin-Gallon,8926.32,122–190 keys,"8,926.32 ref, $272.25",4,misc,Level 1-100 Hat,30044,2026-07-21T22:54:09
70,Time Warp,Carouser's Capotain,8583,150 keys,"8,583.00 ref, $261.78",5,misc,Level 1-100 Hat,259,2026-07-21T22:54:09
70,Time Warp,German Gonzila,8583,130–170 keys,"8,583.00 ref, $261.78",2,misc,Level 1-100 Hat,323,2026-07-21T22:54:09
70,Time Warp,Mann of Reason,8583,150 keys,"8,583.00 ref, $261.78",1,misc,Level 1-100 Hat,30318,2026-07-21T22:54:09
70,Time Warp,Medic's Mountain Cap,8583,150 keys,"8,583.00 ref, $261.78",3,misc,Level 1-100 Hat,381,2026-07-21T22:54:09
70,Time Warp,Reggaelator,8583,150 keys,"8,583.00 ref, $261.78",0,misc,Level 1-100 Hat,390,2026-07-21T22:54:09
70,Time Warp,Gilded Guard,8411.34,145–149 keys,"8,411.34 ref, $256.55",1,misc,Level 1-100 Helmet,1093,2026-07-21T22:54:09
70,Time Warp,Counterfeit Billycock,8296.9,145 keys,"8,296.90 ref, $253.06",7,misc,Level 10 Hat,602,2026-07-21T22:54:09
70,Time Warp,Frickin' Sweet Ninja Hood,8239.68,143–145 keys,"8,239.68 ref, $251.31",1,misc,Level 1-100 Hood,30394,2026-07-21T22:54:09
70,Time Warp,Hard Counter,8010.8,140 keys,"8,010.80 ref, $244.33",3,misc,Level 1-100 Hat,254,2026-07-21T22:54:09
70,Time Warp,Hat of Cards,7896.36,138 keys,"7,896.36 ref, $240.84",3,misc,Level 1-100 Hat,825,2026-07-21T22:54:09
70,Time Warp,Buccaneer's Bicorne,7438.6,130 keys,"7,438.60 ref, $226.88",3,misc,Level 10 Hat,607,2026-07-21T22:54:09
70,Time Warp,Metal Slug,7324.16,100–156 keys,"7,324.16 ref, $223.39",7,misc,Level 1-100 Hat,30028,2026-07-21T22:54:09
70,Time Warp,Brigade Helm,6637.52,116 keys,"6,637.52 ref, $202.44",1,misc,Level 1-100 Helmet,105,2026-07-21T22:54:09
70,Time Warp,Pure Tin Capotain,6580.3,115 keys,"6,580.30 ref, $200.70",2,misc,Level 1-100 Hat,30021,2026-07-21T22:54:09
70,Time Warp,Pugilist's Protector,6437.25,85–140 keys,"6,437.25 ref, $196.34",6,misc,Level 1-100 Headgear,246,2026-07-21T22:54:09
70,Time Warp,Prancer's Pride,6265.59,100–119 keys,"6,265.59 ref, $191.10",6,misc,Level 1-100 Hat,318,2026-07-21T22:54:09
70,Time Warp,Pyro's Boron Beanie,6151.15,95–120 keys,"6,151.15 ref, $187.61",5,misc,Level 1-100 Hat,30040,2026-07-21T22:54:09
70,Time Warp,Das Übersternmann,5950.88,104 keys,"5,950.88 ref, $181.50",0,misc,Level 1-100 Hat,30097,2026-07-21T22:54:09
70,Time Warp,Harmburg,5722,100 keys,"5,722.00 ref, $174.52",1,misc,Level 1-100 Hat,30123,2026-07-21T22:54:09
70,Time Warp,Hetman's Headpiece,5722,100 keys,"5,722.00 ref, $174.52",2,misc,Level 1-100 Hat,436,2026-07-21T22:54:09
70,Time Warp,Hound Dog,5722,75–125 keys,"5,722.00 ref, $174.52",4,misc,Level 1-100 Hair,145,2026-07-21T22:54:09
70,Time Warp,Industrial Festivizer,5722,100 keys,"5,722.00 ref, $174.52",3,misc,Level 1-100 Hat,338,2026-07-21T22:54:09
70,Time Warp,Larrikin Robin,5722,100 keys,"5,722.00 ref, $174.52",1,misc,Level 1-100 Hat,314,2026-07-21T22:54:09
70,Time Warp,Timeless Topper,5722,100 keys,"5,722.00 ref, $174.52",5,misc,Level 1-100 Hat,30035,2026-07-21T22:54:09
70,Time Warp,Buckaroo's Hat,5607.56,98 keys,"5,607.56 ref, $171.03",5,misc,Level 1-100 Hat,322,2026-07-21T22:54:09
70,Time Warp,Modest Metal Pile of Scrap,5435.9,70–120 keys,"5,435.90 ref, $165.79",1,misc,Level 1-100 Hat,30001,2026-07-21T22:54:09
70,Time Warp,Respectless Robo-Glove,5407.29,90–99 keys,"5,407.29 ref, $164.92",4,misc,Level 1-100 Hat,30039,2026-07-21T22:54:09
70,Time Warp,Outdoorsman,5264.24,92 keys,"5,264.24 ref, $160.56",6,misc,Level 10 Hat,603,2026-07-21T22:54:09
70,Time Warp,Das Maddendoktor,5092.58,78–100 keys,"5,092.58 ref, $155.32",1,misc,Level 1-100 Hair,30121,2026-07-21T22:54:09
70,Time Warp,Dragonborn Helmet,5063.97,77–100 keys,"5,063.97 ref, $154.45",4,misc,Level 10 Helmet,517,2026-07-21T22:54:09
70,Time Warp,Plumber's Pipe,4863.7,85 keys,"4,863.70 ref, $148.34",3,misc,Level 1-100 Hat,30022,2026-07-21T22:54:09
70,Time Warp,Screamin' Eagle,4777.87,78–89 keys,"4,777.87 ref, $145.73",1,misc,Level 1-100 Hat,30548,2026-07-21T22:54:09
70,Time Warp,Helmet without a Home,4634.82,72–90 keys,"4,634.82 ref, $141.36",4,misc,Level 1-100 Helmet,732,2026-07-21T22:54:09
70,Time Warp,Hot Dogger,4577.6,80 keys,"4,577.60 ref, $139.62",4,misc,Level 10 Hat,614,2026-07-21T22:54:09
70,Time Warp,Hustler's Hallmark,4577.6,80 keys,"4,577.60 ref, $139.62",3,misc,Level 1-100 Hat,146,2026-07-21T22:54:09
70,Time Warp,Jumper's Jeepcap,4577.6,80 keys,"4,577.60 ref, $139.62",3,misc,Level 1-100 Hat,417,2026-07-21T22:54:09
70,Time Warp,Berliner's Bucket Helm,4519.0163934426,72.74–85.21 keys,"4,519.02 ref, 78.98 keys",1,misc,Level 1-100 Helmet,303,2026-07-21T22:54:09
70,Time Warp,Capo's Capper,4463.16,66–90 keys,"4,463.16 ref, $136.13",1,misc,Level 1-100 Hat,427,2026-07-21T22:54:09
70,Time Warp,Full Metal Drill Hat,4291.5,75 keys,"4,291.50 ref, $130.89",2,misc,Level 1-100 Hat,30026,2026-07-21T22:54:09
70,Time Warp,Furious Fukaamigasa,4177.06,73 keys,"4,177.06 ref, $127.40",3,misc,Level 1-100 Hat,395,2026-07-21T22:54:09
70,Time Warp,Scout Shako,4005.4,70 keys,"4,005.40 ref, $122.16",1,misc,Level 1-100 Hat,30326,2026-07-21T22:54:09
70,Time Warp,Attendant,3890.96,64–72 keys,"3,890.96 ref, $118.67",3,misc,Level 1-100 Hat,213,2026-07-21T22:54:09
70,Time Warp,Towering Titanium Pillar of Hats,3747.91,56–75 keys,"3,747.91 ref, $114.31",4,misc,Level 1-100 Hat,30008,2026-07-21T22:54:09
70,Time Warp,Burning Bandana,3719.3,65 keys,"3,719.30 ref, $113.44",2,misc,Level 1-100 Bandana,30091,2026-07-21T22:54:09
70,Time Warp,Tam O' Shanter,3662.08,62–66 keys,"3,662.08 ref, $111.69",3,misc,Level 1-100 Hat,480,2026-07-21T22:54:09
70,Time Warp,Electric Escorter,3576.25,60–65 keys,"3,576.25 ref, $109.08",3,misc,Level 1-100 Hat,30025,2026-07-21T22:54:09
70,Time Warp,Vintage Merryweather,3547.64,62 keys,"3,547.64 ref, $108.20",2,misc,Level 1-100 Helmet,182,2026-07-21T22:54:09
70,Time Warp,Madame Dixie,3433.2,60 keys,"3,433.20 ref, $104.71",3,misc,Level 1-100 Hat,321,2026-07-21T22:54:09
70,Time Warp,Powdered Practitioner,3433.2,60 keys,"3,433.20 ref, $104.71",0,misc,Level 1-100 Hat,30069,2026-07-21T22:54:09
70,Time Warp,Soldier's Slope Scopers,3318.76,58 keys,"3,318.76 ref, $101.22",3,misc,Level 1-100 Hat,980,2026-07-21T22:54:09
70,Time Warp,Barnstormer,3290.15,57–58 keys,"3,290.15 ref, $100.35",3,misc,Level 1-100 Hat,988,2026-07-21T22:54:09
70,Time Warp,Hottie's Hoodie,3232.93,50–63 keys,"3,232.93 ref, $98.60",2,misc,Level 1-100 Hood,377,2026-07-21T22:54:09
70,Time Warp,Waxy Wayfinder,3204.32,50–62 keys,"3,204.32 ref, $97.73",3,misc,Level 1-100 Hat,753,2026-07-21T22:54:09
70,Time Warp,Teutonic Toque,3147.1,55 keys,"3,147.10 ref, $95.99",1,misc,Level 1-100 Hat,30351,2026-07-21T22:54:09
70,Time Warp,Connoisseur's Cap,2861,50 keys,"2,861.00 ref, $87.26",1,misc,Level 1-100 Hat,394,2026-07-21T22:54:09
70,Time Warp,Hive Minder,2861,50 keys,"2,861.00 ref, $87.26",1,misc,Level 1-100 Hat,30093,2026-07-21T22:54:09
70,Time Warp,Pom-Pommed Provocateur,2861,50 keys,"2,861.00 ref, $87.26",2,misc,Level 1-100 Mask,30072,2026-07-21T22:54:09
70,Time Warp,Stormin' Norman,2861,50 keys,"2,861.00 ref, $87.26",2,misc,Level 1-100 Helmet,30112,2026-07-21T22:54:09
70,Time Warp,Frenchman's Beret,2746.56,48 keys,"2,746.56 ref, $83.77",3,misc,Level 1-100 Hat,180,2026-07-21T22:54:09
70,Time Warp,L'homme Burglerre,2746.56,48 keys,"2,746.56 ref, $83.77",1,misc,Level 1-100 Hat,30182,2026-07-21T22:54:09
70,Time Warp,Respectless Rubber Glove,2717.95,40–55 keys,"2,717.95 ref, $82.90",2,misc,Level 1-100 Hat,102,2026-07-21T22:54:09
70,Time Warp,Hotrod,2689.34,47 keys,"2,689.34 ref, $82.02",2,misc,Level 1-100 Mask,148,2026-07-21T22:54:09
70,Time Warp,Runner's Warm-Up,2689.34,47 keys,"2,689.34 ref, $82.02",2,misc,Level 1-100 Hat,30332,2026-07-21T22:54:09
70,Time Warp,Steel Shako,2574.9,45 keys,"2,574.90 ref, $78.53",2,misc,Level 1-100 Hat,30017,2026-07-21T22:54:09
70,Time Warp,Bonk Leadwear,2403.24,42 keys,"2,403.24 ref, $73.30",4,misc,Level 1-100 Helmet,30030,2026-07-21T22:54:09
70,Time Warp,Rimmed Raincatcher,2403.24,42 keys,"2,403.24 ref, $73.30",3,misc,Level 1-100 Hat,216,2026-07-21T22:54:09
70,Time Warp,Stout Shako,2317.41,40–41 keys,"2,317.41 ref, $70.68",0,misc,Level 1-100 Hat,251,2026-07-21T22:54:09
70,Time Warp,Magnificent Mongolian,2288.8,40 keys,"2,288.80 ref, $69.81",5,misc,Level 1-100 Hat,313,2026-07-21T22:54:09
70,Time Warp,Plug-In Prospector,2231.58,38–40 keys,"2,231.58 ref, $68.06",2,misc,Level 1-100 Hat,30031,2026-07-21T22:54:09
70,Time Warp,Doctor's Sack,2002.7,35 keys,"2,002.70 ref, $61.08",2,misc,Level 1-100 Hat,398,2026-07-21T22:54:09
70,Time Warp,Firewall Helmet,2002.7,35 keys,"2,002.70 ref, $61.08",4,misc,Level 1-100 Helmet,30038,2026-07-21T22:54:09
70,Time Warp,Little Buddy,1773.82,31 keys,"1,773.82 ref, $54.10",4,misc,Level 10 Hat,612,2026-07-21T22:54:09
70,Time Warp,Bot Dogger,1516.33,25–28 keys,"1,516.33 ref, $46.25",1,misc,Level 1-100 Hat,30018,2026-07-21T22:54:09
70,Time Warp,Base Metal Billycock,1430.5,24–26 keys,"1,430.50 ref, $43.63",1,misc,Level 1-100 Hat,30007,2026-07-21T22:54:09
70,Time Warp,Trash Man,1373.28,24 keys,"1,373.28 ref, $41.89",2,misc,Level 1-100 Hat,30346,2026-07-21T22:54:09
70,Time Warp,Gridiron Guardian,1087.18,19 keys,"1,087.18 ref, $33.16",2,misc,Level 1-100 Helmet,30013,2026-07-21T22:54:09
77,Something Burning This Way Comes,Pyromancer's Mask,500675,8750 keys,"500,675.00 ref, $15270.59",1,misc,Level 1-100 Mask,316,2026-07-21T22:54:09
77,Something Burning This Way Comes,Master's Yellow Belt,420567,7350 keys,"420,567.00 ref, $12827.29",3,misc,Level 1-100 Hat,110,2026-07-21T22:54:09
77,Something Burning This Way Comes,Killer's Kabuto,300405,5250 keys,"300,405.00 ref, $9162.35",1,misc,Level 1-100 Helmet,152,2026-07-21T22:54:09
77,Something Burning This Way Comes,Le Party Phantom,241754.5,4225 keys,"241,754.50 ref, $7373.51",2,misc,Level 1-100 Mask,337,2026-07-21T22:54:09
77,Something Burning This Way Comes,A Rather Festive Tree,217436,3800 keys,"217,436.00 ref, $6631.80",1,misc,Level 1-100 Hat,341,2026-07-21T22:54:09
77,Something Burning This Way Comes,Troublemaker's Tossle Cap,205992,3600 keys,"205,992.00 ref, $6282.76",2,misc,Level 1-100 Hat,150,2026-07-21T22:54:09
77,Something Burning This Way Comes,Large Luchador,171660,3000 keys,"171,660.00 ref, $5235.63",3,misc,Level 1-100 Mask,380,2026-07-21T22:54:09
77,Something Burning This Way Comes,Duck Billed Hatypus,160216,2800 keys,"160,216.00 ref, $4886.59",1,misc,Level 1-100 Hat,30700,2026-07-21T22:54:09
77,Something Burning This Way Comes,Pencil Pusher,160216,2800 keys,"160,216.00 ref, $4886.59",1,misc,Level 10 Hair,605,2026-07-21T22:54:09
77,Something Burning This Way Comes,Samur-Eye,128745,2250 keys,"128,745.00 ref, $3926.72",1,misc,Level 1-100 Helmet,359,2026-07-21T22:54:09
77,Something Burning This Way Comes,Rotation Sensation,125884,2200 keys,"125,884.00 ref, $3839.46",2,misc,Level 1-100 Hat,30623,2026-07-21T22:54:09
77,Something Burning This Way Comes,Tough Stuff Muffs,123023,2150 keys,"123,023.00 ref, $3752.20",2,misc,Level 1-100 Hat,984,2026-07-21T22:54:09
77,Something Burning This Way Comes,Salty Dog,117301,2050 keys,"117,301.00 ref, $3577.68",1,misc,Level 10 Hat,611,2026-07-21T22:54:09
77,Something Burning This Way Comes,Woolen Warmer,114440,2000 keys,"114,440.00 ref, $3490.42",0,misc,Level 1-100 Hat,30833,2026-07-21T22:54:09
77,Something Burning This Way Comes,Prince Tavish's Crown,108718,1900 keys,"108,718.00 ref, $3315.90",1,misc,Level 1-100 Hat,342,2026-07-21T22:54:09
77,Something Burning This Way Comes,Flipped Trilby,93840.8,1640 keys,"93,840.80 ref, $2862.14",2,misc,Level 1-100 Hat,324,2026-07-21T22:54:09
77,Something Burning This Way Comes,Desert Marauder,85830,1500 keys,"85,830.00 ref, $2617.82",1,misc,Level 1-100 Hat,400,2026-07-21T22:54:09
77,Something Burning This Way Comes,Stainless Pot,85830,1500 keys,"85,830.00 ref, $2617.82",2,misc,Level 1-100 Hat,98,2026-07-21T22:54:09
77,Something Burning This Way Comes,War Eagle,85830,1500 keys,"85,830.00 ref, $2617.82",2,misc,Level 1-100 Headgear,30887,2026-07-21T22:54:09
77,Something Burning This Way Comes,El Jefe,81824.6,1430 keys,"81,824.60 ref, $2495.65",1,misc,Level 10 Hat,539,2026-07-21T22:54:09
77,Something Burning This Way Comes,Whoopee Cap,80108,1400 keys,"80,108.00 ref, $2443.29",3,misc,Level 1-100 Hat,174,2026-07-21T22:54:09
77,Something Burning This Way Comes,Charmer's Chapeau,77247,1350 keys,"77,247.00 ref, $2356.03",2,misc,Level 1-100 Hat,397,2026-07-21T22:54:09
77,Something Burning This Way Comes,Fed-Fightin' Fedora,75816.5,1325 keys,"75,816.50 ref, $2312.40",2,misc,Level 1-100 Hat,780,2026-07-21T22:54:09
77,Something Burning This Way Comes,Modest Pile of Hat,75816.5,1150–1500 keys,"75,816.50 ref, $2312.40",1,misc,Level 1-100 Hat,139,2026-07-21T22:54:09
77,Something Burning This Way Comes,Brigade Helm,74386,1300 keys,"74,386.00 ref, $2268.77",2,misc,Level 1-100 Helmet,105,2026-07-21T22:54:09
77,Something Burning This Way Comes,Jumper's Jeepcap,74386,1300 keys,"74,386.00 ref, $2268.77",1,misc,Level 1-100 Hat,417,2026-07-21T22:54:09
77,Something Burning This Way Comes,Reggaelator,68664,1200 keys,"68,664.00 ref, $2094.25",1,misc,Level 1-100 Hat,390,2026-07-21T22:54:09
77,Something Burning This Way Comes,Lord Cockswain's Pith Helmet,65803,1150 keys,"65,803.00 ref, $2006.99",3,misc,Level 1-100 Headgear,439,2026-07-21T22:54:09
77,Something Burning This Way Comes,Modest Metal Pile of Scrap,65803,1150 keys,"65,803.00 ref, $2006.99",1,misc,Level 1-100 Hat,30001,2026-07-21T22:54:09
77,Something Burning This Way Comes,Ye Olde Baker Boy,65803,1150 keys,"65,803.00 ref, $2006.99",4,misc,Level 1-100 Hat,107,2026-07-21T22:54:09
77,Something Burning This Way Comes,Greased Lightning,65230.8,1070–1210 keys,"65,230.80 ref, $1989.54",2,misc,Level 1-100 Hair,30078,2026-07-21T22:54:09
77,Something Burning This Way Comes,Towering Titanium Pillar of Hats,62942,1100 keys,"62,942.00 ref, $1919.73",1,misc,Level 1-100 Hat,30008,2026-07-21T22:54:09
77,Something Burning This Way Comes,Brain Bucket,57220,1000 keys,"57,220.00 ref, $1745.21",2,misc,Level 1-100 Hat,434,2026-07-21T22:54:09
77,Something Burning This Way Comes,Towering Pillar of Hats,57220,1000 keys,"57,220.00 ref, $1745.21",1,misc,Level 1-100 Hat,135,2026-07-21T22:54:09
77,Something Burning This Way Comes,Steel Shako,56933.9,995 keys,"56,933.90 ref, $1736.48",1,misc,Level 1-100 Hat,30017,2026-07-21T22:54:09
77,Something Burning This Way Comes,Mask of the Shaman,54587.88,954 keys,"54,587.88 ref, $1664.93",1,misc,Level 10 Mask,514,2026-07-21T22:54:09
77,Something Burning This Way Comes,Bonk Leadwear,54359,950 keys,"54,359.00 ref, $1657.95",1,misc,Level 1-100 Helmet,30030,2026-07-21T22:54:09
77,Something Burning This Way Comes,Battle Boonie,54301.78,949 keys,"54,301.78 ref, $1656.20",2,misc,Level 1-100 Hat,30907,2026-07-21T22:54:09
77,Something Burning This Way Comes,Valley Forge,52642.4,920 keys,"52,642.40 ref, $1605.59",2,misc,Level 1-100 Hat,30114,2026-07-21T22:54:09
77,Something Burning This Way Comes,Das Naggenvatcher,52070.2,910 keys,"52,070.20 ref, $1588.14",0,misc,Level 1-100 Hat,30109,2026-07-21T22:54:09
77,Something Burning This Way Comes,Human Cannonball,51498,900 keys,"51,498.00 ref, $1570.69",3,misc,Level 1-100 Helmet,817,2026-07-21T22:54:09
77,Something Burning This Way Comes,Rebel Rouser,51498,900 keys,"51,498.00 ref, $1570.69",2,misc,Level 1-100 Hat,30120,2026-07-21T22:54:09
77,Something Burning This Way Comes,Grenadier's Softcap,50925.8,890 keys,"50,925.80 ref, $1553.24",3,misc,Level 1-100 Hat,227,2026-07-21T22:54:09
77,Something Burning This Way Comes,Bear Necessities,50811.36,888 keys,"50,811.36 ref, $1549.75",4,misc,Level 1-100 Spirit Animal,30122,2026-07-21T22:54:09
77,Something Burning This Way Comes,Private Eye,50353.6,880 keys,"50,353.60 ref, $1535.78",1,misc,Level 1-100 Hat,388,2026-07-21T22:54:09
77,Something Burning This Way Comes,Buccaneer's Bicorne,48637,850 keys,"48,637.00 ref, $1483.43",4,misc,Level 10 Hat,607,2026-07-21T22:54:09
77,Something Burning This Way Comes,Scotch Bonnet,48064.8,840 keys,"48,064.80 ref, $1465.98",1,misc,Level 1-100 Headgear,306,2026-07-21T22:54:09
77,Something Burning This Way Comes,Pithy Professional,47206.5,825 keys,"47,206.50 ref, $1439.80",2,misc,Level 1-100 Hat,30915,2026-07-21T22:54:09
77,Something Burning This Way Comes,Vintage Merryweather,47206.5,825 keys,"47,206.50 ref, $1439.80",4,misc,Level 1-100 Helmet,182,2026-07-21T22:54:09
77,Something Burning This Way Comes,Gentleman's Ushanka,45776,800 keys,"45,776.00 ref, $1396.17",3,misc,Level 1-100 Hat,778,2026-07-21T22:54:09
77,Something Burning This Way Comes,Ol' Snaggletooth,45776,800 keys,"45,776.00 ref, $1396.17",1,misc,Level 1-100 Hat,229,2026-07-21T22:54:09
77,Something Burning This Way Comes,Hustler's Hallmark,45489.9,795 keys,"45,489.90 ref, $1387.44",0,misc,Level 1-100 Hat,146,2026-07-21T22:54:09
77,Something Burning This Way Comes,Antlers,44345.5,775 keys,"44,345.50 ref, $1352.54",0,misc,Level 1-100 Cosmetic Item,993,2026-07-21T22:54:09
77,Something Burning This Way Comes,Burning Bandana,42915,750 keys,"42,915.00 ref, $1308.91",3,misc,Level 1-100 Bandana,30091,2026-07-21T22:54:09
77,Something Burning This Way Comes,Stormin' Norman,42915,750 keys,"42,915.00 ref, $1308.91",0,misc,Level 1-100 Helmet,30112,2026-07-21T22:54:09
77,Something Burning This Way Comes,Tippler's Tricorne,42915,750 keys,"42,915.00 ref, $1308.91",1,misc,Level 1-100 Hat,179,2026-07-21T22:54:09
77,Something Burning This Way Comes,Pampered Pyro,42857.78,749 keys,"42,857.78 ref, $1307.16",1,misc,Level 1-100 Towel,30139,2026-07-21T22:54:09
77,Something Burning This Way Comes,Scotsman's Stove Pipe,40912.3,715 keys,"40,912.30 ref, $1247.83",2,misc,Level 1-100 Hat,120,2026-07-21T22:54:09
77,Something Burning This Way Comes,Pirate Bandana,40054,700 keys,"40,054.00 ref, $1221.65",2,misc,Level 1-100 Hat,30180,2026-07-21T22:54:09
77,Something Burning This Way Comes,Tavish DeGroot Experience,40054,700 keys,"40,054.00 ref, $1221.65",4,misc,Level 10 Hat,604,2026-07-21T22:54:09
77,Something Burning This Way Comes,Das Gutenkutteharen,39481.8,690 keys,"39,481.80 ref, $1204.19",5,misc,Level 1-100 Hair,30127,2026-07-21T22:54:09
77,Something Burning This Way Comes,Powdered Practitioner,39481.8,690 keys,"39,481.80 ref, $1204.19",2,misc,Level 1-100 Hat,30069,2026-07-21T22:54:09
77,Something Burning This Way Comes,Bombing Run,39195.7,685 keys,"39,195.70 ref, $1195.47",1,misc,Level 1-100 Helmet,249,2026-07-21T22:54:09
77,Something Burning This Way Comes,Crocleather Slouch,39195.7,685 keys,"39,195.70 ref, $1195.47",3,misc,Level 1-100 Hat,344,2026-07-21T22:54:09
77,Something Burning This Way Comes,German Gonzila,38108.52,666 keys,"38,108.52 ref, $1162.31",3,misc,Level 1-100 Hat,323,2026-07-21T22:54:09
77,Something Burning This Way Comes,Attendant,37193,650 keys,"37,193.00 ref, $1134.39",6,misc,Level 1-100 Hat,213,2026-07-21T22:54:09
77,Something Burning This Way Comes,Brotherhood of Arms,36906.9,645 keys,"36,906.90 ref, $1125.66",4,misc,Level 1-100 Hat,30066,2026-07-21T22:54:09
77,Something Burning This Way Comes,Plumber's Cap,36334.7,635 keys,"36,334.70 ref, $1108.21",1,misc,Level 1-100 Hat,30846,2026-07-21T22:54:09
77,Something Burning This Way Comes,Brain-Warming Wear,36048.6,630 keys,"36,048.60 ref, $1099.48",0,misc,Level 1-100 Hat,30827,2026-07-21T22:54:09
77,Something Burning This Way Comes,Bubble Pipe,34332,600 keys,"34,332.00 ref, $1047.13",1,misc,Level 1-100 Helmet,597,2026-07-21T22:54:09
77,Something Burning This Way Comes,Pardner's Pompadour,33759.8,590 keys,"33,759.80 ref, $1029.67",2,misc,Level 1-100 Hair,30099,2026-07-21T22:54:09
77,Something Burning This Way Comes,Sultan's Ceremonial,33759.8,590 keys,"33,759.80 ref, $1029.67",2,misc,Level 1-100 Hat,403,2026-07-21T22:54:09
77,Something Burning This Way Comes,Cold Killer,32901.5,575 keys,"32,901.50 ref, $1003.50",5,misc,Level 1-100 Hat,981,2026-07-21T22:54:09
77,Something Burning This Way Comes,Federal Casemaker,32043.2,560 keys,"32,043.20 ref, $977.32",1,misc,Level 1-100 Hat,30119,2026-07-21T22:54:09
77,Something Burning This Way Comes,Hottie's Hoodie,31985.98,559 keys,"31,985.98 ref, $975.57",3,misc,Level 1-100 Hood,377,2026-07-21T22:54:09
77,Something Burning This Way Comes,Pugilist's Protector,31471,550 keys,"31,471.00 ref, $959.87",1,misc,Level 1-100 Headgear,246,2026-07-21T22:54:09
77,Something Burning This Way Comes,Well-Rounded Rifleman,31471,550 keys,"31,471.00 ref, $959.87",1,misc,Level 1-100 Hat,30067,2026-07-21T22:54:09
77,Something Burning This Way Comes,Baron von Havenaplane,31184.9,400–690 keys,"31,184.90 ref, $951.14",1,misc,Level 1-100 Hat,30136,2026-07-21T22:54:09
77,Something Burning This Way Comes,Berliner's Bucket Helm,29754.4,430–610 keys,"29,754.40 ref, $907.51",4,misc,Level 1-100 Helmet,303,2026-07-21T22:54:09
77,Something Burning This Way Comes,Voodoo JuJu (Slight Return),28896.1,505 keys,"28,896.10 ref, $881.33",3,misc,Level 1-100 Hat,935,2026-07-21T22:54:09
77,Something Burning This Way Comes,Birdcage,28610,500 keys,"28,610.00 ref, $872.61",2,misc,Level 10 Hat,615,2026-07-21T22:54:09
77,Something Burning This Way Comes,Blast Defense,28610,500 keys,"28,610.00 ref, $872.61",0,misc,Level 1-100 Headgear,30863,2026-07-21T22:54:09
77,Something Burning This Way Comes,Brainiac Hairpiece,28610,500 keys,"28,610.00 ref, $872.61",1,misc,Level 1-100 Facial Hair,590,2026-07-21T22:54:09
77,Something Burning This Way Comes,Industrial Festivizer,28037.8,490 keys,"28,037.80 ref, $855.15",2,misc,Level 1-100 Hat,338,2026-07-21T22:54:09
77,Something Burning This Way Comes,Broadband Bonnet,27465.6,480 keys,"27,465.60 ref, $837.70",1,misc,Level 1-100 Hat,30029,2026-07-21T22:54:09
77,Something Burning This Way Comes,Hat of Cards,27179.5,475 keys,"27,179.50 ref, $828.97",3,misc,Level 1-100 Hat,825,2026-07-21T22:54:09
77,Something Burning This Way Comes,Timeless Topper,27179.5,475 keys,"27,179.50 ref, $828.97",3,misc,Level 1-100 Hat,30035,2026-07-21T22:54:09
77,Something Burning This Way Comes,Barnstormer,26893.4,470 keys,"26,893.40 ref, $820.25",3,misc,Level 1-100 Hat,988,2026-07-21T22:54:09
77,Something Burning This Way Comes,Nanobalaclava,26893.4,415–525 keys,"26,893.40 ref, $820.25",3,misc,Level 10 Hat,521,2026-07-21T22:54:09
77,Something Burning This Way Comes,Exquisite Rack,26664.52,466 keys,"26,664.52 ref, $813.27",1,misc,Level 1-100 Cosmetic Item,339,2026-07-21T22:54:09
77,Something Burning This Way Comes,Hat with No Name,25892.05,405–500 keys,"25,892.05 ref, $789.71",2,misc,Level 10 Hat,631,2026-07-21T22:54:09
77,Something Burning This Way Comes,Halogen Head Lamp,25749,450 keys,"25,749.00 ref, $785.34",1,misc,Level 1-100 Hat,30041,2026-07-21T22:54:09
77,Something Burning This Way Comes,Western Wear,25462.9,420–470 keys,"25,462.90 ref, $776.62",2,misc,Level 1-100 Hat,379,2026-07-21T22:54:09
77,Something Burning This Way Comes,Texas Tin-Gallon,25319.85,400–485 keys,"25,319.85 ref, $772.26",1,misc,Level 1-100 Hat,30044,2026-07-21T22:54:09
77,Something Burning This Way Comes,Bone Dome,25176.8,440 keys,"25,176.80 ref, $767.89",3,misc,Level 1-100 Helmet,30162,2026-07-21T22:54:09
77,Something Burning This Way Comes,Archer's Sterling,24604.6,430 keys,"24,604.60 ref, $750.44",0,misc,Level 1-100 Helmet,30874,2026-07-21T22:54:09
77,Something Burning This Way Comes,Hetman's Headpiece,24604.6,430 keys,"24,604.60 ref, $750.44",2,misc,Level 1-100 Hat,436,2026-07-21T22:54:09
77,Something Burning This Way Comes,Cosa Nostra Cap,24032.4,420 keys,"24,032.40 ref, $732.99",4,misc,Level 1-100 Hat,459,2026-07-21T22:54:09
77,Something Burning This Way Comes,Field Practice,22888,400 keys,"22,888.00 ref, $698.08",0,misc,Level 1-100 Headgear,30862,2026-07-21T22:54:09
77,Something Burning This Way Comes,Horrific Headsplitter,22601.9,350–440 keys,"22,601.90 ref, $689.36",1,misc,Level 31 Hat,291,2026-07-21T22:54:09
77,Something Burning This Way Comes,Hong Kong Cone,17309.05,275–330 keys,"17,309.05 ref, $527.93",1,misc,Level 1-100 Hat,30177,2026-07-21T22:54:09
77,Something Burning This Way Comes,Airdog,17166,300 keys,"17,166.00 ref, $523.56",0,misc,Level 1-100 Helmet,30767,2026-07-21T22:54:09
77,Something Burning This Way Comes,Handyman's Handle,17166,300 keys,"17,166.00 ref, $523.56",2,misc,Level 1-100 Hat,253,2026-07-21T22:54:09
77,Something Burning This Way Comes,Hermes,17166,300 keys,"17,166.00 ref, $523.56",2,misc,Level 10 Hat,633,2026-07-21T22:54:09
77,Something Burning This Way Comes,Hound Dog,17166,300 keys,"17,166.00 ref, $523.56",2,misc,Level 1-100 Hair,145,2026-07-21T22:54:09
77,Something Burning This Way Comes,Soldered Sensei,17166,300 keys,"17,166.00 ref, $523.56",2,misc,Level 1-100 Hat,30004,2026-07-21T22:54:09
77,Something Burning This Way Comes,Shellmet,16021.6,280 keys,"16,021.60 ref, $488.66",2,misc,Level 1-100 Helmet,30897,2026-07-21T22:54:09
77,Something Burning This Way Comes,Rimmed Raincatcher,15735.5,250–300 keys,"15,735.50 ref, $479.93",2,misc,Level 1-100 Hat,216,2026-07-21T22:54:09
77,Something Burning This Way Comes,Virtual Reality Headset,15449.4,270 keys,"15,449.40 ref, $471.21",3,misc,Level 10 Headset,628,2026-07-21T22:54:09
77,Something Burning This Way Comes,Conquistador,14877.2,260 keys,"14,877.20 ref, $453.75",3,misc,Level 1-100 Helmet,721,2026-07-21T22:54:09
77,Something Burning This Way Comes,Chill Chullo,14734.15,248–267 keys,"14,734.15 ref, $449.39",0,misc,Level 1-100 Hat,30748,2026-07-21T22:54:09
77,Something Burning This Way Comes,Counterfeit Billycock,14591.1,255 keys,"14,591.10 ref, $445.03",4,misc,Level 10 Hat,602,2026-07-21T22:54:09
77,Something Burning This Way Comes,Dead Cone,14448.05,230–275 keys,"14,448.05 ref, $440.67",2,misc,Level 1-100 Hat,435,2026-07-21T22:54:09
77,Something Burning This Way Comes,Brown Bomber,12731.45,220–225 keys,"12,731.45 ref, $388.31",1,misc,Level 1-100 Hat,671,2026-07-21T22:54:09
77,Something Burning This Way Comes,Bolted Birdcage,12588.4,220 keys,"12,588.40 ref, $383.95",2,misc,Level 1-100 Hat,30057,2026-07-21T22:54:09
77,Something Burning This Way Comes,Full Metal Drill Hat,12588.4,220 keys,"12,588.40 ref, $383.95",1,misc,Level 1-100 Hat,30026,2026-07-21T22:54:09
77,Something Burning This Way Comes,Flamboyant Flamenco,11730.1,205 keys,"11,730.10 ref, $357.77",1,misc,Level 10 Hat,627,2026-07-21T22:54:09
77,Something Burning This Way Comes,Hellmet,11444,200 keys,"11,444.00 ref, $349.04",1,misc,Level 1-100 Helmet,30708,2026-07-21T22:54:09
77,Something Burning This Way Comes,One-Man Army,10585.7,185 keys,"10,585.70 ref, $322.86",1,misc,Level 10 Hair,601,2026-07-21T22:54:09
77,Something Burning This Way Comes,Katyusha,10442.65,165–200 keys,"10,442.65 ref, $318.50",4,misc,Level 1-100 Hat,30094,2026-07-21T22:54:09
77,Something Burning This Way Comes,Dragonborn Helmet,10185.16,178 keys,"10,185.16 ref, $310.65",1,misc,Level 10 Helmet,517,2026-07-21T22:54:09
77,Something Burning This Way Comes,Front Runner,9727.4,170 keys,"9,727.40 ref, $296.69",1,misc,Level 1-100 Hat,760,2026-07-21T22:54:09
77,Something Burning This Way Comes,Lucky Shot,9727.4,170 keys,"9,727.40 ref, $296.69",3,misc,Level 1-100 Helmet,701,2026-07-21T22:54:09
77,Something Burning This Way Comes,Letch's LED,9040.76,158 keys,"9,040.76 ref, $275.74",2,misc,Level 1-100 Hat,30002,2026-07-21T22:54:09
77,Something Burning This Way Comes,Armored Authority,8811.88,154 keys,"8,811.88 ref, $268.76",2,misc,Level 1-100 Helmet,445,2026-07-21T22:54:09
77,Something Burning This Way Comes,Belgian Detective,8583,150 keys,"8,583.00 ref, $261.78",2,misc,Level 1-100 Hat,30128,2026-07-21T22:54:09
77,Something Burning This Way Comes,Virus Doctor,8583,150 keys,"8,583.00 ref, $261.78",3,misc,Level 1-100 Hat,30043,2026-07-21T22:54:09
77,Something Burning This Way Comes,Connoisseur's Cap,8296.9,145 keys,"8,296.90 ref, $253.06",1,misc,Level 1-100 Hat,394,2026-07-21T22:54:09
77,Something Burning This Way Comes,Doctor's Sack,8296.9,145 keys,"8,296.90 ref, $253.06",1,misc,Level 1-100 Hat,398,2026-07-21T22:54:09
77,Something Burning This Way Comes,Titanium Tyrolean,8296.9,145 keys,"8,296.90 ref, $253.06",1,misc,Level 1-100 Hat,30045,2026-07-21T22:54:09
77,Something Burning This Way Comes,Electric Escorter,8010.8,140 keys,"8,010.80 ref, $244.33",2,misc,Level 1-100 Hat,30025,2026-07-21T22:54:09
77,Something Burning This Way Comes,Little Buddy,7152.5,110–140 keys,"7,152.50 ref, $218.15",3,misc,Level 10 Hat,612,2026-07-21T22:54:09
77,Something Burning This Way Comes,Metal Slug,7152.5,120–130 keys,"7,152.50 ref, $218.15",3,misc,Level 1-100 Hat,30028,2026-07-21T22:54:09
77,Something Burning This Way Comes,Fat Man's Field Cap,6923.62,121 keys,"6,923.62 ref, $211.17",3,misc,Level 1-100 Hat,30911,2026-07-21T22:54:09
77,Something Burning This Way Comes,Medic's Mountain Cap,6866.4,120 keys,"6,866.40 ref, $209.43",2,misc,Level 1-100 Hat,381,2026-07-21T22:54:09
77,Something Burning This Way Comes,L'homme Burglerre,6294.2,110 keys,"6,294.20 ref, $191.97",2,misc,Level 1-100 Hat,30182,2026-07-21T22:54:09
77,Something Burning This Way Comes,Respectless Robo-Glove,6294.2,110 keys,"6,294.20 ref, $191.97",2,misc,Level 1-100 Hat,30039,2026-07-21T22:54:09
77,Something Burning This Way Comes,Stout Shako,6065.32,106 keys,"6,065.32 ref, $184.99",2,misc,Level 1-100 Hat,251,2026-07-21T22:54:09
77,Something Burning This Way Comes,Noble Nickel Amassment of Hats,5950.88,104 keys,"5,950.88 ref, $181.50",1,misc,Level 1-100 Hat,30006,2026-07-21T22:54:09
77,Something Burning This Way Comes,Brim-Full of Bullets,5722,95–105 keys,"5,722.00 ref, $174.52",2,misc,Level 1-100 Hat,30173,2026-07-21T22:54:09
77,Something Burning This Way Comes,Larrikin Robin,5722,100 keys,"5,722.00 ref, $174.52",2,misc,Level 1-100 Hat,314,2026-07-21T22:54:09
77,Something Burning This Way Comes,Plug-In Prospector,5722,100 keys,"5,722.00 ref, $174.52",4,misc,Level 1-100 Hat,30031,2026-07-21T22:54:09
77,Something Burning This Way Comes,Glengarry Bonnet,5664.78,99 keys,"5,664.78 ref, $172.78",1,misc,Level 1-100 Hat,100,2026-07-21T22:54:09
77,Something Burning This Way Comes,L'Inspecteur,5378.68,94 keys,"5,378.68 ref, $164.05",1,misc,Level 10 Hat,622,2026-07-21T22:54:09
77,Something Burning This Way Comes,Frontier Djustice,5149.8,80–100 keys,"5,149.80 ref, $157.07",1,misc,Level 1-100 Hat,30421,2026-07-21T22:54:09
77,Something Burning This Way Comes,Fruit Shoot,5149.8,90 keys,"5,149.80 ref, $157.07",2,misc,Level 1-100 Hat,759,2026-07-21T22:54:09
77,Something Burning This Way Comes,Sergeant's Drill Hat,5092.58,89 keys,"5,092.58 ref, $155.32",1,misc,Level 1-100 Hat,183,2026-07-21T22:54:09
77,Something Burning This Way Comes,Frenchman's Beret,4720.65,75–90 keys,"4,720.65 ref, $143.98",1,misc,Level 1-100 Hat,180,2026-07-21T22:54:09
77,Something Burning This Way Comes,Gilded Guard,4577.6,75–85 keys,"4,577.60 ref, $139.62",1,misc,Level 1-100 Helmet,1093,2026-07-21T22:54:09
77,Something Burning This Way Comes,Your Worst Nightmare,4577.6,80 keys,"4,577.60 ref, $139.62",4,misc,Level 10 Hair,600,2026-07-21T22:54:09
77,Something Burning This Way Comes,Dr's Dapper Topper,4405.94,70–84 keys,"4,405.94 ref, $134.38",2,misc,Level 1-100 Hat,252,2026-07-21T22:54:09
77,Something Burning This Way Comes,Outdoorsman,4377.33,73–80 keys,"4,377.33 ref, $133.51",3,misc,Level 10 Hat,603,2026-07-21T22:54:09
77,Something Burning This Way Comes,Big Country,4291.5,75 keys,"4,291.50 ref, $130.89",1,misc,Level 1-100 Hair,382,2026-07-21T22:54:09
77,Something Burning This Way Comes,Coupe D'isaster,4177.06,73 keys,"4,177.06 ref, $127.40",2,misc,Level 1-100 Hair,330,2026-07-21T22:54:09
77,Something Burning This Way Comes,Platinum Pickelhaube,3519.03,58–65 keys,"3,519.03 ref, $107.33",2,misc,Level 1-100 Helmet,30042,2026-07-21T22:54:09
77,Something Burning This Way Comes,Big Elfin Deal,3433.2,60 keys,"3,433.20 ref, $104.71",1,misc,Level 1-100 Hat,652,2026-07-21T22:54:09
77,Something Burning This Way Comes,Physician's Protector,3261.54,54–60 keys,"3,261.54 ref, $99.48",1,misc,Level 1-100 Helmet,30625,2026-07-21T22:54:09
77,Something Burning This Way Comes,Old Guadalajara,3175.71,50–61 keys,"3,175.71 ref, $96.86",1,misc,Level 1-100 Hat,247,2026-07-21T22:54:09
77,Something Burning This Way Comes,Hive Minder,3089.88,54 keys,"3,089.88 ref, $94.24",4,misc,Level 1-100 Hat,30093,2026-07-21T22:54:09
77,Something Burning This Way Comes,Slick Cut,3004.05,48–57 keys,"3,004.05 ref, $91.62",1,misc,Level 1-100 Hair,30187,2026-07-21T22:54:09
77,Something Burning This Way Comes,Gentleman's Gatsby,2975.44,52 keys,"2,975.44 ref, $90.75",0,misc,Level 1-100 Hat,184,2026-07-21T22:54:09
77,Something Burning This Way Comes,Prancer's Pride,2975.44,52 keys,"2,975.44 ref, $90.75",1,misc,Level 1-100 Hat,318,2026-07-21T22:54:09
77,Something Burning This Way Comes,Bot Dogger,2864.262295082,40.13–59.99 keys,"2,864.26 ref, 50.06 keys",2,misc,Level 1-100 Hat,30018,2026-07-21T22:54:09
77,Something Burning This Way Comes,Carouser's Capotain,2861,50 keys,"2,861.00 ref, $87.26",1,misc,Level 1-100 Hat,259,2026-07-21T22:54:09
77,Something Burning This Way Comes,Magistrate's Mullet,2317.41,36–45 keys,"2,317.41 ref, $70.68",2,misc,Level 1-100 Hair,147,2026-07-21T22:54:09
77,Something Burning This Way Comes,Engineer's Cap,2288.8,40 keys,"2,288.80 ref, $69.81",2,misc,Level 1-100 Hat,95,2026-07-21T22:54:09
77,Something Burning This Way Comes,Stately Steel Toe,2288.8,40 keys,"2,288.80 ref, $69.81",1,misc,Level 1-100 Hat,481,2026-07-21T22:54:09
77,Something Burning This Way Comes,Copper's Hard Top,1974.09,34–35 keys,"1,974.09 ref, $60.21",1,misc,Level 1-100 Helmet,478,2026-07-21T22:54:09
77,Something Burning This Way Comes,Magnificent Mongolian,1888.26,33 keys,"1,888.26 ref, $57.59",1,misc,Level 1-100 Hat,313,2026-07-21T22:54:09
77,Something Burning This Way Comes,Buckaroo's Hat,1716.6,30 keys,"1,716.60 ref, $52.36",3,misc,Level 1-100 Hat,322,2026-07-21T22:54:09
77,Something Burning This Way Comes,Pyro's Boron Beanie,1487.72,26 keys,"1,487.72 ref, $45.38",0,misc,Level 1-100 Hat,30040,2026-07-21T22:54:09
77,Something Burning This Way Comes,Strontium Stove Pipe,1201.62,18–24 keys,"1,201.62 ref, $36.65",2,misc,Level 1-100 Hat,30037,2026-07-21T22:54:09
45,Harvest Moon,Coffin Kit,347382.62,6071 keys,"347,382.62 ref, $10595.17",3,misc,Level 1-100 Backpack,938,2026-07-21T22:54:09
45,Harvest Moon,A Rather Festive Tree,254629,4450 keys,"254,629.00 ref, $7766.18",1,misc,Level 1-100 Hat,341,2026-07-21T22:54:09
45,Harvest Moon,Blighted Beak,191687,3350 keys,"191,687.00 ref, $5846.45",6,misc,Level 1-100 Mask,315,2026-07-21T22:54:09
45,Harvest Moon,Exquisite Rack,183104,3200 keys,"183,104.00 ref, $5584.67",4,misc,Level 1-100 Cosmetic Item,339,2026-07-21T22:54:09
45,Harvest Moon,Team Captain,167368.5,2925 keys,"167,368.50 ref, $5104.74",5,misc,Level 1-100 Hat,378,2026-07-21T22:54:09
45,Harvest Moon,Rotation Sensation,143050,2500 keys,"143,050.00 ref, $4363.02",2,misc,Level 1-100 Hat,30623,2026-07-21T22:54:09
45,Harvest Moon,Pyromancer's Mask,125884,2100–2300 keys,"125,884.00 ref, $3839.46",6,misc,Level 1-100 Mask,316,2026-07-21T22:54:09
45,Harvest Moon,Killer Exclusive,120162,2100 keys,"120,162.00 ref, $3664.94",1,misc,Level 10 Hat,538,2026-07-21T22:54:09
45,Harvest Moon,Brown Bomber,114440,2000 keys,"114,440.00 ref, $3490.42",2,misc,Level 1-100 Hat,671,2026-07-21T22:54:09
45,Harvest Moon,Brainiac Hairpiece,110148.5,1925 keys,"110,148.50 ref, $3359.53",4,misc,Level 1-100 Facial Hair,590,2026-07-21T22:54:09
45,Harvest Moon,Killer's Kabuto,102996,1800 keys,"102,996.00 ref, $3141.38",4,misc,Level 1-100 Helmet,152,2026-07-21T22:54:09
45,Harvest Moon,Tyrant's Helm,102996,1800 keys,"102,996.00 ref, $3141.38",2,misc,Level 1-100 Helmet,99,2026-07-21T22:54:09
45,Harvest Moon,Polar Pullover,91552,1600 keys,"91,552.00 ref, $2792.34",1,misc,Level 1-100 Hat,30329,2026-07-21T22:54:09
45,Harvest Moon,Executioner,84399.5,1475 keys,"84,399.50 ref, $2574.18",4,misc,Level 1-100 Hat,921,2026-07-21T22:54:09
45,Harvest Moon,Bonk Boy,82969,1450 keys,"82,969.00 ref, $2530.55",1,misc,Level 1-100 Mask,451,2026-07-21T22:54:09
45,Harvest Moon,Crone's Dome,80108,1400 keys,"80,108.00 ref, $2443.29",2,misc,Level 1-100 Hat,920,2026-07-21T22:54:09
45,Harvest Moon,Salty Dog,72955.5,1200–1350 keys,"72,955.50 ref, $2225.14",2,misc,Level 10 Hat,611,2026-07-21T22:54:09
45,Harvest Moon,Dr's Dapper Topper,71525,1250 keys,"71,525.00 ref, $2181.51",7,misc,Level 1-100 Hat,252,2026-07-21T22:54:09
45,Harvest Moon,Flamboyant Flamenco,69808.4,1220 keys,"69,808.40 ref, $2129.16",1,misc,Level 10 Hat,627,2026-07-21T22:54:09
45,Harvest Moon,Soldier's Stash,68664,1200 keys,"68,664.00 ref, $2094.25",1,misc,Level 1-100 Cosmetic Item,54,2026-07-21T22:54:09
45,Harvest Moon,Horrific Headsplitter,62942,1100 keys,"62,942.00 ref, $1919.73",1,misc,Level 31 Hat,291,2026-07-21T22:54:09
45,Harvest Moon,Nasty Norsemann,62942,1100 keys,"62,942.00 ref, $1919.73",4,misc,Level 1-100 Helmet,30810,2026-07-21T22:54:09
45,Harvest Moon,Grimm Hatte,61082.35,1050–1085 keys,"61,082.35 ref, $1863.01",2,misc,Level 1-100 Hat,383,2026-07-21T22:54:09
45,Harvest Moon,Conjurer's Cowl,60081,1050 keys,"60,081.00 ref, $1832.47",6,misc,Level 1-100 Hood,465,2026-07-21T22:54:09
45,Harvest Moon,Scotsman's Stove Pipe,57220,1000 keys,"57,220.00 ref, $1745.21",1,misc,Level 1-100 Hat,120,2026-07-21T22:54:09
45,Harvest Moon,Villain's Veil,57220,1000 keys,"57,220.00 ref, $1745.21",1,misc,Level 1-100 Bandana,393,2026-07-21T22:54:09
45,Harvest Moon,Samur-Eye,54359,950 keys,"54,359.00 ref, $1657.95",4,misc,Level 1-100 Helmet,359,2026-07-21T22:54:09
45,Harvest Moon,Swagman's Swatter,54359,950 keys,"54,359.00 ref, $1657.95",2,misc,Level 10 Hat,626,2026-07-21T22:54:09
45,Harvest Moon,Hot Dogger,51498,900 keys,"51,498.00 ref, $1570.69",2,misc,Level 10 Hat,614,2026-07-21T22:54:09
45,Harvest Moon,Wraith Wrap,51498,900 keys,"51,498.00 ref, $1570.69",5,misc,Level 1-100 Apparel,937,2026-07-21T22:54:09
45,Harvest Moon,Sergeant's Drill Hat,50925.8,890 keys,"50,925.80 ref, $1553.24",4,misc,Level 1-100 Hat,183,2026-07-21T22:54:09
45,Harvest Moon,Fancy Fedora,49838.62,802–940 keys,"49,838.62 ref, $1520.08",5,misc,Level 1-100 Hat,55,2026-07-21T22:54:09
45,Harvest Moon,Buckaroo's Hat,45776,800 keys,"45,776.00 ref, $1396.17",3,misc,Level 1-100 Hat,322,2026-07-21T22:54:09
45,Harvest Moon,Modest Pile of Hat,45776,800 keys,"45,776.00 ref, $1396.17",2,misc,Level 1-100 Hat,139,2026-07-21T22:54:09
45,Harvest Moon,Bonk Helm,42915,750 keys,"42,915.00 ref, $1308.91",4,misc,Level 1-100 Helmet,106,2026-07-21T22:54:09
45,Harvest Moon,Ol' Snaggletooth,42915,750 keys,"42,915.00 ref, $1308.91",1,misc,Level 1-100 Hat,229,2026-07-21T22:54:09
45,Harvest Moon,Hat of Cards,42514.46,743 keys,"42,514.46 ref, $1296.69",2,misc,Level 1-100 Hat,825,2026-07-21T22:54:09
45,Harvest Moon,Gentleman's Gatsby,41770.6,730 keys,"41,770.60 ref, $1274.00",6,misc,Level 1-100 Hat,184,2026-07-21T22:54:09
45,Harvest Moon,Gentleman's Ushanka,40054,700 keys,"40,054.00 ref, $1221.65",5,misc,Level 1-100 Hat,778,2026-07-21T22:54:09
45,Harvest Moon,Bloke's Bucket Hat,38623.5,675 keys,"38,623.50 ref, $1178.02",3,misc,Level 1-100 Hat,181,2026-07-21T22:54:09
45,Harvest Moon,Hotrod,35190.3,615 keys,"35,190.30 ref, $1073.30",3,misc,Level 1-100 Mask,148,2026-07-21T22:54:09
45,Harvest Moon,Pyro's Beanie,34560.88,604 keys,"34,560.88 ref, $1054.11",2,misc,Level 1-100 Hat,51,2026-07-21T22:54:09
45,Harvest Moon,Lord Cockswain's Pith Helmet,34332,600 keys,"34,332.00 ref, $1047.13",3,misc,Level 1-100 Headgear,439,2026-07-21T22:54:09
45,Harvest Moon,Jumper's Jeepcap,32901.5,550–600 keys,"32,901.50 ref, $1003.50",5,misc,Level 1-100 Hat,417,2026-07-21T22:54:09
45,Harvest Moon,Ol' Geezer,32615.4,570 keys,"32,615.40 ref, $994.77",5,misc,Level 1-100 Hat,399,2026-07-21T22:54:09
45,Harvest Moon,Voodoo JuJu (Slight Return),32043.2,560 keys,"32,043.20 ref, $977.32",6,misc,Level 1-100 Hat,935,2026-07-21T22:54:09
45,Harvest Moon,Safe'n'Sound,31471,500–600 keys,"31,471.00 ref, $959.87",3,misc,Level 1-100 Hat,178,2026-07-21T22:54:09
45,Harvest Moon,Armored Authority,30612.7,535 keys,"30,612.70 ref, $933.69",2,misc,Level 1-100 Helmet,445,2026-07-21T22:54:09
45,Harvest Moon,Cosa Nostra Cap,30326.6,530 keys,"30,326.60 ref, $924.96",2,misc,Level 1-100 Hat,459,2026-07-21T22:54:09
45,Harvest Moon,Hottie's Hoodie,30326.6,530 keys,"30,326.60 ref, $924.96",3,misc,Level 1-100 Hood,377,2026-07-21T22:54:09
45,Harvest Moon,Surgeon's Stahlhelm,29964.590163934,497.49–549.86 keys,"29,964.59 ref, 523.67 keys",2,misc,Level 10 Helmet,616,2026-07-21T22:54:09
45,Harvest Moon,Milkman,29754.4,520 keys,"29,754.40 ref, $907.51",3,misc,Level 1-100 Hat,219,2026-07-21T22:54:09
45,Harvest Moon,Company Man,29582.74,517 keys,"29,582.74 ref, $902.27",2,misc,Level 10 Hat,523,2026-07-21T22:54:09
45,Harvest Moon,Attendant,28610,500 keys,"28,610.00 ref, $872.61",1,misc,Level 1-100 Hat,213,2026-07-21T22:54:09
45,Harvest Moon,Grenadier's Softcap,28610,500 keys,"28,610.00 ref, $872.61",5,misc,Level 1-100 Hat,227,2026-07-21T22:54:09
45,Harvest Moon,Vintage Tyrolean,28610,500 keys,"28,610.00 ref, $872.61",6,misc,Level 1-100 Hat,101,2026-07-21T22:54:09
45,Harvest Moon,Ze Goggles,28610,500 keys,"28,610.00 ref, $872.61",1,misc,Level 1-100 Glasses,177,2026-07-21T22:54:09
45,Harvest Moon,Archer's Sterling,27894.75,375–600 keys,"27,894.75 ref, $850.79",0,misc,Level 1-100 Helmet,30874,2026-07-21T22:54:09
45,Harvest Moon,Big Chief,27751.7,485 keys,"27,751.70 ref, $846.43",7,misc,Level 1-100 Hat,309,2026-07-21T22:54:09
45,Harvest Moon,Outdoorsman,27465.6,480 keys,"27,465.60 ref, $837.70",1,misc,Level 10 Hat,603,2026-07-21T22:54:09
45,Harvest Moon,Hunter in Darkness,26092.32,456 keys,"26,092.32 ref, $795.82",3,misc,Level 1-100 Hat,30877,2026-07-21T22:54:09
45,Harvest Moon,Human Cannonball,25749,450 keys,"25,749.00 ref, $785.34",3,misc,Level 1-100 Helmet,817,2026-07-21T22:54:09
45,Harvest Moon,Outta Sight,25749,450 keys,"25,749.00 ref, $785.34",1,misc,Level 1-100 Hat,30628,2026-07-21T22:54:09
45,Harvest Moon,Western Wear,25749,450 keys,"25,749.00 ref, $785.34",4,misc,Level 1-100 Hat,379,2026-07-21T22:54:09
45,Harvest Moon,Bubble Pipe,25212.459016393,440.62 keys,"25,212.46 ref, 440.62 keys",1,misc,Level 1-100 Helmet,597,2026-07-21T22:54:09
45,Harvest Moon,Brain Bucket,25176.8,440 keys,"25,176.80 ref, $767.89",3,misc,Level 1-100 Hat,434,2026-07-21T22:54:09
45,Harvest Moon,Napper's Respite,25176.8,440 keys,"25,176.80 ref, $767.89",2,misc,Level 1-100 Hat,248,2026-07-21T22:54:09
45,Harvest Moon,Belgian Detective,24604.6,430 keys,"24,604.60 ref, $750.44",2,misc,Level 1-100 Hat,30128,2026-07-21T22:54:09
45,Harvest Moon,Private Eye,24604.6,430 keys,"24,604.60 ref, $750.44",1,misc,Level 1-100 Hat,388,2026-07-21T22:54:09
45,Harvest Moon,Waxy Wayfinder,24318.5,425 keys,"24,318.50 ref, $741.71",2,misc,Level 1-100 Hat,753,2026-07-21T22:54:09
45,Harvest Moon,Helmet without a Home,24032.4,420 keys,"24,032.40 ref, $732.99",1,misc,Level 1-100 Helmet,732,2026-07-21T22:54:09
45,Harvest Moon,Reggaelator,24032.4,420 keys,"24,032.40 ref, $732.99",2,misc,Level 1-100 Hat,390,2026-07-21T22:54:09
45,Harvest Moon,Shooter's Sola Topi,23631.86,401–425 keys,"23,631.86 ref, $720.77",5,misc,Level 1-100 Helmet,158,2026-07-21T22:54:09
45,Harvest Moon,Condor Cap,23174.1,405 keys,"23,174.10 ref, $706.81",1,misc,Level 1-100 Hat,30553,2026-07-21T22:54:09
45,Harvest Moon,Buccaneer's Bicorne,22888,400 keys,"22,888.00 ref, $698.08",2,misc,Level 10 Hat,607,2026-07-21T22:54:09
45,Harvest Moon,Katyusha,22888,400 keys,"22,888.00 ref, $698.08",2,misc,Level 1-100 Hat,30094,2026-07-21T22:54:09
45,Harvest Moon,Wing Mann,22888,400 keys,"22,888.00 ref, $698.08",1,misc,Level 1-100 Hat,30809,2026-07-21T22:54:09
45,Harvest Moon,Hat with No Name,22487.46,393 keys,"22,487.46 ref, $685.87",2,misc,Level 10 Hat,631,2026-07-21T22:54:09
45,Harvest Moon,Hound Dog,22029.7,385 keys,"22,029.70 ref, $671.91",3,misc,Level 1-100 Hair,145,2026-07-21T22:54:09
45,Harvest Moon,Otolaryngologist's Mirror,21743.6,305–455 keys,"21,743.60 ref, $663.18",6,misc,Level 1-100 Hat,104,2026-07-21T22:54:09
45,Harvest Moon,Tam O' Shanter,21743.6,380 keys,"21,743.60 ref, $663.18",4,misc,Level 1-100 Hat,480,2026-07-21T22:54:09
45,Harvest Moon,Prussian Pickelhaube,21457.5,375 keys,"21,457.50 ref, $654.45",1,misc,Level 1-100 Helmet,50,2026-07-21T22:54:09
45,Harvest Moon,Glengarry Bonnet,20742.25,325–400 keys,"20,742.25 ref, $632.64",6,misc,Level 1-100 Hat,100,2026-07-21T22:54:09
45,Harvest Moon,One-Man Army,20742.25,345–380 keys,"20,742.25 ref, $632.64",3,misc,Level 10 Hair,601,2026-07-21T22:54:09
45,Harvest Moon,Trash Man,20599.2,360 keys,"20,599.20 ref, $628.28",1,misc,Level 1-100 Hat,30346,2026-07-21T22:54:09
45,Harvest Moon,Head Warmer,20027,350 keys,"20,027.00 ref, $610.82",2,misc,Level 1-100 Hat,644,2026-07-21T22:54:09
45,Harvest Moon,Defiant Spartan,19740.9,340–350 keys,"19,740.90 ref, $602.10",2,misc,Level 1-100 Helmet,340,2026-07-21T22:54:09
45,Harvest Moon,Shellmet,18882.6,330 keys,"18,882.60 ref, $575.92",2,misc,Level 1-100 Helmet,30897,2026-07-21T22:54:09
45,Harvest Moon,Pugilist's Protector,18596.5,325 keys,"18,596.50 ref, $567.19",5,misc,Level 1-100 Headgear,246,2026-07-21T22:54:09
45,Harvest Moon,Bear Necessities,17166,300 keys,"17,166.00 ref, $523.56",1,misc,Level 1-100 Spirit Animal,30122,2026-07-21T22:54:09
45,Harvest Moon,Dragonborn Helmet,17166,300 keys,"17,166.00 ref, $523.56",4,misc,Level 10 Helmet,517,2026-07-21T22:54:09
45,Harvest Moon,Noble Amassment of Hats,17166,300 keys,"17,166.00 ref, $523.56",2,misc,Level 1-100 Hat,137,2026-07-21T22:54:09
45,Harvest Moon,Anger,16879.9,240–350 keys,"16,879.90 ref, $514.84",2,misc,Level 10 Hood,518,2026-07-21T22:54:09
45,Harvest Moon,Professional's Panama,16593.8,290 keys,"16,593.80 ref, $506.11",2,misc,Level 1-100 Hat,109,2026-07-21T22:54:09
45,Harvest Moon,Prancer's Pride,16307.7,250–320 keys,"16,307.70 ref, $497.38",4,misc,Level 1-100 Hat,318,2026-07-21T22:54:09
45,Harvest Moon,Crocleather Slouch,15392.18,269 keys,"15,392.18 ref, $469.46",1,misc,Level 1-100 Hat,344,2026-07-21T22:54:09
45,Harvest Moon,Connoisseur's Cap,15277.74,267 keys,"15,277.74 ref, $465.97",3,misc,Level 1-100 Hat,394,2026-07-21T22:54:09
45,Harvest Moon,Backwards Ballcap,15020.25,255–270 keys,"15,020.25 ref, $458.12",6,misc,Level 10 Hat,617,2026-07-21T22:54:09
45,Harvest Moon,Feathered Fiend,14877.2,260 keys,"14,877.20 ref, $453.75",1,misc,Level 1-100 Headgear,30903,2026-07-21T22:54:09
45,Harvest Moon,Hermes,14591.1,240–270 keys,"14,591.10 ref, $445.03",2,misc,Level 10 Hat,633,2026-07-21T22:54:09
45,Harvest Moon,Scotch Bonnet,14591.1,210–300 keys,"14,591.10 ref, $445.03",3,misc,Level 1-100 Headgear,306,2026-07-21T22:54:09
45,Harvest Moon,Plumber's Cap,14533.88,254 keys,"14,533.88 ref, $443.28",0,misc,Level 1-100 Hat,30846,2026-07-21T22:54:09
45,Harvest Moon,Commando Elite,14305,250 keys,"14,305.00 ref, $436.30",4,misc,Level 1-100 Helmet,30912,2026-07-21T22:54:09
45,Harvest Moon,Large Luchador,14305,250 keys,"14,305.00 ref, $436.30",2,misc,Level 1-100 Mask,380,2026-07-21T22:54:09
45,Harvest Moon,Ye Olde Baker Boy,14305,250 keys,"14,305.00 ref, $436.30",2,misc,Level 1-100 Hat,107,2026-07-21T22:54:09
45,Harvest Moon,Nuke,13732.8,240 keys,"13,732.80 ref, $418.85",0,misc,Level 1-100 Hair,30885,2026-07-21T22:54:09
45,Harvest Moon,Counterfeit Billycock,12588.4,210–230 keys,"12,588.40 ref, $383.95",2,misc,Level 10 Hat,602,2026-07-21T22:54:09
45,Harvest Moon,Aztec Aggressor,12302.3,215 keys,"12,302.30 ref, $375.22",1,misc,Level 1-100 Headgear,30914,2026-07-21T22:54:09
45,Harvest Moon,Backbiter's Billycock,12302.3,200–230 keys,"12,302.30 ref, $375.22",4,misc,Level 1-100 Hat,108,2026-07-21T22:54:09
45,Harvest Moon,Trophy Belt,12299.344262295,193.73–236.17 keys,"12,299.34 ref, 214.95 keys",1,misc,Level 1-100 Hat,53,2026-07-21T22:54:09
45,Harvest Moon,Texas Ten Gallon,12097.704918033,211.42 keys,"12,097.70 ref, 211.42 keys",3,misc,Level 1-100 Hat,94,2026-07-21T22:54:09
45,Harvest Moon,Fed-Fightin' Fedora,12016.2,210 keys,"12,016.20 ref, $366.49",2,misc,Level 1-100 Hat,780,2026-07-21T22:54:09
45,Harvest Moon,Magnificent Mongolian,12016.2,210 keys,"12,016.20 ref, $366.49",5,misc,Level 1-100 Hat,313,2026-07-21T22:54:09
45,Harvest Moon,Le Party Phantom,11730.1,205 keys,"11,730.10 ref, $357.77",1,misc,Level 1-100 Mask,337,2026-07-21T22:54:09
45,Harvest Moon,Your Worst Nightmare,11730.1,205 keys,"11,730.10 ref, $357.77",2,misc,Level 10 Hair,600,2026-07-21T22:54:09
45,Harvest Moon,Lucky Shot,11444,200 keys,"11,444.00 ref, $349.04",1,misc,Level 1-100 Helmet,701,2026-07-21T22:54:09
45,Harvest Moon,Rimmed Raincatcher,11444,200 keys,"11,444.00 ref, $349.04",5,misc,Level 1-100 Hat,216,2026-07-21T22:54:09
45,Harvest Moon,Old Guadalajara,10929.02,191 keys,"10,929.02 ref, $333.34",3,misc,Level 1-100 Hat,247,2026-07-21T22:54:09
45,Harvest Moon,Carouser's Capotain,10728.75,175–200 keys,"10,728.75 ref, $327.23",6,misc,Level 1-100 Hat,259,2026-07-21T22:54:09
45,Harvest Moon,Front Runner,10213.77,170–187 keys,"10,213.77 ref, $311.52",2,misc,Level 1-100 Hat,760,2026-07-21T22:54:09
45,Harvest Moon,Chieftain's Challenge,9326.86,140–186 keys,"9,326.86 ref, $284.47",2,misc,Level 1-100 Hat,250,2026-07-21T22:54:09
45,Harvest Moon,Hustler's Hallmark,9298.25,150–175 keys,"9,298.25 ref, $283.60",2,misc,Level 1-100 Hat,146,2026-07-21T22:54:09
45,Harvest Moon,Familiar Fez,8811.88,146–162 keys,"8,811.88 ref, $268.76",1,misc,Level 1-100 Hat,223,2026-07-21T22:54:09
45,Harvest Moon,Smokey Sombrero,8640.22,151 keys,"8,640.22 ref, $263.53",1,misc,Level 1-100 Hat,30682,2026-07-21T22:54:09
45,Harvest Moon,Hellmet,8583,150 keys,"8,583.00 ref, $261.78",1,misc,Level 1-100 Helmet,30708,2026-07-21T22:54:09
45,Harvest Moon,Minnesota Slick,8583,150 keys,"8,583.00 ref, $261.78",1,misc,Level 1-100 Hair,30315,2026-07-21T22:54:09
45,Harvest Moon,Tough Guy's Toque,8583,150 keys,"8,583.00 ref, $261.78",4,misc,Level 1-100 Hat,97,2026-07-21T22:54:09
45,Harvest Moon,Liquidator's Lid,8010.8,140 keys,"8,010.80 ref, $244.33",2,misc,Level 1-100 Hat,779,2026-07-21T22:54:09
45,Harvest Moon,Larrikin Robin,7724.7,135 keys,"7,724.70 ref, $235.60",1,misc,Level 1-100 Hat,314,2026-07-21T22:54:09
45,Harvest Moon,Brigade Helm,7438.6,130 keys,"7,438.60 ref, $226.88",2,misc,Level 1-100 Helmet,105,2026-07-21T22:54:09
45,Harvest Moon,Triboniophorus Tyrannus,7381.38,129 keys,"7,381.38 ref, $225.13",4,misc,Level 1-100 Mascot,151,2026-07-21T22:54:09
45,Harvest Moon,Officer's Ushanka,7095.28,124 keys,"7,095.28 ref, $216.41",0,misc,Level 1-100 Hat,96,2026-07-21T22:54:09
45,Harvest Moon,Stainless Pot,6866.4,100–140 keys,"6,866.40 ref, $209.43",3,misc,Level 1-100 Hat,98,2026-07-21T22:54:09
45,Harvest Moon,Towering Titanium Pillar of Hats,6866.4,120 keys,"6,866.40 ref, $209.43",0,misc,Level 1-100 Hat,30008,2026-07-21T22:54:09
45,Harvest Moon,Geisha Boy,6751.96,110–126 keys,"6,751.96 ref, $205.93",1,misc,Level 1-100 Hair,363,2026-07-21T22:54:09
45,Harvest Moon,Madame Dixie,6743.2786885246,112.61–123.09 keys,"6,743.28 ref, 117.85 keys",3,misc,Level 1-100 Hat,321,2026-07-21T22:54:09
45,Harvest Moon,Desert Marauder,6580.3,115 keys,"6,580.30 ref, $200.70",3,misc,Level 1-100 Hat,400,2026-07-21T22:54:09
45,Harvest Moon,Furious Fukaamigasa,6408.64,112 keys,"6,408.64 ref, $195.46",3,misc,Level 1-100 Hat,395,2026-07-21T22:54:09
45,Harvest Moon,Vintage Merryweather,6408.64,112 keys,"6,408.64 ref, $195.46",4,misc,Level 1-100 Helmet,182,2026-07-21T22:54:09
45,Harvest Moon,Virtual Reality Headset,6294.2,110 keys,"6,294.20 ref, $191.97",3,misc,Level 10 Headset,628,2026-07-21T22:54:09
45,Harvest Moon,Conquistador,6008.1,105 keys,"6,008.10 ref, $183.25",2,misc,Level 1-100 Helmet,721,2026-07-21T22:54:09
45,Harvest Moon,Tippler's Tricorne,5722,100 keys,"5,722.00 ref, $174.52",1,misc,Level 1-100 Hat,179,2026-07-21T22:54:09
45,Harvest Moon,Mining Light,5471.3114754098,81.96–109.28 keys,"5,471.31 ref, 95.62 keys",1,misc,Level 1-100 Cosmetic Item,48,2026-07-21T22:54:09
45,Harvest Moon,Engineer's Cap,5435.9,95 keys,"5,435.90 ref, $165.79",4,misc,Level 1-100 Hat,95,2026-07-21T22:54:09
45,Harvest Moon,Stout Shako,5378.68,88–100 keys,"5,378.68 ref, $164.05",1,misc,Level 1-100 Hat,251,2026-07-21T22:54:09
45,Harvest Moon,Burning Bandana,5149.8,90 keys,"5,149.80 ref, $157.07",1,misc,Level 1-100 Bandana,30091,2026-07-21T22:54:09
45,Harvest Moon,Nanobalaclava,4920.92,86 keys,"4,920.92 ref, $150.09",0,misc,Level 10 Hat,521,2026-07-21T22:54:09
45,Harvest Moon,Flipped Trilby,4863.7,80–90 keys,"4,863.70 ref, $148.34",4,misc,Level 1-100 Hat,324,2026-07-21T22:54:09
45,Harvest Moon,Football Helmet,4806.48,84 keys,"4,806.48 ref, $146.60",4,misc,Level 1-100 Helmet,49,2026-07-21T22:54:09
45,Harvest Moon,Magistrate's Mullet,4634.82,81 keys,"4,634.82 ref, $141.36",3,misc,Level 1-100 Hair,147,2026-07-21T22:54:09
45,Harvest Moon,Fat Man's Field Cap,4577.6,80 keys,"4,577.60 ref, $139.62",1,misc,Level 1-100 Hat,30911,2026-07-21T22:54:09
45,Harvest Moon,Respectless Rubber Glove,4577.6,80 keys,"4,577.60 ref, $139.62",2,misc,Level 1-100 Hat,102,2026-07-21T22:54:09
45,Harvest Moon,Sultan's Ceremonial,4577.6,80 keys,"4,577.60 ref, $139.62",2,misc,Level 1-100 Hat,403,2026-07-21T22:54:09
45,Harvest Moon,Full Metal Drill Hat,4463.16,78 keys,"4,463.16 ref, $136.13",2,misc,Level 1-100 Hat,30026,2026-07-21T22:54:09
45,Harvest Moon,Ye Oiled Baker Boy,4405.94,69–85 keys,"4,405.94 ref, $134.38",1,misc,Level 1-100 Hat,30019,2026-07-21T22:54:09
45,Harvest Moon,Medic's Mountain Cap,4234.28,74 keys,"4,234.28 ref, $129.15",1,misc,Level 1-100 Hat,381,2026-07-21T22:54:09
45,Harvest Moon,Pure Tin Capotain,4119.84,69–75 keys,"4,119.84 ref, $125.66",1,misc,Level 1-100 Hat,30021,2026-07-21T22:54:09
45,Harvest Moon,Big Elfin Deal,4005.4,70 keys,"4,005.40 ref, $122.16",2,misc,Level 1-100 Hat,652,2026-07-21T22:54:09
45,Harvest Moon,Copper's Hard Top,4005.4,70 keys,"4,005.40 ref, $122.16",2,misc,Level 1-100 Helmet,478,2026-07-21T22:54:09
45,Harvest Moon,Heavy Duty Rag,3919.57,68–69 keys,"3,919.57 ref, $119.55",3,misc,Level 1-100 Bandana,185,2026-07-21T22:54:09
45,Harvest Moon,Coupe D'isaster,3890.96,58–78 keys,"3,890.96 ref, $118.67",3,misc,Level 1-100 Hair,330,2026-07-21T22:54:09
45,Harvest Moon,Gym Rat,3747.91,58–73 keys,"3,747.91 ref, $114.31",4,misc,Level 10 Hair,613,2026-07-21T22:54:09
45,Harvest Moon,Doctor's Sack,3433.2,60 keys,"3,433.20 ref, $104.71",3,misc,Level 1-100 Hat,398,2026-07-21T22:54:09
45,Harvest Moon,Platinum Pickelhaube,3318.76,58 keys,"3,318.76 ref, $101.22",1,misc,Level 1-100 Helmet,30042,2026-07-21T22:54:09
45,Harvest Moon,Berliner's Bucket Helm,3261.54,57 keys,"3,261.54 ref, $99.48",3,misc,Level 1-100 Helmet,303,2026-07-21T22:54:09
45,Harvest Moon,Little Buddy,3204.32,56 keys,"3,204.32 ref, $97.73",4,misc,Level 10 Hat,612,2026-07-21T22:54:09
45,Harvest Moon,Toy Tailor,3089.88,54 keys,"3,089.88 ref, $94.24",1,misc,Level 1-100 Hat,30327,2026-07-21T22:54:09
45,Harvest Moon,Dead Cone,2975.44,52 keys,"2,975.44 ref, $90.75",3,misc,Level 1-100 Hat,435,2026-07-21T22:54:09
45,Harvest Moon,Janissary Ketche,2975.44,49–55 keys,"2,975.44 ref, $90.75",2,misc,Level 1-100 Hat,437,2026-07-21T22:54:09
45,Harvest Moon,Hetman's Headpiece,2861,50 keys,"2,861.00 ref, $87.26",2,misc,Level 1-100 Hat,436,2026-07-21T22:54:09
45,Harvest Moon,Bombing Run,2346.02,41 keys,"2,346.02 ref, $71.55",2,misc,Level 1-100 Helmet,249,2026-07-21T22:54:09
45,Harvest Moon,Handyman's Handle,2231.58,39 keys,"2,231.58 ref, $68.06",2,misc,Level 1-100 Hat,253,2026-07-21T22:54:09
45,Harvest Moon,Dread Knot,1786.8852459016,28–34.46 keys,"1,786.89 ref, 31.23 keys",1,misc,Level 1-100 Hair,358,2026-07-21T22:54:09
38,Cloudy Moon,Killer Exclusive,377652,6600 keys,"377,652.00 ref, $11518.39",2,misc,Level 10 Hat,538,2026-07-21T22:54:09
38,Cloudy Moon,Crone's Dome,354764,6200 keys,"354,764.00 ref, $10820.30",5,misc,Level 1-100 Hat,920,2026-07-21T22:54:09
38,Cloudy Moon,Coffin Kit,271108.36,4738 keys,"271,108.36 ref, $8268.80",4,misc,Level 1-100 Backpack,938,2026-07-21T22:54:09
38,Cloudy Moon,Villain's Veil,165938,2900 keys,"165,938.00 ref, $5061.11",3,misc,Level 1-100 Bandana,393,2026-07-21T22:54:09
38,Cloudy Moon,Exquisite Rack,148772,2600 keys,"148,772.00 ref, $4537.55",4,misc,Level 1-100 Cosmetic Item,339,2026-07-21T22:54:09
38,Cloudy Moon,Blighted Beak,143050,2500 keys,"143,050.00 ref, $4363.02",3,misc,Level 1-100 Mask,315,2026-07-21T22:54:09
38,Cloudy Moon,Master's Yellow Belt,125884,2150–2250 keys,"125,884.00 ref, $3839.46",8,misc,Level 1-100 Hat,110,2026-07-21T22:54:09
38,Cloudy Moon,Soldier's Stash,120162,2100 keys,"120,162.00 ref, $3664.94",5,misc,Level 1-100 Cosmetic Item,54,2026-07-21T22:54:09
38,Cloudy Moon,Herald's Helm,114440,2000 keys,"114,440.00 ref, $3490.42",0,misc,Level 1-100 Helmet,30769,2026-07-21T22:54:09
38,Cloudy Moon,Team Captain,111579,1600–2300 keys,"111,579.00 ref, $3403.16",5,misc,Level 1-100 Hat,378,2026-07-21T22:54:09
38,Cloudy Moon,Bonk Boy,106429.2,1860 keys,"106,429.20 ref, $3246.09",4,misc,Level 1-100 Mask,451,2026-07-21T22:54:09
38,Cloudy Moon,Mining Light,100850.25,1600–1925 keys,"100,850.25 ref, $3075.93",2,misc,Level 1-100 Cosmetic Item,48,2026-07-21T22:54:09
38,Cloudy Moon,Patriot Peak,97274,1700 keys,"97,274.00 ref, $2966.86",0,misc,Level 1-100 Hat,30743,2026-07-21T22:54:09
38,Cloudy Moon,Anger,86688.3,1515 keys,"86,688.30 ref, $2643.99",5,misc,Level 10 Hood,518,2026-07-21T22:54:09
38,Cloudy Moon,Pyromancer's Mask,82969,1450 keys,"82,969.00 ref, $2530.55",11,misc,Level 1-100 Mask,316,2026-07-21T22:54:09
38,Cloudy Moon,Batter's Helmet,77247,1350 keys,"77,247.00 ref, $2356.03",3,misc,Level 1-100 Helmet,52,2026-07-21T22:54:09
38,Cloudy Moon,Pencil Pusher,74386,1300 keys,"74,386.00 ref, $2268.77",6,misc,Level 10 Hair,605,2026-07-21T22:54:09
38,Cloudy Moon,Blast Defense,72955.5,1275 keys,"72,955.50 ref, $2225.14",0,misc,Level 1-100 Headgear,30863,2026-07-21T22:54:09
38,Cloudy Moon,Salty Dog,70094.5,1225 keys,"70,094.50 ref, $2137.88",2,misc,Level 10 Hat,611,2026-07-21T22:54:09
38,Cloudy Moon,Brown Bomber,68664,950–1450 keys,"68,664.00 ref, $2094.25",2,misc,Level 1-100 Hat,671,2026-07-21T22:54:09
38,Cloudy Moon,Samur-Eye,68664,1200 keys,"68,664.00 ref, $2094.25",4,misc,Level 1-100 Helmet,359,2026-07-21T22:54:09
38,Cloudy Moon,Brainiac Hairpiece,67805.7,1185 keys,"67,805.70 ref, $2068.07",4,misc,Level 1-100 Facial Hair,590,2026-07-21T22:54:09
38,Cloudy Moon,Le Party Phantom,67233.5,1175 keys,"67,233.50 ref, $2050.62",10,misc,Level 1-100 Mask,337,2026-07-21T22:54:09
38,Cloudy Moon,Nasty Norsemann,62942,1100 keys,"62,942.00 ref, $1919.73",1,misc,Level 1-100 Helmet,30810,2026-07-21T22:54:09
38,Cloudy Moon,Mask of the Shaman,57220,1000 keys,"57,220.00 ref, $1745.21",0,misc,Level 10 Mask,514,2026-07-21T22:54:09
38,Cloudy Moon,Hat with No Name,54645.1,955 keys,"54,645.10 ref, $1666.68",4,misc,Level 10 Hat,631,2026-07-21T22:54:09
38,Cloudy Moon,Large Luchador,54072.9,945 keys,"54,072.90 ref, $1649.22",6,misc,Level 1-100 Mask,380,2026-07-21T22:54:09
38,Cloudy Moon,Tyrant's Helm,52928.5,900–950 keys,"52,928.50 ref, $1614.32",5,misc,Level 1-100 Helmet,99,2026-07-21T22:54:09
38,Cloudy Moon,Conjurer's Cowl,52499.35,705–1130 keys,"52,499.35 ref, $1601.23",5,misc,Level 1-100 Hood,465,2026-07-21T22:54:09
38,Cloudy Moon,Reggaelator,51498,900 keys,"51,498.00 ref, $1570.69",3,misc,Level 1-100 Hat,390,2026-07-21T22:54:09
38,Cloudy Moon,Troublemaker's Tossle Cap,50639.7,885 keys,"50,639.70 ref, $1544.51",9,misc,Level 1-100 Hat,150,2026-07-21T22:54:09
38,Cloudy Moon,Sergeant's Drill Hat,48350.9,845 keys,"48,350.90 ref, $1474.70",5,misc,Level 1-100 Hat,183,2026-07-21T22:54:09
38,Cloudy Moon,El Jefe,47492.6,830 keys,"47,492.60 ref, $1448.52",6,misc,Level 10 Hat,539,2026-07-21T22:54:09
38,Cloudy Moon,Ol' Geezer,45776,800 keys,"45,776.00 ref, $1396.17",2,misc,Level 1-100 Hat,399,2026-07-21T22:54:09
38,Cloudy Moon,Your Worst Nightmare,45776,800 keys,"45,776.00 ref, $1396.17",4,misc,Level 10 Hair,600,2026-07-21T22:54:09
38,Cloudy Moon,Fortunate Son,44459.94,777 keys,"44,459.94 ref, $1356.03",2,misc,Level 1-100 Helmet,30636,2026-07-21T22:54:09
38,Cloudy Moon,Desert Marauder,42915,750 keys,"42,915.00 ref, $1308.91",5,misc,Level 1-100 Hat,400,2026-07-21T22:54:09
38,Cloudy Moon,Tipped Lid,40054,700 keys,"40,054.00 ref, $1221.65",1,misc,Level 1-100 Hat,30425,2026-07-21T22:54:09
38,Cloudy Moon,Dr's Dapper Topper,38766.55,630–725 keys,"38,766.55 ref, $1182.38",8,misc,Level 1-100 Hat,252,2026-07-21T22:54:09
38,Cloudy Moon,Galvanized Gibus,38337.4,670 keys,"38,337.40 ref, $1169.29",2,misc,Level 1-100 Hat,30003,2026-07-21T22:54:09
38,Cloudy Moon,Texas Ten Gallon,38337.4,640–700 keys,"38,337.40 ref, $1169.29",6,misc,Level 1-100 Hat,94,2026-07-21T22:54:09
38,Cloudy Moon,Grimm Hatte,38051.3,665 keys,"38,051.30 ref, $1160.56",10,misc,Level 1-100 Hat,383,2026-07-21T22:54:09
38,Cloudy Moon,Napper's Respite,37193,650 keys,"37,193.00 ref, $1134.39",3,misc,Level 1-100 Hat,248,2026-07-21T22:54:09
38,Cloudy Moon,Vintage Tyrolean,37193,650 keys,"37,193.00 ref, $1134.39",5,misc,Level 1-100 Hat,101,2026-07-21T22:54:09
38,Cloudy Moon,Killer's Kabuto,36906.9,630–660 keys,"36,906.90 ref, $1125.66",6,misc,Level 1-100 Helmet,152,2026-07-21T22:54:09
38,Cloudy Moon,Das Hazmattenhatten,34332,600 keys,"34,332.00 ref, $1047.13",2,misc,Level 1-100 Safety Apparatus,30095,2026-07-21T22:54:09
38,Cloudy Moon,Hustler's Hallmark,34332,600 keys,"34,332.00 ref, $1047.13",7,misc,Level 1-100 Hat,146,2026-07-21T22:54:09
38,Cloudy Moon,A Rather Festive Tree,32901.5,575 keys,"32,901.50 ref, $1003.50",9,misc,Level 1-100 Hat,341,2026-07-21T22:54:09
38,Cloudy Moon,Modest Pile of Hat,32901.5,560–590 keys,"32,901.50 ref, $1003.50",9,misc,Level 1-100 Hat,139,2026-07-21T22:54:09
38,Cloudy Moon,Chieftain's Challenge,32043.2,560 keys,"32,043.20 ref, $977.32",4,misc,Level 1-100 Hat,250,2026-07-21T22:54:09
38,Cloudy Moon,Physician's Protector,32043.2,560 keys,"32,043.20 ref, $977.32",1,misc,Level 1-100 Helmet,30625,2026-07-21T22:54:09
38,Cloudy Moon,Honcho's Headgear,30898.8,540 keys,"30,898.80 ref, $942.41",6,misc,Level 1-100 Hat,391,2026-07-21T22:54:09
38,Cloudy Moon,Liquidator's Lid,30898.8,540 keys,"30,898.80 ref, $942.41",2,misc,Level 1-100 Hat,779,2026-07-21T22:54:09
38,Cloudy Moon,Backwards Ballcap,30326.6,440–620 keys,"30,326.60 ref, $924.96",9,misc,Level 10 Hat,617,2026-07-21T22:54:09
38,Cloudy Moon,Surgeon's Stahlhelm,30326.6,530 keys,"30,326.60 ref, $924.96",6,misc,Level 10 Helmet,616,2026-07-21T22:54:09
38,Cloudy Moon,Connoisseur's Cap,29067.76,508 keys,"29,067.76 ref, $886.57",8,misc,Level 1-100 Hat,394,2026-07-21T22:54:09
38,Cloudy Moon,Fed-Fightin' Fedora,28916.06557377,459.41–551.29 keys,"28,916.07 ref, 505.35 keys",0,misc,Level 1-100 Hat,780,2026-07-21T22:54:09
38,Cloudy Moon,Ze Goggles,28610,500 keys,"28,610.00 ref, $872.61",5,misc,Level 1-100 Glasses,177,2026-07-21T22:54:09
38,Cloudy Moon,Stainless Pot,28037.8,490 keys,"28,037.80 ref, $855.15",7,misc,Level 1-100 Hat,98,2026-07-21T22:54:09
38,Cloudy Moon,Hellmet,27465.6,480 keys,"27,465.60 ref, $837.70",1,misc,Level 1-100 Helmet,30708,2026-07-21T22:54:09
38,Cloudy Moon,Prince Tavish's Crown,27465.6,480 keys,"27,465.60 ref, $837.70",8,misc,Level 1-100 Hat,342,2026-07-21T22:54:09
38,Cloudy Moon,Company Man,26321.2,460 keys,"26,321.20 ref, $802.80",5,misc,Level 10 Hat,523,2026-07-21T22:54:09
38,Cloudy Moon,Furious Fukaamigasa,26035.1,430–480 keys,"26,035.10 ref, $794.07",8,misc,Level 1-100 Hat,395,2026-07-21T22:54:09
38,Cloudy Moon,Classy Capper,25749,450 keys,"25,749.00 ref, $785.34",0,misc,Level 1-100 Hat,30893,2026-07-21T22:54:09
38,Cloudy Moon,Flipped Trilby,25749,450 keys,"25,749.00 ref, $785.34",4,misc,Level 1-100 Hat,324,2026-07-21T22:54:09
38,Cloudy Moon,Scotsman's Stove Pipe,24890.7,435 keys,"24,890.70 ref, $759.17",6,misc,Level 1-100 Hat,120,2026-07-21T22:54:09
38,Cloudy Moon,Whoopee Cap,23746.3,415 keys,"23,746.30 ref, $724.26",8,misc,Level 1-100 Hat,174,2026-07-21T22:54:09
38,Cloudy Moon,Swagman's Swatter,23460.2,370–450 keys,"23,460.20 ref, $715.54",6,misc,Level 10 Hat,626,2026-07-21T22:54:09
38,Cloudy Moon,Voodoo JuJu (Slight Return),23460.2,410 keys,"23,460.20 ref, $715.54",4,misc,Level 1-100 Hat,935,2026-07-21T22:54:09
38,Cloudy Moon,Head Warmer,23174.1,405 keys,"23,174.10 ref, $706.81",3,misc,Level 1-100 Hat,644,2026-07-21T22:54:09
38,Cloudy Moon,Defiant Spartan,22888,400 keys,"22,888.00 ref, $698.08",9,misc,Level 1-100 Helmet,340,2026-07-21T22:54:09
38,Cloudy Moon,Familiar Fez,22888,400 keys,"22,888.00 ref, $698.08",5,misc,Level 1-100 Hat,223,2026-07-21T22:54:09
38,Cloudy Moon,Fancy Fedora,22888,400 keys,"22,888.00 ref, $698.08",4,misc,Level 1-100 Hat,55,2026-07-21T22:54:09
38,Cloudy Moon,Medic's Mountain Cap,22888,400 keys,"22,888.00 ref, $698.08",4,misc,Level 1-100 Hat,381,2026-07-21T22:54:09
38,Cloudy Moon,Towering Pillar of Hats,22888,400 keys,"22,888.00 ref, $698.08",7,misc,Level 1-100 Hat,135,2026-07-21T22:54:09
38,Cloudy Moon,Trophy Belt,22888,400 keys,"22,888.00 ref, $698.08",7,misc,Level 1-100 Hat,53,2026-07-21T22:54:09
38,Cloudy Moon,Wraith Wrap,22888,400 keys,"22,888.00 ref, $698.08",3,misc,Level 1-100 Apparel,937,2026-07-21T22:54:09
38,Cloudy Moon,Geisha Boy,22830.78,399 keys,"22,830.78 ref, $696.34",3,misc,Level 1-100 Hair,363,2026-07-21T22:54:09
38,Cloudy Moon,Lucky Shot,22601.9,380–410 keys,"22,601.90 ref, $689.36",8,misc,Level 1-100 Helmet,701,2026-07-21T22:54:09
38,Cloudy Moon,Lord Cockswain's Pith Helmet,22315.8,390 keys,"22,315.80 ref, $680.63",3,misc,Level 1-100 Headgear,439,2026-07-21T22:54:09
38,Cloudy Moon,Gentleman's Ushanka,22287.19,350–429 keys,"22,287.19 ref, $679.76",4,misc,Level 1-100 Hat,778,2026-07-21T22:54:09
38,Cloudy Moon,Pirate Bandana,21743.6,380 keys,"21,743.60 ref, $663.18",2,misc,Level 1-100 Hat,30180,2026-07-21T22:54:09
38,Cloudy Moon,Bubble Pipe,21457.5,375 keys,"21,457.50 ref, $654.45",3,misc,Level 1-100 Helmet,597,2026-07-21T22:54:09
38,Cloudy Moon,Dragonborn Helmet,21457.5,375 keys,"21,457.50 ref, $654.45",3,misc,Level 10 Helmet,517,2026-07-21T22:54:09
38,Cloudy Moon,Noble Amassment of Hats,21457.5,375 keys,"21,457.50 ref, $654.45",7,misc,Level 1-100 Hat,137,2026-07-21T22:54:09
38,Cloudy Moon,Carouser's Capotain,21400.28,374 keys,"21,400.28 ref, $652.71",7,misc,Level 1-100 Hat,259,2026-07-21T22:54:09
38,Cloudy Moon,Grenadier's Softcap,20885.3,330–400 keys,"20,885.30 ref, $637.00",7,misc,Level 1-100 Hat,227,2026-07-21T22:54:09
38,Cloudy Moon,Backbiter's Billycock,20599.2,360 keys,"20,599.20 ref, $628.28",6,misc,Level 1-100 Hat,108,2026-07-21T22:54:09
38,Cloudy Moon,Brim-Full of Bullets,20027,350 keys,"20,027.00 ref, $610.82",1,misc,Level 1-100 Hat,30173,2026-07-21T22:54:09
38,Cloudy Moon,Hot Dogger,20027,350 keys,"20,027.00 ref, $610.82",9,misc,Level 10 Hat,614,2026-07-21T22:54:09
38,Cloudy Moon,Jumper's Jeepcap,20027,350 keys,"20,027.00 ref, $610.82",9,misc,Level 1-100 Hat,417,2026-07-21T22:54:09
38,Cloudy Moon,Tavish DeGroot Experience,19740.9,290–400 keys,"19,740.90 ref, $602.10",6,misc,Level 10 Hat,604,2026-07-21T22:54:09
38,Cloudy Moon,Armored Authority,19454.8,340 keys,"19,454.80 ref, $593.37",5,misc,Level 1-100 Helmet,445,2026-07-21T22:54:09
38,Cloudy Moon,Bonk Helm,19454.8,340 keys,"19,454.80 ref, $593.37",7,misc,Level 1-100 Helmet,106,2026-07-21T22:54:09
38,Cloudy Moon,Milkman,19454.8,340 keys,"19,454.80 ref, $593.37",2,misc,Level 1-100 Hat,219,2026-07-21T22:54:09
38,Cloudy Moon,Pom-Pommed Provocateur,19054.26,333 keys,"19,054.26 ref, $581.15",1,misc,Level 1-100 Mask,30072,2026-07-21T22:54:09
38,Cloudy Moon,Fruit Shoot,18710.94,327 keys,"18,710.94 ref, $570.68",6,misc,Level 1-100 Hat,759,2026-07-21T22:54:09
38,Cloudy Moon,Baron von Havenaplane,18653.72,326 keys,"18,653.72 ref, $568.94",1,misc,Level 1-100 Hat,30136,2026-07-21T22:54:09
38,Cloudy Moon,Attendant,18596.5,325 keys,"18,596.50 ref, $567.19",5,misc,Level 1-100 Hat,213,2026-07-21T22:54:09
38,Cloudy Moon,Scotch Bonnet,18596.5,325 keys,"18,596.50 ref, $567.19",7,misc,Level 1-100 Headgear,306,2026-07-21T22:54:09
38,Cloudy Moon,One-Man Army,18310.4,290–350 keys,"18,310.40 ref, $558.47",5,misc,Level 10 Hair,601,2026-07-21T22:54:09
38,Cloudy Moon,Tough Guy's Toque,18310.4,320 keys,"18,310.40 ref, $558.47",5,misc,Level 1-100 Hat,97,2026-07-21T22:54:09
38,Cloudy Moon,Conquistador,17738.2,310 keys,"17,738.20 ref, $541.02",2,misc,Level 1-100 Helmet,721,2026-07-21T22:54:09
38,Cloudy Moon,Bombing Run,17166,300 keys,"17,166.00 ref, $523.56",3,misc,Level 1-100 Helmet,249,2026-07-21T22:54:09
38,Cloudy Moon,Buckaroo's Hat,17166,300 keys,"17,166.00 ref, $523.56",4,misc,Level 1-100 Hat,322,2026-07-21T22:54:09
38,Cloudy Moon,Cotton Head,17166,300 keys,"17,166.00 ref, $523.56",1,misc,Level 1-100 Hat,30175,2026-07-21T22:54:09
38,Cloudy Moon,Gentleman's Gatsby,17166,300 keys,"17,166.00 ref, $523.56",5,misc,Level 1-100 Hat,184,2026-07-21T22:54:09
38,Cloudy Moon,Heavy Duty Rag,17166,300 keys,"17,166.00 ref, $523.56",12,misc,Level 1-100 Bandana,185,2026-07-21T22:54:09
38,Cloudy Moon,Hound Dog,17166,300 keys,"17,166.00 ref, $523.56",8,misc,Level 1-100 Hair,145,2026-07-21T22:54:09
38,Cloudy Moon,Old Guadalajara,17166,300 keys,"17,166.00 ref, $523.56",2,misc,Level 1-100 Hat,247,2026-07-21T22:54:09
38,Cloudy Moon,Stout Shako,17166,300 keys,"17,166.00 ref, $523.56",9,misc,Level 1-100 Hat,251,2026-07-21T22:54:09
38,Cloudy Moon,Charmer's Chapeau,16937.12,296 keys,"16,937.12 ref, $516.58",4,misc,Level 1-100 Hat,397,2026-07-21T22:54:09
38,Cloudy Moon,Waxy Wayfinder,16021.6,280 keys,"16,021.60 ref, $488.66",3,misc,Level 1-100 Hat,753,2026-07-21T22:54:09
38,Cloudy Moon,Cranial Carcharodon,15735.5,275 keys,"15,735.50 ref, $479.93",1,misc,Level 1-100 Hat,30800,2026-07-21T22:54:09
38,Cloudy Moon,Counterfeit Billycock,15563.84,272 keys,"15,563.84 ref, $474.70",11,misc,Level 10 Hat,602,2026-07-21T22:54:09
38,Cloudy Moon,Ol' Snaggletooth,15449.4,270 keys,"15,449.40 ref, $471.21",5,misc,Level 1-100 Hat,229,2026-07-21T22:54:09
38,Cloudy Moon,Triboniophorus Tyrannus,15306.35,240–295 keys,"15,306.35 ref, $466.84",3,misc,Level 1-100 Mascot,151,2026-07-21T22:54:09
38,Cloudy Moon,Brain Bucket,14877.2,260 keys,"14,877.20 ref, $453.75",2,misc,Level 1-100 Hat,434,2026-07-21T22:54:09
38,Cloudy Moon,Professional's Panama,14877.2,250–270 keys,"14,877.20 ref, $453.75",8,misc,Level 1-100 Hat,109,2026-07-21T22:54:09
38,Cloudy Moon,Berliner's Bucket Helm,14305,250 keys,"14,305.00 ref, $436.30",7,misc,Level 1-100 Helmet,303,2026-07-21T22:54:09
38,Cloudy Moon,Dead Cone,14305,250 keys,"14,305.00 ref, $436.30",4,misc,Level 1-100 Hat,435,2026-07-21T22:54:09
38,Cloudy Moon,Glengarry Bonnet,14305,235–265 keys,"14,305.00 ref, $436.30",7,misc,Level 1-100 Hat,100,2026-07-21T22:54:09
38,Cloudy Moon,Metal Slug,14305,250 keys,"14,305.00 ref, $436.30",1,misc,Level 1-100 Hat,30028,2026-07-21T22:54:09
38,Cloudy Moon,L'homme Burglerre,14133.34,247 keys,"14,133.34 ref, $431.07",2,misc,Level 1-100 Hat,30182,2026-07-21T22:54:09
38,Cloudy Moon,Gym Rat,14076.12,246 keys,"14,076.12 ref, $429.32",6,misc,Level 10 Hair,613,2026-07-21T22:54:09
38,Cloudy Moon,Frenchman's Beret,13790.02,232–250 keys,"13,790.02 ref, $420.60",4,misc,Level 1-100 Hat,180,2026-07-21T22:54:09
38,Cloudy Moon,Dread Knot,13732.8,240 keys,"13,732.80 ref, $418.85",7,misc,Level 1-100 Hair,358,2026-07-21T22:54:09
38,Cloudy Moon,Western Wear,13675.58,239 keys,"13,675.58 ref, $417.11",5,misc,Level 1-100 Hat,379,2026-07-21T22:54:09
38,Cloudy Moon,Sober Stuntman,13446.7,235 keys,"13,446.70 ref, $410.12",6,misc,Level 1-100 Helmet,255,2026-07-21T22:54:09
38,Cloudy Moon,Katyusha,13160.6,210–250 keys,"13,160.60 ref, $401.40",2,misc,Level 1-100 Hat,30094,2026-07-21T22:54:09
38,Cloudy Moon,Magnificent Mongolian,13160.6,230 keys,"13,160.60 ref, $401.40",6,misc,Level 1-100 Hat,313,2026-07-21T22:54:09
38,Cloudy Moon,Shooter's Sola Topi,13160.6,230 keys,"13,160.60 ref, $401.40",9,misc,Level 1-100 Helmet,158,2026-07-21T22:54:09
38,Cloudy Moon,Doctor's Sack,13046.16,193–263 keys,"13,046.16 ref, $397.91",7,misc,Level 1-100 Hat,398,2026-07-21T22:54:09
38,Cloudy Moon,Coupe D'isaster,12874.5,225 keys,"12,874.50 ref, $392.67",6,misc,Level 1-100 Hair,330,2026-07-21T22:54:09
38,Cloudy Moon,Commando Elite,12588.4,220 keys,"12,588.40 ref, $383.95",4,misc,Level 1-100 Helmet,30912,2026-07-21T22:54:09
38,Cloudy Moon,Pugilist's Protector,12445.35,165–270 keys,"12,445.35 ref, $379.58",9,misc,Level 1-100 Headgear,246,2026-07-21T22:54:09
38,Cloudy Moon,Flamboyant Flamenco,12302.3,215 keys,"12,302.30 ref, $375.22",5,misc,Level 10 Hat,627,2026-07-21T22:54:09
38,Cloudy Moon,Vintage Merryweather,12102.03,198–225 keys,"12,102.03 ref, $369.11",9,misc,Level 1-100 Helmet,182,2026-07-21T22:54:09
38,Cloudy Moon,Hottie's Hoodie,12016.2,210 keys,"12,016.20 ref, $366.49",6,misc,Level 1-100 Hood,377,2026-07-21T22:54:09
38,Cloudy Moon,Little Buddy,12016.2,210 keys,"12,016.20 ref, $366.49",5,misc,Level 10 Hat,612,2026-07-21T22:54:09
38,Cloudy Moon,Officer's Ushanka,12016.2,210 keys,"12,016.20 ref, $366.49",11,misc,Level 1-100 Hat,96,2026-07-21T22:54:09
38,Cloudy Moon,Handyman's Handle,11730.1,200–210 keys,"11,730.10 ref, $357.77",6,misc,Level 1-100 Hat,253,2026-07-21T22:54:09
38,Cloudy Moon,Big Chief,11444,200 keys,"11,444.00 ref, $349.04",2,misc,Level 1-100 Hat,309,2026-07-21T22:54:09
38,Cloudy Moon,Bloke's Bucket Hat,11444,200 keys,"11,444.00 ref, $349.04",5,misc,Level 1-100 Hat,181,2026-07-21T22:54:09
38,Cloudy Moon,Shooter's Tin Topi,11157.9,195 keys,"11,157.90 ref, $340.32",2,misc,Level 1-100 Hat,30005,2026-07-21T22:54:09
38,Cloudy Moon,Détective Noir,11043.46,193 keys,"11,043.46 ref, $336.83",3,misc,Level 1-100 Hat,319,2026-07-21T22:54:09
38,Cloudy Moon,Virtual Reality Headset,9836.0655737705,151.27–192.53 keys,"9,836.07 ref, 171.90 keys",1,misc,Level 10 Headset,628,2026-07-21T22:54:09
38,Cloudy Moon,Rebel Rouser,9784.62,171 keys,"9,784.62 ref, $298.43",1,misc,Level 1-100 Hat,30120,2026-07-21T22:54:09
38,Cloudy Moon,Hetman's Headpiece,9441.3,165 keys,"9,441.30 ref, $287.96",6,misc,Level 1-100 Hat,436,2026-07-21T22:54:09
38,Cloudy Moon,Magistrate's Mullet,9441.3,130–200 keys,"9,441.30 ref, $287.96",3,misc,Level 1-100 Hair,147,2026-07-21T22:54:09
38,Cloudy Moon,Cosa Nostra Cap,8583,150 keys,"8,583.00 ref, $261.78",4,misc,Level 1-100 Hat,459,2026-07-21T22:54:09
38,Cloudy Moon,Bonk Leadwear,8010.8,140 keys,"8,010.80 ref, $244.33",1,misc,Level 1-100 Helmet,30030,2026-07-21T22:54:09
38,Cloudy Moon,Industrial Festivizer,7839.14,137 keys,"7,839.14 ref, $239.09",3,misc,Level 1-100 Hat,338,2026-07-21T22:54:09
38,Cloudy Moon,Trencher's Topper,7724.7,135 keys,"7,724.70 ref, $235.60",1,misc,Level 1-100 Helmet,30336,2026-07-21T22:54:09
38,Cloudy Moon,Crocleather Slouch,7495.82,131 keys,"7,495.82 ref, $228.62",8,misc,Level 1-100 Hat,344,2026-07-21T22:54:09
38,Cloudy Moon,Das Maddendoktor,7438.6,130 keys,"7,438.60 ref, $226.88",1,misc,Level 1-100 Hair,30121,2026-07-21T22:54:09
38,Cloudy Moon,Nuke,7438.6,130 keys,"7,438.60 ref, $226.88",0,misc,Level 1-100 Hair,30885,2026-07-21T22:54:09
38,Cloudy Moon,Larrikin Robin,7152.5,125 keys,"7,152.50 ref, $218.15",7,misc,Level 1-100 Hat,314,2026-07-21T22:54:09
38,Cloudy Moon,Outdoorsman,6980.84,122 keys,"6,980.84 ref, $212.92",7,misc,Level 10 Hat,603,2026-07-21T22:54:09
38,Cloudy Moon,Ye Olde Baker Boy,6580.3,115 keys,"6,580.30 ref, $200.70",3,misc,Level 1-100 Hat,107,2026-07-21T22:54:09
38,Cloudy Moon,Brigade Helm,6294.2,110 keys,"6,294.20 ref, $191.97",2,misc,Level 1-100 Helmet,105,2026-07-21T22:54:09
38,Cloudy Moon,Demoman's Fro,6294.2,110 keys,"6,294.20 ref, $191.97",2,misc,Level 1-100 Hair,47,2026-07-21T22:54:09
38,Cloudy Moon,Valley Forge,6294.2,110 keys,"6,294.20 ref, $191.97",1,misc,Level 1-100 Hat,30114,2026-07-21T22:54:09
38,Cloudy Moon,German Gonzila,5950.88,104 keys,"5,950.88 ref, $181.50",4,misc,Level 1-100 Hat,323,2026-07-21T22:54:09
38,Cloudy Moon,Sultan's Ceremonial,5664.78,99 keys,"5,664.78 ref, $172.78",5,misc,Level 1-100 Hat,403,2026-07-21T22:54:09
38,Cloudy Moon,Hotrod,5607.56,98 keys,"5,607.56 ref, $171.03",6,misc,Level 1-100 Mask,148,2026-07-21T22:54:09
38,Cloudy Moon,Human Cannonball,5464.51,91–100 keys,"5,464.51 ref, $166.67",2,misc,Level 1-100 Helmet,817,2026-07-21T22:54:09
38,Cloudy Moon,Safe'n'Sound,5292.85,85–100 keys,"5,292.85 ref, $161.43",4,misc,Level 1-100 Hat,178,2026-07-21T22:54:09
38,Cloudy Moon,Otolaryngologist's Mirror,5149.8,90 keys,"5,149.80 ref, $157.07",4,misc,Level 1-100 Hat,104,2026-07-21T22:54:09
38,Cloudy Moon,Big Country,5092.58,89 keys,"5,092.58 ref, $155.32",3,misc,Level 1-100 Hair,382,2026-07-21T22:54:09
38,Cloudy Moon,Prussian Pickelhaube,5035.36,88 keys,"5,035.36 ref, $153.58",6,misc,Level 1-100 Helmet,50,2026-07-21T22:54:09
38,Cloudy Moon,Eliminator's Safeguard,4863.7,85 keys,"4,863.70 ref, $148.34",1,misc,Level 1-100 Helmet,30369,2026-07-21T22:54:09
38,Cloudy Moon,Tippler's Tricorne,4806.48,84 keys,"4,806.48 ref, $146.60",6,misc,Level 1-100 Hat,179,2026-07-21T22:54:09
38,Cloudy Moon,Capo's Capper,4577.6,80 keys,"4,577.60 ref, $139.62",4,misc,Level 1-100 Hat,427,2026-07-21T22:54:09
38,Cloudy Moon,Engineer's Cap,4577.6,80 keys,"4,577.60 ref, $139.62",3,misc,Level 1-100 Hat,95,2026-07-21T22:54:09
38,Cloudy Moon,Birdcage,4463.16,78 keys,"4,463.16 ref, $136.13",2,misc,Level 10 Hat,615,2026-07-21T22:54:09
38,Cloudy Moon,Big Elfin Deal,4434.55,70–85 keys,"4,434.55 ref, $135.25",1,misc,Level 1-100 Hat,652,2026-07-21T22:54:09
38,Cloudy Moon,Hermes,4320.11,73–78 keys,"4,320.11 ref, $131.76",2,misc,Level 10 Hat,633,2026-07-21T22:54:09
38,Cloudy Moon,Janissary Ketche,4234.28,74 keys,"4,234.28 ref, $129.15",2,misc,Level 1-100 Hat,437,2026-07-21T22:54:09
38,Cloudy Moon,Buccaneer's Bicorne,4177.06,72–74 keys,"4,177.06 ref, $127.40",5,misc,Level 10 Hat,607,2026-07-21T22:54:09
38,Cloudy Moon,Bunsen Brave,4062.62,71 keys,"4,062.62 ref, $123.91",1,misc,Level 1-100 Hat,30054,2026-07-21T22:54:09
38,Cloudy Moon,Private Eye,4062.62,59–83 keys,"4,062.62 ref, $123.91",8,misc,Level 1-100 Hat,388,2026-07-21T22:54:09
38,Cloudy Moon,Tyrantium Helmet,4005.4,70 keys,"4,005.40 ref, $122.16",1,misc,Level 1-100 Helmet,30014,2026-07-21T22:54:09
38,Cloudy Moon,Hard Counter,3948.18,69 keys,"3,948.18 ref, $120.42",3,misc,Level 1-100 Hat,254,2026-07-21T22:54:09
38,Cloudy Moon,Bone Dome,3833.74,67 keys,"3,833.74 ref, $116.93",1,misc,Level 1-100 Helmet,30162,2026-07-21T22:54:09
38,Cloudy Moon,L'Inspecteur,3719.3,65 keys,"3,719.30 ref, $113.44",3,misc,Level 10 Hat,622,2026-07-21T22:54:09
38,Cloudy Moon,Mann of Reason,3719.3,65 keys,"3,719.30 ref, $113.44",1,misc,Level 1-100 Hat,30318,2026-07-21T22:54:09
38,Cloudy Moon,Pyro's Boron Beanie,3719.3,65 keys,"3,719.30 ref, $113.44",1,misc,Level 1-100 Hat,30040,2026-07-21T22:54:09
38,Cloudy Moon,Tam O' Shanter,3719.3,60–70 keys,"3,719.30 ref, $113.44",9,misc,Level 1-100 Hat,480,2026-07-21T22:54:09
38,Cloudy Moon,Football Helmet,3442.6229508197,52.94–67.38 keys,"3,442.62 ref, 60.16 keys",0,misc,Level 1-100 Helmet,49,2026-07-21T22:54:09
38,Cloudy Moon,Electric Escorter,3433.2,48–72 keys,"3,433.20 ref, $104.71",1,misc,Level 1-100 Hat,30025,2026-07-21T22:54:09
38,Cloudy Moon,Rimmed Raincatcher,3433.2,60 keys,"3,433.20 ref, $104.71",3,misc,Level 1-100 Hat,216,2026-07-21T22:54:09
38,Cloudy Moon,Copper's Hard Top,3375.98,59 keys,"3,375.98 ref, $102.97",3,misc,Level 1-100 Helmet,478,2026-07-21T22:54:09
38,Cloudy Moon,Prancer's Pride,3318.76,58 keys,"3,318.76 ref, $101.22",6,misc,Level 1-100 Hat,318,2026-07-21T22:54:09
38,Cloudy Moon,Nanobalaclava,3147.1,55 keys,"3,147.10 ref, $95.99",7,misc,Level 10 Hat,521,2026-07-21T22:54:09
38,Cloudy Moon,Platinum Pickelhaube,2918.22,51 keys,"2,918.22 ref, $89.01",1,misc,Level 1-100 Helmet,30042,2026-07-21T22:54:09
38,Cloudy Moon,Madame Dixie,2861,50 keys,"2,861.00 ref, $87.26",6,misc,Level 1-100 Hat,321,2026-07-21T22:54:09
38,Cloudy Moon,Pyro's Beanie,2746.56,48 keys,"2,746.56 ref, $83.77",8,misc,Level 1-100 Hat,51,2026-07-21T22:54:09
38,Cloudy Moon,Respectless Rubber Glove,2403.24,42 keys,"2,403.24 ref, $73.30",7,misc,Level 1-100 Hat,102,2026-07-21T22:54:09
38,Cloudy Moon,Tungsten Toque,2288.8,40 keys,"2,288.80 ref, $69.81",1,misc,Level 1-100 Hat,30049,2026-07-21T22:54:09
38,Cloudy Moon,Stately Steel Toe,2231.58,35–43 keys,"2,231.58 ref, $68.06",4,misc,Level 1-100 Hat,481,2026-07-21T22:54:09
72,Roboactive,Exquisite Rack,314710,5500 keys,"314,710.00 ref, $9598.66",2,misc,Level 1-100 Cosmetic Item,339,2026-07-21T22:54:09
72,Roboactive,Villain's Veil,183104,3200 keys,"183,104.00 ref, $5584.67",2,misc,Level 1-100 Bandana,393,2026-07-21T22:54:09
72,Roboactive,Blighted Beak,151633,2650 keys,"151,633.00 ref, $4624.81",3,misc,Level 1-100 Mask,315,2026-07-21T22:54:09
72,Roboactive,Soldered Sensei,137328,2400 keys,"137,328.00 ref, $4188.50",2,misc,Level 1-100 Hat,30004,2026-07-21T22:54:09
72,Roboactive,Pyromancer's Mask,131606,2300 keys,"131,606.00 ref, $4013.98",2,misc,Level 1-100 Mask,316,2026-07-21T22:54:09
72,Roboactive,Hong Kong Cone,111579,1950 keys,"111,579.00 ref, $3403.16",2,misc,Level 1-100 Hat,30177,2026-07-21T22:54:09
72,Roboactive,Whirly Warrior,102996,1600–2000 keys,"102,996.00 ref, $3141.38",2,misc,Level 1-100 Helmet,30118,2026-07-21T22:54:09
72,Roboactive,Pencil Pusher,97274,1700 keys,"97,274.00 ref, $2966.86",2,misc,Level 10 Hair,605,2026-07-21T22:54:09
72,Roboactive,Large Luchador,80108,1400 keys,"80,108.00 ref, $2443.29",5,misc,Level 1-100 Mask,380,2026-07-21T22:54:09
72,Roboactive,Killer Exclusive,74386,1300 keys,"74,386.00 ref, $2268.77",2,misc,Level 10 Hat,538,2026-07-21T22:54:09
72,Roboactive,Crone's Dome,71954.15,1215–1300 keys,"71,954.15 ref, $2194.60",1,misc,Level 1-100 Hat,920,2026-07-21T22:54:09
72,Roboactive,Tyrant's Helm,66375.2,1160 keys,"66,375.20 ref, $2024.44",2,misc,Level 1-100 Helmet,99,2026-07-21T22:54:09
72,Roboactive,Bonk Boy,62942,1000–1200 keys,"62,942.00 ref, $1919.73",6,misc,Level 1-100 Mask,451,2026-07-21T22:54:09
72,Roboactive,Virtual Viewfinder,62942,1100 keys,"62,942.00 ref, $1919.73",3,misc,Level 1-100 Headset,30140,2026-07-21T22:54:09
72,Roboactive,Cotton Head,48637,850 keys,"48,637.00 ref, $1483.43",4,misc,Level 1-100 Hat,30175,2026-07-21T22:54:09
72,Roboactive,Antlers,47093.114754098,823.02 keys,"47,093.11 ref, 823.02 keys",2,misc,Level 1-100 Cosmetic Item,993,2026-07-21T22:54:09
72,Roboactive,Brown Bomber,46634.3,815 keys,"46,634.30 ref, $1422.35",9,misc,Level 1-100 Hat,671,2026-07-21T22:54:09
72,Roboactive,Salty Dog,46577.08,814 keys,"46,577.08 ref, $1420.60",4,misc,Level 10 Hat,611,2026-07-21T22:54:09
72,Roboactive,War Pig,46348.2,810 keys,"46,348.20 ref, $1413.62",2,misc,Level 1-100 Headgear,829,2026-07-21T22:54:09
72,Roboactive,Team Captain,44231.06,773 keys,"44,231.06 ref, $1349.05",2,misc,Level 1-100 Hat,378,2026-07-21T22:54:09
72,Roboactive,Hustler's Hallmark,41770.6,730 keys,"41,770.60 ref, $1274.00",1,misc,Level 1-100 Hat,146,2026-07-21T22:54:09
72,Roboactive,Texas Ten Gallon,39481.8,690 keys,"39,481.80 ref, $1204.19",7,misc,Level 1-100 Hat,94,2026-07-21T22:54:09
72,Roboactive,Surgeon's Stahlhelm,37193,650 keys,"37,193.00 ref, $1134.39",1,misc,Level 10 Helmet,616,2026-07-21T22:54:09
72,Roboactive,Backwards Ballcap,35047.25,550–675 keys,"35,047.25 ref, $1068.94",2,misc,Level 10 Hat,617,2026-07-21T22:54:09
72,Roboactive,Brotherhood of Arms,34274.78,599 keys,"34,274.78 ref, $1045.38",1,misc,Level 1-100 Hat,30066,2026-07-21T22:54:09
72,Roboactive,Nunhood,33759.8,590 keys,"33,759.80 ref, $1029.67",1,misc,Level 1-100 Hat,30311,2026-07-21T22:54:09
72,Roboactive,Conjurer's Cowl,33473.7,585 keys,"33,473.70 ref, $1020.95",3,misc,Level 1-100 Hood,465,2026-07-21T22:54:09
72,Roboactive,Lucky Shot,30898.8,540 keys,"30,898.80 ref, $942.41",6,misc,Level 1-100 Helmet,701,2026-07-21T22:54:09
72,Roboactive,Troublemaker's Tossle Cap,30898.8,540 keys,"30,898.80 ref, $942.41",3,misc,Level 1-100 Hat,150,2026-07-21T22:54:09
72,Roboactive,Whoopee Cap,30898.8,540 keys,"30,898.80 ref, $942.41",2,misc,Level 1-100 Hat,174,2026-07-21T22:54:09
72,Roboactive,Boxcar Bomber,30612.7,535 keys,"30,612.70 ref, $933.69",2,misc,Level 1-100 Hat,30546,2026-07-21T22:54:09
72,Roboactive,Galvanized Gibus,30612.7,535 keys,"30,612.70 ref, $933.69",4,misc,Level 1-100 Hat,30003,2026-07-21T22:54:09
72,Roboactive,Tough Stuff Muffs,29468.3,515 keys,"29,468.30 ref, $898.78",4,misc,Level 1-100 Hat,984,2026-07-21T22:54:09
72,Roboactive,Das Übersternmann,28610,500 keys,"28,610.00 ref, $872.61",1,misc,Level 1-100 Hat,30097,2026-07-21T22:54:09
72,Roboactive,Pomade Prince,28610,500 keys,"28,610.00 ref, $872.61",2,misc,Level 1-100 Hair,30428,2026-07-21T22:54:09
72,Roboactive,Sergeant's Drill Hat,28610,500 keys,"28,610.00 ref, $872.61",4,misc,Level 1-100 Hat,183,2026-07-21T22:54:09
72,Roboactive,Vintage Tyrolean,28610,500 keys,"28,610.00 ref, $872.61",5,misc,Level 1-100 Hat,101,2026-07-21T22:54:09
72,Roboactive,Executioner,27808.92,414–558 keys,"27,808.92 ref, $848.17",2,misc,Level 1-100 Hat,921,2026-07-21T22:54:09
72,Roboactive,Law,27751.7,485 keys,"27,751.70 ref, $846.43",2,misc,Level 1-100 Hat,30362,2026-07-21T22:54:09
72,Roboactive,Officer's Ushanka,26035.1,455 keys,"26,035.10 ref, $794.07",1,misc,Level 1-100 Hat,96,2026-07-21T22:54:09
72,Roboactive,Bonk Helm,25749,450 keys,"25,749.00 ref, $785.34",3,misc,Level 1-100 Helmet,106,2026-07-21T22:54:09
72,Roboactive,Grimm Hatte,25749,410–490 keys,"25,749.00 ref, $785.34",5,misc,Level 1-100 Hat,383,2026-07-21T22:54:09
72,Roboactive,Head Warmer,24890.7,400–470 keys,"24,890.70 ref, $759.17",4,misc,Level 1-100 Hat,644,2026-07-21T22:54:09
72,Roboactive,Détective Noir,24604.6,430 keys,"24,604.60 ref, $750.44",3,misc,Level 1-100 Hat,319,2026-07-21T22:54:09
72,Roboactive,Swagman's Swatter,24604.6,430 keys,"24,604.60 ref, $750.44",4,misc,Level 10 Hat,626,2026-07-21T22:54:09
72,Roboactive,Federal Casemaker,23746.3,415 keys,"23,746.30 ref, $724.26",2,misc,Level 1-100 Hat,30119,2026-07-21T22:54:09
72,Roboactive,Brigade Helm,22888,400 keys,"22,888.00 ref, $698.08",2,misc,Level 1-100 Helmet,105,2026-07-21T22:54:09
72,Roboactive,Hat with No Name,22315.8,390 keys,"22,315.80 ref, $680.63",5,misc,Level 10 Hat,631,2026-07-21T22:54:09
72,Roboactive,Shooter's Sola Topi,21743.6,380 keys,"21,743.60 ref, $663.18",1,misc,Level 1-100 Helmet,158,2026-07-21T22:54:09
72,Roboactive,Tyrantium Helmet,21457.5,350–400 keys,"21,457.50 ref, $654.45",6,misc,Level 1-100 Helmet,30014,2026-07-21T22:54:09
72,Roboactive,Company Man,21114.18,340–398 keys,"21,114.18 ref, $643.98",5,misc,Level 10 Hat,523,2026-07-21T22:54:09
72,Roboactive,Scotsman's Stove Pipe,20885.3,365 keys,"20,885.30 ref, $637.00",4,misc,Level 1-100 Hat,120,2026-07-21T22:54:09
72,Roboactive,Reggaelator,20370.32,356 keys,"20,370.32 ref, $621.29",7,misc,Level 1-100 Hat,390,2026-07-21T22:54:09
72,Roboactive,Armored Authority,20027,350 keys,"20,027.00 ref, $610.82",3,misc,Level 1-100 Helmet,445,2026-07-21T22:54:09
72,Roboactive,Big Country,20027,350 keys,"20,027.00 ref, $610.82",2,misc,Level 1-100 Hair,382,2026-07-21T22:54:09
72,Roboactive,Das Gutenkutteharen,19454.8,330–350 keys,"19,454.80 ref, $593.37",1,misc,Level 1-100 Hair,30127,2026-07-21T22:54:09
72,Roboactive,El Jefe,18882.6,330 keys,"18,882.60 ref, $575.92",3,misc,Level 10 Hat,539,2026-07-21T22:54:09
72,Roboactive,Stainless Pot,18739.55,325–330 keys,"18,739.55 ref, $571.56",2,misc,Level 1-100 Hat,98,2026-07-21T22:54:09
72,Roboactive,Big Chief,18539.28,324 keys,"18,539.28 ref, $565.45",1,misc,Level 1-100 Hat,309,2026-07-21T22:54:09
72,Roboactive,Modest Metal Pile of Scrap,17738.2,310 keys,"17,738.20 ref, $541.02",7,misc,Level 1-100 Hat,30001,2026-07-21T22:54:09
72,Roboactive,Ye Olde Baker Boy,17738.2,310 keys,"17,738.20 ref, $541.02",5,misc,Level 1-100 Hat,107,2026-07-21T22:54:09
72,Roboactive,Buccaneer's Bicorne,17166,300 keys,"17,166.00 ref, $523.56",3,misc,Level 10 Hat,607,2026-07-21T22:54:09
72,Roboactive,Dark Falkirk Helm,17166,300 keys,"17,166.00 ref, $523.56",1,misc,Level 1-100 Helmet,30357,2026-07-21T22:54:09
72,Roboactive,Familiar Fez,17166,300 keys,"17,166.00 ref, $523.56",4,misc,Level 1-100 Hat,223,2026-07-21T22:54:09
72,Roboactive,Hound Dog,17166,300 keys,"17,166.00 ref, $523.56",2,misc,Level 1-100 Hair,145,2026-07-21T22:54:09
72,Roboactive,L'homme Burglerre,17166,300 keys,"17,166.00 ref, $523.56",1,misc,Level 1-100 Hat,30182,2026-07-21T22:54:09
72,Roboactive,Modest Pile of Hat,17166,300 keys,"17,166.00 ref, $523.56",5,misc,Level 1-100 Hat,139,2026-07-21T22:54:09
72,Roboactive,Napper's Respite,17166,300 keys,"17,166.00 ref, $523.56",4,misc,Level 1-100 Hat,248,2026-07-21T22:54:09
72,Roboactive,Defiant Spartan,16879.9,260–330 keys,"16,879.90 ref, $514.84",7,misc,Level 1-100 Helmet,340,2026-07-21T22:54:09
72,Roboactive,Gilded Guard,16536.58,289 keys,"16,536.58 ref, $504.37",1,misc,Level 1-100 Helmet,1093,2026-07-21T22:54:09
72,Roboactive,Dr's Dapper Topper,16307.7,275–295 keys,"16,307.70 ref, $497.38",3,misc,Level 1-100 Hat,252,2026-07-21T22:54:09
72,Roboactive,Vintage Merryweather,16307.7,285 keys,"16,307.70 ref, $497.38",3,misc,Level 1-100 Helmet,182,2026-07-21T22:54:09
72,Roboactive,Berliner's Bucket Helm,16021.6,280 keys,"16,021.60 ref, $488.66",2,misc,Level 1-100 Helmet,303,2026-07-21T22:54:09
72,Roboactive,Soldier's Slope Scopers,16021.6,280 keys,"16,021.60 ref, $488.66",4,misc,Level 1-100 Hat,980,2026-07-21T22:54:09
72,Roboactive,Screamin' Eagle,15849.94,277 keys,"15,849.94 ref, $483.42",1,misc,Level 1-100 Hat,30548,2026-07-21T22:54:09
72,Roboactive,Capo's Capper,15449.4,270 keys,"15,449.40 ref, $471.21",5,misc,Level 1-100 Hat,427,2026-07-21T22:54:09
72,Roboactive,Grenadier's Softcap,15449.4,270 keys,"15,449.40 ref, $471.21",1,misc,Level 1-100 Hat,227,2026-07-21T22:54:09
72,Roboactive,Little Buddy,15449.4,270 keys,"15,449.40 ref, $471.21",2,misc,Level 10 Hat,612,2026-07-21T22:54:09
72,Roboactive,Letch's LED,15220.52,266 keys,"15,220.52 ref, $464.23",2,misc,Level 1-100 Hat,30002,2026-07-21T22:54:09
72,Roboactive,Liquidator's Lid,14877.2,260 keys,"14,877.20 ref, $453.75",6,misc,Level 1-100 Hat,779,2026-07-21T22:54:09
72,Roboactive,Barnstormer,14305,250 keys,"14,305.00 ref, $436.30",4,misc,Level 1-100 Hat,988,2026-07-21T22:54:09
72,Roboactive,Honcho's Headgear,14305,250 keys,"14,305.00 ref, $436.30",4,misc,Level 1-100 Hat,391,2026-07-21T22:54:09
72,Roboactive,Master's Yellow Belt,14305,250 keys,"14,305.00 ref, $436.30",4,misc,Level 1-100 Hat,110,2026-07-21T22:54:09
72,Roboactive,Medic's Mountain Cap,14305,250 keys,"14,305.00 ref, $436.30",6,misc,Level 1-100 Hat,381,2026-07-21T22:54:09
72,Roboactive,Neckwear Headwear,14305,250 keys,"14,305.00 ref, $436.30",1,misc,Level 1-100 Hat,30307,2026-07-21T22:54:09
72,Roboactive,Noble Amassment of Hats,14305,250 keys,"14,305.00 ref, $436.30",4,misc,Level 1-100 Hat,137,2026-07-21T22:54:09
72,Roboactive,Tartan Spartan,14305,250 keys,"14,305.00 ref, $436.30",4,misc,Level 1-100 Helmet,30106,2026-07-21T22:54:09
72,Roboactive,Hermes,14018.9,245 keys,"14,018.90 ref, $427.58",4,misc,Level 10 Hat,633,2026-07-21T22:54:09
72,Roboactive,Hot Dogger,14018.9,245 keys,"14,018.90 ref, $427.58",5,misc,Level 10 Hat,614,2026-07-21T22:54:09
72,Roboactive,Ze Goggles,14018.9,245 keys,"14,018.90 ref, $427.58",4,misc,Level 1-100 Glasses,177,2026-07-21T22:54:09
72,Roboactive,Larrikin Robin,13847.24,242 keys,"13,847.24 ref, $422.34",1,misc,Level 1-100 Hat,314,2026-07-21T22:54:09
72,Roboactive,Soviet Gentleman,13160.6,230 keys,"13,160.60 ref, $401.40",5,misc,Level 1-100 Hat,821,2026-07-21T22:54:09
72,Roboactive,Triboniophorus Tyrannus,13160.6,230 keys,"13,160.60 ref, $401.40",4,misc,Level 1-100 Mascot,151,2026-07-21T22:54:09
72,Roboactive,One-Man Army,12874.5,225 keys,"12,874.50 ref, $392.67",5,misc,Level 10 Hair,601,2026-07-21T22:54:09
72,Roboactive,Noble Nickel Amassment of Hats,12702.84,222 keys,"12,702.84 ref, $387.44",5,misc,Level 1-100 Hat,30006,2026-07-21T22:54:09
72,Roboactive,Bone Dome,12588.4,220 keys,"12,588.40 ref, $383.95",3,misc,Level 1-100 Helmet,30162,2026-07-21T22:54:09
72,Roboactive,Bot Dogger,12588.4,220 keys,"12,588.40 ref, $383.95",4,misc,Level 1-100 Hat,30018,2026-07-21T22:54:09
72,Roboactive,Ol' Snaggletooth,12359.52,216 keys,"12,359.52 ref, $376.97",4,misc,Level 1-100 Hat,229,2026-07-21T22:54:09
72,Roboactive,Metal Slug,12302.3,215 keys,"12,302.30 ref, $375.22",7,misc,Level 1-100 Hat,30028,2026-07-21T22:54:09
72,Roboactive,Sole Mate,12302.3,215 keys,"12,302.30 ref, $375.22",1,misc,Level 1-100 Hat,30355,2026-07-21T22:54:09
72,Roboactive,Dragonborn Helmet,12159.25,175–250 keys,"12,159.25 ref, $370.86",3,misc,Level 10 Helmet,517,2026-07-21T22:54:09
72,Roboactive,Big Elfin Deal,12016.2,210 keys,"12,016.20 ref, $366.49",4,misc,Level 1-100 Hat,652,2026-07-21T22:54:09
72,Roboactive,Lord Cockswain's Pith Helmet,12016.2,210 keys,"12,016.20 ref, $366.49",5,misc,Level 1-100 Headgear,439,2026-07-21T22:54:09
72,Roboactive,Tam O' Shanter,12016.2,195–225 keys,"12,016.20 ref, $366.49",4,misc,Level 1-100 Hat,480,2026-07-21T22:54:09
72,Roboactive,Birdcage,11444,200 keys,"11,444.00 ref, $349.04",1,misc,Level 10 Hat,615,2026-07-21T22:54:09
72,Roboactive,Bolted Bicorne,11444,200 keys,"11,444.00 ref, $349.04",6,misc,Level 1-100 Hat,30034,2026-07-21T22:54:09
72,Roboactive,Cold Killer,11444,200 keys,"11,444.00 ref, $349.04",6,misc,Level 1-100 Hat,981,2026-07-21T22:54:09
72,Roboactive,Jumper's Jeepcap,11444,200 keys,"11,444.00 ref, $349.04",4,misc,Level 1-100 Hat,417,2026-07-21T22:54:09
72,Roboactive,Towering Pillar of Hats,11444,200 keys,"11,444.00 ref, $349.04",4,misc,Level 1-100 Hat,135,2026-07-21T22:54:09
72,Roboactive,Professional's Panama,11300.95,190–205 keys,"11,300.95 ref, $344.68",4,misc,Level 1-100 Hat,109,2026-07-21T22:54:09
72,Roboactive,Flamboyant Flamenco,11272.34,174–220 keys,"11,272.34 ref, $343.81",1,misc,Level 10 Hat,627,2026-07-21T22:54:09
72,Roboactive,Furious Fukaamigasa,11043.46,171–215 keys,"11,043.46 ref, $336.83",4,misc,Level 1-100 Hat,395,2026-07-21T22:54:09
72,Roboactive,Firewall Helmet,10900.41,131–250 keys,"10,900.41 ref, $332.46",4,misc,Level 1-100 Helmet,30038,2026-07-21T22:54:09
72,Roboactive,Timeless Topper,10871.8,151–229 keys,"10,871.80 ref, $331.59",3,misc,Level 1-100 Hat,30035,2026-07-21T22:54:09
72,Roboactive,Western Wear,10585.7,185 keys,"10,585.70 ref, $322.86",3,misc,Level 1-100 Hat,379,2026-07-21T22:54:09
72,Roboactive,Wraith Wrap,10585.7,185 keys,"10,585.70 ref, $322.86",5,misc,Level 1-100 Apparel,937,2026-07-21T22:54:09
72,Roboactive,Cosa Nostra Cap,10299.6,180 keys,"10,299.60 ref, $314.14",3,misc,Level 1-100 Hat,459,2026-07-21T22:54:09
72,Roboactive,Halogen Head Lamp,10299.6,175–185 keys,"10,299.60 ref, $314.14",4,misc,Level 1-100 Hat,30041,2026-07-21T22:54:09
72,Roboactive,Hive Minder,10013.5,175 keys,"10,013.50 ref, $305.41",1,misc,Level 1-100 Hat,30093,2026-07-21T22:54:09
72,Roboactive,Samur-Eye,9784.62,171 keys,"9,784.62 ref, $298.43",8,misc,Level 1-100 Helmet,359,2026-07-21T22:54:09
72,Roboactive,Industrial Festivizer,9727.4,170 keys,"9,727.40 ref, $296.69",5,misc,Level 1-100 Hat,338,2026-07-21T22:54:09
72,Roboactive,Smoking Skid Lid,9727.4,170 keys,"9,727.40 ref, $296.69",1,misc,Level 1-100 Hat,30399,2026-07-21T22:54:09
72,Roboactive,Conquistador,9441.3,165 keys,"9,441.30 ref, $287.96",2,misc,Level 1-100 Helmet,721,2026-07-21T22:54:09
72,Roboactive,Ol' Geezer,9441.3,165 keys,"9,441.30 ref, $287.96",3,misc,Level 1-100 Hat,399,2026-07-21T22:54:09
72,Roboactive,Broadband Bonnet,9155.2,160 keys,"9,155.20 ref, $279.23",2,misc,Level 1-100 Hat,30029,2026-07-21T22:54:09
72,Roboactive,Tough Guy's Toque,9155.2,160 keys,"9,155.20 ref, $279.23",6,misc,Level 1-100 Hat,97,2026-07-21T22:54:09
72,Roboactive,Trash Man,9155.2,160 keys,"9,155.20 ref, $279.23",1,misc,Level 1-100 Hat,30346,2026-07-21T22:54:09
72,Roboactive,Steel Shako,8983.54,157 keys,"8,983.54 ref, $274.00",5,misc,Level 1-100 Hat,30017,2026-07-21T22:54:09
72,Roboactive,Professor's Peculiarity,8869.1,155 keys,"8,869.10 ref, $270.51",2,misc,Level 1-100 Hair,384,2026-07-21T22:54:09
72,Roboactive,Pure Tin Capotain,8869.1,155 keys,"8,869.10 ref, $270.51",3,misc,Level 1-100 Hat,30021,2026-07-21T22:54:09
72,Roboactive,Bombing Run,8583,150 keys,"8,583.00 ref, $261.78",1,misc,Level 1-100 Helmet,249,2026-07-21T22:54:09
72,Roboactive,Doctor's Sack,8583,150 keys,"8,583.00 ref, $261.78",2,misc,Level 1-100 Hat,398,2026-07-21T22:54:09
72,Roboactive,Handyman's Handle,8583,150 keys,"8,583.00 ref, $261.78",1,misc,Level 1-100 Hat,253,2026-07-21T22:54:09
72,Roboactive,Safe'n'Sound,8583,150 keys,"8,583.00 ref, $261.78",2,misc,Level 1-100 Hat,178,2026-07-21T22:54:09
72,Roboactive,Tippler's Tricorne,8583,150 keys,"8,583.00 ref, $261.78",4,misc,Level 1-100 Hat,179,2026-07-21T22:54:09
72,Roboactive,Titanium Tyrolean,8583,150 keys,"8,583.00 ref, $261.78",1,misc,Level 1-100 Hat,30045,2026-07-21T22:54:09
72,Roboactive,Crocleather Slouch,8525.78,135–163 keys,"8,525.78 ref, $260.04",5,misc,Level 1-100 Hat,344,2026-07-21T22:54:09
72,Roboactive,FR-0,8439.95,120–175 keys,"8,439.95 ref, $257.42",2,misc,Level 1-100 Hat,30016,2026-07-21T22:54:09
72,Roboactive,Bubble Pipe,8411.34,145–149 keys,"8,411.34 ref, $256.55",2,misc,Level 1-100 Helmet,597,2026-07-21T22:54:09
72,Roboactive,Dead Cone,8296.9,145 keys,"8,296.90 ref, $253.06",5,misc,Level 1-100 Hat,435,2026-07-21T22:54:09
72,Roboactive,Anger,8182.46,143 keys,"8,182.46 ref, $249.57",4,misc,Level 10 Hood,518,2026-07-21T22:54:09
72,Roboactive,Ye Oiled Baker Boy,8182.46,143 keys,"8,182.46 ref, $249.57",2,misc,Level 1-100 Hat,30019,2026-07-21T22:54:09
72,Roboactive,Katyusha,7724.7,135 keys,"7,724.70 ref, $235.60",3,misc,Level 1-100 Hat,30094,2026-07-21T22:54:09
72,Roboactive,Waxy Wayfinder,7553.04,132 keys,"7,553.04 ref, $230.37",2,misc,Level 1-100 Hat,753,2026-07-21T22:54:09
72,Roboactive,Platinum Pickelhaube,7438.6,130 keys,"7,438.60 ref, $226.88",3,misc,Level 1-100 Helmet,30042,2026-07-21T22:54:09
72,Roboactive,Hetman's Headpiece,7152.5,125 keys,"7,152.50 ref, $218.15",2,misc,Level 1-100 Hat,436,2026-07-21T22:54:09
72,Roboactive,Nanobalaclava,7152.5,125 keys,"7,152.50 ref, $218.15",2,misc,Level 10 Hat,521,2026-07-21T22:54:09
72,Roboactive,Stately Steel Toe,7038.06,123 keys,"7,038.06 ref, $214.66",6,misc,Level 1-100 Hat,481,2026-07-21T22:54:09
72,Roboactive,Das Naggenvatcher,6866.4,120 keys,"6,866.40 ref, $209.43",2,misc,Level 1-100 Hat,30109,2026-07-21T22:54:09
72,Roboactive,Plug-In Prospector,6866.4,120 keys,"6,866.40 ref, $209.43",3,misc,Level 1-100 Hat,30031,2026-07-21T22:54:09
72,Roboactive,Sammy Cap,6866.4,120 keys,"6,866.40 ref, $209.43",2,misc,Level 1-100 Hat,30374,2026-07-21T22:54:09
72,Roboactive,Sultan's Ceremonial,6866.4,120 keys,"6,866.40 ref, $209.43",4,misc,Level 1-100 Hat,403,2026-07-21T22:54:09
72,Roboactive,Desert Marauder,6751.96,118 keys,"6,751.96 ref, $205.93",2,misc,Level 1-100 Hat,400,2026-07-21T22:54:09
72,Roboactive,Dread Knot,6580.3,115 keys,"6,580.30 ref, $200.70",3,misc,Level 1-100 Hair,358,2026-07-21T22:54:09
72,Roboactive,Glengarry Bonnet,6580.3,115 keys,"6,580.30 ref, $200.70",2,misc,Level 1-100 Hat,100,2026-07-21T22:54:09
72,Roboactive,Old Guadalajara,6580.3,115 keys,"6,580.30 ref, $200.70",1,misc,Level 1-100 Hat,247,2026-07-21T22:54:09
72,Roboactive,Shooter's Tin Topi,6580.3,115 keys,"6,580.30 ref, $200.70",3,misc,Level 1-100 Hat,30005,2026-07-21T22:54:09
72,Roboactive,Virtual Reality Headset,6408.64,112 keys,"6,408.64 ref, $195.46",8,misc,Level 10 Headset,628,2026-07-21T22:54:09
72,Roboactive,Front Runner,6294.2,110 keys,"6,294.20 ref, $191.97",5,misc,Level 1-100 Hat,760,2026-07-21T22:54:09
72,Roboactive,Hat of Cards,6294.2,110 keys,"6,294.20 ref, $191.97",4,misc,Level 1-100 Hat,825,2026-07-21T22:54:09
72,Roboactive,Strontium Stove Pipe,6294.2,110 keys,"6,294.20 ref, $191.97",2,misc,Level 1-100 Hat,30037,2026-07-21T22:54:09
72,Roboactive,Valley Forge,6294.2,100–120 keys,"6,294.20 ref, $191.97",1,misc,Level 1-100 Hat,30114,2026-07-21T22:54:09
72,Roboactive,Bolted Birdcage,6236.98,109 keys,"6,236.98 ref, $190.23",3,misc,Level 1-100 Hat,30057,2026-07-21T22:54:09
72,Roboactive,Coupe D'isaster,6008.1,105 keys,"6,008.10 ref, $183.25",7,misc,Level 1-100 Hair,330,2026-07-21T22:54:09
72,Roboactive,Cyborg Stunt Helmet,6008.1,105 keys,"6,008.10 ref, $183.25",2,misc,Level 1-100 Helmet,30024,2026-07-21T22:54:09
72,Roboactive,Data Mining Light,6008.1,105 keys,"6,008.10 ref, $183.25",1,misc,Level 1-100 Helmet,30051,2026-07-21T22:54:09
72,Roboactive,Janissary Ketche,6008.1,105 keys,"6,008.10 ref, $183.25",2,misc,Level 1-100 Hat,437,2026-07-21T22:54:09
72,Roboactive,Tsarboosh,5779.22,101 keys,"5,779.22 ref, $176.27",3,misc,Level 1-100 Hat,30081,2026-07-21T22:54:09
72,Roboactive,Brim-Full of Bullets,5722,100 keys,"5,722.00 ref, $174.52",1,misc,Level 1-100 Hat,30173,2026-07-21T22:54:09
72,Roboactive,Buckaroo's Hat,5722,100 keys,"5,722.00 ref, $174.52",5,misc,Level 1-100 Hat,322,2026-07-21T22:54:09
72,Roboactive,Engineer's Cap,5722,100 keys,"5,722.00 ref, $174.52",3,misc,Level 1-100 Hat,95,2026-07-21T22:54:09
72,Roboactive,Hotrod,5722,100 keys,"5,722.00 ref, $174.52",3,misc,Level 1-100 Mask,148,2026-07-21T22:54:09
72,Roboactive,Scotch Bonnet,5722,100 keys,"5,722.00 ref, $174.52",1,misc,Level 1-100 Headgear,306,2026-07-21T22:54:09
72,Roboactive,Stout Shako,5722,100 keys,"5,722.00 ref, $174.52",4,misc,Level 1-100 Hat,251,2026-07-21T22:54:09
72,Roboactive,Virus Doctor,5722,100 keys,"5,722.00 ref, $174.52",1,misc,Level 1-100 Hat,30043,2026-07-21T22:54:09
72,Roboactive,Chieftain's Challenge,5578.95,93–102 keys,"5,578.95 ref, $170.16",2,misc,Level 1-100 Hat,250,2026-07-21T22:54:09
72,Roboactive,Gentleman's Ushanka,5550.34,97 keys,"5,550.34 ref, $169.29",2,misc,Level 1-100 Hat,778,2026-07-21T22:54:09
72,Roboactive,Harmburg,5493.12,96 keys,"5,493.12 ref, $167.54",1,misc,Level 1-100 Hat,30123,2026-07-21T22:54:09
72,Roboactive,Employee of the Mmmph,5435.9,95 keys,"5,435.90 ref, $165.79",1,misc,Level 1-100 Hat,30416,2026-07-21T22:54:09
72,Roboactive,Caribbean Conqueror,5378.68,88–100 keys,"5,378.68 ref, $164.05",0,misc,Level 1-100 Hat,30116,2026-07-21T22:54:09
72,Roboactive,Flipped Trilby,5149.8,90 keys,"5,149.80 ref, $157.07",3,misc,Level 1-100 Hat,324,2026-07-21T22:54:09
72,Roboactive,Milkman,5149.8,90 keys,"5,149.80 ref, $157.07",2,misc,Level 1-100 Hat,219,2026-07-21T22:54:09
72,Roboactive,Pyro's Boron Beanie,4978.14,87 keys,"4,978.14 ref, $151.83",3,misc,Level 1-100 Hat,30040,2026-07-21T22:54:09
72,Roboactive,Bear Necessities,4863.7,85 keys,"4,863.70 ref, $148.34",1,misc,Level 1-100 Spirit Animal,30122,2026-07-21T22:54:09
72,Roboactive,Heavy Duty Rag,4863.7,85 keys,"4,863.70 ref, $148.34",1,misc,Level 1-100 Bandana,185,2026-07-21T22:54:09
72,Roboactive,Attendant,4720.65,65–100 keys,"4,720.65 ref, $143.98",3,misc,Level 1-100 Hat,213,2026-07-21T22:54:09
72,Roboactive,Voodoo JuJu (Slight Return),4692.04,82 keys,"4,692.04 ref, $143.11",4,misc,Level 1-100 Hat,935,2026-07-21T22:54:09
72,Roboactive,Base Metal Billycock,4634.82,81 keys,"4,634.82 ref, $141.36",4,misc,Level 1-100 Hat,30007,2026-07-21T22:54:09
72,Roboactive,Burning Bandana,4577.6,80 keys,"4,577.60 ref, $139.62",1,misc,Level 1-100 Bandana,30091,2026-07-21T22:54:09
72,Roboactive,Private Eye,4577.6,80 keys,"4,577.60 ref, $139.62",8,misc,Level 1-100 Hat,388,2026-07-21T22:54:09
72,Roboactive,Towering Titanium Pillar of Hats,4520.38,79 keys,"4,520.38 ref, $137.87",4,misc,Level 1-100 Hat,30008,2026-07-21T22:54:09
72,Roboactive,Electric Escorter,4348.72,76 keys,"4,348.72 ref, $132.64",5,misc,Level 1-100 Hat,30025,2026-07-21T22:54:09
72,Roboactive,Pampered Pyro,4291.5,75 keys,"4,291.50 ref, $130.89",2,misc,Level 1-100 Towel,30139,2026-07-21T22:54:09
72,Roboactive,Bloke's Bucket Hat,4204.5901639344,73.48 keys,"4,204.59 ref, 73.48 keys",2,misc,Level 1-100 Hat,181,2026-07-21T22:54:09
72,Roboactive,Bunsen Brave,4005.4,70 keys,"4,005.40 ref, $122.16",5,misc,Level 1-100 Hat,30054,2026-07-21T22:54:09
72,Roboactive,Otolaryngologist's Mirror,4005.4,70 keys,"4,005.40 ref, $122.16",4,misc,Level 1-100 Hat,104,2026-07-21T22:54:09
72,Roboactive,Teutonic Toque,3948.18,69 keys,"3,948.18 ref, $120.42",1,misc,Level 1-100 Hat,30351,2026-07-21T22:54:09
72,Roboactive,Full Metal Drill Hat,3890.96,68 keys,"3,890.96 ref, $118.67",3,misc,Level 1-100 Hat,30026,2026-07-21T22:54:09
72,Roboactive,Magistrate's Mullet,3890.96,65–71 keys,"3,890.96 ref, $118.67",1,misc,Level 1-100 Hair,147,2026-07-21T22:54:09
72,Roboactive,Cadaver's Cranium,3776.52,66 keys,"3,776.52 ref, $115.18",1,misc,Level 31 Hat,290,2026-07-21T22:54:09
72,Roboactive,Geisha Boy,3404.59,51–68 keys,"3,404.59 ref, $103.84",2,misc,Level 1-100 Hair,363,2026-07-21T22:54:09
72,Roboactive,Hard Counter,3375.98,59 keys,"3,375.98 ref, $102.97",0,misc,Level 1-100 Hat,254,2026-07-21T22:54:09
72,Roboactive,Fruit Shoot,3290.15,50–65 keys,"3,290.15 ref, $100.35",5,misc,Level 1-100 Hat,759,2026-07-21T22:54:09
72,Roboactive,Respectless Rubber Glove,3204.32,56 keys,"3,204.32 ref, $97.73",5,misc,Level 1-100 Hat,102,2026-07-21T22:54:09
72,Roboactive,Brain Bucket,3175.71,52–59 keys,"3,175.71 ref, $96.86",3,misc,Level 1-100 Hat,434,2026-07-21T22:54:09
72,Roboactive,Pom-Pommed Provocateur,3147.1,55 keys,"3,147.10 ref, $95.99",2,misc,Level 1-100 Mask,30072,2026-07-21T22:54:09
72,Roboactive,Gym Rat,2918.22,51 keys,"2,918.22 ref, $89.01",4,misc,Level 10 Hair,613,2026-07-21T22:54:09
72,Roboactive,Madame Dixie,2918.22,51 keys,"2,918.22 ref, $89.01",3,misc,Level 1-100 Hat,321,2026-07-21T22:54:09
72,Roboactive,Rimmed Raincatcher,2918.22,48–54 keys,"2,918.22 ref, $89.01",3,misc,Level 1-100 Hat,216,2026-07-21T22:54:09
72,Roboactive,Connoisseur's Cap,2861,50 keys,"2,861.00 ref, $87.26",2,misc,Level 1-100 Hat,394,2026-07-21T22:54:09
72,Roboactive,Pugilist's Protector,2832.39,46–53 keys,"2,832.39 ref, $86.39",3,misc,Level 1-100 Headgear,246,2026-07-21T22:54:09
72,Roboactive,Bonk Leadwear,2803.78,49 keys,"2,803.78 ref, $85.52",6,misc,Level 1-100 Helmet,30030,2026-07-21T22:54:09
72,Roboactive,Respectless Robo-Glove,2803.78,49 keys,"2,803.78 ref, $85.52",3,misc,Level 1-100 Hat,30039,2026-07-21T22:54:09
72,Roboactive,Carouser's Capotain,2746.56,48 keys,"2,746.56 ref, $83.77",5,misc,Level 1-100 Hat,259,2026-07-21T22:54:09
72,Roboactive,Gentleman's Gatsby,2689.34,39–55 keys,"2,689.34 ref, $82.02",3,misc,Level 1-100 Hat,184,2026-07-21T22:54:09
72,Roboactive,Outdoorsman,2574.9,45 keys,"2,574.90 ref, $78.53",2,misc,Level 10 Hat,603,2026-07-21T22:54:09
72,Roboactive,Counterfeit Billycock,2517.68,37–51 keys,"2,517.68 ref, $76.79",3,misc,Level 10 Hat,602,2026-07-21T22:54:09
72,Roboactive,Texas Tin-Gallon,2517.68,44 keys,"2,517.68 ref, $76.79",3,misc,Level 1-100 Hat,30044,2026-07-21T22:54:09
72,Roboactive,Tungsten Toque,2517.68,40–48 keys,"2,517.68 ref, $76.79",6,misc,Level 1-100 Hat,30049,2026-07-21T22:54:09
72,Roboactive,Scout Shako,2231.58,39 keys,"2,231.58 ref, $68.06",1,misc,Level 1-100 Hat,30326,2026-07-21T22:54:09
72,Roboactive,Trencher's Topper,2231.58,39 keys,"2,231.58 ref, $68.06",2,misc,Level 1-100 Helmet,30336,2026-07-21T22:54:09
72,Roboactive,Helmet without a Home,2117.14,37 keys,"2,117.14 ref, $64.57",3,misc,Level 1-100 Helmet,732,2026-07-21T22:54:09
72,Roboactive,Bootleg Base Metal Billycock,2002.7,35 keys,"2,002.70 ref, $61.08",3,misc,Level 1-100 Hat,30047,2026-07-21T22:54:09
72,Roboactive,Copper's Hard Top,2002.7,27–43 keys,"2,002.70 ref, $61.08",4,misc,Level 1-100 Helmet,478,2026-07-21T22:54:09
72,Roboactive,Magnificent Mongolian,2002.7,35 keys,"2,002.70 ref, $61.08",4,misc,Level 1-100 Hat,313,2026-07-21T22:54:09
72,Roboactive,Plumber's Pipe,2002.7,35 keys,"2,002.70 ref, $61.08",6,misc,Level 1-100 Hat,30022,2026-07-21T22:54:09
72,Roboactive,Gridiron Guardian,1430.5,25 keys,"1,430.50 ref, $43.63",5,misc,Level 1-100 Helmet,30013,2026-07-21T22:54:09
14,Scorching Flames,Skullcap,310132.4,5420 keys,"310,132.40 ref, $9459.04",1,misc,Level 1-100 Hat,30578,2026-07-21T22:54:09
14,Scorching Flames,Potassium Bonnet,281522.4,4920 keys,"281,522.40 ref, $8586.43",3,misc,Level 1-100 Hat,30643,2026-07-21T22:54:09
14,Scorching Flames,Bedouin Bandana,143050,2500 keys,"143,050.00 ref, $4363.02",1,misc,Level 1-100 Hood,30768,2026-07-21T22:54:09
14,Scorching Flames,Lucky Cat Hat,133036.5,2000–2650 keys,"133,036.50 ref, $4057.61",2,misc,Level 1-100 Hat,30998,2026-07-21T22:54:09
14,Scorching Flames,Exquisite Rack,131606,2300 keys,"131,606.00 ref, $4013.98",31,misc,Level 1-100 Cosmetic Item,339,2026-07-21T22:54:09
14,Scorching Flames,Team Captain,130175.5,2200–2350 keys,"130,175.50 ref, $3970.35",19,misc,Level 1-100 Hat,378,2026-07-21T22:54:09
14,Scorching Flames,HazMat Headcase,128745,2250 keys,"128,745.00 ref, $3926.72",3,misc,Level 1-100 Mask,783,2026-07-21T22:54:09
14,Scorching Flames,Noh Mercy,128745,2250 keys,"128,745.00 ref, $3926.72",7,misc,Level 1-100 Mask,361,2026-07-21T22:54:09
14,Scorching Flames,Villain's Veil,119446.75,1975–2200 keys,"119,446.75 ref, $3643.13",12,misc,Level 1-100 Bandana,393,2026-07-21T22:54:09
14,Scorching Flames,Bonk Boy,114440,2000 keys,"114,440.00 ref, $3490.42",11,misc,Level 1-100 Mask,451,2026-07-21T22:54:09
14,Scorching Flames,Crown of the Old Kingdom,114440,2000 keys,"114,440.00 ref, $3490.42",7,misc,Level 1-100 Hat,30567,2026-07-21T22:54:09
14,Scorching Flames,Snowmann,108718,1900 keys,"108,718.00 ref, $3315.90",1,misc,Level 1-100 Hat,30829,2026-07-21T22:54:09
14,Scorching Flames,Soldier's Stash,102996,1550–2050 keys,"102,996.00 ref, $3141.38",23,misc,Level 1-100 Cosmetic Item,54,2026-07-21T22:54:09
14,Scorching Flames,Blighted Beak,97274,1700 keys,"97,274.00 ref, $2966.86",35,misc,Level 1-100 Mask,315,2026-07-21T22:54:09
14,Scorching Flames,Onimann,97274,1700 keys,"97,274.00 ref, $2966.86",1,misc,Level 1-100 Hat,31295,2026-07-21T22:54:09
14,Scorching Flames,Legendary Lid,85830,1500 keys,"85,830.00 ref, $2617.82",3,misc,Level 1-100 Hat,30868,2026-07-21T22:54:09
14,Scorching Flames,Head Prize,78677.5,1375 keys,"78,677.50 ref, $2399.66",9,misc,Level 1-100 Hat,30838,2026-07-21T22:54:09
14,Scorching Flames,Das Hazmattenhatten,77247,1350 keys,"77,247.00 ref, $2356.03",4,misc,Level 1-100 Safety Apparatus,30095,2026-07-21T22:54:09
14,Scorching Flames,Decorated Veteran,77247,1350 keys,"77,247.00 ref, $2356.03",3,misc,Level 1-100 Hat,31261,2026-07-21T22:54:09
14,Scorching Flames,Large Luchador,77247,1350 keys,"77,247.00 ref, $2356.03",9,misc,Level 1-100 Mask,380,2026-07-21T22:54:09
14,Scorching Flames,Virtual Viewfinder,75272.91,1004–1627 keys,"75,272.91 ref, $2295.82",4,misc,Level 1-100 Headset,30140,2026-07-21T22:54:09
14,Scorching Flames,Master's Yellow Belt,72955.5,1275 keys,"72,955.50 ref, $2225.14",22,misc,Level 1-100 Hat,110,2026-07-21T22:54:09
14,Scorching Flames,Anger,72669.4,1270 keys,"72,669.40 ref, $2216.42",13,misc,Level 10 Hood,518,2026-07-21T22:54:09
14,Scorching Flames,Pyromancer's Mask,71525,1150–1350 keys,"71,525.00 ref, $2181.51",46,misc,Level 1-100 Mask,316,2026-07-21T22:54:09
14,Scorching Flames,Boarder's Beanie,68664,1200 keys,"68,664.00 ref, $2094.25",1,misc,Level 1-100 Hat,31415,2026-07-21T22:54:09
14,Scorching Flames,Pencil Pusher,60081,1050 keys,"60,081.00 ref, $1832.47",6,misc,Level 10 Hair,605,2026-07-21T22:54:09
14,Scorching Flames,Trapper's Flap,57220,1000 keys,"57,220.00 ref, $1745.21",1,misc,Level 1-100 Hat,31323,2026-07-21T22:54:09
14,Scorching Flames,Ballooniphones,56647.8,990 keys,"56,647.80 ref, $1727.76",1,misc,Level 1-100 Headphones,31183,2026-07-21T22:54:09
14,Scorching Flames,Lil' Bitey,52928.5,840–1010 keys,"52,928.50 ref, $1614.32",0,misc,Level 1-100 Hat,30814,2026-07-21T22:54:09
14,Scorching Flames,Baseball Bill's Sports Shine,51498,900 keys,"51,498.00 ref, $1570.69",3,misc,Level 1-100 Cosmetic Item,111,2026-07-21T22:54:09
14,Scorching Flames,Le Party Phantom,49209.2,860 keys,"49,209.20 ref, $1500.88",34,misc,Level 1-100 Mask,337,2026-07-21T22:54:09
14,Scorching Flames,Cranial Cowl,48637,850 keys,"48,637.00 ref, $1483.43",1,misc,Level 1-100 Hat,31312,2026-07-21T22:54:09
14,Scorching Flames,Soldered Sensei,48637,850 keys,"48,637.00 ref, $1483.43",5,misc,Level 1-100 Hat,30004,2026-07-21T22:54:09
14,Scorching Flames,Crone's Dome,44631.6,710–850 keys,"44,631.60 ref, $1361.26",98,misc,Level 1-100 Hat,920,2026-07-21T22:54:09
14,Scorching Flames,Patriot Peak,44345.5,775 keys,"44,345.50 ref, $1352.54",44,misc,Level 1-100 Hat,30743,2026-07-21T22:54:09
14,Scorching Flames,Mining Light,44059.4,690–850 keys,"44,059.40 ref, $1343.81",25,misc,Level 1-100 Cosmetic Item,48,2026-07-21T22:54:09
14,Scorching Flames,Gauzed Gaze,41141.18,719 keys,"41,141.18 ref, $1254.81",26,misc,Level 1-100 Hat,30786,2026-07-21T22:54:09
14,Scorching Flames,Duck Billed Hatypus,40054,700 keys,"40,054.00 ref, $1221.65",2,misc,Level 1-100 Hat,30700,2026-07-21T22:54:09
14,Scorching Flames,Ritzy Rick's Hair Fixative,40054,700 keys,"40,054.00 ref, $1221.65",3,misc,Level 1-100 Cosmetic Item,117,2026-07-21T22:54:09
14,Scorching Flames,War Pig,40054,700 keys,"40,054.00 ref, $1221.65",20,misc,Level 1-100 Headgear,829,2026-07-21T22:54:09
14,Scorching Flames,Brainiac Hairpiece,36248.87,600–667 keys,"36,248.87 ref, $1105.59",2,misc,Level 1-100 Facial Hair,590,2026-07-21T22:54:09
14,Scorching Flames,Killer Exclusive,36048.6,610–650 keys,"36,048.60 ref, $1099.48",57,misc,Level 10 Hat,538,2026-07-21T22:54:09
14,Scorching Flames,Whirly Warrior,33187.6,580 keys,"33,187.60 ref, $1012.22",30,misc,Level 1-100 Helmet,30118,2026-07-21T22:54:09
14,Scorching Flames,Mean Captain,30898.8,480–600 keys,"30,898.80 ref, $942.41",22,misc,Level 1-100 Hat,31385,2026-07-21T22:54:09
14,Scorching Flames,Conjurer's Cowl,30326.6,530 keys,"30,326.60 ref, $924.96",22,misc,Level 1-100 Hood,465,2026-07-21T22:54:09
14,Scorching Flames,Mask of the Shaman,30253.278688525,474.77–582.67 keys,"30,253.28 ref, 528.72 keys",1,misc,Level 10 Mask,514,2026-07-21T22:54:09
14,Scorching Flames,Killer's Kabuto,29754.4,510–530 keys,"29,754.40 ref, $907.51",28,misc,Level 1-100 Helmet,152,2026-07-21T22:54:09
14,Scorching Flames,Scruffed 'n Stitched,28896.1,505 keys,"28,896.10 ref, $881.33",1,misc,Level 1-100 Hat,31429,2026-07-21T22:54:09
14,Scorching Flames,Hong Kong Cone,27665.87,467–500 keys,"27,665.87 ref, $843.81",104,misc,Level 1-100 Hat,30177,2026-07-21T22:54:09
14,Scorching Flames,Shadow Shroud,27179.5,475 keys,"27,179.50 ref, $828.97",5,misc,Level 1-100 Shroud,31473,2026-07-21T22:54:09
14,Scorching Flames,Propaniac,26893.4,470 keys,"26,893.40 ref, $820.25",2,misc,Level 1-100 Hat,31296,2026-07-21T22:54:09
14,Scorching Flames,Lucky Shot,26607.3,465 keys,"26,607.30 ref, $811.52",20,misc,Level 1-100 Helmet,701,2026-07-21T22:54:09
14,Scorching Flames,Tyrant's Helm,26321.2,460 keys,"26,321.20 ref, $802.80",40,misc,Level 1-100 Helmet,99,2026-07-21T22:54:09
14,Scorching Flames,Bread Heads,25977.88,454 keys,"25,977.88 ref, $792.33",6,misc,Level 1-100 Hat,31020,2026-07-21T22:54:09
14,Scorching Flames,Bare Necessities,25749,450 keys,"25,749.00 ref, $785.34",6,misc,Level 1-100 Hat,31054,2026-07-21T22:54:09
14,Scorching Flames,Das Übersternmann,25749,450 keys,"25,749.00 ref, $785.34",10,misc,Level 1-100 Hat,30097,2026-07-21T22:54:09
14,Scorching Flames,Jungle Wreath,25749,450 keys,"25,749.00 ref, $785.34",3,misc,Level 1-100 Hat,30882,2026-07-21T22:54:09
14,Scorching Flames,Officer's Ushanka,25749,450 keys,"25,749.00 ref, $785.34",18,misc,Level 1-100 Hat,96,2026-07-21T22:54:09
14,Scorching Flames,Candy Crown,24375.72,426 keys,"24,375.72 ref, $743.46",2,misc,Level 1-100 Hat,31092,2026-07-21T22:54:09
14,Scorching Flames,Hellish Overlord,24032.4,420 keys,"24,032.40 ref, $732.99",1,misc,Level 1-100 Helmet,31481,2026-07-21T22:54:09
14,Scorching Flames,Brotherhood of Arms,23917.96,410–426 keys,"23,917.96 ref, $729.50",90,misc,Level 1-100 Hat,30066,2026-07-21T22:54:09
14,Scorching Flames,Starboard Crusader,23460.2,410 keys,"23,460.20 ref, $715.54",6,misc,Level 1-100 Hat,30981,2026-07-21T22:54:09
14,Scorching Flames,Plumber's Cap,23002.44,402 keys,"23,002.44 ref, $701.57",12,misc,Level 1-100 Hat,30846,2026-07-21T22:54:09
14,Scorching Flames,Trophy Belt,22888,350–450 keys,"22,888.00 ref, $698.08",20,misc,Level 1-100 Hat,53,2026-07-21T22:54:09
14,Scorching Flames,Power Spike,21743.6,380 keys,"21,743.60 ref, $663.18",3,misc,Level 1-100 Hair,31401,2026-07-21T22:54:09
14,Scorching Flames,Fortunate Son,20885.3,320–410 keys,"20,885.30 ref, $637.00",24,misc,Level 1-100 Helmet,30636,2026-07-21T22:54:09
14,Scorching Flames,Herald's Helm,20885.3,354–376 keys,"20,885.30 ref, $637.00",13,misc,Level 1-100 Helmet,30769,2026-07-21T22:54:09
14,Scorching Flames,Troublemaker's Tossle Cap,20885.3,350–380 keys,"20,885.30 ref, $637.00",32,misc,Level 1-100 Hat,150,2026-07-21T22:54:09
14,Scorching Flames,El Jefe,20313.1,355 keys,"20,313.10 ref, $619.55",14,misc,Level 10 Hat,539,2026-07-21T22:54:09
14,Scorching Flames,Reggaelator,20313.1,345–365 keys,"20,313.10 ref, $619.55",15,misc,Level 1-100 Hat,390,2026-07-21T22:54:09
14,Scorching Flames,Tartan Tyrolean,20084.22,351 keys,"20,084.22 ref, $612.57",6,misc,Level 1-100 Hat,30334,2026-07-21T22:54:09
14,Scorching Flames,Das Maddendoktor,20027,350 keys,"20,027.00 ref, $610.82",19,misc,Level 1-100 Hair,30121,2026-07-21T22:54:09
14,Scorching Flames,Eliminator's Safeguard,20027,350 keys,"20,027.00 ref, $610.82",10,misc,Level 1-100 Helmet,30369,2026-07-21T22:54:09
14,Scorching Flames,Flamboyant Flamenco,20027,350 keys,"20,027.00 ref, $610.82",13,misc,Level 10 Hat,627,2026-07-21T22:54:09
14,Scorching Flames,Hat Chocolate,20027,350 keys,"20,027.00 ref, $610.82",1,misc,Level 1-100 Hat,31259,2026-07-21T22:54:09
14,Scorching Flames,Hellmet,20027,350 keys,"20,027.00 ref, $610.82",4,misc,Level 1-100 Helmet,30708,2026-07-21T22:54:09
14,Scorching Flames,Hunter in Darkness,20027,350 keys,"20,027.00 ref, $610.82",8,misc,Level 1-100 Hat,30877,2026-07-21T22:54:09
14,Scorching Flames,Seared Sorcerer,20027,350 keys,"20,027.00 ref, $610.82",10,misc,Level 1-100 Hat,31143,2026-07-21T22:54:09
14,Scorching Flames,Spook Specs,20027,350 keys,"20,027.00 ref, $610.82",17,misc,Level 1-100 Hat,30390,2026-07-21T22:54:09
14,Scorching Flames,Towering Patch of Pumpkins,20027,350 keys,"20,027.00 ref, $610.82",1,misc,Level 1-100 Hat,31210,2026-07-21T22:54:09
14,Scorching Flames,Rotation Sensation,19740.9,345 keys,"19,740.90 ref, $602.10",37,misc,Level 1-100 Hat,30623,2026-07-21T22:54:09
14,Scorching Flames,Fancy Fedora,19454.8,340 keys,"19,454.80 ref, $593.37",21,misc,Level 1-100 Hat,55,2026-07-21T22:54:09
14,Scorching Flames,All Hallows' Hatte,19397.58,339 keys,"19,397.58 ref, $591.63",3,misc,Level 1-100 Hat,31152,2026-07-21T22:54:09
14,Scorching Flames,Glasgow Great Helm,18596.5,325 keys,"18,596.50 ref, $567.19",13,misc,Level 1-100 Helmet,30082,2026-07-21T22:54:09
14,Scorching Flames,Samur-Eye,18596.5,300–350 keys,"18,596.50 ref, $567.19",17,misc,Level 1-100 Helmet,359,2026-07-21T22:54:09
14,Scorching Flames,Swagman's Swatter,18596.5,325 keys,"18,596.50 ref, $567.19",13,misc,Level 10 Hat,626,2026-07-21T22:54:09
14,Scorching Flames,Prince Tavish's Crown,18567.89,316–333 keys,"18,567.89 ref, $566.32",43,misc,Level 1-100 Hat,342,2026-07-21T22:54:09
14,Scorching Flames,Bomber's Bucket Hat,18310.4,320 keys,"18,310.40 ref, $558.47",14,misc,Level 1-100 Hat,30547,2026-07-21T22:54:09
14,Scorching Flames,Company Man,18310.4,320 keys,"18,310.40 ref, $558.47",11,misc,Level 10 Hat,523,2026-07-21T22:54:09
14,Scorching Flames,Misfortune Fedora,18310.4,320 keys,"18,310.40 ref, $558.47",1,misc,Level 1-100 Hat,31136,2026-07-21T22:54:09
14,Scorching Flames,Das Gutenkutteharen,17738.2,310 keys,"17,738.20 ref, $541.02",13,misc,Level 1-100 Hair,30127,2026-07-21T22:54:09
14,Scorching Flames,Your Worst Nightmare,17738.2,310 keys,"17,738.20 ref, $541.02",17,misc,Level 10 Hair,600,2026-07-21T22:54:09
14,Scorching Flames,Backwards Ballcap,17166,300 keys,"17,166.00 ref, $523.56",23,misc,Level 10 Hat,617,2026-07-21T22:54:09
14,Scorching Flames,Cosa Nostra Cap,17166,300 keys,"17,166.00 ref, $523.56",19,misc,Level 1-100 Hat,459,2026-07-21T22:54:09
14,Scorching Flames,Dapper Dickens,17166,300 keys,"17,166.00 ref, $523.56",4,misc,Level 1-100 Hat,31417,2026-07-21T22:54:09
14,Scorching Flames,Demoman's Fro,17166,300 keys,"17,166.00 ref, $523.56",25,misc,Level 1-100 Hair,47,2026-07-21T22:54:09
14,Scorching Flames,Frag Proof Fragger,17166,300 keys,"17,166.00 ref, $523.56",15,misc,Level 1-100 Helmet,30979,2026-07-21T22:54:09
14,Scorching Flames,Old Man Frost,17166,300 keys,"17,166.00 ref, $523.56",1,misc,Level 1-100 Hat,30589,2026-07-21T22:54:09
14,Scorching Flames,Smissmas Saxton,17166,300 keys,"17,166.00 ref, $523.56",4,misc,Level 1-100 Hat,31089,2026-07-21T22:54:09
14,Scorching Flames,Texas Ten Gallon,17166,300 keys,"17,166.00 ref, $523.56",46,misc,Level 1-100 Hat,94,2026-07-21T22:54:09
14,Scorching Flames,Dr's Dapper Topper,16879.9,295 keys,"16,879.90 ref, $514.84",24,misc,Level 1-100 Hat,252,2026-07-21T22:54:09
14,Scorching Flames,Sergeant's Drill Hat,16879.9,290–300 keys,"16,879.90 ref, $514.84",36,misc,Level 1-100 Hat,183,2026-07-21T22:54:09
14,Scorching Flames,Brigade Helm,16593.8,290 keys,"16,593.80 ref, $506.11",36,misc,Level 1-100 Helmet,105,2026-07-21T22:54:09
14,Scorching Flames,Jolly Jester,16593.8,290 keys,"16,593.80 ref, $506.11",2,misc,Level 1-100 Hat,31243,2026-07-21T22:54:09
14,Scorching Flames,Brothers in Blues,16307.7,285 keys,"16,307.70 ref, $497.38",11,misc,Level 1-100 Hat,31356,2026-07-21T22:54:09
14,Scorching Flames,Law,16307.7,240–330 keys,"16,307.70 ref, $497.38",56,misc,Level 1-100 Hat,30362,2026-07-21T22:54:09
14,Scorching Flames,Hat with No Name,16164.65,275–290 keys,"16,164.65 ref, $493.02",40,misc,Level 10 Hat,631,2026-07-21T22:54:09
14,Scorching Flames,Infernal Impaler,16021.6,280 keys,"16,021.60 ref, $488.66",7,misc,Level 13 Headgear,575,2026-07-21T22:54:09
14,Scorching Flames,Tyrantium Helmet,15849.94,277 keys,"15,849.94 ref, $483.42",14,misc,Level 1-100 Helmet,30014,2026-07-21T22:54:09
14,Scorching Flames,Black Watch,15735.5,275 keys,"15,735.50 ref, $479.93",7,misc,Level 1-100 Hat,30105,2026-07-21T22:54:09
14,Scorching Flames,Frontier Djustice,15735.5,275 keys,"15,735.50 ref, $479.93",12,misc,Level 1-100 Hat,30421,2026-07-21T22:54:09
14,Scorching Flames,Prehistoric Pullover,15735.5,275 keys,"15,735.50 ref, $479.93",8,misc,Level 1-100 Hood,30704,2026-07-21T22:54:09
14,Scorching Flames,Vintage Tyrolean,15735.5,275 keys,"15,735.50 ref, $479.93",35,misc,Level 1-100 Hat,101,2026-07-21T22:54:09
14,Scorching Flames,Cranial Carcharodon,15449.4,270 keys,"15,449.40 ref, $471.21",7,misc,Level 1-100 Hat,30800,2026-07-21T22:54:09
14,Scorching Flames,Stainless Pot,15449.4,260–280 keys,"15,449.40 ref, $471.21",33,misc,Level 1-100 Hat,98,2026-07-21T22:54:09
14,Scorching Flames,Wraith Wrap,15449.4,270 keys,"15,449.40 ref, $471.21",13,misc,Level 1-100 Apparel,937,2026-07-21T22:54:09
14,Scorching Flames,Starlight Sorcerer,15163.3,260–270 keys,"15,163.30 ref, $462.48",9,misc,Level 1-100 Hat,31294,2026-07-21T22:54:09
14,Scorching Flames,Scot Bonnet,14877.2,260 keys,"14,877.20 ref, $453.75",2,misc,Level 1-100 Hat,30604,2026-07-21T22:54:09
14,Scorching Flames,Salty Dog,14591.1,250–260 keys,"14,591.10 ref, $445.03",48,misc,Level 10 Hat,611,2026-07-21T22:54:09
14,Scorching Flames,White Russian,14419.44,252 keys,"14,419.44 ref, $439.79",3,misc,Level 1-100 Hair,30644,2026-07-21T22:54:09
14,Scorching Flames,Chieftain's Challenge,14305,250 keys,"14,305.00 ref, $436.30",32,misc,Level 1-100 Hat,250,2026-07-21T22:54:09
14,Scorching Flames,Colonel Kringle,14305,250 keys,"14,305.00 ref, $436.30",3,misc,Level 1-100 Hat,31325,2026-07-21T22:54:09
14,Scorching Flames,Furious Fukaamigasa,14305,230–270 keys,"14,305.00 ref, $436.30",14,misc,Level 1-100 Hat,395,2026-07-21T22:54:09
14,Scorching Flames,Pomade Prince,14305,250 keys,"14,305.00 ref, $436.30",13,misc,Level 1-100 Hair,30428,2026-07-21T22:54:09
14,Scorching Flames,Pestering Jester,14247.78,249 keys,"14,247.78 ref, $434.56",1,misc,Level 1-100 Hat,30811,2026-07-21T22:54:09
14,Scorching Flames,Winter Wrap Up,14247.78,249 keys,"14,247.78 ref, $434.56",10,misc,Level 1-100 Hat,31094,2026-07-21T22:54:09
14,Scorching Flames,Well-Rounded Rifleman,13904.46,217–269 keys,"13,904.46 ref, $424.09",54,misc,Level 1-100 Hat,30067,2026-07-21T22:54:09
14,Scorching Flames,Head Warmer,13790.02,241 keys,"13,790.02 ref, $420.60",15,misc,Level 1-100 Hat,644,2026-07-21T22:54:09
14,Scorching Flames,Cold Killer,13732.8,240 keys,"13,732.80 ref, $418.85",19,misc,Level 1-100 Hat,981,2026-07-21T22:54:09
14,Scorching Flames,Rebel Rouser,13732.8,240 keys,"13,732.80 ref, $418.85",13,misc,Level 1-100 Hat,30120,2026-07-21T22:54:09
14,Scorching Flames,Ye Olde Baker Boy,13732.8,240 keys,"13,732.80 ref, $418.85",37,misc,Level 1-100 Hat,107,2026-07-21T22:54:09
14,Scorching Flames,Siberian Facehugger,13561.14,237 keys,"13,561.14 ref, $413.61",8,misc,Level 1-100 Hat,30588,2026-07-21T22:54:09
14,Scorching Flames,Nunhood,13418.09,200–269 keys,"13,418.09 ref, $409.25",15,misc,Level 1-100 Hat,30311,2026-07-21T22:54:09
14,Scorching Flames,Honcho's Headgear,13303.65,210–255 keys,"13,303.65 ref, $405.76",19,misc,Level 1-100 Hat,391,2026-07-21T22:54:09
14,Scorching Flames,Hat Outta Hell,13160.6,230 keys,"13,160.60 ref, $401.40",26,misc,Level 1-100 Hat,31216,2026-07-21T22:54:09
14,Scorching Flames,Tough Stuff Muffs,12988.94,227 keys,"12,988.94 ref, $396.16",36,misc,Level 1-100 Hat,984,2026-07-21T22:54:09
14,Scorching Flames,Vive la France,12874.5,225 keys,"12,874.50 ref, $392.67",30,misc,Level 1-100 Hat,30422,2026-07-21T22:54:09
14,Scorching Flames,Soviet Gentleman,12588.4,220 keys,"12,588.40 ref, $383.95",6,misc,Level 1-100 Hat,821,2026-07-21T22:54:09
14,Scorching Flames,Tundra Top,12588.4,190–250 keys,"12,588.40 ref, $383.95",146,misc,Level 1-100 Hat,30976,2026-07-21T22:54:09
14,Scorching Flames,Burning Question,12445.35,210–225 keys,"12,445.35 ref, $379.58",18,misc,Level 1-100 Hat,30987,2026-07-21T22:54:09
14,Scorching Flames,Federal Casemaker,12416.74,215–219 keys,"12,416.74 ref, $378.71",45,misc,Level 1-100 Hat,30119,2026-07-21T22:54:09
14,Scorching Flames,Armored Authority,12245.08,214 keys,"12,245.08 ref, $373.47",20,misc,Level 1-100 Helmet,445,2026-07-21T22:54:09
14,Scorching Flames,Buccaneer's Bicorne,12016.2,210 keys,"12,016.20 ref, $366.49",16,misc,Level 10 Hat,607,2026-07-21T22:54:09
14,Scorching Flames,Charmer's Chapeau,12016.2,210 keys,"12,016.20 ref, $366.49",24,misc,Level 1-100 Hat,397,2026-07-21T22:54:09
14,Scorching Flames,Desert Marauder,12016.2,210 keys,"12,016.20 ref, $366.49",17,misc,Level 1-100 Hat,400,2026-07-21T22:54:09
14,Scorching Flames,Gentleman's Ushanka,12016.2,210 keys,"12,016.20 ref, $366.49",13,misc,Level 1-100 Hat,778,2026-07-21T22:54:09
14,Scorching Flames,Hound Dog,12016.2,210 keys,"12,016.20 ref, $366.49",28,misc,Level 1-100 Hair,145,2026-07-21T22:54:09
14,Scorching Flames,Industrial Festivizer,12016.2,210 keys,"12,016.20 ref, $366.49",37,misc,Level 1-100 Hat,338,2026-07-21T22:54:09
14,Scorching Flames,Razor Cut,12016.2,210 keys,"12,016.20 ref, $366.49",11,misc,Level 1-100 Hat,30393,2026-07-21T22:54:09
14,Scorching Flames,Shadow of Doubt,12016.2,210 keys,"12,016.20 ref, $366.49",4,misc,Level 1-100 Hat,31543,2026-07-21T22:54:09
14,Scorching Flames,Détective Noir,11758.71,200–211 keys,"11,758.71 ref, $358.64",36,misc,Level 1-100 Hat,319,2026-07-21T22:54:09
14,Scorching Flames,Danger,11730.1,200–210 keys,"11,730.10 ref, $357.77",10,misc,Level 1-100 Apparel,30420,2026-07-21T22:54:09
14,Scorching Flames,Horrific Headsplitter,11730.1,205 keys,"11,730.10 ref, $357.77",8,misc,Level 31 Hat,291,2026-07-21T22:54:09
14,Scorching Flames,Nasty Norsemann,11730.1,205 keys,"11,730.10 ref, $357.77",4,misc,Level 1-100 Helmet,30810,2026-07-21T22:54:09
14,Scorching Flames,A Well Wrapped Hat,11672.88,204 keys,"11,672.88 ref, $356.02",4,misc,Level 1-100 Hat,30746,2026-07-21T22:54:09
14,Scorching Flames,Punk's Pomp,11558.44,202 keys,"11,558.44 ref, $352.53",44,misc,Level 1-100 Hair,30993,2026-07-21T22:54:09
14,Scorching Flames,Jumper's Jeepcap,11501.22,201 keys,"11,501.22 ref, $350.79",18,misc,Level 1-100 Hat,417,2026-07-21T22:54:09
14,Scorching Flames,Flamehawk,11444,200 keys,"11,444.00 ref, $349.04",8,misc,Level 1-100 Hair,31107,2026-07-21T22:54:09
14,Scorching Flames,Grimm Hatte,11444,200 keys,"11,444.00 ref, $349.04",26,misc,Level 1-100 Hat,383,2026-07-21T22:54:09
14,Scorching Flames,Sophisticated Smoker,11444,200 keys,"11,444.00 ref, $349.04",44,misc,Level 1-100 Hat,31106,2026-07-21T22:54:09
14,Scorching Flames,Voodoo Vizier,11329.56,198 keys,"11,329.56 ref, $345.55",5,misc,Level 1-100 Hat,31072,2026-07-21T22:54:09
14,Scorching Flames,Cotton Head,11300.95,175–220 keys,"11,300.95 ref, $344.68",92,misc,Level 1-100 Hat,30175,2026-07-21T22:54:09
14,Scorching Flames,Batter's Helmet,11272.34,197 keys,"11,272.34 ref, $343.81",21,misc,Level 1-100 Helmet,52,2026-07-21T22:54:09
14,Scorching Flames,Belgian Detective,11157.9,195 keys,"11,157.90 ref, $340.32",19,misc,Level 1-100 Hat,30128,2026-07-21T22:54:09
14,Scorching Flames,Das Naggenvatcher,11157.9,195 keys,"11,157.90 ref, $340.32",11,misc,Level 1-100 Hat,30109,2026-07-21T22:54:09
14,Scorching Flames,Merc's Mohawk,11157.9,190–200 keys,"11,157.90 ref, $340.32",86,misc,Level 1-100 Hair,30413,2026-07-21T22:54:09
14,Scorching Flames,Surgeon's Stahlhelm,11157.9,195 keys,"11,157.90 ref, $340.32",14,misc,Level 10 Helmet,616,2026-07-21T22:54:09
14,Scorching Flames,Executioner,10871.8,190 keys,"10,871.80 ref, $331.59",88,misc,Level 1-100 Hat,921,2026-07-21T22:54:09
14,Scorching Flames,Familiar Fez,10871.8,180–200 keys,"10,871.80 ref, $331.59",21,misc,Level 1-100 Hat,223,2026-07-21T22:54:09
14,Scorching Flames,Glengarry Bonnet,10871.8,190 keys,"10,871.80 ref, $331.59",26,misc,Level 1-100 Hat,100,2026-07-21T22:54:09
14,Scorching Flames,Teutonic Toque,10871.8,190 keys,"10,871.80 ref, $331.59",10,misc,Level 1-100 Hat,30351,2026-07-21T22:54:09
14,Scorching Flames,Thirst Blood,10871.8,190 keys,"10,871.80 ref, $331.59",44,misc,Level 1-100 Hair,30479,2026-07-21T22:54:09
14,Scorching Flames,Liquidator's Lid,10814.58,189 keys,"10,814.58 ref, $329.84",21,misc,Level 1-100 Hat,779,2026-07-21T22:54:09
14,Scorching Flames,Plaid Lad,10642.92,186 keys,"10,642.92 ref, $324.61",8,misc,Level 1-100 Hat,31341,2026-07-21T22:54:09
14,Scorching Flames,A Hat to Kill For,10614.31,167–204 keys,"10,614.31 ref, $323.74",18,misc,Level 1-100 Hat,30753,2026-07-21T22:54:09
14,Scorching Flames,Flipped Trilby,10614.31,171–200 keys,"10,614.31 ref, $323.74",41,misc,Level 1-100 Hat,324,2026-07-21T22:54:09
14,Scorching Flames,Crit Cloak,10585.7,185 keys,"10,585.70 ref, $322.86",8,misc,Level 1-100 Hood,30899,2026-07-21T22:54:09
14,Scorching Flames,Slo-Poke,10585.7,185 keys,"10,585.70 ref, $322.86",11,misc,Level 1-100 Hat,30314,2026-07-21T22:54:09
14,Scorching Flames,Millennial Mercenary,10528.48,168–200 keys,"10,528.48 ref, $321.12",3,misc,Level 1-100 Hair,31023,2026-07-21T22:54:09
14,Scorching Flames,Modest Pile of Hat,10385.43,160–203 keys,"10,385.43 ref, $316.76",59,misc,Level 1-100 Hat,139,2026-07-21T22:54:09
14,Scorching Flames,Big Topper,10299.6,180 keys,"10,299.60 ref, $314.14",2,misc,Level 1-100 Hat,30798,2026-07-21T22:54:09
14,Scorching Flames,Feathered Fiend,10299.6,180 keys,"10,299.60 ref, $314.14",6,misc,Level 1-100 Headgear,30903,2026-07-21T22:54:09
14,Scorching Flames,Wrap-a-Khamon,10299.6,180 keys,"10,299.60 ref, $314.14",2,misc,Level 1-100 Hat,31132,2026-07-21T22:54:09
14,Scorching Flames,Boxcar Bomber,10270.99,169–190 keys,"10,270.99 ref, $313.27",42,misc,Level 1-100 Hat,30546,2026-07-21T22:54:09
14,Scorching Flames,Chill Chullo,10242.38,173–185 keys,"10,242.38 ref, $312.39",13,misc,Level 1-100 Hat,30748,2026-07-21T22:54:09
14,Scorching Flames,Heer's Helmet,10242.38,166–192 keys,"10,242.38 ref, $312.39",14,misc,Level 1-100 Helmet,30378,2026-07-21T22:54:09
14,Scorching Flames,Professional's Panama,10242.38,142–216 keys,"10,242.38 ref, $312.39",26,misc,Level 1-100 Hat,109,2026-07-21T22:54:09
14,Scorching Flames,Napper's Respite,10127.94,169–185 keys,"10,127.94 ref, $308.90",23,misc,Level 1-100 Hat,248,2026-07-21T22:54:09
14,Scorching Flames,Alakablamicon,10013.5,175 keys,"10,013.50 ref, $305.41",6,misc,Level 1-100 Hat,31215,2026-07-21T22:54:09
14,Scorching Flames,Blast Defense,10013.5,175 keys,"10,013.50 ref, $305.41",86,misc,Level 1-100 Headgear,30863,2026-07-21T22:54:09
14,Scorching Flames,Defiant Spartan,10013.5,174–176 keys,"10,013.50 ref, $305.41",59,misc,Level 1-100 Helmet,340,2026-07-21T22:54:09
14,Scorching Flames,Greased Lightning,10013.5,175 keys,"10,013.50 ref, $305.41",11,misc,Level 1-100 Hair,30078,2026-07-21T22:54:09
14,Scorching Flames,Shellmet,10013.5,175 keys,"10,013.50 ref, $305.41",23,misc,Level 1-100 Helmet,30897,2026-07-21T22:54:09
14,Scorching Flames,Hat of Cards,9841.84,172 keys,"9,841.84 ref, $300.18",14,misc,Level 1-100 Hat,825,2026-07-21T22:54:09
14,Scorching Flames,Scotsman's Stove Pipe,9841.84,172 keys,"9,841.84 ref, $300.18",40,misc,Level 1-100 Hat,120,2026-07-21T22:54:09
14,Scorching Flames,Battle Boonie,9727.4,170 keys,"9,727.40 ref, $296.69",14,misc,Level 1-100 Hat,30907,2026-07-21T22:54:09
14,Scorching Flames,Berliner's Bucket Helm,9727.4,170 keys,"9,727.40 ref, $296.69",18,misc,Level 1-100 Helmet,303,2026-07-21T22:54:09
14,Scorching Flames,Brain Bucket,9727.4,170 keys,"9,727.40 ref, $296.69",23,misc,Level 1-100 Hat,434,2026-07-21T22:54:09
14,Scorching Flames,Screamin' Eagle,9727.4,170 keys,"9,727.40 ref, $296.69",8,misc,Level 1-100 Hat,30548,2026-07-21T22:54:09
14,Scorching Flames,Front Runner,9612.96,168 keys,"9,612.96 ref, $293.20",38,misc,Level 1-100 Hat,760,2026-07-21T22:54:09
14,Scorching Flames,Condor Cap,9584.35,155–180 keys,"9,584.35 ref, $292.32",12,misc,Level 1-100 Hat,30553,2026-07-21T22:54:09
14,Scorching Flames,Nuke,9584.35,140–195 keys,"9,584.35 ref, $292.32",21,misc,Level 1-100 Hair,30885,2026-07-21T22:54:09
14,Scorching Flames,Dread Hiding Hood,9555.74,167 keys,"9,555.74 ref, $291.45",7,misc,Level 1-100 Hood,1095,2026-07-21T22:54:09
14,Scorching Flames,Galvanized Gibus,9555.74,167 keys,"9,555.74 ref, $291.45",110,misc,Level 1-100 Hat,30003,2026-07-21T22:54:09
14,Scorching Flames,A Rather Festive Tree,9441.3,165 keys,"9,441.30 ref, $287.96",44,misc,Level 1-100 Hat,341,2026-07-21T22:54:09
14,Scorching Flames,Coldsnap Cap,9441.3,160–170 keys,"9,441.30 ref, $287.96",41,misc,Level 1-100 Hat,30542,2026-07-21T22:54:09
14,Scorching Flames,Data Mining Light,9441.3,165 keys,"9,441.30 ref, $287.96",15,misc,Level 1-100 Helmet,30051,2026-07-21T22:54:09
14,Scorching Flames,Tartan Spartan,9441.3,165 keys,"9,441.30 ref, $287.96",8,misc,Level 1-100 Helmet,30106,2026-07-21T22:54:09
14,Scorching Flames,Tam O' Shanter,9384.08,164 keys,"9,384.08 ref, $286.21",12,misc,Level 1-100 Hat,480,2026-07-21T22:54:09
14,Scorching Flames,One-Man Army,9269.64,162 keys,"9,269.64 ref, $282.72",13,misc,Level 10 Hair,601,2026-07-21T22:54:09
14,Scorching Flames,Attendant,9155.2,160 keys,"9,155.20 ref, $279.23",23,misc,Level 1-100 Hat,213,2026-07-21T22:54:09
14,Scorching Flames,Coldfront Commander,9155.2,160 keys,"9,155.20 ref, $279.23",13,misc,Level 1-100 Hat,30939,2026-07-21T22:54:09
14,Scorching Flames,Geisha Boy,9155.2,160 keys,"9,155.20 ref, $279.23",17,misc,Level 1-100 Hair,363,2026-07-21T22:54:09
14,Scorching Flames,Hottie's Hoodie,9155.2,160 keys,"9,155.20 ref, $279.23",16,misc,Level 1-100 Hood,377,2026-07-21T22:54:09
14,Scorching Flames,Vintage Merryweather,9155.2,120–200 keys,"9,155.20 ref, $279.23",32,misc,Level 1-100 Helmet,182,2026-07-21T22:54:09
14,Scorching Flames,Virus Doctor,9155.2,160 keys,"9,155.20 ref, $279.23",14,misc,Level 1-100 Hat,30043,2026-07-21T22:54:09
14,Scorching Flames,Dancing Doe,9040.76,158 keys,"9,040.76 ref, $275.74",62,misc,Level 1-100 Bandana,31045,2026-07-21T22:54:09
14,Scorching Flames,Bonk Helm,9012.15,140–175 keys,"9,012.15 ref, $274.87",42,misc,Level 1-100 Helmet,106,2026-07-21T22:54:09
14,Scorching Flames,Bear Necessities,8869.1,155 keys,"8,869.10 ref, $270.51",8,misc,Level 1-100 Spirit Animal,30122,2026-07-21T22:54:09
14,Scorching Flames,Bunsen Brave,8869.1,155 keys,"8,869.10 ref, $270.51",9,misc,Level 1-100 Hat,30054,2026-07-21T22:54:09
14,Scorching Flames,Pyro's Beanie,8869.1,155 keys,"8,869.10 ref, $270.51",18,misc,Level 1-100 Hat,51,2026-07-21T22:54:09
14,Scorching Flames,Racc Mann,8869.1,155 keys,"8,869.10 ref, $270.51",8,misc,Level 1-100 Mask,31071,2026-07-21T22:54:09
14,Scorching Flames,Reindoonibeanie,8869.1,155 keys,"8,869.10 ref, $270.51",32,misc,Level 1-100 Hat,31171,2026-07-21T22:54:09
14,Scorching Flames,Soldier's Slope Scopers,8754.66,153 keys,"8,754.66 ref, $267.02",11,misc,Level 1-100 Hat,980,2026-07-21T22:54:09
14,Scorching Flames,Lumbercap,8726.05,150–155 keys,"8,726.05 ref, $266.14",13,misc,Level 1-100 Hat,31326,2026-07-21T22:54:09
14,Scorching Flames,Classy Capper,8697.44,148–156 keys,"8,697.44 ref, $265.27",38,misc,Level 1-100 Hat,30893,2026-07-21T22:54:09
14,Scorching Flames,Brown Bomber,8611.61,150–151 keys,"8,611.61 ref, $262.65",112,misc,Level 1-100 Hat,671,2026-07-21T22:54:09
14,Scorching Flames,Blizzard Bonnet,8583,150 keys,"8,583.00 ref, $261.78",5,misc,Level 1-100 Hat,31589,2026-07-21T22:54:09
14,Scorching Flames,Grenadier's Softcap,8583,150 keys,"8,583.00 ref, $261.78",26,misc,Level 1-100 Hat,227,2026-07-21T22:54:09
14,Scorching Flames,Runner's Warm-Up,8583,150 keys,"8,583.00 ref, $261.78",7,misc,Level 1-100 Hat,30332,2026-07-21T22:54:09
14,Scorching Flames,Smissmas Sorcerer,8583,150 keys,"8,583.00 ref, $261.78",3,misc,Level 1-100 Hat,31166,2026-07-21T22:54:09
14,Scorching Flames,Vaudeville Visor,8583,120–180 keys,"8,583.00 ref, $261.78",22,misc,Level 1-100 Helmet,31461,2026-07-21T22:54:09
14,Scorching Flames,Wet Works,8583,150 keys,"8,583.00 ref, $261.78",11,misc,Level 1-100 Hat,30135,2026-07-21T22:54:09
14,Scorching Flames,Winter Woodsman,8583,150 keys,"8,583.00 ref, $261.78",76,misc,Level 1-100 Hat,30549,2026-07-21T22:54:09
14,Scorching Flames,Sultan's Ceremonial,8525.78,149 keys,"8,525.78 ref, $260.04",19,misc,Level 1-100 Hat,403,2026-07-21T22:54:09
14,Scorching Flames,B'aaarrgh-n-Bicorne,8468.56,148 keys,"8,468.56 ref, $258.29",2,misc,Level 1-100 Hat,30718,2026-07-21T22:54:09
14,Scorching Flames,Voodoo JuJu (Slight Return),8468.56,148 keys,"8,468.56 ref, $258.29",7,misc,Level 1-100 Hat,935,2026-07-21T22:54:09
14,Scorching Flames,Hermes,8439.95,140–155 keys,"8,439.95 ref, $257.42",17,misc,Level 10 Hat,633,2026-07-21T22:54:09
14,Scorching Flames,Thousand-Yard Stare,8439.95,115–180 keys,"8,439.95 ref, $257.42",35,misc,Level 1-100 Hat,31200,2026-07-21T22:54:09
14,Scorching Flames,Fleet Commander,8382.73,133–160 keys,"8,382.73 ref, $255.67",10,misc,Level 1-100 Hat,31469,2026-07-21T22:54:09
14,Scorching Flames,Breach and Bomb,8296.9,145 keys,"8,296.90 ref, $253.06",16,misc,Level 1-100 Hat,31113,2026-07-21T22:54:09
14,Scorching Flames,Brimmed Bootlegger,8296.9,145 keys,"8,296.90 ref, $253.06",15,misc,Level 1-100 Hat,31366,2026-07-21T22:54:09
14,Scorching Flames,Caribou Companion,8296.9,145 keys,"8,296.90 ref, $253.06",46,misc,Level 1-100 Hat,30974,2026-07-21T22:54:09
14,Scorching Flames,Feathered Foe,8296.9,145 keys,"8,296.90 ref, $253.06",4,misc,Level 1-100 Hat,31559,2026-07-21T22:54:09
14,Scorching Flames,Ground Control,8296.9,145 keys,"8,296.90 ref, $253.06",21,misc,Level 1-100 Hat,30338,2026-07-21T22:54:09
14,Scorching Flames,Hustler's Hallmark,8296.9,130–160 keys,"8,296.90 ref, $253.06",32,misc,Level 1-100 Hat,146,2026-07-21T22:54:09
14,Scorching Flames,Pirate Bandana,8296.9,145 keys,"8,296.90 ref, $253.06",21,misc,Level 1-100 Hat,30180,2026-07-21T22:54:09
14,Scorching Flames,Safe'n'Sound,8296.9,145 keys,"8,296.90 ref, $253.06",33,misc,Level 1-100 Hat,178,2026-07-21T22:54:09
14,Scorching Flames,Wanderer's Wool,8296.9,145 keys,"8,296.90 ref, $253.06",15,misc,Level 1-100 Hat,31419,2026-07-21T22:54:09
14,Scorching Flames,Field Practice,8211.07,142–145 keys,"8,211.07 ref, $250.44",80,misc,Level 1-100 Headgear,30862,2026-07-21T22:54:09
14,Scorching Flames,Woolen Warmer,8182.46,143 keys,"8,182.46 ref, $249.57",11,misc,Level 1-100 Hat,30833,2026-07-21T22:54:09
14,Scorching Flames,Fed-Fightin' Fedora,8125.24,142 keys,"8,125.24 ref, $247.82",13,misc,Level 1-100 Hat,780,2026-07-21T22:54:09
14,Scorching Flames,Allbrero,8010.8,140 keys,"8,010.80 ref, $244.33",10,misc,Level 1-100 Hat,30429,2026-07-21T22:54:09
14,Scorching Flames,Cloud Crasher,8010.8,140 keys,"8,010.80 ref, $244.33",38,misc,Level 1-100 Helmet,30071,2026-07-21T22:54:09
14,Scorching Flames,Headhunter's Brim,8010.8,140 keys,"8,010.80 ref, $244.33",8,misc,Level 1-100 Hat,31313,2026-07-21T22:54:09
14,Scorching Flames,Hollowed Helm,8010.8,140 keys,"8,010.80 ref, $244.33",12,misc,Level 1-100 Hat,31128,2026-07-21T22:54:09
14,Scorching Flames,Horror Shawl,8010.8,140 keys,"8,010.80 ref, $244.33",13,misc,Level 1-100 Hat,31304,2026-07-21T22:54:09
14,Scorching Flames,Provisions Cap,7953.58,139 keys,"7,953.58 ref, $242.58",4,misc,Level 1-100 Hat,31097,2026-07-21T22:54:09
14,Scorching Flames,Burning Beanie,7839.14,137 keys,"7,839.14 ref, $239.09",9,misc,Level 1-100 Hat,30936,2026-07-21T22:54:09
14,Scorching Flames,Checkered Past,7724.7,135 keys,"7,724.70 ref, $235.60",5,misc,Level 1-100 Hat,31503,2026-07-21T22:54:09
14,Scorching Flames,Crocleather Slouch,7724.7,115–155 keys,"7,724.70 ref, $235.60",15,misc,Level 1-100 Hat,344,2026-07-21T22:54:09
14,Scorching Flames,El Fiestibrero,7724.7,135 keys,"7,724.70 ref, $235.60",10,misc,Level 1-100 Hat,31241,2026-07-21T22:54:09
14,Scorching Flames,Frickin' Sweet Ninja Hood,7724.7,135 keys,"7,724.70 ref, $235.60",24,misc,Level 1-100 Hood,30394,2026-07-21T22:54:09
14,Scorching Flames,Whoopee Cap,7581.65,120–145 keys,"7,581.65 ref, $231.24",32,misc,Level 1-100 Hat,174,2026-07-21T22:54:09
14,Scorching Flames,Triboniophorus Tyrannus,7524.43,127–136 keys,"7,524.43 ref, $229.50",32,misc,Level 1-100 Mascot,151,2026-07-21T22:54:09
14,Scorching Flames,Caribbean Conqueror,7495.82,131 keys,"7,495.82 ref, $228.62",17,misc,Level 1-100 Hat,30116,2026-07-21T22:54:09
14,Scorching Flames,Tipped Lid,7495.82,122–140 keys,"7,495.82 ref, $228.62",92,misc,Level 1-100 Hat,30425,2026-07-21T22:54:09
14,Scorching Flames,Berlin Brain Bowl,7438.6,130 keys,"7,438.60 ref, $226.88",38,misc,Level 1-100 Headgear,30755,2026-07-21T22:54:09
14,Scorching Flames,Deep Cover Operator,7438.6,130 keys,"7,438.60 ref, $226.88",70,misc,Level 1-100 Hat,30375,2026-07-21T22:54:09
14,Scorching Flames,Lord Cockswain's Pith Helmet,7438.6,130 keys,"7,438.60 ref, $226.88",19,misc,Level 1-100 Headgear,439,2026-07-21T22:54:09
14,Scorching Flames,Private Eye,7438.6,120–140 keys,"7,438.60 ref, $226.88",15,misc,Level 1-100 Hat,388,2026-07-21T22:54:09
14,Scorching Flames,Ze Goggles,7438.6,110–150 keys,"7,438.60 ref, $226.88",28,misc,Level 1-100 Glasses,177,2026-07-21T22:54:09
14,Scorching Flames,Sheriff's Stetson,7324.16,128 keys,"7,324.16 ref, $223.39",8,misc,Level 1-100 Hat,30634,2026-07-21T22:54:09
14,Scorching Flames,Otolaryngologist's Mirror,7295.55,125–130 keys,"7,295.55 ref, $222.51",34,misc,Level 1-100 Hat,104,2026-07-21T22:54:09
14,Scorching Flames,Dustbowl Devil,7238.33,103–150 keys,"7,238.33 ref, $220.77",9,misc,Level 1-100 Hat,31297,2026-07-21T22:54:09
14,Scorching Flames,Buck's Brim,7152.5,125 keys,"7,152.50 ref, $218.15",5,misc,Level 1-100 Hat,31514,2026-07-21T22:54:09
14,Scorching Flames,California Cap,7152.5,125 keys,"7,152.50 ref, $218.15",22,misc,Level 1-100 Hat,31117,2026-07-21T22:54:09
14,Scorching Flames,Lawnmaker,7152.5,125 keys,"7,152.50 ref, $218.15",15,misc,Level 1-100 Hat,31272,2026-07-21T22:54:09
14,Scorching Flames,Nightbane Brim,7152.5,100–150 keys,"7,152.50 ref, $218.15",10,misc,Level 1-100 Hat,31308,2026-07-21T22:54:09
14,Scorching Flames,Pithy Professional,7152.5,120–130 keys,"7,152.50 ref, $218.15",52,misc,Level 1-100 Hat,30915,2026-07-21T22:54:09
14,Scorching Flames,Stout Shako,7152.5,125 keys,"7,152.50 ref, $218.15",21,misc,Level 1-100 Hat,251,2026-07-21T22:54:09
14,Scorching Flames,Bubble Pipe,7123.89,120–129 keys,"7,123.89 ref, $217.28",9,misc,Level 1-100 Helmet,597,2026-07-21T22:54:09
14,Scorching Flames,Commonwealth Commando,7038.06,123 keys,"7,038.06 ref, $214.66",20,misc,Level 1-100 Hat,31459,2026-07-21T22:54:09
14,Scorching Flames,Hotrod,6980.84,122 keys,"6,980.84 ref, $212.92",25,misc,Level 1-100 Mask,148,2026-07-21T22:54:09
14,Scorching Flames,Football Helmet,6952.23,121–122 keys,"6,952.23 ref, $212.04",17,misc,Level 1-100 Helmet,49,2026-07-21T22:54:09
14,Scorching Flames,Gnome Dome,6952.23,103–140 keys,"6,952.23 ref, $212.04",13,misc,Level 1-100 Hat,31242,2026-07-21T22:54:09
14,Scorching Flames,Antarctic Eyewear,6895.01,120–121 keys,"6,895.01 ref, $210.30",150,misc,Level 1-100 Apparel,30977,2026-07-21T22:54:09
14,Scorching Flames,Big Country,6866.4,120 keys,"6,866.40 ref, $209.43",13,misc,Level 1-100 Hair,382,2026-07-21T22:54:09
14,Scorching Flames,Bumble Beenie,6866.4,120 keys,"6,866.40 ref, $209.43",29,misc,Level 1-100 Hat,31085,2026-07-21T22:54:09
14,Scorching Flames,Cleaner's Cap,6866.4,120 keys,"6,866.40 ref, $209.43",6,misc,Level 1-100 Hat,31376,2026-07-21T22:54:09
14,Scorching Flames,Dark Falkirk Helm,6866.4,120 keys,"6,866.40 ref, $209.43",68,misc,Level 1-100 Helmet,30357,2026-07-21T22:54:09
14,Scorching Flames,Frenchman's Beret,6866.4,120 keys,"6,866.40 ref, $209.43",32,misc,Level 1-100 Hat,180,2026-07-21T22:54:09
14,Scorching Flames,Fruit Shoot,6866.4,120 keys,"6,866.40 ref, $209.43",28,misc,Level 1-100 Hat,759,2026-07-21T22:54:09
14,Scorching Flames,Heavy Duty Rag,6866.4,100–140 keys,"6,866.40 ref, $209.43",29,misc,Level 1-100 Bandana,185,2026-07-21T22:54:09
14,Scorching Flames,Panisher,6866.4,120 keys,"6,866.40 ref, $209.43",5,misc,Level 1-100 Dented Pan,31199,2026-07-21T22:54:09
14,Scorching Flames,Powdered Practitioner,6866.4,120 keys,"6,866.40 ref, $209.43",39,misc,Level 1-100 Hat,30069,2026-07-21T22:54:09
14,Scorching Flames,Waxy Wayfinder,6866.4,120 keys,"6,866.40 ref, $209.43",13,misc,Level 1-100 Hat,753,2026-07-21T22:54:09
14,Scorching Flames,Wide-Brimmed Bandito,6866.4,120 keys,"6,866.40 ref, $209.43",8,misc,Level 1-100 Hat,30805,2026-07-21T22:54:09
14,Scorching Flames,Baron von Havenaplane,6809.18,119 keys,"6,809.18 ref, $207.68",12,misc,Level 1-100 Hat,30136,2026-07-21T22:54:09
14,Scorching Flames,Crustaceous Cowl,6809.18,119 keys,"6,809.18 ref, $207.68",9,misc,Level 1-100 Hat,31194,2026-07-21T22:54:09
14,Scorching Flames,Wavefinder,6809.18,119 keys,"6,809.18 ref, $207.68",2,misc,Level 1-100 Headgear,31148,2026-07-21T22:54:09
14,Scorching Flames,Brass Bucket,6580.3,115 keys,"6,580.30 ref, $200.70",56,misc,Level 1-100 Helmet,30969,2026-07-21T22:54:09
14,Scorching Flames,Dragonborn Helmet,6580.3,115 keys,"6,580.30 ref, $200.70",17,misc,Level 10 Helmet,517,2026-07-21T22:54:09
14,Scorching Flames,Pardner's Pompadour,6580.3,115 keys,"6,580.30 ref, $200.70",12,misc,Level 1-100 Hair,30099,2026-07-21T22:54:09
14,Scorching Flames,Partizan,6580.3,115 keys,"6,580.30 ref, $200.70",13,misc,Level 1-100 Hat,31329,2026-07-21T22:54:09
14,Scorching Flames,Rimmed Raincatcher,6580.3,115 keys,"6,580.30 ref, $200.70",22,misc,Level 1-100 Hat,216,2026-07-21T22:54:09
14,Scorching Flames,Smoking Skid Lid,6580.3,115 keys,"6,580.30 ref, $200.70",10,misc,Level 1-100 Hat,30399,2026-07-21T22:54:09
14,Scorching Flames,Tavish DeGroot Experience,6580.3,115 keys,"6,580.30 ref, $200.70",15,misc,Level 10 Hat,604,2026-07-21T22:54:09
14,Scorching Flames,A Handsome Handy Thing,6523.08,114 keys,"6,523.08 ref, $198.95",9,misc,Level 1-100 Handsome Hand,31129,2026-07-21T22:54:09
14,Scorching Flames,Universal Translator,6523.08,110–118 keys,"6,523.08 ref, $198.95",76,misc,Level 1-100 Hat,30658,2026-07-21T22:54:09
14,Scorching Flames,Milkman,6465.86,113 keys,"6,465.86 ref, $197.21",22,misc,Level 1-100 Hat,219,2026-07-21T22:54:09
14,Scorching Flames,Minnesota Slick,6437.25,90–135 keys,"6,437.25 ref, $196.34",7,misc,Level 1-100 Hair,30315,2026-07-21T22:54:09
14,Scorching Flames,Beanie the All-Gnawing,6351.42,111 keys,"6,351.42 ref, $193.72",68,misc,Level 1-100 Hat,31212,2026-07-21T22:54:09
14,Scorching Flames,Burning Bandana,6294.2,110 keys,"6,294.20 ref, $191.97",11,misc,Level 1-100 Bandana,30091,2026-07-21T22:54:09
14,Scorching Flames,Firewall Helmet,6294.2,110 keys,"6,294.20 ref, $191.97",10,misc,Level 1-100 Helmet,30038,2026-07-21T22:54:09
14,Scorching Flames,Full Metal Drill Hat,6294.2,110 keys,"6,294.20 ref, $191.97",18,misc,Level 1-100 Hat,30026,2026-07-21T22:54:09
14,Scorching Flames,Giftcrafter,6294.2,100–120 keys,"6,294.20 ref, $191.97",20,misc,Level 1-100 Hat,31246,2026-07-21T22:54:09
14,Scorching Flames,Hive Minder,6294.2,110 keys,"6,294.20 ref, $191.97",15,misc,Level 1-100 Hat,30093,2026-07-21T22:54:09
14,Scorching Flames,Noble Amassment of Hats,6294.2,110 keys,"6,294.20 ref, $191.97",63,misc,Level 1-100 Hat,137,2026-07-21T22:54:09
14,Scorching Flames,Outta Sight,6294.2,110 keys,"6,294.20 ref, $191.97",16,misc,Level 1-100 Hat,30628,2026-07-21T22:54:09
14,Scorching Flames,Reel Fly Hat,6294.2,110 keys,"6,294.20 ref, $191.97",27,misc,Level 1-100 Hat,31186,2026-07-21T22:54:09
14,Scorching Flames,Tippler's Tricorne,6236.98,108–110 keys,"6,236.98 ref, $190.23",30,misc,Level 1-100 Hat,179,2026-07-21T22:54:09
14,Scorching Flames,Peacenik's Ponytail,6179.76,108 keys,"6,179.76 ref, $188.48",13,misc,Level 1-100 Hair,30406,2026-07-21T22:54:09
14,Scorching Flames,Engineer's Cap,6151.15,90–125 keys,"6,151.15 ref, $187.61",27,misc,Level 1-100 Hat,95,2026-07-21T22:54:09
14,Scorching Flames,Sinner's Shade,6151.15,105–110 keys,"6,151.15 ref, $187.61",46,misc,Level 1-100 Hat,30959,2026-07-21T22:54:09
14,Scorching Flames,Surgeon's Shako,6151.15,98–117 keys,"6,151.15 ref, $187.61",2,misc,Level 1-100 Hat,30596,2026-07-21T22:54:09
14,Scorching Flames,Ol' Reliable,6036.71,102–109 keys,"6,036.71 ref, $184.12",6,misc,Level 1-100 Helmet,31345,2026-07-21T22:54:09
14,Scorching Flames,Bolted Bicorne,6008.1,105 keys,"6,008.10 ref, $183.25",17,misc,Level 1-100 Hat,30034,2026-07-21T22:54:09
14,Scorching Flames,More Gun Marshal,6008.1,105 keys,"6,008.10 ref, $183.25",12,misc,Level 1-100 Hat,31298,2026-07-21T22:54:09
14,Scorching Flames,Murderer's Motif,6008.1,105 keys,"6,008.10 ref, $183.25",12,misc,Level 1-100 Hat,31016,2026-07-21T22:54:09
14,Scorching Flames,Oktoberfester,6008.1,105 keys,"6,008.10 ref, $183.25",38,misc,Level 1-100 Hat,31344,2026-07-21T22:54:09
14,Scorching Flames,SandMann's Brush,6008.1,105 keys,"6,008.10 ref, $183.25",4,misc,Level 1-100 Hat,31178,2026-07-21T22:54:09
14,Scorching Flames,Snowcapped,6008.1,105 keys,"6,008.10 ref, $183.25",29,misc,Level 1-100 Hat,31028,2026-07-21T22:54:09
14,Scorching Flames,Neckwear Headwear,5979.49,89–120 keys,"5,979.49 ref, $182.37",96,misc,Level 1-100 Hat,30307,2026-07-21T22:54:09
14,Scorching Flames,Combustible Kabuto,5865.05,100–105 keys,"5,865.05 ref, $178.88",11,misc,Level 1-100 Hat,30418,2026-07-21T22:54:09
14,Scorching Flames,Strigoi Stare,5836.44,102 keys,"5,836.44 ref, $178.01",4,misc,Level 1-100 Hat,31482,2026-07-21T22:54:09
14,Scorching Flames,Metal Slug,5779.22,101 keys,"5,779.22 ref, $176.27",12,misc,Level 1-100 Hat,30028,2026-07-21T22:54:09
14,Scorching Flames,Sole Mate,5779.22,101 keys,"5,779.22 ref, $176.27",13,misc,Level 1-100 Hat,30355,2026-07-21T22:54:09
14,Scorching Flames,Bone Dome,5722,100 keys,"5,722.00 ref, $174.52",19,misc,Level 1-100 Helmet,30162,2026-07-21T22:54:09
14,Scorching Flames,Brim of Fire,5722,100 keys,"5,722.00 ref, $174.52",56,misc,Level 1-100 Hat,31185,2026-07-21T22:54:09
14,Scorching Flames,Medic's Mountain Cap,5722,100 keys,"5,722.00 ref, $174.52",22,misc,Level 1-100 Hat,381,2026-07-21T22:54:09
14,Scorching Flames,Mooshanka,5722,100 keys,"5,722.00 ref, $174.52",16,misc,Level 1-100 Hat,31255,2026-07-21T22:54:09
14,Scorching Flames,Soda Cap,5722,100 keys,"5,722.00 ref, $174.52",1,misc,Level 1-100 Hat,31265,2026-07-21T22:54:09
14,Scorching Flames,Texas Tin-Gallon,5722,100 keys,"5,722.00 ref, $174.52",12,misc,Level 1-100 Hat,30044,2026-07-21T22:54:09
14,Scorching Flames,Valley Forge,5722,100 keys,"5,722.00 ref, $174.52",12,misc,Level 1-100 Hat,30114,2026-07-21T22:54:09
14,Scorching Flames,Ludicrously Lunatic Lunon Fedora,5664.78,84–114 keys,"5,664.78 ref, $172.78",22,misc,Level 1-100 Hat,31383,2026-07-21T22:54:09
14,Scorching Flames,Magistrate's Mullet,5664.78,99 keys,"5,664.78 ref, $172.78",28,misc,Level 1-100 Hair,147,2026-07-21T22:54:09
14,Scorching Flames,Slick Cut,5664.78,99 keys,"5,664.78 ref, $172.78",18,misc,Level 1-100 Hair,30187,2026-07-21T22:54:09
14,Scorching Flames,Stormin' Norman,5664.78,99 keys,"5,664.78 ref, $172.78",10,misc,Level 1-100 Helmet,30112,2026-07-21T22:54:09
14,Scorching Flames,Old Guadalajara,5578.95,90–105 keys,"5,578.95 ref, $170.16",30,misc,Level 1-100 Hat,247,2026-07-21T22:54:09
14,Scorching Flames,Globetrotter,5550.34,83–111 keys,"5,550.34 ref, $169.29",6,misc,Level 1-100 Snow Globe,31090,2026-07-21T22:54:09
14,Scorching Flames,Impact Impaler,5550.34,83–111 keys,"5,550.34 ref, $169.29",12,misc,Level 1-100 Helmet,31432,2026-07-21T22:54:09
14,Scorching Flames,Skullbrero,5550.34,97 keys,"5,550.34 ref, $169.29",6,misc,Level 1-100 Hat,31066,2026-07-21T22:54:09
14,Scorching Flames,Brim-Full of Bullets,5435.9,95 keys,"5,435.90 ref, $165.79",28,misc,Level 1-100 Hat,30173,2026-07-21T22:54:09
14,Scorching Flames,Bullet Buzz,5435.9,95 keys,"5,435.90 ref, $165.79",15,misc,Level 1-100 Hair,30344,2026-07-21T22:54:09
14,Scorching Flames,Buzz Kill,5435.9,95 keys,"5,435.90 ref, $165.79",1,misc,Level 1-100 Hair,31562,2026-07-21T22:54:09
14,Scorching Flames,Citizen Cane,5435.9,95 keys,"5,435.90 ref, $165.79",31,misc,Level 1-100 Hat,31091,2026-07-21T22:54:09
14,Scorching Flames,Covert Covers,5435.9,95 keys,"5,435.90 ref, $165.79",18,misc,Level 1-100 Hat,31428,2026-07-21T22:54:09
14,Scorching Flames,Climbing Commander,5407.29,90–99 keys,"5,407.29 ref, $164.92",64,misc,Level 1-100 Hood,31025,2026-07-21T22:54:09
14,Scorching Flames,Frigid Fashion,5378.68,94 keys,"5,378.68 ref, $164.05",13,misc,Level 1-100 Hat,31421,2026-07-21T22:54:09
14,Scorching Flames,L'homme Burglerre,5321.46,93 keys,"5,321.46 ref, $162.30",48,misc,Level 1-100 Hat,30182,2026-07-21T22:54:09
14,Scorching Flames,Spooky Head-Bouncers,5292.85,80–105 keys,"5,292.85 ref, $161.43",68,misc,Level 1-100 Hat,31209,2026-07-21T22:54:09
14,Scorching Flames,Harmburg,5264.24,78–106 keys,"5,264.24 ref, $160.56",11,misc,Level 1-100 Hat,30123,2026-07-21T22:54:09
14,Scorching Flames,Timeless Topper,5264.24,92 keys,"5,264.24 ref, $160.56",11,misc,Level 1-100 Hat,30035,2026-07-21T22:54:09
14,Scorching Flames,Katyusha,5207.02,91 keys,"5,207.02 ref, $158.81",10,misc,Level 1-100 Hat,30094,2026-07-21T22:54:09
14,Scorching Flames,Shoestring Santa,5178.41,81–100 keys,"5,178.41 ref, $157.94",18,misc,Level 1-100 Hat,31169,2026-07-21T22:54:09
14,Scorching Flames,Bomb Beanie,5149.8,90 keys,"5,149.80 ref, $157.07",12,misc,Level 1-100 Hat,30823,2026-07-21T22:54:09
14,Scorching Flames,Capo's Capper,5149.8,90 keys,"5,149.80 ref, $157.07",15,misc,Level 1-100 Hat,427,2026-07-21T22:54:09
14,Scorching Flames,Death Racer's Helmet,5149.8,90 keys,"5,149.80 ref, $157.07",2,misc,Level 1-100 Helmet,30686,2026-07-21T22:54:09
14,Scorching Flames,Employee of the Mmmph,5149.8,90 keys,"5,149.80 ref, $157.07",10,misc,Level 1-100 Hat,30416,2026-07-21T22:54:09
14,Scorching Flames,Heat Shield,5149.8,90 keys,"5,149.80 ref, $157.07",8,misc,Level 1-100 Shield,31549,2026-07-21T22:54:09
14,Scorching Flames,Helmet without a Home,5149.8,90 keys,"5,149.80 ref, $157.07",18,misc,Level 1-100 Helmet,732,2026-07-21T22:54:09
14,Scorching Flames,King Cardbeard,5149.8,90 keys,"5,149.80 ref, $157.07",14,misc,Level 1-100 Hat,31130,2026-07-21T22:54:09
14,Scorching Flames,Modest Metal Pile of Scrap,5149.8,90 keys,"5,149.80 ref, $157.07",48,misc,Level 1-100 Hat,30001,2026-07-21T22:54:09
14,Scorching Flames,Professor's Peculiarity,5149.8,90 keys,"5,149.80 ref, $157.07",11,misc,Level 1-100 Hair,384,2026-07-21T22:54:09
14,Scorching Flames,Twisted Topper,5149.8,90 keys,"5,149.80 ref, $157.07",30,misc,Level 1-100 Hat,31211,2026-07-21T22:54:09
14,Scorching Flames,Vampire Vanquisher,5149.8,90 keys,"5,149.80 ref, $157.07",36,misc,Level 1-100 Hat,31003,2026-07-21T22:54:09
14,Scorching Flames,Big Chief,5092.58,89 keys,"5,092.58 ref, $155.32",14,misc,Level 1-100 Hat,309,2026-07-21T22:54:09
14,Scorching Flames,Dapper Noel,5092.58,78–100 keys,"5,092.58 ref, $155.32",22,misc,Level 1-100 Hat,31494,2026-07-21T22:54:09
14,Scorching Flames,Warhood,5092.58,89 keys,"5,092.58 ref, $155.32",78,misc,Level 1-100 Hood,30866,2026-07-21T22:54:09
14,Scorching Flames,Fire Fighter,5035.36,85–91 keys,"5,035.36 ref, $153.58",32,misc,Level 1-100 Hair,31108,2026-07-21T22:54:09
14,Scorching Flames,Gentleman's Gatsby,5035.36,73–103 keys,"5,035.36 ref, $153.58",36,misc,Level 1-100 Hat,184,2026-07-21T22:54:09
14,Scorching Flames,Little Buddy,5006.75,75–100 keys,"5,006.75 ref, $152.71",11,misc,Level 10 Hat,612,2026-07-21T22:54:09
14,Scorching Flames,Aviator Assassin,4920.92,86 keys,"4,920.92 ref, $150.09",18,misc,Level 1-100 Hat,30404,2026-07-21T22:54:09
14,Scorching Flames,Cozy Catchers,4920.92,86 keys,"4,920.92 ref, $150.09",20,misc,Level 1-100 Hat,31250,2026-07-21T22:54:09
14,Scorching Flames,Mann of Reason,4920.92,86 keys,"4,920.92 ref, $150.09",15,misc,Level 1-100 Hat,30318,2026-07-21T22:54:09
14,Scorching Flames,Strikeout,4920.92,86 keys,"4,920.92 ref, $150.09",12,misc,Level 1-100 Helmet,31480,2026-07-21T22:54:09
14,Scorching Flames,Birdcage,4863.7,85 keys,"4,863.70 ref, $148.34",16,misc,Level 10 Hat,615,2026-07-21T22:54:09
14,Scorching Flames,Calamitous Cauldron,4863.7,85 keys,"4,863.70 ref, $148.34",10,misc,Level 1-100 Cauldron,31146,2026-07-21T22:54:09
14,Scorching Flames,Cool Capuchon,4863.7,85 keys,"4,863.70 ref, $148.34",23,misc,Level 1-100 Hood,31029,2026-07-21T22:54:09
14,Scorching Flames,Head Hedge,4863.7,85 keys,"4,863.70 ref, $148.34",57,misc,Level 1-100 Helmet,30978,2026-07-21T22:54:09
14,Scorching Flames,Hot Spaniel,4863.7,85 keys,"4,863.70 ref, $148.34",24,misc,Level 1-100 Hat,31497,2026-07-21T22:54:09
14,Scorching Flames,Nanobalaclava,4863.7,85 keys,"4,863.70 ref, $148.34",18,misc,Level 10 Hat,521,2026-07-21T22:54:09
14,Scorching Flames,Pom-Pommed Provocateur,4863.7,85 keys,"4,863.70 ref, $148.34",10,misc,Level 1-100 Mask,30072,2026-07-21T22:54:09
14,Scorching Flames,Sober Stuntman,4863.7,85 keys,"4,863.70 ref, $148.34",42,misc,Level 1-100 Helmet,255,2026-07-21T22:54:09
14,Scorching Flames,Squatter's Right,4863.7,85 keys,"4,863.70 ref, $148.34",8,misc,Level 1-100 Hat,31267,2026-07-21T22:54:09
14,Scorching Flames,Virtual Reality Headset,4863.7,80–90 keys,"4,863.70 ref, $148.34",17,misc,Level 10 Headset,628,2026-07-21T22:54:09
14,Scorching Flames,Human Cannonball,4835.09,84–85 keys,"4,835.09 ref, $147.47",49,misc,Level 1-100 Helmet,817,2026-07-21T22:54:09
14,Scorching Flames,Napoleon Complex,4806.48,84 keys,"4,806.48 ref, $146.60",14,misc,Level 1-100 Hat,30360,2026-07-21T22:54:09
14,Scorching Flames,Prussian Pickelhaube,4777.87,77–90 keys,"4,777.87 ref, $145.73",17,misc,Level 1-100 Helmet,50,2026-07-21T22:54:09
14,Scorching Flames,Phononaut,4749.26,83 keys,"4,749.26 ref, $144.85",6,misc,Level 1-100 Hat,30647,2026-07-21T22:54:09
14,Scorching Flames,German Gonzila,4606.21,77–84 keys,"4,606.21 ref, $140.49",40,misc,Level 1-100 Hat,323,2026-07-21T22:54:09
14,Scorching Flames,Bat Hat,4577.6,80 keys,"4,577.60 ref, $139.62",28,misc,Level 1-100 Hat,31058,2026-07-21T22:54:09
14,Scorching Flames,L'Inspecteur,4577.6,80 keys,"4,577.60 ref, $139.62",11,misc,Level 10 Hat,622,2026-07-21T22:54:09
14,Scorching Flames,Mighty Mitre,4577.6,75–85 keys,"4,577.60 ref, $139.62",72,misc,Level 1-100 Hat,31034,2026-07-21T22:54:09
14,Scorching Flames,Monsieur Grenouille,4577.6,80 keys,"4,577.60 ref, $139.62",10,misc,Level 1-100 Mascot,31280,2026-07-21T22:54:09
14,Scorching Flames,Respectless Rubber Glove,4520.38,79 keys,"4,520.38 ref, $137.87",39,misc,Level 1-100 Hat,102,2026-07-21T22:54:09
14,Scorching Flames,Sammy Cap,4520.38,79 keys,"4,520.38 ref, $137.87",8,misc,Level 1-100 Hat,30374,2026-07-21T22:54:09
14,Scorching Flames,Scout Shako,4520.38,79 keys,"4,520.38 ref, $137.87",24,misc,Level 1-100 Hat,30326,2026-07-21T22:54:09
14,Scorching Flames,Witch Doctor,4463.16,78 keys,"4,463.16 ref, $136.13",17,misc,Level 1-100 Hat,31475,2026-07-21T22:54:09
14,Scorching Flames,Tsarboosh,4434.55,75–80 keys,"4,434.55 ref, $135.25",20,misc,Level 1-100 Hat,30081,2026-07-21T22:54:09
14,Scorching Flames,Highway Star,4405.94,77 keys,"4,405.94 ref, $134.38",16,misc,Level 1-100 Bandana,31010,2026-07-21T22:54:09
14,Scorching Flames,Mannhattan Protect,4405.94,77 keys,"4,405.94 ref, $134.38",7,misc,Level 1-100 Hat,31484,2026-07-21T22:54:09
14,Scorching Flames,Scotch Bonnet,4405.94,77 keys,"4,405.94 ref, $134.38",19,misc,Level 1-100 Headgear,306,2026-07-21T22:54:09
14,Scorching Flames,Yule Hog,4377.33,72–81 keys,"4,377.33 ref, $133.51",29,misc,Level 1-100 Pork Product,31087,2026-07-21T22:54:09
14,Scorching Flames,Towering Pillar of Hats,4348.72,70–82 keys,"4,348.72 ref, $132.64",146,misc,Level 1-100 Hat,135,2026-07-21T22:54:09
14,Scorching Flames,Bottle Cap,4291.5,75 keys,"4,291.50 ref, $130.89",24,misc,Level 1-100 Hat,31042,2026-07-21T22:54:09
14,Scorching Flames,Daring Dell,4291.5,75 keys,"4,291.50 ref, $130.89",11,misc,Level 1-100 Helmet,31445,2026-07-21T22:54:09
14,Scorching Flames,Dead Cone,4291.5,75 keys,"4,291.50 ref, $130.89",12,misc,Level 1-100 Hat,435,2026-07-21T22:54:09
14,Scorching Flames,Hawaiian Hunter,4291.5,70–80 keys,"4,291.50 ref, $130.89",98,misc,Level 1-100 Hat,31271,2026-07-21T22:54:09
14,Scorching Flames,Pyro's Boron Beanie,4291.5,75 keys,"4,291.50 ref, $130.89",11,misc,Level 1-100 Hat,30040,2026-07-21T22:54:09
14,Scorching Flames,Semi-Tame Trapper's Hat,4291.5,75 keys,"4,291.50 ref, $130.89",4,misc,Level 1-100 Mascot,31147,2026-07-21T22:54:09
14,Scorching Flames,Sky High Fly Guy,4291.5,75 keys,"4,291.50 ref, $130.89",118,misc,Level 1-100 Hat,30984,2026-07-21T22:54:09
14,Scorching Flames,Toy Tailor,4291.5,75 keys,"4,291.50 ref, $130.89",4,misc,Level 1-100 Hat,30327,2026-07-21T22:54:09
14,Scorching Flames,Puffy Polar Cap,4262.89,72–77 keys,"4,262.89 ref, $130.02",32,misc,Level 1-100 Hat,30958,2026-07-21T22:54:09
14,Scorching Flames,Tough Guy's Toque,4262.89,72–77 keys,"4,262.89 ref, $130.02",24,misc,Level 1-100 Hat,97,2026-07-21T22:54:09
14,Scorching Flames,Kiss King,4234.28,60–88 keys,"4,234.28 ref, $129.15",82,misc,Level 1-100 Hat,30313,2026-07-21T22:54:09
14,Scorching Flames,Convict Cap,4177.06,73 keys,"4,177.06 ref, $127.40",22,misc,Level 1-100 Hat,31080,2026-07-21T22:54:09
14,Scorching Flames,Counterfeit Billycock,4177.06,65–81 keys,"4,177.06 ref, $127.40",14,misc,Level 10 Hat,602,2026-07-21T22:54:09
14,Scorching Flames,Stately Steel Toe,4177.06,60–86 keys,"4,177.06 ref, $127.40",19,misc,Level 1-100 Hat,481,2026-07-21T22:54:09
14,Scorching Flames,Base Metal Billycock,4119.84,72 keys,"4,119.84 ref, $125.66",10,misc,Level 1-100 Hat,30007,2026-07-21T22:54:09
14,Scorching Flames,Hazard Headgear,4119.84,72 keys,"4,119.84 ref, $125.66",8,misc,Level 1-100 Hat,31115,2026-07-21T22:54:09
14,Scorching Flames,Hot Dogger,4119.84,64–80 keys,"4,119.84 ref, $125.66",53,misc,Level 10 Hat,614,2026-07-21T22:54:09
14,Scorching Flames,Bloke's Bucket Hat,4062.62,67–75 keys,"4,062.62 ref, $123.91",29,misc,Level 1-100 Hat,181,2026-07-21T22:54:09
14,Scorching Flames,Larrikin Robin,4062.62,71 keys,"4,062.62 ref, $123.91",35,misc,Level 1-100 Hat,314,2026-07-21T22:54:09
14,Scorching Flames,Jolly Jingler,4005.4,70 keys,"4,005.40 ref, $122.16",20,misc,Level 1-100 Hat,31165,2026-07-21T22:54:09
14,Scorching Flames,Ye Oiled Baker Boy,3976.79,64–75 keys,"3,976.79 ref, $121.29",30,misc,Level 1-100 Hat,30019,2026-07-21T22:54:09
14,Scorching Flames,Nightcap,3948.18,69 keys,"3,948.18 ref, $120.42",18,misc,Level 1-100 Hat,31422,2026-07-21T22:54:09
14,Scorching Flames,Connoisseur's Cap,3919.57,64–73 keys,"3,919.57 ref, $119.55",18,misc,Level 1-100 Hat,394,2026-07-21T22:54:09
14,Scorching Flames,Bonk Leadwear,3862.35,59–76 keys,"3,862.35 ref, $117.80",15,misc,Level 1-100 Helmet,30030,2026-07-21T22:54:09
14,Scorching Flames,Backbreaker's Skullcracker,3833.74,67 keys,"3,833.74 ref, $116.93",19,misc,Level 1-100 Helmet,31038,2026-07-21T22:54:09
14,Scorching Flames,Throttlehead,3833.74,64–70 keys,"3,833.74 ref, $116.93",116,misc,Level 1-100 Hat,31282,2026-07-21T22:54:09
14,Scorching Flames,Wing Mann,3833.74,67 keys,"3,833.74 ref, $116.93",6,misc,Level 1-100 Hat,30809,2026-07-21T22:54:09
14,Scorching Flames,Soft Hard Hat,3776.52,66 keys,"3,776.52 ref, $115.18",16,misc,Level 1-100 Hat,31331,2026-07-21T22:54:09
14,Scorching Flames,Broadband Bonnet,3719.3,60–70 keys,"3,719.30 ref, $113.44",12,misc,Level 1-100 Hat,30029,2026-07-21T22:54:09
14,Scorching Flames,Coupe D'isaster,3719.3,65 keys,"3,719.30 ref, $113.44",49,misc,Level 1-100 Hair,330,2026-07-21T22:54:09
14,Scorching Flames,Madame Dixie,3719.3,65 keys,"3,719.30 ref, $113.44",29,misc,Level 1-100 Hat,321,2026-07-21T22:54:09
14,Scorching Flames,Second-Head Headwear,3719.3,65 keys,"3,719.30 ref, $113.44",7,misc,Level 1-100 Hat,31214,2026-07-21T22:54:09
14,Scorching Flames,Trencher's Topper,3719.3,65 keys,"3,719.30 ref, $113.44",16,misc,Level 1-100 Helmet,30336,2026-07-21T22:54:09
14,Scorching Flames,Balkans Brute,3662.08,64 keys,"3,662.08 ref, $111.69",22,misc,Level 1-100 Hat,31434,2026-07-21T22:54:09
14,Scorching Flames,Commando Elite,3662.08,64 keys,"3,662.08 ref, $111.69",33,misc,Level 1-100 Helmet,30912,2026-07-21T22:54:09
14,Scorching Flames,Conquistador,3662.08,64 keys,"3,662.08 ref, $111.69",11,misc,Level 1-100 Helmet,721,2026-07-21T22:54:09
14,Scorching Flames,Firestalker,3662.08,64 keys,"3,662.08 ref, $111.69",18,misc,Level 1-100 Hat,31359,2026-07-21T22:54:09
14,Scorching Flames,Handyman's Handle,3662.08,64 keys,"3,662.08 ref, $111.69",30,misc,Level 1-100 Hat,253,2026-07-21T22:54:09
14,Scorching Flames,Platinum Pickelhaube,3662.08,64 keys,"3,662.08 ref, $111.69",10,misc,Level 1-100 Helmet,30042,2026-07-21T22:54:09
14,Scorching Flames,Trash Man,3662.08,64 keys,"3,662.08 ref, $111.69",12,misc,Level 1-100 Hat,30346,2026-07-21T22:54:09
14,Scorching Flames,Pampered Pyro,3604.86,63 keys,"3,604.86 ref, $109.95",15,misc,Level 1-100 Towel,30139,2026-07-21T22:54:09
14,Scorching Flames,Polar Bear,3604.86,63 keys,"3,604.86 ref, $109.95",58,misc,Level 1-100 Hat,30964,2026-07-21T22:54:09
14,Scorching Flames,FR-0,3547.64,60–64 keys,"3,547.64 ref, $108.20",15,misc,Level 1-100 Hat,30016,2026-07-21T22:54:09
14,Scorching Flames,Fried Batter,3547.64,62 keys,"3,547.64 ref, $108.20",52,misc,Level 1-100 Hat,31197,2026-07-21T22:54:09
14,Scorching Flames,Bolted Birdcage,3519.03,60–63 keys,"3,519.03 ref, $107.33",9,misc,Level 1-100 Hat,30057,2026-07-21T22:54:09
14,Scorching Flames,Blast Bowl,3490.42,61 keys,"3,490.42 ref, $106.46",21,misc,Level 1-100 Helmet,31371,2026-07-21T22:54:09
14,Scorching Flames,Crimbo Cap,3490.42,61 keys,"3,490.42 ref, $106.46",19,misc,Level 1-100 Hat,31505,2026-07-21T22:54:09
14,Scorching Flames,Noble Nickel Amassment of Hats,3490.42,57–65 keys,"3,490.42 ref, $106.46",90,misc,Level 1-100 Hat,30006,2026-07-21T22:54:09
14,Scorching Flames,Titanium Tyrolean,3461.81,56–65 keys,"3,461.81 ref, $105.59",12,misc,Level 1-100 Hat,30045,2026-07-21T22:54:09
14,Scorching Flames,Arctic Mole,3433.2,56–64 keys,"3,433.20 ref, $104.71",17,misc,Level 1-100 Hat,31333,2026-07-21T22:54:09
14,Scorching Flames,Buckaroo's Hat,3433.2,60 keys,"3,433.20 ref, $104.71",35,misc,Level 1-100 Hat,322,2026-07-21T22:54:09
14,Scorching Flames,El Mostacho,3433.2,60 keys,"3,433.20 ref, $104.71",33,misc,Level 1-100 Hat,31074,2026-07-21T22:54:09
14,Scorching Flames,Electric Escorter,3433.2,60 keys,"3,433.20 ref, $104.71",14,misc,Level 1-100 Hat,30025,2026-07-21T22:54:09
14,Scorching Flames,Halogen Head Lamp,3433.2,60 keys,"3,433.20 ref, $104.71",13,misc,Level 1-100 Hat,30041,2026-07-21T22:54:09
14,Scorching Flames,Misdirector,3433.2,60 keys,"3,433.20 ref, $104.71",3,misc,Level 1-100 Hat,31566,2026-07-21T22:54:09
14,Scorching Flames,Prancer's Pride,3433.2,60 keys,"3,433.20 ref, $104.71",24,misc,Level 1-100 Hat,318,2026-07-21T22:54:09
14,Scorching Flames,Pugilist's Protector,3433.2,60 keys,"3,433.20 ref, $104.71",26,misc,Level 1-100 Headgear,246,2026-07-21T22:54:09
14,Scorching Flames,Roaming Roman,3433.2,60 keys,"3,433.20 ref, $104.71",48,misc,Level 1-100 Hat,31198,2026-07-21T22:54:09
14,Scorching Flames,Crack Pot,3375.98,59 keys,"3,375.98 ref, $102.97",29,misc,Level 1-100 Flower Pot,31024,2026-07-21T22:54:09
14,Scorching Flames,Hunk of Monk,3375.98,59 keys,"3,375.98 ref, $102.97",3,misc,Level 1-100 Hair,31525,2026-07-21T22:54:09
14,Scorching Flames,Barnstormer,3318.76,58 keys,"3,318.76 ref, $101.22",9,misc,Level 1-100 Hat,988,2026-07-21T22:54:09
14,Scorching Flames,Backbiter's Billycock,3261.54,54–60 keys,"3,261.54 ref, $99.48",29,misc,Level 1-100 Hat,108,2026-07-21T22:54:09
14,Scorching Flames,Thunder Dome,3261.54,50–64 keys,"3,261.54 ref, $99.48",17,misc,Level 1-100 Helmet,31391,2026-07-21T22:54:09
14,Scorching Flames,Wild Brim Slouch,3261.54,57 keys,"3,261.54 ref, $99.48",36,misc,Level 1-100 Hat,31192,2026-07-21T22:54:09
14,Scorching Flames,Aimframe,3232.93,48–65 keys,"3,232.93 ref, $98.60",16,misc,Level 1-100 Helmet,31458,2026-07-21T22:54:09
14,Scorching Flames,Towering Titanium Pillar of Hats,3232.93,53–60 keys,"3,232.93 ref, $98.60",68,misc,Level 1-100 Hat,30008,2026-07-21T22:54:09
14,Scorching Flames,Splitting Headache,3204.32,56 keys,"3,204.32 ref, $97.73",12,misc,Level 1-100 Headache,31390,2026-07-21T22:54:09
14,Scorching Flames,Copper's Hard Top,3147.1,55 keys,"3,147.10 ref, $95.99",23,misc,Level 1-100 Helmet,478,2026-07-21T22:54:09
14,Scorching Flames,Dread Knot,3147.1,55 keys,"3,147.10 ref, $95.99",20,misc,Level 1-100 Hair,358,2026-07-21T22:54:09
14,Scorching Flames,Plug-In Prospector,3147.1,55 keys,"3,147.10 ref, $95.99",11,misc,Level 1-100 Hat,30031,2026-07-21T22:54:09
14,Scorching Flames,Trucker's Topper,3147.1,50–60 keys,"3,147.10 ref, $95.99",52,misc,Level 1-100 Hat,30930,2026-07-21T22:54:09
14,Scorching Flames,Frostbite Bonnet,3089.88,54 keys,"3,089.88 ref, $94.24",3,misc,Level 1-100 Hat,31337,2026-07-21T22:54:09
14,Scorching Flames,Letch's LED,3089.88,54 keys,"3,089.88 ref, $94.24",15,misc,Level 1-100 Hat,30002,2026-07-21T22:54:09
14,Scorching Flames,Bootleg Base Metal Billycock,3032.66,53 keys,"3,032.66 ref, $92.50",11,misc,Level 1-100 Hat,30047,2026-07-21T22:54:09
14,Scorching Flames,Crabe de Chapeau,3032.66,53 keys,"3,032.66 ref, $92.50",19,misc,Level 1-100 Hat,31109,2026-07-21T22:54:09
14,Scorching Flames,Snack Stack,3032.66,51–55 keys,"3,032.66 ref, $92.50",30,misc,Level 1-100 Snack,31190,2026-07-21T22:54:09
14,Scorching Flames,Magnificent Mongolian,2975.44,49–55 keys,"2,975.44 ref, $90.75",43,misc,Level 1-100 Hat,313,2026-07-21T22:54:09
14,Scorching Flames,Ol' Snaggletooth,2975.44,52 keys,"2,975.44 ref, $90.75",16,misc,Level 1-100 Hat,229,2026-07-21T22:54:09
14,Scorching Flames,Toy Soldier,2975.44,52 keys,"2,975.44 ref, $90.75",88,misc,Level 1-100 Hat,30316,2026-07-21T22:54:09
14,Scorching Flames,Big Elfin Deal,2946.83,50–53 keys,"2,946.83 ref, $89.88",21,misc,Level 1-100 Hat,652,2026-07-21T22:54:09
14,Scorching Flames,Smokey Sombrero,2946.83,50–53 keys,"2,946.83 ref, $89.88",7,misc,Level 1-100 Hat,30682,2026-07-21T22:54:09
14,Scorching Flames,Undercover Brolly,2946.83,48–55 keys,"2,946.83 ref, $89.88",48,misc,Level 1-100 Hat,31262,2026-07-21T22:54:09
14,Scorching Flames,Elf Care Provider,2918.22,51 keys,"2,918.22 ref, $89.01",18,misc,Level 1-100 Hat,31176,2026-07-21T22:54:09
14,Scorching Flames,Firearm Protector,2918.22,42–60 keys,"2,918.22 ref, $89.01",23,misc,Level 1-100 Hat,31310,2026-07-21T22:54:09
14,Scorching Flames,Shutterbug,2918.22,51 keys,"2,918.22 ref, $89.01",21,misc,Level 1-100 Hat,31048,2026-07-21T22:54:09
14,Scorching Flames,Bombard Brigadier,2861,50 keys,"2,861.00 ref, $87.26",11,misc,Level 1-100 Hat,31309,2026-07-21T22:54:09
14,Scorching Flames,Cadaver's Cranium,2861,50 keys,"2,861.00 ref, $87.26",10,misc,Level 31 Hat,290,2026-07-21T22:54:09
14,Scorching Flames,Janissary Ketche,2861,50 keys,"2,861.00 ref, $87.26",22,misc,Level 1-100 Hat,437,2026-07-21T22:54:09
14,Scorching Flames,Tungsten Toque,2861,50 keys,"2,861.00 ref, $87.26",9,misc,Level 1-100 Hat,30049,2026-07-21T22:54:09
14,Scorching Flames,Physician's Protector,2803.78,43–55 keys,"2,803.78 ref, $85.52",7,misc,Level 1-100 Helmet,30625,2026-07-21T22:54:09
14,Scorching Flames,Blitzen Bowl,2775.17,44–53 keys,"2,775.17 ref, $84.64",9,misc,Level 1-100 Hat,31175,2026-07-21T22:54:09
14,Scorching Flames,Epilogue Locks,2746.56,41–55 keys,"2,746.56 ref, $83.77",74,misc,Level 1-100 Hair,31593,2026-07-21T22:54:09
14,Scorching Flames,Bot Dogger,2689.34,47 keys,"2,689.34 ref, $82.02",86,misc,Level 1-100 Hat,30018,2026-07-21T22:54:09
14,Scorching Flames,Mann-O-War,2632.12,46 keys,"2,632.12 ref, $80.28",34,misc,Level 1-100 Hat,31008,2026-07-21T22:54:09
14,Scorching Flames,Brain Interface,2574.9,43–47 keys,"2,574.90 ref, $78.53",22,misc,Level 1-100 Cosmetic Augmentation,31049,2026-07-21T22:54:09
14,Scorching Flames,Pure Tin Capotain,2574.9,45 keys,"2,574.90 ref, $78.53",14,misc,Level 1-100 Hat,30021,2026-07-21T22:54:09
14,Scorching Flames,Western Wear,2574.9,45 keys,"2,574.90 ref, $78.53",20,misc,Level 1-100 Hat,379,2026-07-21T22:54:09
14,Scorching Flames,Plumber's Pipe,2517.68,44 keys,"2,517.68 ref, $76.79",10,misc,Level 1-100 Hat,30022,2026-07-21T22:54:09
14,Scorching Flames,Hephaistos' Handcraft,2460.46,40–46 keys,"2,460.46 ref, $75.04",11,misc,Level 1-100 Helmet,31000,2026-07-21T22:54:09
14,Scorching Flames,Telefragger Toque,2460.46,43 keys,"2,460.46 ref, $75.04",10,misc,Level 1-100 Hat,31098,2026-07-21T22:54:09
14,Scorching Flames,Carouser's Capotain,2403.24,42 keys,"2,403.24 ref, $73.30",30,misc,Level 1-100 Hat,259,2026-07-21T22:54:09
14,Scorching Flames,Missing Piece,2403.24,40–44 keys,"2,403.24 ref, $73.30",29,misc,Level 1-100 Hat,31101,2026-07-21T22:54:09
14,Scorching Flames,Airdog,2374.63,40–43 keys,"2,374.63 ref, $72.43",84,misc,Level 1-100 Helmet,30767,2026-07-21T22:54:09
14,Scorching Flames,A Head Full of Hot Air,2346.02,40–42 keys,"2,346.02 ref, $71.55",30,misc,Level 1-100 Hat,30662,2026-07-21T22:54:09
14,Scorching Flames,Outdoorsman,2317.41,33–48 keys,"2,317.41 ref, $70.68",15,misc,Level 10 Hat,603,2026-07-21T22:54:09
14,Scorching Flames,Tank Top,2317.41,32–49 keys,"2,317.41 ref, $70.68",18,misc,Level 1-100 Helmet,31002,2026-07-21T22:54:09
14,Scorching Flames,Cattleman's Kettle,2288.8,40 keys,"2,288.80 ref, $69.81",10,misc,Level 1-100 Helmet,31523,2026-07-21T22:54:09
14,Scorching Flames,Gym Rat,2288.8,40 keys,"2,288.80 ref, $69.81",8,misc,Level 10 Hair,613,2026-07-21T22:54:09
14,Scorching Flames,Respectless Robo-Glove,2288.8,40 keys,"2,288.80 ref, $69.81",11,misc,Level 1-100 Hat,30039,2026-07-21T22:54:09
14,Scorching Flames,Shooter's Tin Topi,2288.8,40 keys,"2,288.80 ref, $69.81",9,misc,Level 1-100 Hat,30005,2026-07-21T22:54:09
14,Scorching Flames,Steel Shako,2260.19,39–40 keys,"2,260.19 ref, $68.94",16,misc,Level 1-100 Hat,30017,2026-07-21T22:54:09
14,Scorching Flames,Spiky Viking,2202.97,37–40 keys,"2,202.97 ref, $67.19",64,misc,Level 1-100 Helmet,31100,2026-07-21T22:54:09
14,Scorching Flames,Fat Man's Field Cap,2174.36,35–41 keys,"2,174.36 ref, $66.32",48,misc,Level 1-100 Hat,30911,2026-07-21T22:54:09
14,Scorching Flames,Killing Tree,2174.36,38 keys,"2,174.36 ref, $66.32",13,misc,Level 1-100 Hat,31181,2026-07-21T22:54:09
14,Scorching Flames,Elf Defense,2117.14,37 keys,"2,117.14 ref, $64.57",9,misc,Level 1-100 Hat,31256,2026-07-21T22:54:09
14,Scorching Flames,Ol' Geezer,2088.53,36–37 keys,"2,088.53 ref, $63.70",17,misc,Level 1-100 Hat,399,2026-07-21T22:54:09
14,Scorching Flames,Cyborg Stunt Helmet,2059.92,31–41 keys,"2,059.92 ref, $62.83",14,misc,Level 1-100 Helmet,30024,2026-07-21T22:54:09
14,Scorching Flames,Head of Defense,2059.92,36 keys,"2,059.92 ref, $62.83",19,misc,Level 1-100 Hat,31114,2026-07-21T22:54:09
14,Scorching Flames,Hetman's Headpiece,2031.31,33–38 keys,"2,031.31 ref, $61.95",17,misc,Level 1-100 Hat,436,2026-07-21T22:54:09
14,Scorching Flames,Melted Mop,2031.31,34–37 keys,"2,031.31 ref, $61.95",23,misc,Level 1-100 Ice Cream Cone,31041,2026-07-21T22:54:09
14,Scorching Flames,Doctor's Sack,2002.7,31–39 keys,"2,002.70 ref, $61.08",15,misc,Level 1-100 Hat,398,2026-07-21T22:54:09
14,Scorching Flames,Train of Thought,2002.7,30–40 keys,"2,002.70 ref, $61.08",3,misc,Level 1-100 Hat,31254,2026-07-21T22:54:09
14,Scorching Flames,Elf Esteem,1945.48,34 keys,"1,945.48 ref, $59.34",128,misc,Level 1-100 Hat,30836,2026-07-21T22:54:09
14,Scorching Flames,Strontium Stove Pipe,1945.48,34 keys,"1,945.48 ref, $59.34",8,misc,Level 1-100 Hat,30037,2026-07-21T22:54:09
14,Scorching Flames,Bombing Run,1888.26,32–34 keys,"1,888.26 ref, $57.59",31,misc,Level 1-100 Helmet,249,2026-07-21T22:54:09
14,Scorching Flames,Festive Cover-Up,1888.26,33 keys,"1,888.26 ref, $57.59",9,misc,Level 1-100 Hat,31257,2026-07-21T22:54:09
14,Scorching Flames,Brain-Warming Wear,1859.65,32–33 keys,"1,859.65 ref, $56.72",106,misc,Level 1-100 Hat,30827,2026-07-21T22:54:09
14,Scorching Flames,Bulb Bonnet,1859.65,30–35 keys,"1,859.65 ref, $56.72",22,misc,Level 1-100 Hat,31335,2026-07-21T22:54:09
14,Scorching Flames,Shooter's Sola Topi,1859.65,30–35 keys,"1,859.65 ref, $56.72",36,misc,Level 1-100 Helmet,158,2026-07-21T22:54:09
14,Scorching Flames,Bazaar Bauble,1630.77,27–30 keys,"1,630.77 ref, $49.74",38,misc,Level 1-100 Hat,31112,2026-07-21T22:54:09
14,Scorching Flames,Glow from Below,1630.77,28–29 keys,"1,630.77 ref, $49.74",4,misc,Level 1-100 Fish,31149,2026-07-21T22:54:09
14,Scorching Flames,Gridiron Guardian,1544.94,27 keys,"1,544.94 ref, $47.12",18,misc,Level 1-100 Helmet,30013,2026-07-21T22:54:09
14,Scorching Flames,Archer's Sterling,1459.11,22–29 keys,"1,459.11 ref, $44.50",20,misc,Level 1-100 Helmet,30874,2026-07-21T22:54:09
14,Scorching Flames,Hard Counter,1316.06,21–25 keys,"1,316.06 ref, $40.14",31,misc,Level 1-100 Hat,254,2026-07-21T22:54:09
14,Scorching Flames,Balloonihoodie,0,,,1,misc,Level 1-100 Hood,30928,2026-07-21T22:54:09
14,Scorching Flames,Dumb Bell,0,,,3,misc,Level 1-100 Bell,31035,2026-07-21T22:54:09
14,Scorching Flames,Fur-Lined Fighter,0,,,11,misc,Level 1-100 Hat,30545,2026-07-21T22:54:09
14,Scorching Flames,Pyromancer's Hood,0,,,1,misc,Level 1-100 Hood,30580,2026-07-21T22:54:09
14,Scorching Flames,Reindoonihorns,0,,,2,misc,Level 1-100 Hat,31249,2026-07-21T22:54:09
96,Voltaic Hat Protector,Corona Australis,160216,2800 keys,"160,216.00 ref, $4886.59",2,misc,Level 1-100 Cosmetic Augmentation,30648,2026-07-21T22:54:09
96,Voltaic Hat Protector,Sucker Slug,57220,1000 keys,"57,220.00 ref, $1745.21",4,misc,Level 1-100 Hat,30653,2026-07-21T22:54:09
96,Voltaic Hat Protector,Captain Space Mann,46920.4,760–880 keys,"46,920.40 ref, $1431.07",18,misc,Level 1-100 Helmet,30646,2026-07-21T22:54:09
96,Voltaic Hat Protector,Phononaut,1888.26,33 keys,"1,888.26 ref, $57.59",92,misc,Level 1-100 Hat,30647,2026-07-21T22:54:09
96,Voltaic Hat Protector,Universal Translator,1173.01,19–22 keys,"1,173.01 ref, $35.78",486,misc,Level 1-100 Hat,30658,2026-07-21T22:54:09
96,Voltaic Hat Protector,A Head Full of Hot Air,486.37,8–9 keys,"486.37 ref, $14.83",175,misc,Level 1-100 Hat,30662,2026-07-21T22:54:09
75,Chiroptera Venenata,Bonk Boy,354764,6200 keys,"354,764.00 ref, $10820.30",1,misc,Level 1-100 Mask,451,2026-07-21T22:54:09
75,Chiroptera Venenata,War Pig,351903,6150 keys,"351,903.00 ref, $10733.04",2,misc,Level 1-100 Headgear,829,2026-07-21T22:54:09
75,Chiroptera Venenata,Pyromancer's Mask,243185,3650–4850 keys,"243,185.00 ref, $7417.14",3,misc,Level 1-100 Mask,316,2026-07-21T22:54:09
75,Chiroptera Venenata,Brainiac Hairpiece,194548,3400 keys,"194,548.00 ref, $5933.71",1,misc,Level 1-100 Facial Hair,590,2026-07-21T22:54:09
75,Chiroptera Venenata,Cotton Head,185965,3250 keys,"185,965.00 ref, $5671.93",3,misc,Level 1-100 Hat,30175,2026-07-21T22:54:09
75,Chiroptera Venenata,Well-Rounded Rifleman,171660,3000 keys,"171,660.00 ref, $5235.63",1,misc,Level 1-100 Hat,30067,2026-07-21T22:54:09
75,Chiroptera Venenata,Tough Stuff Muffs,131606,2300 keys,"131,606.00 ref, $4013.98",1,misc,Level 1-100 Hat,984,2026-07-21T22:54:09
75,Chiroptera Venenata,Brown Bomber,123023,2150 keys,"123,023.00 ref, $3752.20",1,misc,Level 1-100 Hat,671,2026-07-21T22:54:09
75,Chiroptera Venenata,Flamboyant Flamenco,105857,1850 keys,"105,857.00 ref, $3228.64",3,misc,Level 10 Hat,627,2026-07-21T22:54:09
75,Chiroptera Venenata,Conjurer's Cowl,95843.5,1675 keys,"95,843.50 ref, $2923.23",3,misc,Level 1-100 Hood,465,2026-07-21T22:54:09
75,Chiroptera Venenata,Large Luchador,91552,1600 keys,"91,552.00 ref, $2792.34",3,misc,Level 1-100 Mask,380,2026-07-21T22:54:09
75,Chiroptera Venenata,Killer's Kabuto,90836.75,1500–1675 keys,"90,836.75 ref, $2770.52",4,misc,Level 1-100 Helmet,152,2026-07-21T22:54:09
75,Chiroptera Venenata,Rotation Sensation,85830,1500 keys,"85,830.00 ref, $2617.82",3,misc,Level 1-100 Hat,30623,2026-07-21T22:54:09
75,Chiroptera Venenata,Company Man,80108,1400 keys,"80,108.00 ref, $2443.29",2,misc,Level 10 Hat,523,2026-07-21T22:54:09
75,Chiroptera Venenata,Dragonborn Helmet,80108,1400 keys,"80,108.00 ref, $2443.29",1,misc,Level 10 Helmet,517,2026-07-21T22:54:09
75,Chiroptera Venenata,Flipped Trilby,77247,1350 keys,"77,247.00 ref, $2356.03",1,misc,Level 1-100 Hat,324,2026-07-21T22:54:09
75,Chiroptera Venenata,Chieftain's Challenge,71525,1250 keys,"71,525.00 ref, $2181.51",1,misc,Level 1-100 Hat,250,2026-07-21T22:54:09
75,Chiroptera Venenata,Crone's Dome,71525,1250 keys,"71,525.00 ref, $2181.51",0,misc,Level 1-100 Hat,920,2026-07-21T22:54:09
75,Chiroptera Venenata,Soldier's Slope Scopers,71525,1250 keys,"71,525.00 ref, $2181.51",3,misc,Level 1-100 Hat,980,2026-07-21T22:54:09
75,Chiroptera Venenata,Charmer's Chapeau,68664,1200 keys,"68,664.00 ref, $2094.25",3,misc,Level 1-100 Hat,397,2026-07-21T22:54:09
75,Chiroptera Venenata,Classy Capper,68664,1200 keys,"68,664.00 ref, $2094.25",4,misc,Level 1-100 Hat,30893,2026-07-21T22:54:09
75,Chiroptera Venenata,Tyrant's Helm,68664,1200 keys,"68,664.00 ref, $2094.25",4,misc,Level 1-100 Helmet,99,2026-07-21T22:54:09
75,Chiroptera Venenata,Furious Fukaamigasa,65803,1150 keys,"65,803.00 ref, $2006.99",3,misc,Level 1-100 Hat,395,2026-07-21T22:54:09
75,Chiroptera Venenata,Troublemaker's Tossle Cap,65803,1150 keys,"65,803.00 ref, $2006.99",2,misc,Level 1-100 Hat,150,2026-07-21T22:54:09
75,Chiroptera Venenata,Napper's Respite,62942,1100 keys,"62,942.00 ref, $1919.73",3,misc,Level 1-100 Hat,248,2026-07-21T22:54:09
75,Chiroptera Venenata,Modest Pile of Hat,61797.6,1080 keys,"61,797.60 ref, $1884.83",2,misc,Level 1-100 Hat,139,2026-07-21T22:54:09
75,Chiroptera Venenata,Your Worst Nightmare,60653.2,1060 keys,"60,653.20 ref, $1849.92",3,misc,Level 10 Hair,600,2026-07-21T22:54:09
75,Chiroptera Venenata,Backbiter's Billycock,60081,1050 keys,"60,081.00 ref, $1832.47",1,misc,Level 1-100 Hat,108,2026-07-21T22:54:09
75,Chiroptera Venenata,Front Runner,60081,1050 keys,"60,081.00 ref, $1832.47",2,misc,Level 1-100 Hat,760,2026-07-21T22:54:09
75,Chiroptera Venenata,Master's Yellow Belt,57220,1000 keys,"57,220.00 ref, $1745.21",2,misc,Level 1-100 Hat,110,2026-07-21T22:54:09
75,Chiroptera Venenata,Nasty Norsemann,57220,1000 keys,"57,220.00 ref, $1745.21",1,misc,Level 1-100 Helmet,30810,2026-07-21T22:54:09
75,Chiroptera Venenata,Team Captain,57220,1000 keys,"57,220.00 ref, $1745.21",1,misc,Level 1-100 Hat,378,2026-07-21T22:54:09
75,Chiroptera Venenata,Towering Titanium Pillar of Hats,57220,1000 keys,"57,220.00 ref, $1745.21",1,misc,Level 1-100 Hat,30008,2026-07-21T22:54:09
75,Chiroptera Venenata,Milkman,54931.2,960 keys,"54,931.20 ref, $1675.40",1,misc,Level 1-100 Hat,219,2026-07-21T22:54:09
75,Chiroptera Venenata,Texas Ten Gallon,51784.1,905 keys,"51,784.10 ref, $1579.42",2,misc,Level 1-100 Hat,94,2026-07-21T22:54:09
75,Chiroptera Venenata,Honcho's Headgear,50811.36,888 keys,"50,811.36 ref, $1549.75",2,misc,Level 1-100 Hat,391,2026-07-21T22:54:09
75,Chiroptera Venenata,Anger,49352.25,825–900 keys,"49,352.25 ref, $1505.24",2,misc,Level 10 Hood,518,2026-07-21T22:54:09
75,Chiroptera Venenata,Familiar Fez,48637,850 keys,"48,637.00 ref, $1483.43",3,misc,Level 1-100 Hat,223,2026-07-21T22:54:09
75,Chiroptera Venenata,Bone Dome,46348.2,810 keys,"46,348.20 ref, $1413.62",2,misc,Level 1-100 Helmet,30162,2026-07-21T22:54:09
75,Chiroptera Venenata,Hunter in Darkness,45776,800 keys,"45,776.00 ref, $1396.17",0,misc,Level 1-100 Hat,30877,2026-07-21T22:54:09
75,Chiroptera Venenata,Liquidator's Lid,44631.6,780 keys,"44,631.60 ref, $1361.26",5,misc,Level 1-100 Hat,779,2026-07-21T22:54:09
75,Chiroptera Venenata,Data Mining Light,41141.18,719 keys,"41,141.18 ref, $1254.81",1,misc,Level 1-100 Helmet,30051,2026-07-21T22:54:09
75,Chiroptera Venenata,Baron von Havenaplane,40054,700 keys,"40,054.00 ref, $1221.65",3,misc,Level 1-100 Hat,30136,2026-07-21T22:54:09
75,Chiroptera Venenata,Powdered Practitioner,40054,700 keys,"40,054.00 ref, $1221.65",2,misc,Level 1-100 Hat,30069,2026-07-21T22:54:09
75,Chiroptera Venenata,Pure Tin Capotain,40054,700 keys,"40,054.00 ref, $1221.65",1,misc,Level 1-100 Hat,30021,2026-07-21T22:54:09
75,Chiroptera Venenata,Safe'n'Sound,40054,700 keys,"40,054.00 ref, $1221.65",2,misc,Level 1-100 Hat,178,2026-07-21T22:54:09
75,Chiroptera Venenata,Copper's Hard Top,38623.5,675 keys,"38,623.50 ref, $1178.02",2,misc,Level 1-100 Helmet,478,2026-07-21T22:54:09
75,Chiroptera Venenata,Grenadier's Softcap,38623.5,675 keys,"38,623.50 ref, $1178.02",2,misc,Level 1-100 Hat,227,2026-07-21T22:54:09
75,Chiroptera Venenata,Harmburg,38623.5,675 keys,"38,623.50 ref, $1178.02",2,misc,Level 1-100 Hat,30123,2026-07-21T22:54:09
75,Chiroptera Venenata,Smokey Sombrero,38051.3,665 keys,"38,051.30 ref, $1160.56",2,misc,Level 1-100 Hat,30682,2026-07-21T22:54:09
75,Chiroptera Venenata,Bolted Bicorne,37965.47,550–777 keys,"37,965.47 ref, $1157.95",2,misc,Level 1-100 Hat,30034,2026-07-21T22:54:09
75,Chiroptera Venenata,Détective Noir,37908.25,525–800 keys,"37,908.25 ref, $1156.20",1,misc,Level 1-100 Hat,319,2026-07-21T22:54:09
75,Chiroptera Venenata,Hat with No Name,37193,650 keys,"37,193.00 ref, $1134.39",2,misc,Level 10 Hat,631,2026-07-21T22:54:09
75,Chiroptera Venenata,Pirate Bandana,37193,650 keys,"37,193.00 ref, $1134.39",2,misc,Level 1-100 Hat,30180,2026-07-21T22:54:09
75,Chiroptera Venenata,Reggaelator,37193,650 keys,"37,193.00 ref, $1134.39",1,misc,Level 1-100 Hat,390,2026-07-21T22:54:09
75,Chiroptera Venenata,Head Warmer,36048.6,630 keys,"36,048.60 ref, $1099.48",1,misc,Level 1-100 Hat,644,2026-07-21T22:54:09
75,Chiroptera Venenata,Triboniophorus Tyrannus,35762.5,625 keys,"35,762.50 ref, $1090.76",3,misc,Level 1-100 Mascot,151,2026-07-21T22:54:09
75,Chiroptera Venenata,Slick Cut,35476.4,620 keys,"35,476.40 ref, $1082.03",4,misc,Level 1-100 Hair,30187,2026-07-21T22:54:09
75,Chiroptera Venenata,Caribbean Conqueror,34332,600 keys,"34,332.00 ref, $1047.13",3,misc,Level 1-100 Hat,30116,2026-07-21T22:54:09
75,Chiroptera Venenata,Frenchman's Beret,34332,600 keys,"34,332.00 ref, $1047.13",2,misc,Level 1-100 Hat,180,2026-07-21T22:54:09
75,Chiroptera Venenata,Private Eye,33616.75,525–650 keys,"33,616.75 ref, $1025.31",3,misc,Level 1-100 Hat,388,2026-07-21T22:54:09
75,Chiroptera Venenata,Gentleman's Ushanka,32901.5,575 keys,"32,901.50 ref, $1003.50",3,misc,Level 1-100 Hat,778,2026-07-21T22:54:09
75,Chiroptera Venenata,Vintage Merryweather,32615.4,570 keys,"32,615.40 ref, $994.77",3,misc,Level 1-100 Helmet,182,2026-07-21T22:54:09
75,Chiroptera Venenata,Virtual Reality Headset,32043.2,560 keys,"32,043.20 ref, $977.32",2,misc,Level 10 Headset,628,2026-07-21T22:54:09
75,Chiroptera Venenata,Law,31471,500–600 keys,"31,471.00 ref, $959.87",1,misc,Level 1-100 Hat,30362,2026-07-21T22:54:09
75,Chiroptera Venenata,Otolaryngologist's Mirror,31471,550 keys,"31,471.00 ref, $959.87",3,misc,Level 1-100 Hat,104,2026-07-21T22:54:09
75,Chiroptera Venenata,Texas Tin-Gallon,31471,550 keys,"31,471.00 ref, $959.87",2,misc,Level 1-100 Hat,30044,2026-07-21T22:54:09
75,Chiroptera Venenata,Greased Lightning,30040.5,525 keys,"30,040.50 ref, $916.24",1,misc,Level 1-100 Hair,30078,2026-07-21T22:54:09
75,Chiroptera Venenata,Western Wear,29754.4,520 keys,"29,754.40 ref, $907.51",4,misc,Level 1-100 Hat,379,2026-07-21T22:54:09
75,Chiroptera Venenata,Gentleman's Gatsby,29325.25,475–550 keys,"29,325.25 ref, $894.42",4,misc,Level 1-100 Hat,184,2026-07-21T22:54:09
75,Chiroptera Venenata,Bolted Birdcage,29010.54,507 keys,"29,010.54 ref, $884.82",2,misc,Level 1-100 Hat,30057,2026-07-21T22:54:09
75,Chiroptera Venenata,Bonk Helm,28610,500 keys,"28,610.00 ref, $872.61",2,misc,Level 1-100 Helmet,106,2026-07-21T22:54:09
75,Chiroptera Venenata,Bonk Leadwear,28610,450–550 keys,"28,610.00 ref, $872.61",2,misc,Level 1-100 Helmet,30030,2026-07-21T22:54:09
75,Chiroptera Venenata,Jumper's Jeepcap,28610,500 keys,"28,610.00 ref, $872.61",2,misc,Level 1-100 Hat,417,2026-07-21T22:54:09
75,Chiroptera Venenata,Surgeon's Stahlhelm,28610,500 keys,"28,610.00 ref, $872.61",1,misc,Level 10 Helmet,616,2026-07-21T22:54:09
75,Chiroptera Venenata,Tartan Spartan,28610,500 keys,"28,610.00 ref, $872.61",2,misc,Level 1-100 Helmet,30106,2026-07-21T22:54:09
75,Chiroptera Venenata,Virus Doctor,28610,500 keys,"28,610.00 ref, $872.61",2,misc,Level 1-100 Hat,30043,2026-07-21T22:54:09
75,Chiroptera Venenata,Hot Dogger,27465.6,395–565 keys,"27,465.60 ref, $837.70",3,misc,Level 10 Hat,614,2026-07-21T22:54:09
75,Chiroptera Venenata,Physician's Protector,27408.38,479 keys,"27,408.38 ref, $835.96",2,misc,Level 1-100 Helmet,30625,2026-07-21T22:54:09
75,Chiroptera Venenata,Bloke's Bucket Hat,27322.55,390–565 keys,"27,322.55 ref, $833.34",2,misc,Level 1-100 Hat,181,2026-07-21T22:54:09
75,Chiroptera Venenata,Halogen Head Lamp,27179.5,475 keys,"27,179.50 ref, $828.97",1,misc,Level 1-100 Hat,30041,2026-07-21T22:54:09
75,Chiroptera Venenata,Exquisite Rack,26664.52,466 keys,"26,664.52 ref, $813.27",1,misc,Level 1-100 Cosmetic Item,339,2026-07-21T22:54:09
75,Chiroptera Venenata,Bunsen Brave,26321.2,460 keys,"26,321.20 ref, $802.80",4,misc,Level 1-100 Hat,30054,2026-07-21T22:54:09
75,Chiroptera Venenata,Magnificent Mongolian,26321.2,460 keys,"26,321.20 ref, $802.80",3,misc,Level 1-100 Hat,313,2026-07-21T22:54:09
75,Chiroptera Venenata,Scotch Bonnet,25749,450 keys,"25,749.00 ref, $785.34",2,misc,Level 1-100 Headgear,306,2026-07-21T22:54:09
75,Chiroptera Venenata,Tam O' Shanter,24604.6,430 keys,"24,604.60 ref, $750.44",2,misc,Level 1-100 Hat,480,2026-07-21T22:54:09
75,Chiroptera Venenata,Gridiron Guardian,24261.28,424 keys,"24,261.28 ref, $739.97",3,misc,Level 1-100 Helmet,30013,2026-07-21T22:54:09
75,Chiroptera Venenata,Gym Rat,23746.3,415 keys,"23,746.30 ref, $724.26",4,misc,Level 10 Hair,613,2026-07-21T22:54:09
75,Chiroptera Venenata,Conquistador,23174.1,370–440 keys,"23,174.10 ref, $706.81",2,misc,Level 1-100 Helmet,721,2026-07-21T22:54:09
75,Chiroptera Venenata,Chill Chullo,22888,400 keys,"22,888.00 ref, $698.08",0,misc,Level 1-100 Hat,30748,2026-07-21T22:54:09
75,Chiroptera Venenata,Stainless Pot,22888,400 keys,"22,888.00 ref, $698.08",1,misc,Level 1-100 Hat,98,2026-07-21T22:54:09
75,Chiroptera Venenata,Commando Elite,22601.9,395 keys,"22,601.90 ref, $689.36",2,misc,Level 1-100 Helmet,30912,2026-07-21T22:54:09
75,Chiroptera Venenata,Hound Dog,22029.7,385 keys,"22,029.70 ref, $671.91",1,misc,Level 1-100 Hair,145,2026-07-21T22:54:09
75,Chiroptera Venenata,Strontium Stove Pipe,21743.6,355–405 keys,"21,743.60 ref, $663.18",5,misc,Level 1-100 Hat,30037,2026-07-21T22:54:09
75,Chiroptera Venenata,Outdoorsman,21171.4,370 keys,"21,171.40 ref, $645.73",1,misc,Level 10 Hat,603,2026-07-21T22:54:09
75,Chiroptera Venenata,Rimmed Raincatcher,21171.4,370 keys,"21,171.40 ref, $645.73",1,misc,Level 1-100 Hat,216,2026-07-21T22:54:09
75,Chiroptera Venenata,Respectless Robo-Glove,20770.86,363 keys,"20,770.86 ref, $633.51",3,misc,Level 1-100 Hat,30039,2026-07-21T22:54:09
75,Chiroptera Venenata,Big Chief,20599.2,320–400 keys,"20,599.20 ref, $628.28",2,misc,Level 1-100 Hat,309,2026-07-21T22:54:09
75,Chiroptera Venenata,Base Metal Billycock,20027,350 keys,"20,027.00 ref, $610.82",2,misc,Level 1-100 Hat,30007,2026-07-21T22:54:09
75,Chiroptera Venenata,Big Elfin Deal,20027,350 keys,"20,027.00 ref, $610.82",1,misc,Level 1-100 Hat,652,2026-07-21T22:54:09
75,Chiroptera Venenata,Plug-In Prospector,20027,350 keys,"20,027.00 ref, $610.82",2,misc,Level 1-100 Hat,30031,2026-07-21T22:54:09
75,Chiroptera Venenata,Galvanized Gibus,19454.8,340 keys,"19,454.80 ref, $593.37",2,misc,Level 1-100 Hat,30003,2026-07-21T22:54:09
75,Chiroptera Venenata,Scotsman's Stove Pipe,19454.8,340 keys,"19,454.80 ref, $593.37",1,misc,Level 1-100 Hat,120,2026-07-21T22:54:09
75,Chiroptera Venenata,Brain Bucket,19168.7,335 keys,"19,168.70 ref, $584.65",3,misc,Level 1-100 Hat,434,2026-07-21T22:54:09
75,Chiroptera Venenata,Belgian Detective,18310.4,320 keys,"18,310.40 ref, $558.47",1,misc,Level 1-100 Hat,30128,2026-07-21T22:54:09
75,Chiroptera Venenata,Respectless Rubber Glove,17938.47,268–359 keys,"17,938.47 ref, $547.12",3,misc,Level 1-100 Hat,102,2026-07-21T22:54:09
75,Chiroptera Venenata,Cloud Crasher,17166,300 keys,"17,166.00 ref, $523.56",1,misc,Level 1-100 Helmet,30071,2026-07-21T22:54:09
75,Chiroptera Venenata,Hard Counter,17166,300 keys,"17,166.00 ref, $523.56",2,misc,Level 1-100 Hat,254,2026-07-21T22:54:09
75,Chiroptera Venenata,Prancer's Pride,17166,300 keys,"17,166.00 ref, $523.56",1,misc,Level 1-100 Hat,318,2026-07-21T22:54:09
75,Chiroptera Venenata,Industrial Festivizer,16593.8,290 keys,"16,593.80 ref, $506.11",2,misc,Level 1-100 Hat,338,2026-07-21T22:54:09
75,Chiroptera Venenata,El Jefe,16021.6,280 keys,"16,021.60 ref, $488.66",2,misc,Level 10 Hat,539,2026-07-21T22:54:09
75,Chiroptera Venenata,Shellmet,15735.5,275 keys,"15,735.50 ref, $479.93",2,misc,Level 1-100 Helmet,30897,2026-07-21T22:54:09
75,Chiroptera Venenata,Dark Falkirk Helm,14877.2,260 keys,"14,877.20 ref, $453.75",2,misc,Level 1-100 Helmet,30357,2026-07-21T22:54:09
75,Chiroptera Venenata,Electric Escorter,14619.71,250–261 keys,"14,619.71 ref, $445.90",2,misc,Level 1-100 Hat,30025,2026-07-21T22:54:09
75,Chiroptera Venenata,Bombing Run,14305,250 keys,"14,305.00 ref, $436.30",3,misc,Level 1-100 Helmet,249,2026-07-21T22:54:09
75,Chiroptera Venenata,Bot Dogger,14305,250 keys,"14,305.00 ref, $436.30",3,misc,Level 1-100 Hat,30018,2026-07-21T22:54:09
75,Chiroptera Venenata,Letch's LED,14305,170–330 keys,"14,305.00 ref, $436.30",3,misc,Level 1-100 Hat,30002,2026-07-21T22:54:09
75,Chiroptera Venenata,Prince Tavish's Crown,14018.9,245 keys,"14,018.90 ref, $427.58",1,misc,Level 1-100 Hat,342,2026-07-21T22:54:09
75,Chiroptera Venenata,Timeless Topper,13732.8,240 keys,"13,732.80 ref, $418.85",1,misc,Level 1-100 Hat,30035,2026-07-21T22:54:09
75,Chiroptera Venenata,Doctor's Sack,13217.82,231 keys,"13,217.82 ref, $403.14",1,misc,Level 1-100 Hat,398,2026-07-21T22:54:09
75,Chiroptera Venenata,Le Party Phantom,13160.6,230 keys,"13,160.60 ref, $401.40",1,misc,Level 1-100 Mask,337,2026-07-21T22:54:09
75,Chiroptera Venenata,Deep Cover Operator,12874.5,225 keys,"12,874.50 ref, $392.67",1,misc,Level 1-100 Hat,30375,2026-07-21T22:54:09
75,Chiroptera Venenata,Counterfeit Billycock,12588.4,220 keys,"12,588.40 ref, $383.95",2,misc,Level 10 Hat,602,2026-07-21T22:54:09
75,Chiroptera Venenata,Ol' Snaggletooth,12588.4,220 keys,"12,588.40 ref, $383.95",1,misc,Level 1-100 Hat,229,2026-07-21T22:54:09
75,Chiroptera Venenata,Bootleg Base Metal Billycock,12416.74,217 keys,"12,416.74 ref, $378.71",1,misc,Level 1-100 Hat,30047,2026-07-21T22:54:09
75,Chiroptera Venenata,Vintage Tyrolean,11444,200 keys,"11,444.00 ref, $349.04",1,misc,Level 1-100 Hat,101,2026-07-21T22:54:09
75,Chiroptera Venenata,Glasgow Great Helm,10814.58,189 keys,"10,814.58 ref, $329.84",4,misc,Level 1-100 Helmet,30082,2026-07-21T22:54:09
75,Chiroptera Venenata,Das Gutenkutteharen,10070.72,176 keys,"10,070.72 ref, $307.16",1,misc,Level 1-100 Hair,30127,2026-07-21T22:54:09
75,Chiroptera Venenata,Pom-Pommed Provocateur,9727.4,170 keys,"9,727.40 ref, $296.69",2,misc,Level 1-100 Mask,30072,2026-07-21T22:54:09
75,Chiroptera Venenata,Firewall Helmet,8525.78,149 keys,"8,525.78 ref, $260.04",1,misc,Level 1-100 Helmet,30038,2026-07-21T22:54:09
75,Chiroptera Venenata,Little Buddy,8296.9,140–150 keys,"8,296.90 ref, $253.06",3,misc,Level 10 Hat,612,2026-07-21T22:54:09
75,Chiroptera Venenata,A Rather Festive Tree,7867.75,115–160 keys,"7,867.75 ref, $239.97",2,misc,Level 1-100 Hat,341,2026-07-21T22:54:09
75,Chiroptera Venenata,Pithy Professional,7667.48,134 keys,"7,667.48 ref, $233.86",2,misc,Level 1-100 Hat,30915,2026-07-21T22:54:09
75,Chiroptera Venenata,Soviet Gentleman,7009.45,90–155 keys,"7,009.45 ref, $213.79",1,misc,Level 1-100 Hat,821,2026-07-21T22:54:09
75,Chiroptera Venenata,Hotrod,6866.4,120 keys,"6,866.40 ref, $209.43",2,misc,Level 1-100 Mask,148,2026-07-21T22:54:09
75,Chiroptera Venenata,Old Guadalajara,6866.4,120 keys,"6,866.40 ref, $209.43",1,misc,Level 1-100 Hat,247,2026-07-21T22:54:09
75,Chiroptera Venenata,Voodoo JuJu (Slight Return),6694.74,102–132 keys,"6,694.74 ref, $204.19",2,misc,Level 1-100 Hat,935,2026-07-21T22:54:09
75,Chiroptera Venenata,L'homme Burglerre,6408.64,112 keys,"6,408.64 ref, $195.46",2,misc,Level 1-100 Hat,30182,2026-07-21T22:54:09
75,Chiroptera Venenata,Big Country,6294.2,80–140 keys,"6,294.20 ref, $191.97",1,misc,Level 1-100 Hair,382,2026-07-21T22:54:09
75,Chiroptera Venenata,Hat of Cards,6294.2,95–125 keys,"6,294.20 ref, $191.97",1,misc,Level 1-100 Hat,825,2026-07-21T22:54:09
75,Chiroptera Venenata,Outta Sight,6151.15,105–110 keys,"6,151.15 ref, $187.61",1,misc,Level 1-100 Hat,30628,2026-07-21T22:54:09
75,Chiroptera Venenata,Noble Nickel Amassment of Hats,5578.95,80–115 keys,"5,578.95 ref, $170.16",1,misc,Level 1-100 Hat,30006,2026-07-21T22:54:09
75,Chiroptera Venenata,Bear Necessities,5321.46,93 keys,"5,321.46 ref, $162.30",1,misc,Level 1-100 Spirit Animal,30122,2026-07-21T22:54:09
75,Chiroptera Venenata,Fat Man's Field Cap,5149.8,90 keys,"5,149.80 ref, $157.07",4,misc,Level 1-100 Hat,30911,2026-07-21T22:54:09
75,Chiroptera Venenata,Titanium Tyrolean,4920.92,86 keys,"4,920.92 ref, $150.09",2,misc,Level 1-100 Hat,30045,2026-07-21T22:54:09
75,Chiroptera Venenata,Capo's Capper,4863.7,85 keys,"4,863.70 ref, $148.34",2,misc,Level 1-100 Hat,427,2026-07-21T22:54:09
75,Chiroptera Venenata,Runner's Warm-Up,4577.6,80 keys,"4,577.60 ref, $139.62",1,misc,Level 1-100 Hat,30332,2026-07-21T22:54:09
75,Chiroptera Venenata,Geisha Boy,4548.99,75–84 keys,"4,548.99 ref, $138.74",2,misc,Level 1-100 Hair,363,2026-07-21T22:54:09
75,Chiroptera Venenata,Professor's Peculiarity,4291.5,75 keys,"4,291.50 ref, $130.89",1,misc,Level 1-100 Hair,384,2026-07-21T22:54:09
75,Chiroptera Venenata,Lord Cockswain's Pith Helmet,4005.4,70 keys,"4,005.40 ref, $122.16",2,misc,Level 1-100 Headgear,439,2026-07-21T22:54:09
75,Chiroptera Venenata,Defiant Spartan,3976.79,65–74 keys,"3,976.79 ref, $121.29",2,misc,Level 1-100 Helmet,340,2026-07-21T22:54:09
75,Chiroptera Venenata,Shooter's Tin Topi,3433.2,60 keys,"3,433.20 ref, $104.71",2,misc,Level 1-100 Hat,30005,2026-07-21T22:54:09
75,Chiroptera Venenata,Tungsten Toque,3404.59,50–69 keys,"3,404.59 ref, $103.84",3,misc,Level 1-100 Hat,30049,2026-07-21T22:54:09
75,Chiroptera Venenata,Armored Authority,3375.98,59 keys,"3,375.98 ref, $102.97",2,misc,Level 1-100 Helmet,445,2026-07-21T22:54:09
75,Chiroptera Venenata,Hermes,3175.71,53–58 keys,"3,175.71 ref, $96.86",1,misc,Level 10 Hat,633,2026-07-21T22:54:09
75,Chiroptera Venenata,Tough Guy's Toque,3147.1,50–60 keys,"3,147.10 ref, $95.99",3,misc,Level 1-100 Hat,97,2026-07-21T22:54:09
75,Chiroptera Venenata,Dead Cone,2574.9,45 keys,"2,574.90 ref, $78.53",1,misc,Level 1-100 Hat,435,2026-07-21T22:54:09
75,Chiroptera Venenata,Hetman's Headpiece,2460.46,43 keys,"2,460.46 ref, $75.04",2,misc,Level 1-100 Hat,436,2026-07-21T22:54:09
75,Chiroptera Venenata,One-Man Army,2403.24,40–44 keys,"2,403.24 ref, $73.30",1,misc,Level 10 Hair,601,2026-07-21T22:54:09
75,Chiroptera Venenata,Stately Steel Toe,2346.02,41 keys,"2,346.02 ref, $71.55",1,misc,Level 1-100 Hat,481,2026-07-21T22:54:09
75,Chiroptera Venenata,Madame Dixie,2174.36,38 keys,"2,174.36 ref, $66.32",2,misc,Level 1-100 Hat,321,2026-07-21T22:54:09
75,Chiroptera Venenata,Plumber's Pipe,2059.92,36 keys,"2,059.92 ref, $62.83",2,misc,Level 1-100 Hat,30022,2026-07-21T22:54:09
75,Chiroptera Venenata,Dread Knot,1373.28,22–26 keys,"1,373.28 ref, $41.89",2,misc,Level 1-100 Hair,358,2026-07-21T22:54:09
44,Misty Skull,Crone's Dome,190714.26,3333 keys,"190,714.26 ref, $5816.78",1,misc,Level 1-100 Hat,920,2026-07-21T22:54:09
44,Misty Skull,Coffin Kit,177382,3100 keys,"177,382.00 ref, $5410.15",1,misc,Level 1-100 Backpack,938,2026-07-21T22:54:09
44,Misty Skull,Exquisite Rack,171660,3000 keys,"171,660.00 ref, $5235.63",1,misc,Level 1-100 Cosmetic Item,339,2026-07-21T22:54:09
44,Misty Skull,Soldier's Stash,125884,2200 keys,"125,884.00 ref, $3839.46",1,misc,Level 1-100 Cosmetic Item,54,2026-07-21T22:54:09
44,Misty Skull,Nasty Norsemann,120162,2100 keys,"120,162.00 ref, $3664.94",3,misc,Level 1-100 Helmet,30810,2026-07-21T22:54:09
44,Misty Skull,Master's Yellow Belt,98418.4,1640–1800 keys,"98,418.40 ref, $3001.76",7,misc,Level 1-100 Hat,110,2026-07-21T22:54:09
44,Misty Skull,Grimm Hatte,88691,1550 keys,"88,691.00 ref, $2705.08",5,misc,Level 1-100 Hat,383,2026-07-21T22:54:09
44,Misty Skull,Samur-Eye,82969,1450 keys,"82,969.00 ref, $2530.55",2,misc,Level 1-100 Helmet,359,2026-07-21T22:54:09
44,Misty Skull,Merc's Mohawk,77247,1350 keys,"77,247.00 ref, $2356.03",1,misc,Level 1-100 Hair,30413,2026-07-21T22:54:09
44,Misty Skull,Crown of the Old Kingdom,74386,1300 keys,"74,386.00 ref, $2268.77",1,misc,Level 1-100 Hat,30567,2026-07-21T22:54:09
44,Misty Skull,Jungle Wreath,72955.5,1050–1500 keys,"72,955.50 ref, $2225.14",2,misc,Level 1-100 Hat,30882,2026-07-21T22:54:09
44,Misty Skull,Killer Exclusive,71525,1250 keys,"71,525.00 ref, $2181.51",2,misc,Level 10 Hat,538,2026-07-21T22:54:09
44,Misty Skull,Bonk Boy,68664,1200 keys,"68,664.00 ref, $2094.25",5,misc,Level 1-100 Mask,451,2026-07-21T22:54:09
44,Misty Skull,Anger,62942,1100 keys,"62,942.00 ref, $1919.73",2,misc,Level 10 Hood,518,2026-07-21T22:54:09
44,Misty Skull,Large Luchador,62255.36,1088 keys,"62,255.36 ref, $1898.79",1,misc,Level 1-100 Mask,380,2026-07-21T22:54:09
44,Misty Skull,Duck Billed Hatypus,60081,1050 keys,"60,081.00 ref, $1832.47",1,misc,Level 1-100 Hat,30700,2026-07-21T22:54:09
44,Misty Skull,Pyromancer's Mask,60081,1050 keys,"60,081.00 ref, $1832.47",5,misc,Level 1-100 Mask,316,2026-07-21T22:54:09
44,Misty Skull,Polar Pullover,57220,1000 keys,"57,220.00 ref, $1745.21",1,misc,Level 1-100 Hat,30329,2026-07-21T22:54:09
44,Misty Skull,Villain's Veil,57220,1000 keys,"57,220.00 ref, $1745.21",2,misc,Level 1-100 Bandana,393,2026-07-21T22:54:09
44,Misty Skull,Le Party Phantom,55789.5,975 keys,"55,789.50 ref, $1701.58",2,misc,Level 1-100 Mask,337,2026-07-21T22:54:09
44,Misty Skull,Company Man,54359,950 keys,"54,359.00 ref, $1657.95",5,misc,Level 10 Hat,523,2026-07-21T22:54:09
44,Misty Skull,Demoman's Fro,54359,950 keys,"54,359.00 ref, $1657.95",1,misc,Level 1-100 Hair,47,2026-07-21T22:54:09
44,Misty Skull,Pestering Jester,53786.8,940 keys,"53,786.80 ref, $1640.50",1,misc,Level 1-100 Hat,30811,2026-07-21T22:54:09
44,Misty Skull,Charmer's Chapeau,52413.52,916 keys,"52,413.52 ref, $1598.61",3,misc,Level 1-100 Hat,397,2026-07-21T22:54:09
44,Misty Skull,El Jefe,51498,900 keys,"51,498.00 ref, $1570.69",2,misc,Level 10 Hat,539,2026-07-21T22:54:09
44,Misty Skull,Sergeant's Drill Hat,50067.5,875 keys,"50,067.50 ref, $1527.06",4,misc,Level 1-100 Hat,183,2026-07-21T22:54:09
44,Misty Skull,Team Captain,47861.31147541,787.24–885.65 keys,"47,861.31 ref, 836.44 keys",1,misc,Level 1-100 Hat,378,2026-07-21T22:54:09
44,Misty Skull,Flipped Trilby,46348.2,810 keys,"46,348.20 ref, $1413.62",5,misc,Level 1-100 Hat,324,2026-07-21T22:54:09
44,Misty Skull,Nuke,45203.8,790 keys,"45,203.80 ref, $1378.72",4,misc,Level 1-100 Hair,30885,2026-07-21T22:54:09
44,Misty Skull,Executioner,42915,750 keys,"42,915.00 ref, $1308.91",4,misc,Level 1-100 Hat,921,2026-07-21T22:54:09
44,Misty Skull,Your Worst Nightmare,42915,750 keys,"42,915.00 ref, $1308.91",4,misc,Level 10 Hair,600,2026-07-21T22:54:09
44,Misty Skull,Desert Marauder,41484.5,725 keys,"41,484.50 ref, $1265.28",3,misc,Level 1-100 Hat,400,2026-07-21T22:54:09
44,Misty Skull,Shellmet,40054,700 keys,"40,054.00 ref, $1221.65",2,misc,Level 1-100 Helmet,30897,2026-07-21T22:54:09
44,Misty Skull,Scotsman's Stove Pipe,39481.8,690 keys,"39,481.80 ref, $1204.19",3,misc,Level 1-100 Hat,120,2026-07-21T22:54:09
44,Misty Skull,Law,39367.36,688 keys,"39,367.36 ref, $1200.70",1,misc,Level 1-100 Hat,30362,2026-07-21T22:54:09
44,Misty Skull,Brown Bomber,37479.1,655 keys,"37,479.10 ref, $1143.11",2,misc,Level 1-100 Hat,671,2026-07-21T22:54:09
44,Misty Skull,Backbiter's Billycock,37193,650 keys,"37,193.00 ref, $1134.39",4,misc,Level 1-100 Hat,108,2026-07-21T22:54:09
44,Misty Skull,Blast Defense,37193,650 keys,"37,193.00 ref, $1134.39",0,misc,Level 1-100 Headgear,30863,2026-07-21T22:54:09
44,Misty Skull,Reggaelator,37193,650 keys,"37,193.00 ref, $1134.39",1,misc,Level 1-100 Hat,390,2026-07-21T22:54:09
44,Misty Skull,Surgeon's Stahlhelm,36906.9,590–700 keys,"36,906.90 ref, $1125.66",2,misc,Level 10 Helmet,616,2026-07-21T22:54:09
44,Misty Skull,Whoopee Cap,35476.4,620 keys,"35,476.40 ref, $1082.03",4,misc,Level 1-100 Hat,174,2026-07-21T22:54:09
44,Misty Skull,Armored Authority,34904.2,610 keys,"34,904.20 ref, $1064.58",6,misc,Level 1-100 Helmet,445,2026-07-21T22:54:09
44,Misty Skull,Tam O' Shanter,34904.2,610 keys,"34,904.20 ref, $1064.58",6,misc,Level 1-100 Hat,480,2026-07-21T22:54:09
44,Misty Skull,Tyrant's Helm,34618.1,605 keys,"34,618.10 ref, $1055.85",2,misc,Level 1-100 Helmet,99,2026-07-21T22:54:09
44,Misty Skull,Backwards Ballcap,34332,600 keys,"34,332.00 ref, $1047.13",4,misc,Level 10 Hat,617,2026-07-21T22:54:09
44,Misty Skull,Cosa Nostra Cap,34332,600 keys,"34,332.00 ref, $1047.13",4,misc,Level 1-100 Hat,459,2026-07-21T22:54:09
44,Misty Skull,Dr's Dapper Topper,34332,600 keys,"34,332.00 ref, $1047.13",2,misc,Level 1-100 Hat,252,2026-07-21T22:54:09
44,Misty Skull,Gentleman's Gatsby,33187.6,555–605 keys,"33,187.60 ref, $1012.22",4,misc,Level 1-100 Hat,184,2026-07-21T22:54:09
44,Misty Skull,Private Eye,31614.05,435–670 keys,"31,614.05 ref, $964.23",2,misc,Level 1-100 Hat,388,2026-07-21T22:54:09
44,Misty Skull,A Rather Festive Tree,31471,550 keys,"31,471.00 ref, $959.87",2,misc,Level 1-100 Hat,341,2026-07-21T22:54:09
44,Misty Skull,Brain Bucket,30040.5,525 keys,"30,040.50 ref, $916.24",1,misc,Level 1-100 Hat,434,2026-07-21T22:54:09
44,Misty Skull,Noble Amassment of Hats,30040.5,525 keys,"30,040.50 ref, $916.24",2,misc,Level 1-100 Hat,137,2026-07-21T22:54:09
44,Misty Skull,Swagman's Swatter,29754.4,520 keys,"29,754.40 ref, $907.51",4,misc,Level 10 Hat,626,2026-07-21T22:54:09
44,Misty Skull,Texas Ten Gallon,29067.76,482–534 keys,"29,067.76 ref, $886.57",3,misc,Level 1-100 Hat,94,2026-07-21T22:54:09
44,Misty Skull,Dragonborn Helmet,28610,500 keys,"28,610.00 ref, $872.61",3,misc,Level 10 Helmet,517,2026-07-21T22:54:09
44,Misty Skull,Liquidator's Lid,28610,500 keys,"28,610.00 ref, $872.61",5,misc,Level 1-100 Hat,779,2026-07-21T22:54:09
44,Misty Skull,Ze Goggles,28610,500 keys,"28,610.00 ref, $872.61",3,misc,Level 1-100 Glasses,177,2026-07-21T22:54:09
44,Misty Skull,Bonk Helm,27751.7,485 keys,"27,751.70 ref, $846.43",2,misc,Level 1-100 Helmet,106,2026-07-21T22:54:09
44,Misty Skull,Pyro's Beanie,27465.6,480 keys,"27,465.60 ref, $837.70",2,misc,Level 1-100 Hat,51,2026-07-21T22:54:09
44,Misty Skull,Furious Fukaamigasa,27179.5,450–500 keys,"27,179.50 ref, $828.97",1,misc,Level 1-100 Hat,395,2026-07-21T22:54:09
44,Misty Skull,Human Cannonball,26607.3,380–550 keys,"26,607.30 ref, $811.52",5,misc,Level 1-100 Helmet,817,2026-07-21T22:54:09
44,Misty Skull,Burning Bandana,25749,450 keys,"25,749.00 ref, $785.34",2,misc,Level 1-100 Bandana,30091,2026-07-21T22:54:09
44,Misty Skull,Larrikin Robin,25749,450 keys,"25,749.00 ref, $785.34",1,misc,Level 1-100 Hat,314,2026-07-21T22:54:09
44,Misty Skull,Professor's Peculiarity,25749,450 keys,"25,749.00 ref, $785.34",1,misc,Level 1-100 Hair,384,2026-07-21T22:54:09
44,Misty Skull,Virtual Reality Headset,25176.8,440 keys,"25,176.80 ref, $767.89",6,misc,Level 10 Headset,628,2026-07-21T22:54:09
44,Misty Skull,Gym Rat,24890.7,435 keys,"24,890.70 ref, $759.17",3,misc,Level 10 Hair,613,2026-07-21T22:54:09
44,Misty Skull,Lord Cockswain's Pith Helmet,24032.4,420 keys,"24,032.40 ref, $732.99",2,misc,Level 1-100 Headgear,439,2026-07-21T22:54:09
44,Misty Skull,Strontium Stove Pipe,23917.96,418 keys,"23,917.96 ref, $729.50",1,misc,Level 1-100 Hat,30037,2026-07-21T22:54:09
44,Misty Skull,Blighted Beak,23689.08,414 keys,"23,689.08 ref, $722.52",5,misc,Level 1-100 Mask,315,2026-07-21T22:54:09
44,Misty Skull,Otolaryngologist's Mirror,23460.2,410 keys,"23,460.20 ref, $715.54",2,misc,Level 1-100 Hat,104,2026-07-21T22:54:09
44,Misty Skull,Stainless Pot,23460.2,410 keys,"23,460.20 ref, $715.54",3,misc,Level 1-100 Hat,98,2026-07-21T22:54:09
44,Misty Skull,Fancy Fedora,22888,400 keys,"22,888.00 ref, $698.08",2,misc,Level 1-100 Hat,55,2026-07-21T22:54:09
44,Misty Skull,Jumper's Jeepcap,22888,400 keys,"22,888.00 ref, $698.08",3,misc,Level 1-100 Hat,417,2026-07-21T22:54:09
44,Misty Skull,Lucky Shot,22888,400 keys,"22,888.00 ref, $698.08",1,misc,Level 1-100 Helmet,701,2026-07-21T22:54:09
44,Misty Skull,Prancer's Pride,22888,400 keys,"22,888.00 ref, $698.08",4,misc,Level 1-100 Hat,318,2026-07-21T22:54:09
44,Misty Skull,Scotch Bonnet,22888,400 keys,"22,888.00 ref, $698.08",2,misc,Level 1-100 Headgear,306,2026-07-21T22:54:09
44,Misty Skull,Brainiac Hairpiece,22744.95,345–450 keys,"22,744.95 ref, $693.72",1,misc,Level 1-100 Facial Hair,590,2026-07-21T22:54:09
44,Misty Skull,Wraith Wrap,22458.032786885,375.62–409.35 keys,"22,458.03 ref, 392.49 keys",1,misc,Level 1-100 Apparel,937,2026-07-21T22:54:09
44,Misty Skull,Bolted Birdcage,22315.8,390 keys,"22,315.80 ref, $680.63",2,misc,Level 1-100 Hat,30057,2026-07-21T22:54:09
44,Misty Skull,Hound Dog,22315.8,390 keys,"22,315.80 ref, $680.63",5,misc,Level 1-100 Hair,145,2026-07-21T22:54:09
44,Misty Skull,Elf Esteem,21743.6,380 keys,"21,743.60 ref, $663.18",0,misc,Level 1-100 Hat,30836,2026-07-21T22:54:09
44,Misty Skull,Buccaneer's Bicorne,21171.4,370 keys,"21,171.40 ref, $645.73",3,misc,Level 10 Hat,607,2026-07-21T22:54:09
44,Misty Skull,Grenadier's Softcap,21171.4,370 keys,"21,171.40 ref, $645.73",3,misc,Level 1-100 Hat,227,2026-07-21T22:54:09
44,Misty Skull,Big Chief,20599.2,360 keys,"20,599.20 ref, $628.28",4,misc,Level 1-100 Hat,309,2026-07-21T22:54:09
44,Misty Skull,Horrific Headsplitter,20599.2,360 keys,"20,599.20 ref, $628.28",1,misc,Level 31 Hat,291,2026-07-21T22:54:09
44,Misty Skull,Tavish DeGroot Experience,20599.2,360 keys,"20,599.20 ref, $628.28",6,misc,Level 10 Hat,604,2026-07-21T22:54:09
44,Misty Skull,Troublemaker's Tossle Cap,20599.2,330–390 keys,"20,599.20 ref, $628.28",5,misc,Level 1-100 Hat,150,2026-07-21T22:54:09
44,Misty Skull,Football Helmet,20313.1,350–360 keys,"20,313.10 ref, $619.55",6,misc,Level 1-100 Helmet,49,2026-07-21T22:54:09
44,Misty Skull,Cyborg Stunt Helmet,20027,350 keys,"20,027.00 ref, $610.82",1,misc,Level 1-100 Helmet,30024,2026-07-21T22:54:09
44,Misty Skull,Das Übersternmann,20027,350 keys,"20,027.00 ref, $610.82",0,misc,Level 1-100 Hat,30097,2026-07-21T22:54:09
44,Misty Skull,Stormin' Norman,20027,350 keys,"20,027.00 ref, $610.82",1,misc,Level 1-100 Helmet,30112,2026-07-21T22:54:09
44,Misty Skull,Sultan's Ceremonial,19740.9,345 keys,"19,740.90 ref, $602.10",4,misc,Level 1-100 Hat,403,2026-07-21T22:54:09
44,Misty Skull,One-Man Army,19454.8,340 keys,"19,454.80 ref, $593.37",5,misc,Level 10 Hair,601,2026-07-21T22:54:09
44,Misty Skull,Tartan Tyrolean,19025.65,300–365 keys,"19,025.65 ref, $580.28",0,misc,Level 1-100 Hat,30334,2026-07-21T22:54:09
44,Misty Skull,Birdcage,18882.6,330 keys,"18,882.60 ref, $575.92",6,misc,Level 10 Hat,615,2026-07-21T22:54:09
44,Misty Skull,Gentleman's Ushanka,18882.6,330 keys,"18,882.60 ref, $575.92",1,misc,Level 1-100 Hat,778,2026-07-21T22:54:09
44,Misty Skull,Medic's Mountain Cap,18310.4,290–350 keys,"18,310.40 ref, $558.47",7,misc,Level 1-100 Hat,381,2026-07-21T22:54:09
44,Misty Skull,Trophy Belt,18310.4,320 keys,"18,310.40 ref, $558.47",1,misc,Level 1-100 Hat,53,2026-07-21T22:54:09
44,Misty Skull,Détective Noir,18024.3,315 keys,"18,024.30 ref, $549.74",3,misc,Level 1-100 Hat,319,2026-07-21T22:54:09
44,Misty Skull,Stout Shako,17566.54,307 keys,"17,566.54 ref, $535.78",5,misc,Level 1-100 Hat,251,2026-07-21T22:54:09
44,Misty Skull,Janissary Ketche,17452.1,305 keys,"17,452.10 ref, $532.29",3,misc,Level 1-100 Hat,437,2026-07-21T22:54:09
44,Misty Skull,B'aaarrgh-n-Bicorne,17166,300 keys,"17,166.00 ref, $523.56",1,misc,Level 1-100 Hat,30718,2026-07-21T22:54:09
44,Misty Skull,Berliner's Bucket Helm,17166,300 keys,"17,166.00 ref, $523.56",1,misc,Level 1-100 Helmet,303,2026-07-21T22:54:09
44,Misty Skull,Bubble Pipe,17166,300 keys,"17,166.00 ref, $523.56",2,misc,Level 1-100 Helmet,597,2026-07-21T22:54:09
44,Misty Skull,Firewall Helmet,17166,300 keys,"17,166.00 ref, $523.56",1,misc,Level 1-100 Helmet,30038,2026-07-21T22:54:09
44,Misty Skull,Gilded Guard,17166,300 keys,"17,166.00 ref, $523.56",1,misc,Level 1-100 Helmet,1093,2026-07-21T22:54:09
44,Misty Skull,Stately Steel Toe,17166,300 keys,"17,166.00 ref, $523.56",3,misc,Level 1-100 Hat,481,2026-07-21T22:54:09
44,Misty Skull,Waxy Wayfinder,17166,300 keys,"17,166.00 ref, $523.56",1,misc,Level 1-100 Hat,753,2026-07-21T22:54:09
44,Misty Skull,Wet Works,17166,300 keys,"17,166.00 ref, $523.56",1,misc,Level 1-100 Hat,30135,2026-07-21T22:54:09
44,Misty Skull,Handyman's Handle,16879.9,295 keys,"16,879.90 ref, $514.84",4,misc,Level 1-100 Hat,253,2026-07-21T22:54:09
44,Misty Skull,Hermes,16593.8,290 keys,"16,593.80 ref, $506.11",3,misc,Level 10 Hat,633,2026-07-21T22:54:09
44,Misty Skull,Dread Hiding Hood,16021.6,280 keys,"16,021.60 ref, $488.66",1,misc,Level 1-100 Hood,1095,2026-07-21T22:54:09
44,Misty Skull,Frenchman's Beret,16021.6,280 keys,"16,021.60 ref, $488.66",2,misc,Level 1-100 Hat,180,2026-07-21T22:54:09
44,Misty Skull,Old Guadalajara,16021.6,280 keys,"16,021.60 ref, $488.66",4,misc,Level 1-100 Hat,247,2026-07-21T22:54:09
44,Misty Skull,Woolen Warmer,15792.72,276 keys,"15,792.72 ref, $481.68",0,misc,Level 1-100 Hat,30833,2026-07-21T22:54:09
44,Misty Skull,Killer's Kabuto,15735.5,275 keys,"15,735.50 ref, $479.93",1,misc,Level 1-100 Helmet,152,2026-07-21T22:54:09
44,Misty Skull,Pampered Pyro,15449.4,270 keys,"15,449.40 ref, $471.21",1,misc,Level 1-100 Towel,30139,2026-07-21T22:54:09
44,Misty Skull,Hard Counter,15334.96,268 keys,"15,334.96 ref, $467.72",3,misc,Level 1-100 Hat,254,2026-07-21T22:54:09
44,Misty Skull,Brain-Warming Wear,15163.3,265 keys,"15,163.30 ref, $462.48",0,misc,Level 1-100 Hat,30827,2026-07-21T22:54:09
44,Misty Skull,Attendant,14305,250 keys,"14,305.00 ref, $436.30",6,misc,Level 1-100 Hat,213,2026-07-21T22:54:09
44,Misty Skull,Western Wear,13732.8,240 keys,"13,732.80 ref, $418.85",3,misc,Level 1-100 Hat,379,2026-07-21T22:54:09
44,Misty Skull,Tough Guy's Toque,13589.75,225–250 keys,"13,589.75 ref, $414.49",6,misc,Level 1-100 Hat,97,2026-07-21T22:54:09
44,Misty Skull,Defiant Spartan,13446.7,235 keys,"13,446.70 ref, $410.12",2,misc,Level 1-100 Helmet,340,2026-07-21T22:54:09
44,Misty Skull,Engineer's Cap,13446.7,235 keys,"13,446.70 ref, $410.12",1,misc,Level 1-100 Hat,95,2026-07-21T22:54:09
44,Misty Skull,Fed-Fightin' Fedora,13217.82,170–292 keys,"13,217.82 ref, $403.14",2,misc,Level 1-100 Hat,780,2026-07-21T22:54:09
44,Misty Skull,Dread Knot,13160.6,215–245 keys,"13,160.60 ref, $401.40",3,misc,Level 1-100 Hair,358,2026-07-21T22:54:09
44,Misty Skull,Magnificent Mongolian,12874.5,225 keys,"12,874.50 ref, $392.67",2,misc,Level 1-100 Hat,313,2026-07-21T22:54:09
44,Misty Skull,Warhood,12588.4,195–245 keys,"12,588.40 ref, $383.95",0,misc,Level 1-100 Hood,30866,2026-07-21T22:54:09
44,Misty Skull,Pencil Pusher,12302.3,215 keys,"12,302.30 ref, $375.22",2,misc,Level 10 Hair,605,2026-07-21T22:54:09
44,Misty Skull,Doctor's Sack,12245.08,214 keys,"12,245.08 ref, $373.47",2,misc,Level 1-100 Hat,398,2026-07-21T22:54:09
44,Misty Skull,Hetman's Headpiece,12016.2,210 keys,"12,016.20 ref, $366.49",2,misc,Level 1-100 Hat,436,2026-07-21T22:54:09
44,Misty Skull,Brigade Helm,11630.655737705,180.68–225.85 keys,"11,630.66 ref, 203.26 keys",1,misc,Level 1-100 Helmet,105,2026-07-21T22:54:09
44,Misty Skull,Big Elfin Deal,11444,200 keys,"11,444.00 ref, $349.04",3,misc,Level 1-100 Hat,652,2026-07-21T22:54:09
44,Misty Skull,Mining Light,11444,200 keys,"11,444.00 ref, $349.04",1,misc,Level 1-100 Cosmetic Item,48,2026-07-21T22:54:09
44,Misty Skull,Respectless Rubber Glove,11444,200 keys,"11,444.00 ref, $349.04",2,misc,Level 1-100 Hat,102,2026-07-21T22:54:09
44,Misty Skull,Fruit Shoot,10871.8,190 keys,"10,871.80 ref, $331.59",2,misc,Level 1-100 Hat,759,2026-07-21T22:54:09
44,Misty Skull,L'Inspecteur,10871.8,190 keys,"10,871.80 ref, $331.59",5,misc,Level 10 Hat,622,2026-07-21T22:54:09
44,Misty Skull,Aztec Aggressor,10356.82,181 keys,"10,356.82 ref, $315.88",1,misc,Level 1-100 Headgear,30914,2026-07-21T22:54:09
44,Misty Skull,Towering Titanium Pillar of Hats,10299.6,180 keys,"10,299.60 ref, $314.14",1,misc,Level 1-100 Hat,30008,2026-07-21T22:54:09
44,Misty Skull,Allbrero,10013.5,175 keys,"10,013.50 ref, $305.41",1,misc,Level 1-100 Hat,30429,2026-07-21T22:54:09
44,Misty Skull,Bloke's Bucket Hat,10013.5,175 keys,"10,013.50 ref, $305.41",3,misc,Level 1-100 Hat,181,2026-07-21T22:54:09
44,Misty Skull,Head Warmer,9298.25,160–165 keys,"9,298.25 ref, $283.60",1,misc,Level 1-100 Hat,644,2026-07-21T22:54:09
44,Misty Skull,Safe'n'Sound,9269.64,162 keys,"9,269.64 ref, $282.72",4,misc,Level 1-100 Hat,178,2026-07-21T22:54:09
44,Misty Skull,Combustible Kabuto,9155.2,160 keys,"9,155.20 ref, $279.23",1,misc,Level 1-100 Hat,30418,2026-07-21T22:54:09
44,Misty Skull,Towering Pillar of Hats,9155.2,160 keys,"9,155.20 ref, $279.23",2,misc,Level 1-100 Hat,135,2026-07-21T22:54:09
44,Misty Skull,Honcho's Headgear,9040.76,158 keys,"9,040.76 ref, $275.74",5,misc,Level 1-100 Hat,391,2026-07-21T22:54:09
44,Misty Skull,Officer's Ushanka,8583,150 keys,"8,583.00 ref, $261.78",1,misc,Level 1-100 Hat,96,2026-07-21T22:54:09
44,Misty Skull,Nanobalaclava,8296.9,145 keys,"8,296.90 ref, $253.06",3,misc,Level 10 Hat,521,2026-07-21T22:54:09
44,Misty Skull,Glengarry Bonnet,8010.4918032787,129.23–150.76 keys,"8,010.49 ref, 139.99 keys",0,misc,Level 1-100 Hat,100,2026-07-21T22:54:09
44,Misty Skull,Batter's Helmet,7531.9672131148,123.27–139.99 keys,"7,531.97 ref, 131.63 keys",2,misc,Level 1-100 Helmet,52,2026-07-21T22:54:09
44,Misty Skull,Hottie's Hoodie,7467.21,111–150 keys,"7,467.21 ref, $227.75",2,misc,Level 1-100 Hood,377,2026-07-21T22:54:09
44,Misty Skull,Big Country,7292.6229508197,116.83–138.07 keys,"7,292.62 ref, 127.45 keys",0,misc,Level 1-100 Hair,382,2026-07-21T22:54:09
44,Misty Skull,Vintage Merryweather,7186.8852459016,120.95–130.25 keys,"7,186.89 ref, 125.60 keys",2,misc,Level 1-100 Helmet,182,2026-07-21T22:54:09
44,Misty Skull,Napper's Respite,7152.5,125 keys,"7,152.50 ref, $218.15",3,misc,Level 1-100 Hat,248,2026-07-21T22:54:09
44,Misty Skull,Heavy Duty Rag,7007.868852459,122.47 keys,"7,007.87 ref, 122.47 keys",2,misc,Level 1-100 Bandana,185,2026-07-21T22:54:09
44,Misty Skull,Wing Mann,6980.84,122 keys,"6,980.84 ref, $212.92",1,misc,Level 1-100 Hat,30809,2026-07-21T22:54:09
44,Misty Skull,Modest Metal Pile of Scrap,6866.4,120 keys,"6,866.40 ref, $209.43",1,misc,Level 1-100 Hat,30001,2026-07-21T22:54:09
44,Misty Skull,Capo's Capper,6580.3,115 keys,"6,580.30 ref, $200.70",3,misc,Level 1-100 Hat,427,2026-07-21T22:54:09
44,Misty Skull,Fortunate Son,6580.3,115 keys,"6,580.30 ref, $200.70",1,misc,Level 1-100 Helmet,30636,2026-07-21T22:54:09
44,Misty Skull,Battle Boonie,6437.25,90–135 keys,"6,437.25 ref, $196.34",1,misc,Level 1-100 Hat,30907,2026-07-21T22:54:09
44,Misty Skull,Caribbean Conqueror,6294.2,110 keys,"6,294.20 ref, $191.97",2,misc,Level 1-100 Hat,30116,2026-07-21T22:54:09
44,Misty Skull,Hustler's Hallmark,6294.2,110 keys,"6,294.20 ref, $191.97",2,misc,Level 1-100 Hat,146,2026-07-21T22:54:09
44,Misty Skull,Powdered Practitioner,6294.2,110 keys,"6,294.20 ref, $191.97",1,misc,Level 1-100 Hat,30069,2026-07-21T22:54:09
44,Misty Skull,Connoisseur's Cap,5950.88,89–119 keys,"5,950.88 ref, $181.50",3,misc,Level 1-100 Hat,394,2026-07-21T22:54:09
44,Misty Skull,Chieftain's Challenge,5722,100 keys,"5,722.00 ref, $174.52",1,misc,Level 1-100 Hat,250,2026-07-21T22:54:09
44,Misty Skull,Sober Stuntman,5722,100 keys,"5,722.00 ref, $174.52",2,misc,Level 1-100 Helmet,255,2026-07-21T22:54:09
44,Misty Skull,Classy Capper,5550.34,77–117 keys,"5,550.34 ref, $169.29",0,misc,Level 1-100 Hat,30893,2026-07-21T22:54:09
44,Misty Skull,Hot Dogger,5550.34,97 keys,"5,550.34 ref, $169.29",4,misc,Level 10 Hat,614,2026-07-21T22:54:09
44,Misty Skull,Front Runner,5493.12,92–100 keys,"5,493.12 ref, $167.54",1,misc,Level 1-100 Hat,760,2026-07-21T22:54:09
44,Misty Skull,Professional's Panama,5435.9,95 keys,"5,435.90 ref, $165.79",5,misc,Level 1-100 Hat,109,2026-07-21T22:54:09
44,Misty Skull,Geisha Boy,5310.1639344262,92.8 keys,"5,310.16 ref, 92.80 keys",1,misc,Level 1-100 Hair,363,2026-07-21T22:54:09
44,Misty Skull,Vintage Tyrolean,5149.8,90 keys,"5,149.80 ref, $157.07",2,misc,Level 1-100 Hat,101,2026-07-21T22:54:09
44,Misty Skull,Virus Doctor,5149.8,90 keys,"5,149.80 ref, $157.07",1,misc,Level 1-100 Hat,30043,2026-07-21T22:54:09
44,Misty Skull,Crocleather Slouch,4577.6,80 keys,"4,577.60 ref, $139.62",1,misc,Level 1-100 Hat,344,2026-07-21T22:54:09
44,Misty Skull,Fat Man's Field Cap,4577.6,80 keys,"4,577.60 ref, $139.62",2,misc,Level 1-100 Hat,30911,2026-07-21T22:54:09
44,Misty Skull,Industrial Festivizer,4348.72,76 keys,"4,348.72 ref, $132.64",2,misc,Level 1-100 Hat,338,2026-07-21T22:54:09
44,Misty Skull,Timeless Topper,4291.5,75 keys,"4,291.50 ref, $130.89",1,misc,Level 1-100 Hat,30035,2026-07-21T22:54:09
44,Misty Skull,Pugilist's Protector,4163.7704918033,59–86.53 keys,"4,163.77 ref, 72.77 keys",1,misc,Level 1-100 Headgear,246,2026-07-21T22:54:09
44,Misty Skull,Bombing Run,4005.4,70 keys,"4,005.40 ref, $122.16",2,misc,Level 1-100 Helmet,249,2026-07-21T22:54:09
44,Misty Skull,Bunsen Brave,4005.4,70 keys,"4,005.40 ref, $122.16",1,misc,Level 1-100 Hat,30054,2026-07-21T22:54:09
44,Misty Skull,Prussian Pickelhaube,4005.4,70 keys,"4,005.40 ref, $122.16",2,misc,Level 1-100 Helmet,50,2026-07-21T22:54:09
44,Misty Skull,Outdoorsman,3948.18,69 keys,"3,948.18 ref, $120.42",2,misc,Level 10 Hat,603,2026-07-21T22:54:09
44,Misty Skull,Helmet without a Home,3890.96,68 keys,"3,890.96 ref, $118.67",2,misc,Level 1-100 Helmet,732,2026-07-21T22:54:09
44,Misty Skull,Tippler's Tricorne,3719.3,65 keys,"3,719.30 ref, $113.44",3,misc,Level 1-100 Hat,179,2026-07-21T22:54:09
44,Misty Skull,Shooter's Sola Topi,3659.0163934426,59.68–68.21 keys,"3,659.02 ref, 63.95 keys",2,misc,Level 1-100 Helmet,158,2026-07-21T22:54:09
44,Misty Skull,Counterfeit Billycock,3604.86,56–70 keys,"3,604.86 ref, $109.95",3,misc,Level 10 Hat,602,2026-07-21T22:54:09
44,Misty Skull,Little Buddy,3586.5573770492,52.23–73.13 keys,"3,586.56 ref, 62.68 keys",1,misc,Level 10 Hat,612,2026-07-21T22:54:09
44,Misty Skull,German Gonzila,3318.76,52–64 keys,"3,318.76 ref, $101.22",2,misc,Level 1-100 Hat,323,2026-07-21T22:54:09
44,Misty Skull,Familiar Fez,3061.27,48–59 keys,"3,061.27 ref, $93.37",3,misc,Level 1-100 Hat,223,2026-07-21T22:54:09
44,Misty Skull,Pardner's Pompadour,3032.66,53 keys,"3,032.66 ref, $92.50",1,misc,Level 1-100 Hair,30099,2026-07-21T22:54:09
44,Misty Skull,Hotrod,2918.22,51 keys,"2,918.22 ref, $89.01",1,misc,Level 1-100 Mask,148,2026-07-21T22:54:09
44,Misty Skull,Rimmed Raincatcher,2861,50 keys,"2,861.00 ref, $87.26",2,misc,Level 1-100 Hat,216,2026-07-21T22:54:09
44,Misty Skull,Copper's Hard Top,2603.51,41–50 keys,"2,603.51 ref, $79.41",1,misc,Level 1-100 Helmet,478,2026-07-21T22:54:09
44,Misty Skull,Conquistador,2288.8,40 keys,"2,288.80 ref, $69.81",3,misc,Level 1-100 Helmet,721,2026-07-21T22:54:09
44,Misty Skull,Carouser's Capotain,2117.14,35–39 keys,"2,117.14 ref, $64.57",4,misc,Level 1-100 Hat,259,2026-07-21T22:54:09
44,Misty Skull,Dead Cone,2117.14,36–38 keys,"2,117.14 ref, $64.57",2,misc,Level 1-100 Hat,435,2026-07-21T22:54:09
44,Misty Skull,Buckaroo's Hat,1716.6,30 keys,"1,716.60 ref, $52.36",3,misc,Level 1-100 Hat,322,2026-07-21T22:54:09
44,Misty Skull,Prehistoric Pullover,0,,,1,misc,Level 1-100 Hood,30704,2026-07-21T22:54:09
116,The Dark Doorway,Blast Defense,220297,3850 keys,"220,297.00 ref, $6719.06",0,misc,Level 1-100 Headgear,30863,2026-07-21T22:54:09
116,The Dark Doorway,Lucky Cat Hat,160216,2800 keys,"160,216.00 ref, $4886.59",6,misc,Level 1-100 Hat,30998,2026-07-21T22:54:09
116,The Dark Doorway,Head Prize,137328,2400 keys,"137,328.00 ref, $4188.50",2,misc,Level 1-100 Hat,30838,2026-07-21T22:54:09
116,The Dark Doorway,Rotation Sensation,107688.04,1882 keys,"107,688.04 ref, $3284.49",0,misc,Level 1-100 Hat,30623,2026-07-21T22:54:09
116,The Dark Doorway,Aztec Warrior,105857,1850 keys,"105,857.00 ref, $3228.64",1,misc,Level 1-100 Headgear,30879,2026-07-21T22:54:09
116,The Dark Doorway,Caribou Companion,85830,1500 keys,"85,830.00 ref, $2617.82",0,misc,Level 1-100 Hat,30974,2026-07-21T22:54:09
116,The Dark Doorway,Patriot Peak,82969,1450 keys,"82,969.00 ref, $2530.55",10,misc,Level 1-100 Hat,30743,2026-07-21T22:54:09
116,The Dark Doorway,Starboard Crusader,76388.7,1335 keys,"76,388.70 ref, $2329.86",1,misc,Level 1-100 Hat,30981,2026-07-21T22:54:09
116,The Dark Doorway,Tundra Top,74386,1300 keys,"74,386.00 ref, $2268.77",6,misc,Level 1-100 Hat,30976,2026-07-21T22:54:09
116,The Dark Doorway,Chill Chullo,65803,1150 keys,"65,803.00 ref, $2006.99",4,misc,Level 1-100 Hat,30748,2026-07-21T22:54:09
116,The Dark Doorway,Woolen Warmer,62942,1100 keys,"62,942.00 ref, $1919.73",0,misc,Level 1-100 Hat,30833,2026-07-21T22:54:09
116,The Dark Doorway,Shellmet,51498,900 keys,"51,498.00 ref, $1570.69",0,misc,Level 1-100 Helmet,30897,2026-07-21T22:54:09
116,The Dark Doorway,Field Practice,42915,750 keys,"42,915.00 ref, $1308.91",0,misc,Level 1-100 Headgear,30862,2026-07-21T22:54:09
116,The Dark Doorway,A Well Wrapped Hat,28610,500 keys,"28,610.00 ref, $872.61",1,misc,Level 1-100 Hat,30746,2026-07-21T22:54:09
116,The Dark Doorway,Bomb Beanie,28610,500 keys,"28,610.00 ref, $872.61",0,misc,Level 1-100 Hat,30823,2026-07-21T22:54:09
116,The Dark Doorway,Coldfront Commander,28610,500 keys,"28,610.00 ref, $872.61",1,misc,Level 1-100 Hat,30939,2026-07-21T22:54:09
116,The Dark Doorway,A Hat to Kill For,26035.1,455 keys,"26,035.10 ref, $794.07",0,misc,Level 1-100 Hat,30753,2026-07-21T22:54:09
116,The Dark Doorway,Berlin Brain Bowl,19454.8,330–350 keys,"19,454.80 ref, $593.37",10,misc,Level 1-100 Headgear,30755,2026-07-21T22:54:09
116,The Dark Doorway,Cranial Carcharodon,17738.2,310 keys,"17,738.20 ref, $541.02",3,misc,Level 1-100 Hat,30800,2026-07-21T22:54:09
116,The Dark Doorway,Sinner's Shade,17166,300 keys,"17,166.00 ref, $523.56",0,misc,Level 1-100 Hat,30959,2026-07-21T22:54:09
116,The Dark Doorway,Commando Elite,16307.7,285 keys,"16,307.70 ref, $497.38",1,misc,Level 1-100 Helmet,30912,2026-07-21T22:54:09
116,The Dark Doorway,Defragmenting Hard Hat 17%,15163.3,265 keys,"15,163.30 ref, $462.48",11,misc,Level 1-100 Helmet,31011,2026-07-21T22:54:09
116,The Dark Doorway,Pithy Professional,14018.9,245 keys,"14,018.90 ref, $427.58",2,misc,Level 1-100 Hat,30915,2026-07-21T22:54:09
116,The Dark Doorway,Universal Translator,13160.6,230 keys,"13,160.60 ref, $401.40",3,misc,Level 1-100 Hat,30658,2026-07-21T22:54:09
116,The Dark Doorway,Nuke,12016.2,210 keys,"12,016.20 ref, $366.49",0,misc,Level 1-100 Hair,30885,2026-07-21T22:54:09
116,The Dark Doorway,Antarctic Eyewear,10871.8,190 keys,"10,871.80 ref, $331.59",5,misc,Level 1-100 Apparel,30977,2026-07-21T22:54:09
116,The Dark Doorway,Archer's Sterling,10871.8,190 keys,"10,871.80 ref, $331.59",0,misc,Level 1-100 Helmet,30874,2026-07-21T22:54:09
116,The Dark Doorway,Polar Bear,10585.7,185 keys,"10,585.70 ref, $322.86",2,misc,Level 1-100 Hat,30964,2026-07-21T22:54:09
116,The Dark Doorway,Mo'Horn,10013.5,175 keys,"10,013.50 ref, $305.41",1,misc,Level 1-100 Hat,30812,2026-07-21T22:54:09
116,The Dark Doorway,Warhood,9956.28,174 keys,"9,956.28 ref, $303.67",0,misc,Level 1-100 Hood,30866,2026-07-21T22:54:09
116,The Dark Doorway,Brass Bucket,9441.3,165 keys,"9,441.30 ref, $287.96",2,misc,Level 1-100 Helmet,30969,2026-07-21T22:54:09
116,The Dark Doorway,Battle Boonie,8583,150 keys,"8,583.00 ref, $261.78",1,misc,Level 1-100 Hat,30907,2026-07-21T22:54:09
116,The Dark Doorway,Head Hedge,6637.52,116 keys,"6,637.52 ref, $202.44",0,misc,Level 1-100 Helmet,30978,2026-07-21T22:54:09
116,The Dark Doorway,Brain-Warming Wear,6608.91,106–125 keys,"6,608.91 ref, $201.57",0,misc,Level 1-100 Hat,30827,2026-07-21T22:54:09
116,The Dark Doorway,Vampire Vanquisher,5607.56,95–101 keys,"5,607.56 ref, $171.03",102,misc,Level 1-100 Hat,31003,2026-07-21T22:54:09
116,The Dark Doorway,Wing Mann,4978.14,76–98 keys,"4,978.14 ref, $151.83",1,misc,Level 1-100 Hat,30809,2026-07-21T22:54:09
116,The Dark Doorway,Elf Esteem,4863.7,85 keys,"4,863.70 ref, $148.34",0,misc,Level 1-100 Hat,30836,2026-07-21T22:54:09
116,The Dark Doorway,Sky High Fly Guy,4005.4,70 keys,"4,005.40 ref, $122.16",0,misc,Level 1-100 Hat,30984,2026-07-21T22:54:09
116,The Dark Doorway,Highway Star,3547.64,59–65 keys,"3,547.64 ref, $108.20",104,misc,Level 1-100 Bandana,31010,2026-07-21T22:54:09
116,The Dark Doorway,Hephaistos' Handcraft,3375.98,59 keys,"3,375.98 ref, $102.97",39,misc,Level 1-100 Helmet,31000,2026-07-21T22:54:09
116,The Dark Doorway,Fat Man's Field Cap,2975.44,52 keys,"2,975.44 ref, $90.75",0,misc,Level 1-100 Hat,30911,2026-07-21T22:54:09
116,The Dark Doorway,Murderer's Motif,2803.78,44–54 keys,"2,803.78 ref, $85.52",78,misc,Level 1-100 Hat,31016,2026-07-21T22:54:09
116,The Dark Doorway,Tank Top,2803.78,48–50 keys,"2,803.78 ref, $85.52",39,misc,Level 1-100 Helmet,31002,2026-07-21T22:54:09
116,The Dark Doorway,Mann-O-War,2174.36,36–40 keys,"2,174.36 ref, $66.32",90,misc,Level 1-100 Hat,31008,2026-07-21T22:54:09
116,The Dark Doorway,Punk's Pomp,0,,,1,misc,Level 1-100 Hair,30993,2026-07-21T22:54:09
115,The Eldritch Opening,Frag Proof Fragger,137328,2400 keys,"137,328.00 ref, $4188.50",1,misc,Level 1-100 Helmet,30979,2026-07-21T22:54:09
115,The Eldritch Opening,Lucky Cat Hat,125884,2200 keys,"125,884.00 ref, $3839.46",4,misc,Level 1-100 Hat,30998,2026-07-21T22:54:09
115,The Eldritch Opening,Cat's Pajamas,111579,1950 keys,"111,579.00 ref, $3403.16",2,misc,Level 1-100 Hood,30937,2026-07-21T22:54:09
115,The Eldritch Opening,Burning Question,91552,1600 keys,"91,552.00 ref, $2792.34",1,misc,Level 1-100 Hat,30987,2026-07-21T22:54:09
115,The Eldritch Opening,Patriot Peak,88691,1550 keys,"88,691.00 ref, $2705.08",0,misc,Level 1-100 Hat,30743,2026-07-21T22:54:09
115,The Eldritch Opening,Caribou Companion,71525,1250 keys,"71,525.00 ref, $2181.51",0,misc,Level 1-100 Hat,30974,2026-07-21T22:54:09
115,The Eldritch Opening,Hellmet,60081,1050 keys,"60,081.00 ref, $1832.47",3,misc,Level 1-100 Helmet,30708,2026-07-21T22:54:09
115,The Eldritch Opening,Classy Capper,55503.4,970 keys,"55,503.40 ref, $1692.85",2,misc,Level 1-100 Hat,30893,2026-07-21T22:54:09
115,The Eldritch Opening,Tundra Top,49495.3,865 keys,"49,495.30 ref, $1509.61",0,misc,Level 1-100 Hat,30976,2026-07-21T22:54:09
115,The Eldritch Opening,Field Practice,42915,750 keys,"42,915.00 ref, $1308.91",5,misc,Level 1-100 Headgear,30862,2026-07-21T22:54:09
115,The Eldritch Opening,Universal Translator,37765.2,660 keys,"37,765.20 ref, $1151.84",5,misc,Level 1-100 Hat,30658,2026-07-21T22:54:09
115,The Eldritch Opening,Rotation Sensation,32329.3,565 keys,"32,329.30 ref, $986.04",2,misc,Level 1-100 Hat,30623,2026-07-21T22:54:09
115,The Eldritch Opening,A Hat to Kill For,28610,500 keys,"28,610.00 ref, $872.61",5,misc,Level 1-100 Hat,30753,2026-07-21T22:54:09
115,The Eldritch Opening,A Well Wrapped Hat,28037.8,490 keys,"28,037.80 ref, $855.15",2,misc,Level 1-100 Hat,30746,2026-07-21T22:54:09
115,The Eldritch Opening,Woolen Warmer,26035.1,455 keys,"26,035.10 ref, $794.07",0,misc,Level 1-100 Hat,30833,2026-07-21T22:54:09
115,The Eldritch Opening,Berlin Brain Bowl,25176.8,440 keys,"25,176.80 ref, $767.89",5,misc,Level 1-100 Headgear,30755,2026-07-21T22:54:09
115,The Eldritch Opening,Sinner's Shade,25176.8,440 keys,"25,176.80 ref, $767.89",2,misc,Level 1-100 Hat,30959,2026-07-21T22:54:09
115,The Eldritch Opening,Brass Bucket,23746.3,415 keys,"23,746.30 ref, $724.26",2,misc,Level 1-100 Helmet,30969,2026-07-21T22:54:09
115,The Eldritch Opening,Battle Boonie,20656.42,361 keys,"20,656.42 ref, $630.02",4,misc,Level 1-100 Hat,30907,2026-07-21T22:54:09
115,The Eldritch Opening,Antarctic Eyewear,18882.6,330 keys,"18,882.60 ref, $575.92",6,misc,Level 1-100 Apparel,30977,2026-07-21T22:54:09
115,The Eldritch Opening,Nuke,16879.9,295 keys,"16,879.90 ref, $514.84",2,misc,Level 1-100 Hair,30885,2026-07-21T22:54:09
115,The Eldritch Opening,Trucker's Topper,16593.8,220–360 keys,"16,593.80 ref, $506.11",3,misc,Level 1-100 Hat,30930,2026-07-21T22:54:09
115,The Eldritch Opening,Shellmet,14305,250 keys,"14,305.00 ref, $436.30",0,misc,Level 1-100 Helmet,30897,2026-07-21T22:54:09
115,The Eldritch Opening,Defragmenting Hard Hat 17%,11444,200 keys,"11,444.00 ref, $349.04",7,misc,Level 1-100 Helmet,31011,2026-07-21T22:54:09
115,The Eldritch Opening,Blast Defense,8583,150 keys,"8,583.00 ref, $261.78",0,misc,Level 1-100 Headgear,30863,2026-07-21T22:54:09
115,The Eldritch Opening,Smokey Sombrero,8296.9,145 keys,"8,296.90 ref, $253.06",3,misc,Level 1-100 Hat,30682,2026-07-21T22:54:09
115,The Eldritch Opening,Sky High Fly Guy,6809.18,119 keys,"6,809.18 ref, $207.68",5,misc,Level 1-100 Hat,30984,2026-07-21T22:54:09
115,The Eldritch Opening,Fat Man's Field Cap,6580.3,115 keys,"6,580.30 ref, $200.70",0,misc,Level 1-100 Hat,30911,2026-07-21T22:54:09
115,The Eldritch Opening,Wing Mann,5722,100 keys,"5,722.00 ref, $174.52",10,misc,Level 1-100 Hat,30809,2026-07-21T22:54:09
115,The Eldritch Opening,Brain-Warming Wear,5607.56,98 keys,"5,607.56 ref, $171.03",0,misc,Level 1-100 Hat,30827,2026-07-21T22:54:09
115,The Eldritch Opening,Vampire Vanquisher,5149.8,90 keys,"5,149.80 ref, $157.07",92,misc,Level 1-100 Hat,31003,2026-07-21T22:54:09
115,The Eldritch Opening,Murderer's Motif,4835.09,80–89 keys,"4,835.09 ref, $147.47",122,misc,Level 1-100 Hat,31016,2026-07-21T22:54:09
115,The Eldritch Opening,Polar Bear,4749.26,80–86 keys,"4,749.26 ref, $144.85",3,misc,Level 1-100 Hat,30964,2026-07-21T22:54:09
115,The Eldritch Opening,Elf Esteem,4005.4,70 keys,"4,005.40 ref, $122.16",0,misc,Level 1-100 Hat,30836,2026-07-21T22:54:09
115,The Eldritch Opening,Puffy Polar Cap,3461.81,55–66 keys,"3,461.81 ref, $105.59",2,misc,Level 1-100 Hat,30958,2026-07-21T22:54:09
115,The Eldritch Opening,Highway Star,3089.88,49–59 keys,"3,089.88 ref, $94.24",108,misc,Level 1-100 Bandana,31010,2026-07-21T22:54:09
115,The Eldritch Opening,Hephaistos' Handcraft,2632.12,45–47 keys,"2,632.12 ref, $80.28",104,misc,Level 1-100 Helmet,31000,2026-07-21T22:54:09
115,The Eldritch Opening,Mann-O-War,2002.7,35 keys,"2,002.70 ref, $61.08",108,misc,Level 1-100 Hat,31008,2026-07-21T22:54:09
115,The Eldritch Opening,Tank Top,1659.38,29 keys,"1,659.38 ref, $50.61",102,misc,Level 1-100 Helmet,31002,2026-07-21T22:54:09
115,The Eldritch Opening,Coldfront Commander,0,,,1,misc,Level 1-100 Hat,30939,2026-07-21T22:54:09
93,Subatomic,Corona Australis,97274,1700 keys,"97,274.00 ref, $2966.86",8,misc,Level 1-100 Cosmetic Augmentation,30648,2026-07-21T22:54:09
93,Subatomic,Captain Space Mann,71525,1250 keys,"71,525.00 ref, $2181.51",14,misc,Level 1-100 Helmet,30646,2026-07-21T22:54:09
93,Subatomic,Sucker Slug,15449.4,270 keys,"15,449.40 ref, $471.21",3,misc,Level 1-100 Hat,30653,2026-07-21T22:54:09
93,Subatomic,Universal Translator,1373.28,21–27 keys,"1,373.28 ref, $41.89",480,misc,Level 1-100 Hat,30658,2026-07-21T22:54:09
93,Subatomic,Phononaut,1173.01,20–21 keys,"1,173.01 ref, $35.78",74,misc,Level 1-100 Hat,30647,2026-07-21T22:54:09
93,Subatomic,A Head Full of Hot Air,486.37,7–10 keys,"486.37 ref, $14.83",428,misc,Level 1-100 Hat,30662,2026-07-21T22:54:09
114,Galactic Gateway,Lucky Cat Hat,160216,2800 keys,"160,216.00 ref, $4886.59",3,misc,Level 1-100 Hat,30998,2026-07-21T22:54:09
114,Galactic Gateway,Patriot Peak,91552,1600 keys,"91,552.00 ref, $2792.34",5,misc,Level 1-100 Hat,30743,2026-07-21T22:54:09
114,Galactic Gateway,Tundra Top,74386,1300 keys,"74,386.00 ref, $2268.77",0,misc,Level 1-100 Hat,30976,2026-07-21T22:54:09
114,Galactic Gateway,Woolen Warmer,68664,1200 keys,"68,664.00 ref, $2094.25",2,misc,Level 1-100 Hat,30833,2026-07-21T22:54:09
114,Galactic Gateway,Outta Sight,57220,1000 keys,"57,220.00 ref, $1745.21",1,misc,Level 1-100 Hat,30628,2026-07-21T22:54:09
114,Galactic Gateway,Antarctic Eyewear,51211.9,895 keys,"51,211.90 ref, $1561.96",0,misc,Level 1-100 Apparel,30977,2026-07-21T22:54:09
114,Galactic Gateway,Cranial Carcharodon,48637,850 keys,"48,637.00 ref, $1483.43",4,misc,Level 1-100 Hat,30800,2026-07-21T22:54:09
114,Galactic Gateway,Pithy Professional,47778.7,835 keys,"47,778.70 ref, $1457.25",2,misc,Level 1-100 Hat,30915,2026-07-21T22:54:09
114,Galactic Gateway,Universal Translator,45032.14,787 keys,"45,032.14 ref, $1373.48",6,misc,Level 1-100 Hat,30658,2026-07-21T22:54:09
114,Galactic Gateway,Caribou Companion,40683.42,711 keys,"40,683.42 ref, $1240.84",0,misc,Level 1-100 Hat,30974,2026-07-21T22:54:09
114,Galactic Gateway,Prehistoric Pullover,37193,650 keys,"37,193.00 ref, $1134.39",3,misc,Level 1-100 Hood,30704,2026-07-21T22:54:09
114,Galactic Gateway,Starboard Crusader,37193,650 keys,"37,193.00 ref, $1134.39",2,misc,Level 1-100 Hat,30981,2026-07-21T22:54:09
114,Galactic Gateway,Rotation Sensation,34332,600 keys,"34,332.00 ref, $1047.13",3,misc,Level 1-100 Hat,30623,2026-07-21T22:54:09
114,Galactic Gateway,Battle Boonie,30898.8,540 keys,"30,898.80 ref, $942.41",3,misc,Level 1-100 Hat,30907,2026-07-21T22:54:09
114,Galactic Gateway,Chill Chullo,29697.18,519 keys,"29,697.18 ref, $905.76",0,misc,Level 1-100 Hat,30748,2026-07-21T22:54:09
114,Galactic Gateway,Nuke,25749,450 keys,"25,749.00 ref, $785.34",0,misc,Level 1-100 Hair,30885,2026-07-21T22:54:09
114,Galactic Gateway,A Hat to Kill For,25176.8,440 keys,"25,176.80 ref, $767.89",0,misc,Level 1-100 Hat,30753,2026-07-21T22:54:09
114,Galactic Gateway,Wide-Brimmed Bandito,21457.5,375 keys,"21,457.50 ref, $654.45",3,misc,Level 1-100 Hat,30805,2026-07-21T22:54:09
114,Galactic Gateway,Sinner's Shade,20027,350 keys,"20,027.00 ref, $610.82",2,misc,Level 1-100 Hat,30959,2026-07-21T22:54:09
114,Galactic Gateway,Defragmenting Hard Hat 17%,19454.8,310–370 keys,"19,454.80 ref, $593.37",8,misc,Level 1-100 Helmet,31011,2026-07-21T22:54:09
114,Galactic Gateway,Warhood,18310.4,320 keys,"18,310.40 ref, $558.47",0,misc,Level 1-100 Hood,30866,2026-07-21T22:54:09
114,Galactic Gateway,Head Hedge,16021.6,280 keys,"16,021.60 ref, $488.66",5,misc,Level 1-100 Helmet,30978,2026-07-21T22:54:09
114,Galactic Gateway,Fat Man's Field Cap,14305,250 keys,"14,305.00 ref, $436.30",2,misc,Level 1-100 Hat,30911,2026-07-21T22:54:09
114,Galactic Gateway,Trucker's Topper,11243.73,173–220 keys,"11,243.73 ref, $342.93",4,misc,Level 1-100 Hat,30930,2026-07-21T22:54:09
114,Galactic Gateway,Burning Question,9899.06,173 keys,"9,899.06 ref, $301.92",1,misc,Level 1-100 Hat,30987,2026-07-21T22:54:09
114,Galactic Gateway,Berlin Brain Bowl,8182.46,143 keys,"8,182.46 ref, $249.57",0,misc,Level 1-100 Headgear,30755,2026-07-21T22:54:09
114,Galactic Gateway,Brain-Warming Wear,8010.8,140 keys,"8,010.80 ref, $244.33",0,misc,Level 1-100 Hat,30827,2026-07-21T22:54:09
114,Galactic Gateway,Polar Bear,7438.6,130 keys,"7,438.60 ref, $226.88",0,misc,Level 1-100 Hat,30964,2026-07-21T22:54:09
114,Galactic Gateway,Puffy Polar Cap,6694.74,117 keys,"6,694.74 ref, $204.19",0,misc,Level 1-100 Hat,30958,2026-07-21T22:54:09
114,Galactic Gateway,Airdog,5435.9,90–100 keys,"5,435.90 ref, $165.79",0,misc,Level 1-100 Helmet,30767,2026-07-21T22:54:09
114,Galactic Gateway,Murderer's Motif,4692.04,61–103 keys,"4,692.04 ref, $143.11",49,misc,Level 1-100 Hat,31016,2026-07-21T22:54:09
114,Galactic Gateway,Elf Esteem,4577.6,80 keys,"4,577.60 ref, $139.62",0,misc,Level 1-100 Hat,30836,2026-07-21T22:54:09
114,Galactic Gateway,Vampire Vanquisher,4434.55,74–81 keys,"4,434.55 ref, $135.25",100,misc,Level 1-100 Hat,31003,2026-07-21T22:54:09
114,Galactic Gateway,Archer's Sterling,3719.3,65 keys,"3,719.30 ref, $113.44",3,misc,Level 1-100 Helmet,30874,2026-07-21T22:54:09
114,Galactic Gateway,Highway Star,3576.25,62–63 keys,"3,576.25 ref, $109.08",56,misc,Level 1-100 Bandana,31010,2026-07-21T22:54:09
114,Galactic Gateway,Hephaistos' Handcraft,3490.42,54–68 keys,"3,490.42 ref, $106.46",96,misc,Level 1-100 Helmet,31000,2026-07-21T22:54:09
114,Galactic Gateway,Tank Top,2861,50 keys,"2,861.00 ref, $87.26",42,misc,Level 1-100 Helmet,31002,2026-07-21T22:54:09
114,Galactic Gateway,Sky High Fly Guy,2574.9,45 keys,"2,574.90 ref, $78.53",8,misc,Level 1-100 Hat,30984,2026-07-21T22:54:09
114,Galactic Gateway,Mann-O-War,2145.75,36–39 keys,"2,145.75 ref, $65.45",54,misc,Level 1-100 Hat,31008,2026-07-21T22:54:09
